sample_id,split,group_id,image_path,source_dataset,target_annotation_id,target_chain_rank,chain_count,sample_weight,actual_mean_height_norm,baseline_mean_height_norm,predicted_mean_height_norm,absolute_error_norm
val:13,val,buu_ap:image:BUU-AP-00003,images/buu_ap/BUU-AP-00003.jpg,BUU AP,13,3,5,1.0,1.0327058898484127,1.0743715748205314,1.089508955740882,0.056803065892469196
val:78,val,buu_ap:image:BUU-AP-00016,images/buu_ap/BUU-AP-00016.jpg,BUU AP,78,3,5,1.0,0.9968937598653727,0.9999999999999999,1.0009783557616174,0.004084595896244769
val:123,val,buu_ap:image:BUU-AP-00025,images/buu_ap/BUU-AP-00025.jpg,BUU AP,123,3,5,1.0,1.047033000354864,0.9974170132347546,1.0180229647823773,0.029010035572486714
val:198,val,buu_ap:image:BUU-AP-00040,images/buu_ap/BUU-AP-00040.jpg,BUU AP,198,3,5,1.0,1.1002639121585949,1.0672583176691675,1.1008767194051885,0.0006128072465936274
val:218,val,buu_ap:image:BUU-AP-00044,images/buu_ap/BUU-AP-00044.jpg,BUU AP,218,3,5,1.0,0.97627430121601,0.9946195363804426,0.9946916367693766,0.018417335553366554
val:233,val,buu_ap:image:BUU-AP-00047,images/buu_ap/BUU-AP-00047.jpg,BUU AP,233,3,5,1.0,0.9553834118904492,0.9776974071033786,0.9796962286096553,0.024312816719206154
val:313,val,buu_ap:image:BUU-AP-00063,images/buu_ap/BUU-AP-00063.jpg,BUU AP,313,3,5,1.0,1.006037365484903,1.0,1.014401350170374,0.008363984685470838
val:418,val,buu_ap:image:BUU-AP-00084,images/buu_ap/BUU-AP-00084.jpg,BUU AP,418,3,5,1.0,0.9893996456234946,1.0266926470596123,1.0207217657390761,0.03132212011558155
val:473,val,buu_ap:image:BUU-AP-00095,images/buu_ap/BUU-AP-00095.jpg,BUU AP,473,3,5,1.0,1.02195330664011,0.991046929444156,0.9975205335681954,0.024432773071914715
val:498,val,buu_ap:image:BUU-AP-00100,images/buu_ap/BUU-AP-00100.jpg,BUU AP,498,3,5,1.0,1.0162486718476407,1.0072285080913859,1.0120816863727229,0.004166985474917784
val:583,val,buu_ap:image:BUU-AP-00117,images/buu_ap/BUU-AP-00117.jpg,BUU AP,583,3,5,1.0,1.0837338389206967,1.017505205166797,1.0811114226703447,0.0026224162503520887
val:613,val,buu_ap:image:BUU-AP-00123,images/buu_ap/BUU-AP-00123.jpg,BUU AP,613,3,5,1.0,1.1604553435530458,0.9362479117662608,1.0322278556377589,0.12822748791528693
val:618,val,buu_ap:image:BUU-AP-00124,images/buu_ap/BUU-AP-00124.jpg,BUU AP,618,3,5,1.0,1.153675070758847,1.0236713981330183,1.0415414555072573,0.11213361525158971
val:623,val,buu_ap:image:BUU-AP-00125,images/buu_ap/BUU-AP-00125.jpg,BUU AP,623,3,5,1.0,1.0721036862752737,1.030059385718514,1.0586102620230213,0.013493424252252417
val:643,val,buu_ap:image:BUU-AP-00129,images/buu_ap/BUU-AP-00129.jpg,BUU AP,643,3,5,1.0,0.9940063392482824,1.0,1.0359283983707428,0.04192205912246039
val:673,val,buu_ap:image:BUU-AP-00135,images/buu_ap/BUU-AP-00135.jpg,BUU AP,673,3,5,1.0,1.3280218913184312,1.0721662926610191,1.1484223368700226,0.17959955444840858
val:698,val,buu_ap:image:BUU-AP-00140,images/buu_ap/BUU-AP-00140.jpg,BUU AP,698,3,5,1.0,1.0713415371338004,1.0407751325027497,1.062269021894172,0.009072515239628487
val:843,val,buu_ap:image:BUU-AP-00169,images/buu_ap/BUU-AP-00169.jpg,BUU AP,843,3,5,1.0,1.6161349574540562,1.0000000000000002,1.233551323413849,0.3825836340402071
val:868,val,buu_ap:image:BUU-AP-00174,images/buu_ap/BUU-AP-00174.jpg,BUU AP,868,3,5,1.0,1.0077620387420345,0.9665005141897259,0.995184791277176,0.012577247464858554
val:888,val,buu_ap:image:BUU-AP-00178,images/buu_ap/BUU-AP-00178.jpg,BUU AP,888,3,5,1.0,1.084592499972017,0.9139036406232603,1.1228836495830306,0.03829114961101365
val:928,val,buu_ap:image:BUU-AP-00186,images/buu_ap/BUU-AP-00186.jpg,BUU AP,928,3,5,1.0,1.1317917466622456,1.0240814653481787,1.0623876159335917,0.06940413072865392
val:943,val,buu_ap:image:BUU-AP-00189,images/buu_ap/BUU-AP-00189.jpg,BUU AP,943,3,5,1.0,1.0236860772049683,1.0,1.0550101660192013,0.031324088814232987
val:993,val,buu_ap:image:BUU-AP-00199,images/buu_ap/BUU-AP-00199.jpg,BUU AP,993,3,5,1.0,1.0112428557757196,1.0431634955146882,1.0456630533134166,0.034420197537696984
val:1008,val,buu_ap:image:BUU-AP-00202,images/buu_ap/BUU-AP-00202.jpg,BUU AP,1008,3,5,1.0,1.007897582999222,1.0373085151373613,1.0558863478659857,0.04798876486676362
val:1073,val,buu_ap:image:BUU-AP-00215,images/buu_ap/BUU-AP-00215.jpg,BUU AP,1073,3,5,1.0,1.1096816480425218,1.0524238980493927,1.107045784511366,0.0026358635311558576
val:1088,val,buu_ap:image:BUU-AP-00218,images/buu_ap/BUU-AP-00218.jpg,BUU AP,1088,3,5,1.0,0.9992760689854179,0.9525404516057573,1.0171667355494103,0.017890666563992408
val:1208,val,buu_ap:image:BUU-AP-00242,images/buu_ap/BUU-AP-00242.jpg,BUU AP,1208,3,5,1.0,0.9532084232525085,1.0,1.0092538995668292,0.056045476314320664
val:1298,val,buu_ap:image:BUU-AP-00260,images/buu_ap/BUU-AP-00260.jpg,BUU AP,1298,3,5,1.0,1.0958187397106232,1.0795070664432695,1.0814207845075852,0.014397955203037993
val:1318,val,buu_ap:image:BUU-AP-00264,images/buu_ap/BUU-AP-00264.jpg,BUU AP,1318,3,5,1.0,1.1161996881491196,1.0723086924167462,1.1146285676272698,0.0015711205218498225
val:1353,val,buu_ap:image:BUU-AP-00271,images/buu_ap/BUU-AP-00271.jpg,BUU AP,1353,3,5,1.0,0.989172014251801,0.9999999999999999,1.018590122461319,0.029418108209517957
val:1428,val,buu_ap:image:BUU-AP-00286,images/buu_ap/BUU-AP-00286.jpg,BUU AP,1428,3,5,1.0,1.0049624811045774,1.0293514484951,1.0413264649400216,0.03636398383544415
val:1448,val,buu_ap:image:BUU-AP-00290,images/buu_ap/BUU-AP-00290.jpg,BUU AP,1448,3,5,1.0,1.1416236073557549,1.0958907229117876,1.093988473270071,0.04763513408568376
val:1583,val,buu_ap:image:BUU-AP-00317,images/buu_ap/BUU-AP-00317.jpg,BUU AP,1583,3,5,1.0,1.0676472565294204,1.047579948314839,1.049079797337205,0.018567459192215363
val:1618,val,buu_ap:image:BUU-AP-00324,images/buu_ap/BUU-AP-00324.jpg,BUU AP,1618,3,5,1.0,1.040090053800537,1.0,0.9784695189446211,0.06162053485591601
val:1623,val,buu_ap:image:BUU-AP-00325,images/buu_ap/BUU-AP-00325.jpg,BUU AP,1623,3,5,1.0,1.0537343449434027,1.0322714524194283,1.0571070110276026,0.003372666084199949
val:1643,val,buu_ap:image:BUU-AP-00329,images/buu_ap/BUU-AP-00329.jpg,BUU AP,1643,3,5,1.0,1.0685081383521722,0.9840878107688558,0.9914944823003542,0.07701365605181798
val:1788,val,buu_ap:image:BUU-AP-00358,images/buu_ap/BUU-AP-00358.jpg,BUU AP,1788,3,5,1.0,1.098192609467441,1.0876879160815913,1.0925336903484602,0.005658919118980865
val:1873,val,buu_ap:image:BUU-AP-00375,images/buu_ap/BUU-AP-00375.jpg,BUU AP,1873,3,5,1.0,1.0026539426095666,1.0168171778906423,1.03941164097081,0.03675769836124343
val:1903,val,buu_ap:image:BUU-AP-00381,images/buu_ap/BUU-AP-00381.jpg,BUU AP,1903,3,5,1.0,1.118143783184562,1.0278967272157713,1.0839866984303042,0.03415708475425783
val:1998,val,buu_ap:image:BUU-AP-00400,images/buu_ap/BUU-AP-00400.jpg,BUU AP,1998,3,5,1.0,0.9551221804943898,0.9894283270457238,1.0159906061360091,0.06086842564161932
val:2100,val,mendeley_pa:image:MENDE-PA-00007,images/mendeley_pa/MENDE-PA-00007.jpg,Mendeley PA,2100,3,17,0.0769230769230769,1.09575927863309,1.095735715708024,1.1086936621053882,0.012934383472298139
val:2101,val,mendeley_pa:image:MENDE-PA-00007,images/mendeley_pa/MENDE-PA-00007.jpg,Mendeley PA,2101,4,17,0.0769230769230769,0.8573294682611956,0.777952102035009,1.0519545944628348,0.1946251262016392
val:2102,val,mendeley_pa:image:MENDE-PA-00007,images/mendeley_pa/MENDE-PA-00007.jpg,Mendeley PA,2102,5,17,0.0769230769230769,0.5254303545628154,0.9134278093769967,0.9712054861083448,0.4457751315455294
val:2103,val,mendeley_pa:image:MENDE-PA-00007,images/mendeley_pa/MENDE-PA-00007.jpg,Mendeley PA,2103,6,17,0.0769230769230769,0.9971504445676276,0.8293221133809944,0.9612023222309013,0.035948122336726285
val:2104,val,mendeley_pa:image:MENDE-PA-00007,images/mendeley_pa/MENDE-PA-00007.jpg,Mendeley PA,2104,7,17,0.0769230769230769,1.0402531579578738,1.0000000000000002,1.1649389714002611,0.12468581344238738
val:2105,val,mendeley_pa:image:MENDE-PA-00007,images/mendeley_pa/MENDE-PA-00007.jpg,Mendeley PA,2105,8,17,0.0769230769230769,0.8914755136990882,1.020073942182412,0.990255982888689,0.09878046918960082
val:2106,val,mendeley_pa:image:MENDE-PA-00007,images/mendeley_pa/MENDE-PA-00007.jpg,Mendeley PA,2106,9,17,0.0769230769230769,1.2412242249606904,1.0701172404965924,1.1063199841460751,0.13490424081461527
val:2107,val,mendeley_pa:image:MENDE-PA-00007,images/mendeley_pa/MENDE-PA-00007.jpg,Mendeley PA,2107,10,17,0.0769230769230769,1.0425416053102343,1.0,0.9689084365963936,0.07363316871384074
val:2108,val,mendeley_pa:image:MENDE-PA-00007,images/mendeley_pa/MENDE-PA-00007.jpg,Mendeley PA,2108,11,17,0.0769230769230769,0.8243835660071289,0.9834917583489058,0.9621559628271696,0.13777239682004072
val:2109,val,mendeley_pa:image:MENDE-PA-00007,images/mendeley_pa/MENDE-PA-00007.jpg,Mendeley PA,2109,12,17,0.0769230769230769,1.175661358177837,1.0820641688794663,1.172004560360389,0.0036567978174479876
val:2110,val,mendeley_pa:image:MENDE-PA-00007,images/mendeley_pa/MENDE-PA-00007.jpg,Mendeley PA,2110,13,17,0.0769230769230769,1.1603754818289909,0.9643174705358493,1.0898641792388903,0.07051130259010052
val:2111,val,mendeley_pa:image:MENDE-PA-00007,images/mendeley_pa/MENDE-PA-00007.jpg,Mendeley PA,2111,14,17,0.0769230769230769,0.7099703447261763,1.0,0.8386837840080261,0.12871343928184986
val:2112,val,mendeley_pa:image:MENDE-PA-00007,images/mendeley_pa/MENDE-PA-00007.jpg,Mendeley PA,2112,15,17,0.0769230769230769,1.0865626355740337,0.9723102374868826,1.0193628034489588,0.06719983212507485
val:2202,val,mendeley_pa:image:MENDE-PA-00014,images/mendeley_pa/MENDE-PA-00014.jpg,Mendeley PA,2202,3,17,0.0769230769230769,1.1144388419447122,1.049376082145082,0.974629048727857,0.13980979321685516
val:2203,val,mendeley_pa:image:MENDE-PA-00014,images/mendeley_pa/MENDE-PA-00014.jpg,Mendeley PA,2203,4,17,0.0769230769230769,0.9273238321520707,0.9833290316715092,0.9150479995264859,0.012275832625584848
val:2204,val,mendeley_pa:image:MENDE-PA-00014,images/mendeley_pa/MENDE-PA-00014.jpg,Mendeley PA,2204,5,17,0.0769230769230769,0.9370578900855489,0.9583159630634726,0.9623163343855083,0.025258444299959493
val:2205,val,mendeley_pa:image:MENDE-PA-00014,images/mendeley_pa/MENDE-PA-00014.jpg,Mendeley PA,2205,6,17,0.0769230769230769,1.0240617800714478,1.0172506669028007,1.022062277463665,0.0019995026077828104
val:2206,val,mendeley_pa:image:MENDE-PA-00014,images/mendeley_pa/MENDE-PA-00014.jpg,Mendeley PA,2206,7,17,0.0769230769230769,1.0337447037824132,1.0,1.0008069897885434,0.0329377139938698
val:2207,val,mendeley_pa:image:MENDE-PA-00014,images/mendeley_pa/MENDE-PA-00014.jpg,Mendeley PA,2207,8,17,0.0769230769230769,0.9649003289811253,0.9999999999999998,0.9785154741257427,0.013615145144617369
val:2208,val,mendeley_pa:image:MENDE-PA-00014,images/mendeley_pa/MENDE-PA-00014.jpg,Mendeley PA,2208,9,17,0.0769230769230769,1.0188586167049656,1.0163410637790815,1.0000264659787075,0.0188321507262581
val:2209,val,mendeley_pa:image:MENDE-PA-00014,images/mendeley_pa/MENDE-PA-00014.jpg,Mendeley PA,2209,10,17,0.0769230769230769,1.049362364893054,1.0,1.0165706742554903,0.0327916906375636
val:2210,val,mendeley_pa:image:MENDE-PA-00014,images/mendeley_pa/MENDE-PA-00014.jpg,Mendeley PA,2210,11,17,0.0769230769230769,0.8923919007333287,0.9999999999999999,1.0120397573336959,0.11964785660036714
val:2211,val,mendeley_pa:image:MENDE-PA-00014,images/mendeley_pa/MENDE-PA-00014.jpg,Mendeley PA,2211,12,17,0.0769230769230769,0.9962686189544727,0.9717464812604916,0.9887292489914429,0.0075393699630298405
val:2212,val,mendeley_pa:image:MENDE-PA-00014,images/mendeley_pa/MENDE-PA-00014.jpg,Mendeley PA,2212,13,17,0.0769230769230769,1.0462431927321716,1.0,1.0082438867539167,0.03799930597825485
val:2213,val,mendeley_pa:image:MENDE-PA-00014,images/mendeley_pa/MENDE-PA-00014.jpg,Mendeley PA,2213,14,17,0.0769230769230769,0.9787652428742785,1.0400521725359644,1.0193481005671705,0.04058285769289205
val:2214,val,mendeley_pa:image:MENDE-PA-00014,images/mendeley_pa/MENDE-PA-00014.jpg,Mendeley PA,2214,15,17,0.0769230769230769,1.1072607199896822,1.0045772285394412,1.0204096545659047,0.08685106542377752
val:2267,val,mendeley_pa:image:MENDE-PA-00018,images/mendeley_pa/MENDE-PA-00018.jpg,Mendeley PA,2267,3,17,0.0769230769230769,1.00279812014763,1.0438735307929377,1.0736915459660152,0.07089342581838531
val:2268,val,mendeley_pa:image:MENDE-PA-00018,images/mendeley_pa/MENDE-PA-00018.jpg,Mendeley PA,2268,4,17,0.0769230769230769,1.1213422609713493,1.0227558715398923,1.0823346069212572,0.0390076540500921
val:2269,val,mendeley_pa:image:MENDE-PA-00018,images/mendeley_pa/MENDE-PA-00018.jpg,Mendeley PA,2269,5,17,0.0769230769230769,0.9694185424216124,0.9808732110150122,1.029402549106624,0.05998400668501169
val:2270,val,mendeley_pa:image:MENDE-PA-00018,images/mendeley_pa/MENDE-PA-00018.jpg,Mendeley PA,2270,6,17,0.0769230769230769,0.8650646554400124,0.960421827227036,0.9844167517276206,0.11935209628760812
val:2271,val,mendeley_pa:image:MENDE-PA-00018,images/mendeley_pa/MENDE-PA-00018.jpg,Mendeley PA,2271,7,17,0.0769230769230769,0.930246507523316,0.9732794526617232,1.0300689961414042,0.09982248861808829
val:2272,val,mendeley_pa:image:MENDE-PA-00018,images/mendeley_pa/MENDE-PA-00018.jpg,Mendeley PA,2272,8,17,0.0769230769230769,1.097568510890797,1.009930830656565,1.0437163787176975,0.05385213217309959
val:2273,val,mendeley_pa:image:MENDE-PA-00018,images/mendeley_pa/MENDE-PA-00018.jpg,Mendeley PA,2273,9,17,0.0769230769230769,1.0213290536497515,1.0,0.9597200341522694,0.0616090194974821
val:2274,val,mendeley_pa:image:MENDE-PA-00018,images/mendeley_pa/MENDE-PA-00018.jpg,Mendeley PA,2274,10,17,0.0769230769230769,0.994325517448782,1.080952834618965,1.08957501715211,0.09524949970332797
val:2275,val,mendeley_pa:image:MENDE-PA-00018,images/mendeley_pa/MENDE-PA-00018.jpg,Mendeley PA,2275,11,17,0.0769230769230769,1.1459654220154638,0.8774749572119465,0.9628192047319164,0.1831462172835474
val:2276,val,mendeley_pa:image:MENDE-PA-00018,images/mendeley_pa/MENDE-PA-00018.jpg,Mendeley PA,2276,12,17,0.0769230769230769,0.688007417547825,1.0021679999976567,0.8345916273742131,0.1465842098263881
val:2277,val,mendeley_pa:image:MENDE-PA-00018,images/mendeley_pa/MENDE-PA-00018.jpg,Mendeley PA,2277,13,17,0.0769230769230769,0.9438464194183392,0.8329307271174085,0.9553727565339696,0.011526337115630336
val:2278,val,mendeley_pa:image:MENDE-PA-00018,images/mendeley_pa/MENDE-PA-00018.jpg,Mendeley PA,2278,14,17,0.0769230769230769,1.0055465554798586,1.0,1.031096212565899,0.02554965708604029
val:2279,val,mendeley_pa:image:MENDE-PA-00018,images/mendeley_pa/MENDE-PA-00018.jpg,Mendeley PA,2279,15,17,0.0769230769230769,1.0473357304270754,1.0396227687872681,1.0550864953823123,0.007750764955236855
val:2425,val,mendeley_pa:image:MENDE-PA-00029,images/mendeley_pa/MENDE-PA-00029.jpg,Mendeley PA,2425,3,17,0.0769230769230769,1.1535017545651853,0.9999999999999998,1.066032826900482,0.08746892766470338
val:2426,val,mendeley_pa:image:MENDE-PA-00029,images/mendeley_pa/MENDE-PA-00029.jpg,Mendeley PA,2426,4,17,0.0769230769230769,0.9930854833730266,1.058446833218564,1.1070092556133164,0.11392377224028982
val:2427,val,mendeley_pa:image:MENDE-PA-00029,images/mendeley_pa/MENDE-PA-00029.jpg,Mendeley PA,2427,5,17,0.0769230769230769,0.9785078726144103,0.94934250953544,0.9693120939557633,0.009195778658646958
val:2428,val,mendeley_pa:image:MENDE-PA-00029,images/mendeley_pa/MENDE-PA-00029.jpg,Mendeley PA,2428,6,17,0.0769230769230769,0.9329153446378415,1.0,1.003214888740331,0.0702995441024894
val:2429,val,mendeley_pa:image:MENDE-PA-00029,images/mendeley_pa/MENDE-PA-00029.jpg,Mendeley PA,2429,7,17,0.0769230769230769,0.9748979152714374,0.983933371134785,0.9685689831308396,0.0063289321405978205
val:2430,val,mendeley_pa:image:MENDE-PA-00029,images/mendeley_pa/MENDE-PA-00029.jpg,Mendeley PA,2430,8,17,0.0769230769230769,1.0513536969839412,1.009161392366995,0.9757464063824313,0.07560729060150995
val:2431,val,mendeley_pa:image:MENDE-PA-00029,images/mendeley_pa/MENDE-PA-00029.jpg,Mendeley PA,2431,9,17,0.0769230769230769,1.0539359899316691,1.032991362836394,0.9830232170486781,0.07091277288299103
val:2432,val,mendeley_pa:image:MENDE-PA-00029,images/mendeley_pa/MENDE-PA-00029.jpg,Mendeley PA,2432,10,17,0.0769230769230769,1.0212825410865611,0.9976073129091043,1.0168063638720293,0.004476177214531862
val:2433,val,mendeley_pa:image:MENDE-PA-00029,images/mendeley_pa/MENDE-PA-00029.jpg,Mendeley PA,2433,11,17,0.0769230769230769,0.928267138566229,0.9736160482767757,1.0116751189831432,0.08340798041691422
val:2434,val,mendeley_pa:image:MENDE-PA-00029,images/mendeley_pa/MENDE-PA-00029.jpg,Mendeley PA,2434,12,17,0.0769230769230769,0.9564298130865356,1.00967806402783,1.0457129684482058,0.0892831553616702
val:2435,val,mendeley_pa:image:MENDE-PA-00029,images/mendeley_pa/MENDE-PA-00029.jpg,Mendeley PA,2435,13,17,0.0769230769230769,1.1102675408940073,1.0,1.0704713240265846,0.03979621686742263
val:2436,val,mendeley_pa:image:MENDE-PA-00029,images/mendeley_pa/MENDE-PA-00029.jpg,Mendeley PA,2436,14,17,0.0769230769230769,0.9259344589150413,1.0,1.0113288685679436,0.08539440965290224
val:2437,val,mendeley_pa:image:MENDE-PA-00029,images/mendeley_pa/MENDE-PA-00029.jpg,Mendeley PA,2437,15,17,0.0769230769230769,0.975452100659725,0.9629538803014327,1.013409562281089,0.03795746162136404
val:2705,val,mendeley_pa:image:MENDE-PA-00053,images/mendeley_pa/MENDE-PA-00053.jpg,Mendeley PA,2705,3,17,0.0769230769230769,1.1087714470500054,0.9782679982936613,0.9468998581624262,0.16187158888757924
val:2706,val,mendeley_pa:image:MENDE-PA-00053,images/mendeley_pa/MENDE-PA-00053.jpg,Mendeley PA,2706,4,17,0.0769230769230769,0.7290859375110791,0.9706227098879145,0.850678860145502,0.1215929226344229
val:2707,val,mendeley_pa:image:MENDE-PA-00053,images/mendeley_pa/MENDE-PA-00053.jpg,Mendeley PA,2707,5,17,0.0769230769230769,0.9496592787572294,0.8916945754259411,0.8970371171541098,0.05262216160311961
val:2708,val,mendeley_pa:image:MENDE-PA-00053,images/mendeley_pa/MENDE-PA-00053.jpg,Mendeley PA,2708,6,17,0.0769230769230769,1.0443018416872283,1.0,0.9811011888086796,0.0632006528785487
val:2709,val,mendeley_pa:image:MENDE-PA-00053,images/mendeley_pa/MENDE-PA-00053.jpg,Mendeley PA,2709,7,17,0.0769230769230769,1.0075617349620862,1.0795679891978778,1.0224521140133418,0.014890379051255564
val:2710,val,mendeley_pa:image:MENDE-PA-00053,images/mendeley_pa/MENDE-PA-00053.jpg,Mendeley PA,2710,8,17,0.0769230769230769,1.1057315248569646,0.9035167070842363,0.9712411361551858,0.13449038870177876
val:2711,val,mendeley_pa:image:MENDE-PA-00053,images/mendeley_pa/MENDE-PA-00053.jpg,Mendeley PA,2711,9,17,0.0769230769230769,0.7152377857914247,1.0,0.8316813558340073,0.11644357004258254
val:2712,val,mendeley_pa:image:MENDE-PA-00053,images/mendeley_pa/MENDE-PA-00053.jpg,Mendeley PA,2712,10,17,0.0769230769230769,1.1192854215787347,0.9530912151327262,0.9900920016458163,0.12919341993291833
val:2713,val,mendeley_pa:image:MENDE-PA-00053,images/mendeley_pa/MENDE-PA-00053.jpg,Mendeley PA,2713,11,17,0.0769230769230769,1.0916916928639777,1.0,1.005958795081824,0.08573289778215365
val:2714,val,mendeley_pa:image:MENDE-PA-00053,images/mendeley_pa/MENDE-PA-00053.jpg,Mendeley PA,2714,12,17,0.0769230769230769,0.8458519430003435,1.0145318387755278,1.00013109489615,0.15427915189580643
val:2715,val,mendeley_pa:image:MENDE-PA-00053,images/mendeley_pa/MENDE-PA-00053.jpg,Mendeley PA,2715,13,17,0.0769230769230769,1.0518655574920812,0.9445870336181915,1.0171443264968194,0.03472123099526181
val:2716,val,mendeley_pa:image:MENDE-PA-00053,images/mendeley_pa/MENDE-PA-00053.jpg,Mendeley PA,2716,14,17,0.0769230769230769,1.0070694737195347,1.0000000000000002,0.9793286193162205,0.027740854403314197
val:2717,val,mendeley_pa:image:MENDE-PA-00053,images/mendeley_pa/MENDE-PA-00053.jpg,Mendeley PA,2717,15,17,0.0769230769230769,0.9087136200733189,0.9861574336412551,0.9922984168390931,0.08358479676577424
val:2870,val,mendeley_pa:image:MENDE-PA-00066,images/mendeley_pa/MENDE-PA-00066.jpg,Mendeley PA,2870,3,17,0.0769230769230769,1.1215592198956148,1.003182399408436,1.0374307477339269,0.08412847216168795
val:2871,val,mendeley_pa:image:MENDE-PA-00066,images/mendeley_pa/MENDE-PA-00066.jpg,Mendeley PA,2871,4,17,0.0769230769230769,0.8882993394947194,1.0270498934293562,0.9283284264708334,0.04002908697611396
val:2872,val,mendeley_pa:image:MENDE-PA-00066,images/mendeley_pa/MENDE-PA-00066.jpg,Mendeley PA,2872,5,17,0.0769230769230769,1.0706797179147818,0.9731821787870762,0.9439027306950925,0.12677698721968933
val:2873,val,mendeley_pa:image:MENDE-PA-00066,images/mendeley_pa/MENDE-PA-00066.jpg,Mendeley PA,2873,6,17,0.0769230769230769,0.9546217549483162,1.0,0.9855590416118503,0.030937286663534014
val:2874,val,mendeley_pa:image:MENDE-PA-00066,images/mendeley_pa/MENDE-PA-00066.jpg,Mendeley PA,2874,7,17,0.0769230769230769,0.9028734099696494,0.9648123029734044,0.9918006900812535,0.08892728011160411
val:2875,val,mendeley_pa:image:MENDE-PA-00066,images/mendeley_pa/MENDE-PA-00066.jpg,Mendeley PA,2875,8,17,0.0769230769230769,1.0369081248053498,1.0187581494131734,1.0109084933677366,0.02599963143761319
val:2876,val,mendeley_pa:image:MENDE-PA-00066,images/mendeley_pa/MENDE-PA-00066.jpg,Mendeley PA,2876,9,17,0.0769230769230769,1.1129674701651915,1.0451536325736268,1.017885424010299,0.09508204615489246
val:2877,val,mendeley_pa:image:MENDE-PA-00066,images/mendeley_pa/MENDE-PA-00066.jpg,Mendeley PA,2877,10,17,0.0769230769230769,1.0120179933710207,0.9868093015519737,0.9704563854155897,0.04156160795543107
val:2878,val,mendeley_pa:image:MENDE-PA-00066,images/mendeley_pa/MENDE-PA-00066.jpg,Mendeley PA,2878,11,17,0.0769230769230769,0.8772074224267732,0.9836793436808828,0.9635679914756063,0.08636056904883316
val:2879,val,mendeley_pa:image:MENDE-PA-00066,images/mendeley_pa/MENDE-PA-00066.jpg,Mendeley PA,2879,12,17,0.0769230769230769,1.0619715908303613,1.0536463921890498,1.085278644226575,0.02330705339621364
val:2880,val,mendeley_pa:image:MENDE-PA-00066,images/mendeley_pa/MENDE-PA-00066.jpg,Mendeley PA,2880,13,17,0.0769230769230769,1.2248290574936354,1.0622173016469731,1.086692460770513,0.13813659672312228
val:2881,val,mendeley_pa:image:MENDE-PA-00066,images/mendeley_pa/MENDE-PA-00066.jpg,Mendeley PA,2881,14,17,0.0769230769230769,0.991207540117463,1.0612893686378784,1.0979655296290702,0.1067579895116072
val:2882,val,mendeley_pa:image:MENDE-PA-00066,images/mendeley_pa/MENDE-PA-00066.jpg,Mendeley PA,2882,15,17,0.0769230769230769,0.8647516839780138,0.8880326836391587,0.8639893359526295,0.0007623480253843296
val:3033,val,mendeley_pa:image:MENDE-PA-00079,images/mendeley_pa/MENDE-PA-00079.jpg,Mendeley PA,3033,3,17,0.0769230769230769,0.9616623846886473,0.9782403684417085,1.0230773068229035,0.061414922134256256
val:3034,val,mendeley_pa:image:MENDE-PA-00079,images/mendeley_pa/MENDE-PA-00079.jpg,Mendeley PA,3034,4,17,0.0769230769230769,1.026554354978098,1.0917384552707114,1.063527489354197,0.03697313437609906
val:3035,val,mendeley_pa:image:MENDE-PA-00079,images/mendeley_pa/MENDE-PA-00079.jpg,Mendeley PA,3035,5,17,0.0769230769230769,1.1720566284898042,0.9832166716323565,1.0605961441860865,0.11146048430371769
val:3036,val,mendeley_pa:image:MENDE-PA-00079,images/mendeley_pa/MENDE-PA-00079.jpg,Mendeley PA,3036,6,17,0.0769230769230769,0.8048344994467715,1.0146575171428796,0.9581077221709366,0.1532732227241651
val:3037,val,mendeley_pa:image:MENDE-PA-00079,images/mendeley_pa/MENDE-PA-00079.jpg,Mendeley PA,3037,7,17,0.0769230769230769,1.076727861037321,0.940410686926259,0.989164384351386,0.087563476685935
val:3038,val,mendeley_pa:image:MENDE-PA-00079,images/mendeley_pa/MENDE-PA-00079.jpg,Mendeley PA,3038,8,17,0.0769230769230769,1.10601107257905,1.083128924699135,1.1020047713384105,0.004006301240639498
val:3039,val,mendeley_pa:image:MENDE-PA-00079,images/mendeley_pa/MENDE-PA-00079.jpg,Mendeley PA,3039,9,17,0.0769230769230769,0.989577415847728,1.0,1.0687160566449165,0.07913864079718858
val:3040,val,mendeley_pa:image:MENDE-PA-00079,images/mendeley_pa/MENDE-PA-00079.jpg,Mendeley PA,3040,10,17,0.0769230769230769,0.9107996181256385,0.8949503886485272,1.0018609601044828,0.0910613419788443
val:3041,val,mendeley_pa:image:MENDE-PA-00079,images/mendeley_pa/MENDE-PA-00079.jpg,Mendeley PA,3041,11,17,0.0769230769230769,0.8037697304467304,1.1132292216782393,1.0776719590787711,0.2739022286320407
val:3042,val,mendeley_pa:image:MENDE-PA-00079,images/mendeley_pa/MENDE-PA-00079.jpg,Mendeley PA,3042,12,17,0.0769230769230769,1.3758620961324852,0.9578759388224443,1.0441504285828431,0.3317116675496421
val:3043,val,mendeley_pa:image:MENDE-PA-00079,images/mendeley_pa/MENDE-PA-00079.jpg,Mendeley PA,3043,13,17,0.0769230769230769,0.7914841464845497,1.0,0.9875332843512297,0.19604913786668
val:3044,val,mendeley_pa:image:MENDE-PA-00079,images/mendeley_pa/MENDE-PA-00079.jpg,Mendeley PA,3044,14,17,0.0769230769230769,0.9672510153777865,1.2716453404680228,1.2214126208380198,0.25416160546023336
val:3045,val,mendeley_pa:image:MENDE-PA-00079,images/mendeley_pa/MENDE-PA-00079.jpg,Mendeley PA,3045,15,17,0.0769230769230769,1.7760993915157317,1.0,1.0381453819572926,0.7379540095584392
val:3080,val,mendeley_pa:image:MENDE-PA-00083,images/mendeley_pa/MENDE-PA-00083.jpg,Mendeley PA,3080,3,17,0.0769230769230769,0.9583364600780665,0.9571851813120587,1.0464853071493847,0.0881488470713182
val:3081,val,mendeley_pa:image:MENDE-PA-00083,images/mendeley_pa/MENDE-PA-00083.jpg,Mendeley PA,3081,4,17,0.0769230769230769,0.8075726741450981,0.9583819737382981,1.0209352453895661,0.213362571244468
val:3082,val,mendeley_pa:image:MENDE-PA-00083,images/mendeley_pa/MENDE-PA-00083.jpg,Mendeley PA,3082,5,17,0.0769230769230769,1.0524307625653506,0.9580908488425415,1.0029576342496078,0.0494731283157428
val:3083,val,mendeley_pa:image:MENDE-PA-00083,images/mendeley_pa/MENDE-PA-00083.jpg,Mendeley PA,3083,6,17,0.0769230769230769,1.0175929240284545,1.0,0.9580812938511372,0.05951163017731731
val:3084,val,mendeley_pa:image:MENDE-PA-00083,images/mendeley_pa/MENDE-PA-00083.jpg,Mendeley PA,3084,7,17,0.0769230769230769,0.9206333201129493,1.0097849297849493,0.9809777143923597,0.06034439427941041
val:3085,val,mendeley_pa:image:MENDE-PA-00083,images/mendeley_pa/MENDE-PA-00083.jpg,Mendeley PA,3085,8,17,0.0769230769230769,1.1575485404594636,1.0547909372135826,1.0483610330730506,0.10918750738641303
val:3086,val,mendeley_pa:image:MENDE-PA-00083,images/mendeley_pa/MENDE-PA-00083.jpg,Mendeley PA,3086,9,17,0.0769230769230769,1.0538713117010954,1.011018380613835,0.9586799816208198,0.09519133008027558
val:3087,val,mendeley_pa:image:MENDE-PA-00083,images/mendeley_pa/MENDE-PA-00083.jpg,Mendeley PA,3087,10,17,0.0769230769230769,0.9017153026157568,1.0,1.0457443967461586,0.14402909413040177
val:3088,val,mendeley_pa:image:MENDE-PA-00083,images/mendeley_pa/MENDE-PA-00083.jpg,Mendeley PA,3088,11,17,0.0769230769230769,1.0080139388603473,0.9497081778175656,1.0220824397332493,0.014068500872902012
val:3089,val,mendeley_pa:image:MENDE-PA-00083,images/mendeley_pa/MENDE-PA-00083.jpg,Mendeley PA,3089,12,17,0.0769230769230769,0.9314259056161236,1.0,0.967341061681509,0.03591515606538542
val:3090,val,mendeley_pa:image:MENDE-PA-00083,images/mendeley_pa/MENDE-PA-00083.jpg,Mendeley PA,3090,13,17,0.0769230769230769,1.0028921194429439,1.0213457916334998,1.0185435030081105,0.0156513835651666
val:3091,val,mendeley_pa:image:MENDE-PA-00083,images/mendeley_pa/MENDE-PA-00083.jpg,Mendeley PA,3091,14,17,0.0769230769230769,1.1081053551552633,1.007032604228497,1.0132507717160288,0.09485458343923447
val:3092,val,mendeley_pa:image:MENDE-PA-00083,images/mendeley_pa/MENDE-PA-00083.jpg,Mendeley PA,3092,15,17,0.0769230769230769,0.9798866996074789,0.9999999999999998,1.0175516065210102,0.037664906913531304
val:3165,val,mendeley_pa:image:MENDE-PA-00090,images/mendeley_pa/MENDE-PA-00090.jpg,Mendeley PA,3165,3,17,0.0769230769230769,0.9106797614975897,0.9768176043703369,0.9559817074163965,0.045301945918806874
val:3166,val,mendeley_pa:image:MENDE-PA-00090,images/mendeley_pa/MENDE-PA-00090.jpg,Mendeley PA,3166,4,17,0.0769230769230769,1.0556774265441287,1.03165171023813,1.0551934028824876,0.00048402366164101984
val:3167,val,mendeley_pa:image:MENDE-PA-00090,images/mendeley_pa/MENDE-PA-00090.jpg,Mendeley PA,3167,5,17,0.0769230769230769,1.1221555029275607,1.0172453201732046,1.0863505057415372,0.03580499718602348
val:3168,val,mendeley_pa:image:MENDE-PA-00090,images/mendeley_pa/MENDE-PA-00090.jpg,Mendeley PA,3168,6,17,0.0769230769230769,0.9889817526549938,0.9999999999999999,1.0602822117507458,0.071300459095752
val:3169,val,mendeley_pa:image:MENDE-PA-00090,images/mendeley_pa/MENDE-PA-00090.jpg,Mendeley PA,3169,7,17,0.0769230769230769,0.9279123768162099,1.0026610941238503,1.0198653843797545,0.09195300756354463
val:3170,val,mendeley_pa:image:MENDE-PA-00090,images/mendeley_pa/MENDE-PA-00090.jpg,Mendeley PA,3170,8,17,0.0769230769230769,1.074504049509199,0.9840372166853868,1.0221427603882276,0.05236128912097149
val:3171,val,mendeley_pa:image:MENDE-PA-00090,images/mendeley_pa/MENDE-PA-00090.jpg,Mendeley PA,3171,9,17,0.0769230769230769,0.9244574844284283,1.0096134945236974,0.9676458678626352,0.043188383434206834
val:3172,val,mendeley_pa:image:MENDE-PA-00090,images/mendeley_pa/MENDE-PA-00090.jpg,Mendeley PA,3172,10,17,0.0769230769230769,1.0407363380784362,0.9729834167297349,0.9846208697195515,0.0561154683588847
val:3173,val,mendeley_pa:image:MENDE-PA-00090,images/mendeley_pa/MENDE-PA-00090.jpg,Mendeley PA,3173,11,17,0.0769230769230769,0.9699151995860018,0.9999999999999999,1.003866639221087,0.03395143963508529
val:3174,val,mendeley_pa:image:MENDE-PA-00090,images/mendeley_pa/MENDE-PA-00090.jpg,Mendeley PA,3174,12,17,0.0769230769230769,0.9716357869296086,1.0324917482629115,1.034903670237183,0.06326788330757438
val:3175,val,mendeley_pa:image:MENDE-PA-00090,images/mendeley_pa/MENDE-PA-00090.jpg,Mendeley PA,3175,13,17,0.0769230769230769,1.120864538710176,1.0,1.0214435625821352,0.0994209761280409
val:3176,val,mendeley_pa:image:MENDE-PA-00090,images/mendeley_pa/MENDE-PA-00090.jpg,Mendeley PA,3176,14,17,0.0769230769230769,0.9985428286930006,1.0904975261430947,1.0427965287010876,0.04425370000808704
val:3177,val,mendeley_pa:image:MENDE-PA-00090,images/mendeley_pa/MENDE-PA-00090.jpg,Mendeley PA,3177,15,17,0.0769230769230769,1.067127759796608,0.8532757719552899,0.9626338293350125,0.1044939304615955
val:3566,val,mendeley_pa:image:MENDE-PA-00121,images/mendeley_pa/MENDE-PA-00121.jpg,Mendeley PA,3566,3,17,0.0769230769230769,1.038829752850273,1.0494746436537783,1.024445619544534,0.014384133305739066
val:3567,val,mendeley_pa:image:MENDE-PA-00121,images/mendeley_pa/MENDE-PA-00121.jpg,Mendeley PA,3567,4,17,0.0769230769230769,0.948797751709243,0.9535051015046814,0.9562135468078234,0.00741579509858048
val:3568,val,mendeley_pa:image:MENDE-PA-00121,images/mendeley_pa/MENDE-PA-00121.jpg,Mendeley PA,3568,5,17,0.0769230769230769,0.9297619027668338,0.9862817068044294,0.9794086193125893,0.049646716545755476
val:3569,val,mendeley_pa:image:MENDE-PA-00121,images/mendeley_pa/MENDE-PA-00121.jpg,Mendeley PA,3569,6,17,0.0769230769230769,1.0238213672303897,0.9909924184668892,1.0010064663130873,0.022814900917302428
val:3570,val,mendeley_pa:image:MENDE-PA-00121,images/mendeley_pa/MENDE-PA-00121.jpg,Mendeley PA,3570,7,17,0.0769230769230769,0.983895749764448,1.0,0.9600673243403435,0.02382842542410457
val:3571,val,mendeley_pa:image:MENDE-PA-00121,images/mendeley_pa/MENDE-PA-00121.jpg,Mendeley PA,3571,8,17,0.0769230769230769,1.0080558213890618,0.9999999999999999,0.992617749609053,0.015438071780008777
val:3572,val,mendeley_pa:image:MENDE-PA-00121,images/mendeley_pa/MENDE-PA-00121.jpg,Mendeley PA,3572,9,17,0.0769230769230769,0.9922538326317962,1.0,0.9634222500026226,0.028831582629173624
val:3573,val,mendeley_pa:image:MENDE-PA-00121,images/mendeley_pa/MENDE-PA-00121.jpg,Mendeley PA,3573,10,17,0.0769230769230769,1.0041436759556726,1.0,0.964155025780201,0.039988650175471596
val:3574,val,mendeley_pa:image:MENDE-PA-00121,images/mendeley_pa/MENDE-PA-00121.jpg,Mendeley PA,3574,11,17,0.0769230769230769,0.9998479565783226,0.9999999999999998,0.9826035927981136,0.017244363780208993
val:3575,val,mendeley_pa:image:MENDE-PA-00121,images/mendeley_pa/MENDE-PA-00121.jpg,Mendeley PA,3575,12,17,0.0769230769230769,0.9884415473198482,1.0096402415156025,0.998132711750235,0.009691164430386756
val:3576,val,mendeley_pa:image:MENDE-PA-00121,images/mendeley_pa/MENDE-PA-00121.jpg,Mendeley PA,3576,13,17,0.0769230769230769,1.0499390228955745,1.0,1.035826664417982,0.014112358477592402
val:3577,val,mendeley_pa:image:MENDE-PA-00121,images/mendeley_pa/MENDE-PA-00121.jpg,Mendeley PA,3577,14,17,0.0769230769230769,0.9318271838296188,1.0,0.9910191763192415,0.0591919924896227
val:3578,val,mendeley_pa:image:MENDE-PA-00121,images/mendeley_pa/MENDE-PA-00121.jpg,Mendeley PA,3578,15,17,0.0769230769230769,1.0451058938695919,0.9915077279182761,1.0047231756942958,0.04038271817529604
val:3733,val,mendeley_pa:image:MENDE-PA-00132,images/mendeley_pa/MENDE-PA-00132.jpg,Mendeley PA,3733,3,17,0.0769230769230769,0.9976681854135898,1.0571909718511534,0.9901692591903639,0.007498926223225899
val:3734,val,mendeley_pa:image:MENDE-PA-00132,images/mendeley_pa/MENDE-PA-00132.jpg,Mendeley PA,3734,4,17,0.0769230769230769,1.2616555725303593,1.0935531774638005,1.1510404417393514,0.11061513079100793
val:3735,val,mendeley_pa:image:MENDE-PA-00132,images/mendeley_pa/MENDE-PA-00132.jpg,Mendeley PA,3735,5,17,0.0769230769230769,1.0728648504913783,1.041263595973462,0.9614448405852021,0.11142000990617618
val:3736,val,mendeley_pa:image:MENDE-PA-00132,images/mendeley_pa/MENDE-PA-00132.jpg,Mendeley PA,3736,6,17,0.0769230769230769,0.858143484929716,0.9999999999999998,0.9523130431771276,0.09416955824741158
val:3737,val,mendeley_pa:image:MENDE-PA-00132,images/mendeley_pa/MENDE-PA-00132.jpg,Mendeley PA,3737,7,17,0.0769230769230769,0.986179386348514,0.9174632319263056,0.9710533843389586,0.015126002009555384
val:3738,val,mendeley_pa:image:MENDE-PA-00132,images/mendeley_pa/MENDE-PA-00132.jpg,Mendeley PA,3738,8,17,0.0769230769230769,0.956002897146516,0.9999999999999999,0.954003982245922,0.0019989149005940066
val:3739,val,mendeley_pa:image:MENDE-PA-00132,images/mendeley_pa/MENDE-PA-00132.jpg,Mendeley PA,3739,9,17,0.0769230769230769,0.9810367351337423,0.9903165802028211,1.006530960243586,0.02549422510984356
val:3740,val,mendeley_pa:image:MENDE-PA-00132,images/mendeley_pa/MENDE-PA-00132.jpg,Mendeley PA,3740,10,17,0.0769230769230769,0.9934057347908649,1.0,0.9698544051498175,0.023551329641047447
val:3741,val,mendeley_pa:image:MENDE-PA-00132,images/mendeley_pa/MENDE-PA-00132.jpg,Mendeley PA,3741,11,17,0.0769230769230769,0.9875165579800375,1.250892530406038,1.1375663683061998,0.15004981032616238
val:3742,val,mendeley_pa:image:MENDE-PA-00132,images/mendeley_pa/MENDE-PA-00132.jpg,Mendeley PA,3742,12,17,0.0769230769230769,1.5336163257239492,1.0,0.9770028609782457,0.5566134647457035
val:3743,val,mendeley_pa:image:MENDE-PA-00132,images/mendeley_pa/MENDE-PA-00132.jpg,Mendeley PA,3743,13,17,0.0769230769230769,0.9430326798026251,1.1698667781694545,1.0465896951301707,0.10355701532754569
val:3744,val,mendeley_pa:image:MENDE-PA-00132,images/mendeley_pa/MENDE-PA-00132.jpg,Mendeley PA,3744,14,17,0.0769230769230769,0.930109968407729,0.9536494529581814,0.8820799953079967,0.048029973099732226
val:3745,val,mendeley_pa:image:MENDE-PA-00132,images/mendeley_pa/MENDE-PA-00132.jpg,Mendeley PA,3745,15,17,0.0769230769230769,1.0332419791134437,1.0,0.9282498955726624,0.10499208354078138
val:3842,val,mendeley_pa:image:MENDE-PA-00139,images/mendeley_pa/MENDE-PA-00139.jpg,Mendeley PA,3842,3,17,0.0769230769230769,0.8954882037754064,1.0135552233119818,1.0118869391304763,0.11639873535506995
val:3843,val,mendeley_pa:image:MENDE-PA-00139,images/mendeley_pa/MENDE-PA-00139.jpg,Mendeley PA,3843,4,17,0.0769230769230769,1.2596165711465046,1.0,1.1527604758739471,0.10685609527255746
val:3844,val,mendeley_pa:image:MENDE-PA-00139,images/mendeley_pa/MENDE-PA-00139.jpg,Mendeley PA,3844,5,17,0.0769230769230769,0.8410286156508822,1.0,0.9991627393756062,0.15813412372472402
val:3845,val,mendeley_pa:image:MENDE-PA-00139,images/mendeley_pa/MENDE-PA-00139.jpg,Mendeley PA,3845,6,17,0.0769230769230769,0.8890892707059033,0.9105988721776417,0.9893958325910976,0.10030656188519438
val:3846,val,mendeley_pa:image:MENDE-PA-00139,images/mendeley_pa/MENDE-PA-00139.jpg,Mendeley PA,3846,7,17,0.0769230769230769,1.0764056328862985,1.0,1.0063132331706583,0.07009239971564019
val:3847,val,mendeley_pa:image:MENDE-PA-00139,images/mendeley_pa/MENDE-PA-00139.jpg,Mendeley PA,3847,8,17,0.0769230769230769,1.0562676959522088,1.0726577242077031,0.9935817619026341,0.06268593404957468
val:3848,val,mendeley_pa:image:MENDE-PA-00139,images/mendeley_pa/MENDE-PA-00139.jpg,Mendeley PA,3848,9,17,0.0769230769230769,1.054950768080271,0.9652130943832944,1.0159812015591214,0.03896956652114958
val:3849,val,mendeley_pa:image:MENDE-PA-00139,images/mendeley_pa/MENDE-PA-00139.jpg,Mendeley PA,3849,10,17,0.0769230769230769,0.8843074209137947,0.9893977874083253,0.9922726016150596,0.10796518070126493
val:3850,val,mendeley_pa:image:MENDE-PA-00139,images/mendeley_pa/MENDE-PA-00139.jpg,Mendeley PA,3850,11,17,0.0769230769230769,0.8542014180380679,0.9447923509192232,0.8887976838063959,0.03459626576832797
val:3851,val,mendeley_pa:image:MENDE-PA-00139,images/mendeley_pa/MENDE-PA-00139.jpg,Mendeley PA,3851,12,17,0.0769230769230769,1.1465480641876968,1.0124464782944138,1.019218022754621,0.1273300414330758
val:3852,val,mendeley_pa:image:MENDE-PA-00139,images/mendeley_pa/MENDE-PA-00139.jpg,Mendeley PA,3852,13,17,0.0769230769230769,1.0065569961409737,1.0,0.9963498823344707,0.010207113806502965
val:3853,val,mendeley_pa:image:MENDE-PA-00139,images/mendeley_pa/MENDE-PA-00139.jpg,Mendeley PA,3853,14,17,0.0769230769230769,0.9390707919063194,0.9957393848532673,0.9703690831744906,0.031298291268171186
val:3854,val,mendeley_pa:image:MENDE-PA-00139,images/mendeley_pa/MENDE-PA-00139.jpg,Mendeley PA,3854,15,17,0.0769230769230769,0.9869297148437426,0.9899381717565245,0.9914320955882556,0.004502380744513035
val:3922,val,mendeley_pa:image:MENDE-PA-00144,images/mendeley_pa/MENDE-PA-00144.jpg,Mendeley PA,3922,3,17,0.0769230769230769,0.9167680388971229,1.0190735598906464,1.0043031433477587,0.08753510445063584
val:3923,val,mendeley_pa:image:MENDE-PA-00144,images/mendeley_pa/MENDE-PA-00144.jpg,Mendeley PA,3923,4,17,0.0769230769230769,0.9425034927368102,0.9318254410144113,1.0085048570152544,0.06600136427844416
val:3924,val,mendeley_pa:image:MENDE-PA-00144,images/mendeley_pa/MENDE-PA-00144.jpg,Mendeley PA,3924,5,17,0.0769230769230769,0.9481650723362158,1.008836451895865,1.00237053258005,0.054205460243834214
val:3925,val,mendeley_pa:image:MENDE-PA-00144,images/mendeley_pa/MENDE-PA-00144.jpg,Mendeley PA,3925,6,17,0.0769230769230769,1.0981109938232347,1.0104328675392238,0.9939498530897466,0.10416114073348814
val:3926,val,mendeley_pa:image:MENDE-PA-00144,images/mendeley_pa/MENDE-PA-00144.jpg,Mendeley PA,3926,7,17,0.0769230769230769,1.0313117359610584,1.0297179866374817,1.0195566054226246,0.0117551305384338
val:3927,val,mendeley_pa:image:MENDE-PA-00144,images/mendeley_pa/MENDE-PA-00144.jpg,Mendeley PA,3927,8,17,0.0769230769230769,0.9728014301591079,0.9714160839096142,0.9672999007627798,0.0055015293963280865
val:3928,val,mendeley_pa:image:MENDE-PA-00144,images/mendeley_pa/MENDE-PA-00144.jpg,Mendeley PA,3928,9,17,0.0769230769230769,0.9481529679529836,0.9904502636232583,1.0457015565076082,0.09754858855462456
val:3929,val,mendeley_pa:image:MENDE-PA-00144,images/mendeley_pa/MENDE-PA-00144.jpg,Mendeley PA,3929,10,17,0.0769230769230769,0.8947877973248701,0.9903242950941589,0.9996371781136062,0.10484938078873607
val:3930,val,mendeley_pa:image:MENDE-PA-00144,images/mendeley_pa/MENDE-PA-00144.jpg,Mendeley PA,3930,11,17,0.0769230769230769,1.1235324683939685,1.0517313185350432,1.0026982951180472,0.12083417327592127
val:3931,val,mendeley_pa:image:MENDE-PA-00144,images/mendeley_pa/MENDE-PA-00144.jpg,Mendeley PA,3931,12,17,0.0769230769230769,1.101446729220485,1.0101890427071583,1.0055192995827626,0.09592742963772238
val:3932,val,mendeley_pa:image:MENDE-PA-00144,images/mendeley_pa/MENDE-PA-00144.jpg,Mendeley PA,3932,13,17,0.0769230769230769,0.9854553518969376,1.0229483584517873,1.0046849569881595,0.019229605091221957
val:3933,val,mendeley_pa:image:MENDE-PA-00144,images/mendeley_pa/MENDE-PA-00144.jpg,Mendeley PA,3933,14,17,0.0769230769230769,0.9323732434440348,0.9600304303296308,0.9664398137085537,0.03406657026451887
val:3934,val,mendeley_pa:image:MENDE-PA-00144,images/mendeley_pa/MENDE-PA-00144.jpg,Mendeley PA,3934,15,17,0.0769230769230769,0.984157219892731,0.9921558826327238,1.0164286094814452,0.03227138958871423
val:4123,val,mendeley_pa:image:MENDE-PA-00159,images/mendeley_pa/MENDE-PA-00159.jpg,Mendeley PA,4123,3,17,0.0769230769230769,0.9875971312582781,1.0,1.0531229302287102,0.06552579897043209
val:4124,val,mendeley_pa:image:MENDE-PA-00159,images/mendeley_pa/MENDE-PA-00159.jpg,Mendeley PA,4124,4,17,0.0769230769230769,0.9722962820780325,1.0,0.9858547151088715,0.013558433030838923
val:4125,val,mendeley_pa:image:MENDE-PA-00159,images/mendeley_pa/MENDE-PA-00159.jpg,Mendeley PA,4125,5,17,0.0769230769230769,1.0982576187766542,1.0737291937919449,1.0808320171425234,0.01742560163413076
val:4126,val,mendeley_pa:image:MENDE-PA-00159,images/mendeley_pa/MENDE-PA-00159.jpg,Mendeley PA,4126,6,17,0.0769230769230769,1.07923101130991,0.9895075334974599,1.096942178792603,0.01771116748269308
val:4127,val,mendeley_pa:image:MENDE-PA-00159,images/mendeley_pa/MENDE-PA-00159.jpg,Mendeley PA,4127,7,17,0.0769230769230769,0.8790471330545453,0.9953676462945484,0.9719624575999521,0.09291532454540685
val:4128,val,mendeley_pa:image:MENDE-PA-00159,images/mendeley_pa/MENDE-PA-00159.jpg,Mendeley PA,4128,8,17,0.0769230769230769,0.9400602421595954,0.9339633227006257,0.978132510246402,0.03807226808680664
val:4129,val,mendeley_pa:image:MENDE-PA-00159,images/mendeley_pa/MENDE-PA-00159.jpg,Mendeley PA,4129,9,17,0.0769230769230769,0.9663824576035756,1.0,0.9927722588181496,0.026389801214574016
val:4130,val,mendeley_pa:image:MENDE-PA-00159,images/mendeley_pa/MENDE-PA-00159.jpg,Mendeley PA,4130,10,17,0.0769230769230769,1.0486539696121948,1.0322400707006105,0.9978226910531172,0.05083127855907765
val:4131,val,mendeley_pa:image:MENDE-PA-00159,images/mendeley_pa/MENDE-PA-00159.jpg,Mendeley PA,4131,11,17,0.0769230769230769,1.0781704860845989,1.0,1.0006976559525356,0.0774728301320633
val:4132,val,mendeley_pa:image:MENDE-PA-00159,images/mendeley_pa/MENDE-PA-00159.jpg,Mendeley PA,4132,12,17,0.0769230769230769,0.9733902920967088,1.1225889904365483,1.0285596458182278,0.05516935372151899
val:4133,val,mendeley_pa:image:MENDE-PA-00159,images/mendeley_pa/MENDE-PA-00159.jpg,Mendeley PA,4133,13,17,0.0769230769230769,1.2112749981647462,0.9689185902475457,1.020267757028256,0.19100724113649026
val:4134,val,mendeley_pa:image:MENDE-PA-00159,images/mendeley_pa/MENDE-PA-00159.jpg,Mendeley PA,4134,14,17,0.0769230769230769,0.8635452566503776,1.0212011861113777,0.9434520902542343,0.07990683360385664
val:4135,val,mendeley_pa:image:MENDE-PA-00159,images/mendeley_pa/MENDE-PA-00159.jpg,Mendeley PA,4135,15,17,0.0769230769230769,0.9052226666942105,0.8970047680988088,0.9248897170974985,0.019667050403287978
val:4447,val,mendeley_pa:image:MENDE-PA-00182,images/mendeley_pa/MENDE-PA-00182.jpg,Mendeley PA,4447,3,17,0.0769230769230769,1.0357055249608973,1.0484735437637833,1.0422217699668077,0.006516245005910415
val:4448,val,mendeley_pa:image:MENDE-PA-00182,images/mendeley_pa/MENDE-PA-00182.jpg,Mendeley PA,4448,4,17,0.0769230769230769,1.117066944083284,1.0,1.0386066399514675,0.0784603041318166
val:4449,val,mendeley_pa:image:MENDE-PA-00182,images/mendeley_pa/MENDE-PA-00182.jpg,Mendeley PA,4449,5,17,0.0769230769230769,0.9350073721943202,1.0,1.0139634618535638,0.07895608965924361
val:4450,val,mendeley_pa:image:MENDE-PA-00182,images/mendeley_pa/MENDE-PA-00182.jpg,Mendeley PA,4450,6,17,0.0769230769230769,0.9379372420767895,0.9603076466938492,1.0076491387208935,0.06971189664410393
val:4451,val,mendeley_pa:image:MENDE-PA-00182,images/mendeley_pa/MENDE-PA-00182.jpg,Mendeley PA,4451,7,17,0.0769230769230769,1.004778108050635,1.016713149804103,1.0097906910399375,0.005012582989302405
val:4452,val,mendeley_pa:image:MENDE-PA-00182,images/mendeley_pa/MENDE-PA-00182.jpg,Mendeley PA,4452,8,17,0.0769230769230769,1.0693843632333948,1.0,0.9740790091454983,0.09530535408789653
val:4453,val,mendeley_pa:image:MENDE-PA-00182,images/mendeley_pa/MENDE-PA-00182.jpg,Mendeley PA,4453,9,17,0.0769230769230769,0.975952088950891,1.0,0.9714935999363661,0.004458489014524947
val:4454,val,mendeley_pa:image:MENDE-PA-00182,images/mendeley_pa/MENDE-PA-00182.jpg,Mendeley PA,4454,10,17,0.0769230769230769,0.963899392152288,0.985390619789964,1.01785715431512,0.05395776216283199
val:4455,val,mendeley_pa:image:MENDE-PA-00182,images/mendeley_pa/MENDE-PA-00182.jpg,Mendeley PA,4455,11,17,0.0769230769230769,0.9323540885452251,1.0037759870146725,0.9887345071737978,0.05638041862857279
val:4456,val,mendeley_pa:image:MENDE-PA-00182,images/mendeley_pa/MENDE-PA-00182.jpg,Mendeley PA,4456,12,17,0.0769230769230769,1.0999423265544368,0.9999999999999999,1.0126068769022822,0.08733544965215456
val:4457,val,mendeley_pa:image:MENDE-PA-00182,images/mendeley_pa/MENDE-PA-00182.jpg,Mendeley PA,4457,13,17,0.0769230769230769,0.9786783922078109,1.0412334719428418,0.9968872287997601,0.018208836591949162
val:4458,val,mendeley_pa:image:MENDE-PA-00182,images/mendeley_pa/MENDE-PA-00182.jpg,Mendeley PA,4458,14,17,0.0769230769230769,1.0972049457062878,0.9967081970142074,0.9995113228985913,0.09769362280769645
val:4459,val,mendeley_pa:image:MENDE-PA-00182,images/mendeley_pa/MENDE-PA-00182.jpg,Mendeley PA,4459,15,17,0.0769230769230769,0.9443903719198062,0.9999999999999999,1.0000494637715747,0.05565909185176843
val:4823,val,mendeley_pa:image:MENDE-PA-00211,images/mendeley_pa/MENDE-PA-00211.jpg,Mendeley PA,4823,3,17,0.0769230769230769,1.0308555833254633,1.0523386595150455,1.1201278862854465,0.08927230295998312
val:4824,val,mendeley_pa:image:MENDE-PA-00211,images/mendeley_pa/MENDE-PA-00211.jpg,Mendeley PA,4824,4,17,0.0769230769230769,1.0844181044608925,0.9977490027448731,1.0894234870574073,0.00500538259651484
val:4825,val,mendeley_pa:image:MENDE-PA-00211,images/mendeley_pa/MENDE-PA-00211.jpg,Mendeley PA,4825,5,17,0.0769230769230769,0.9043970974033448,1.0158862628405383,0.9785805575912288,0.07418346018788391
val:4826,val,mendeley_pa:image:MENDE-PA-00211,images/mendeley_pa/MENDE-PA-00211.jpg,Mendeley PA,4826,6,17,0.0769230769230769,1.032488434814034,0.9525565032681511,0.9892541591843651,0.04323427562966886
val:4827,val,mendeley_pa:image:MENDE-PA-00211,images/mendeley_pa/MENDE-PA-00211.jpg,Mendeley PA,4827,7,17,0.0769230769230769,0.9461921028377867,1.0080599492038145,1.0198293370748415,0.07363723423705482
val:4828,val,mendeley_pa:image:MENDE-PA-00211,images/mendeley_pa/MENDE-PA-00211.jpg,Mendeley PA,4828,8,17,0.0769230769230769,1.0398863896000972,0.9849792970151277,0.9906176598549457,0.04926872974515151
val:4829,val,mendeley_pa:image:MENDE-PA-00211,images/mendeley_pa/MENDE-PA-00211.jpg,Mendeley PA,4829,9,17,0.0769230769230769,0.9557777420117741,1.0301133893979584,0.9612616204274689,0.005483878415694754
val:4830,val,mendeley_pa:image:MENDE-PA-00211,images/mendeley_pa/MENDE-PA-00211.jpg,Mendeley PA,4830,10,17,0.0769230769230769,1.1214236341475785,1.0216500961086878,0.9957583953491578,0.12566523879842073
val:4831,val,mendeley_pa:image:MENDE-PA-00211,images/mendeley_pa/MENDE-PA-00211.jpg,Mendeley PA,4831,11,17,0.0769230769230769,1.0185656932267642,1.0201065076023266,0.9847603162258789,0.03380537700088526
val:4832,val,mendeley_pa:image:MENDE-PA-00211,images/mendeley_pa/MENDE-PA-00211.jpg,Mendeley PA,4832,12,17,0.0769230769230769,0.9355991710888731,1.0000000000000002,0.9992944219266067,0.06369525083773353
val:4833,val,mendeley_pa:image:MENDE-PA-00211,images/mendeley_pa/MENDE-PA-00211.jpg,Mendeley PA,4833,13,17,0.0769230769230769,1.0299804157313568,0.971955027997714,1.0026986548753796,0.027281760855977222
val:4834,val,mendeley_pa:image:MENDE-PA-00211,images/mendeley_pa/MENDE-PA-00211.jpg,Mendeley PA,4834,14,17,0.0769230769230769,0.9213342485163452,0.9999999999999999,1.0079003730788827,0.08656612456253754
val:4835,val,mendeley_pa:image:MENDE-PA-00211,images/mendeley_pa/MENDE-PA-00211.jpg,Mendeley PA,4835,15,17,0.0769230769230769,1.0183130507735976,1.0061886443889263,1.0325141328519705,0.014201082078372895
val:5192,val,mendeley_pa:image:MENDE-PA-00243,images/mendeley_pa/MENDE-PA-00243.jpg,Mendeley PA,5192,3,17,0.0769230769230769,0.9563111960909134,0.9997649901143808,1.0365054421655435,0.0801942460746301
val:5193,val,mendeley_pa:image:MENDE-PA-00243,images/mendeley_pa/MENDE-PA-00243.jpg,Mendeley PA,5193,4,17,0.0769230769230769,0.9942684945150786,0.97802499873502,0.9997419398830627,0.005473445367984109
val:5194,val,mendeley_pa:image:MENDE-PA-00243,images/mendeley_pa/MENDE-PA-00243.jpg,Mendeley PA,5194,5,17,0.0769230769230769,0.9949760219113624,1.0,1.0243143383413553,0.02933831642999296
val:5195,val,mendeley_pa:image:MENDE-PA-00243,images/mendeley_pa/MENDE-PA-00243.jpg,Mendeley PA,5195,6,17,0.0769230769230769,1.0108137210071386,1.0255948100108176,1.0246487974524021,0.013835076445263494
val:5196,val,mendeley_pa:image:MENDE-PA-00243,images/mendeley_pa/MENDE-PA-00243.jpg,Mendeley PA,5196,7,17,0.0769230769230769,1.0451768138865307,0.9894834824181458,1.0402296476341149,0.004947166252415869
val:5197,val,mendeley_pa:image:MENDE-PA-00243,images/mendeley_pa/MENDE-PA-00243.jpg,Mendeley PA,5197,8,17,0.0769230769230769,0.8902091813806494,1.0,1.0531572587788105,0.16294807739816108
val:5198,val,mendeley_pa:image:MENDE-PA-00243,images/mendeley_pa/MENDE-PA-00243.jpg,Mendeley PA,5198,9,17,0.0769230769230769,1.0410427199792025,0.9674365086686181,1.0241289897095727,0.016913730269629834
val:5199,val,mendeley_pa:image:MENDE-PA-00243,images/mendeley_pa/MENDE-PA-00243.jpg,Mendeley PA,5199,10,17,0.0769230769230769,0.9292089544258443,1.0152077005455376,0.9628891573498131,0.03368020292396878
val:5200,val,mendeley_pa:image:MENDE-PA-00243,images/mendeley_pa/MENDE-PA-00243.jpg,Mendeley PA,5200,11,17,0.0769230769230769,1.1038002502601816,1.0,0.9966465863399208,0.10715366392026082
val:5201,val,mendeley_pa:image:MENDE-PA-00243,images/mendeley_pa/MENDE-PA-00243.jpg,Mendeley PA,5201,12,17,0.0769230769230769,0.9582679226385475,0.9999999999999998,0.9789396300911901,0.020671707452642574
val:5202,val,mendeley_pa:image:MENDE-PA-00243,images/mendeley_pa/MENDE-PA-00243.jpg,Mendeley PA,5202,13,17,0.0769230769230769,0.989575850800734,0.9867981957376979,1.0266860412539027,0.03711019045316877
val:5203,val,mendeley_pa:image:MENDE-PA-00243,images/mendeley_pa/MENDE-PA-00243.jpg,Mendeley PA,5203,14,17,0.0769230769230769,0.9912152739452237,1.0,0.9874529773369431,0.0037622966082805354
val:5204,val,mendeley_pa:image:MENDE-PA-00243,images/mendeley_pa/MENDE-PA-00243.jpg,Mendeley PA,5204,15,17,0.0769230769230769,1.0093022455387295,1.0556697531828019,1.022332364995155,0.013030119456425515
val:5238,val,mendeley_pa:image:MENDE-PA-00246,images/mendeley_pa/MENDE-PA-00246.jpg,Mendeley PA,5238,3,17,0.0769230769230769,1.0638971581644239,1.0,0.9903667541220784,0.07353040404234545
val:5239,val,mendeley_pa:image:MENDE-PA-00246,images/mendeley_pa/MENDE-PA-00246.jpg,Mendeley PA,5239,4,17,0.0769230769230769,0.8419051586540527,1.0269171050361856,0.9930434426836237,0.15113828402957097
val:5240,val,mendeley_pa:image:MENDE-PA-00246,images/mendeley_pa/MENDE-PA-00246.jpg,Mendeley PA,5240,5,17,0.0769230769230769,1.1148860132731173,0.9498272441536225,1.0431534029752054,0.07173261029791189
val:5241,val,mendeley_pa:image:MENDE-PA-00246,images/mendeley_pa/MENDE-PA-00246.jpg,Mendeley PA,5241,6,17,0.0769230769230769,0.9737751811542745,1.0,1.0165708400309086,0.04279565887663406
val:5242,val,mendeley_pa:image:MENDE-PA-00246,images/mendeley_pa/MENDE-PA-00246.jpg,Mendeley PA,5242,7,17,0.0769230769230769,0.8823969324843386,0.9766137528931659,0.9574746045982402,0.0750776721139016
val:5243,val,mendeley_pa:image:MENDE-PA-00246,images/mendeley_pa/MENDE-PA-00246.jpg,Mendeley PA,5243,8,17,0.0769230769230769,1.0810336971804706,0.981204943466291,1.0211000681997389,0.059933628980731735
val:5244,val,mendeley_pa:image:MENDE-PA-00246,images/mendeley_pa/MENDE-PA-00246.jpg,Mendeley PA,5244,9,17,0.0769230769230769,0.9715800630030256,0.9999999999999998,1.0118139488622544,0.040233885859228824
val:5245,val,mendeley_pa:image:MENDE-PA-00246,images/mendeley_pa/MENDE-PA-00246.jpg,Mendeley PA,5245,10,17,0.0769230769230769,0.929312013609344,0.9841886531910671,0.9741828317171706,0.04487081810782656
val:5246,val,mendeley_pa:image:MENDE-PA-00246,images/mendeley_pa/MENDE-PA-00246.jpg,Mendeley PA,5246,11,17,0.0769230769230769,1.066302881463876,0.9999999999999998,1.0081227747723458,0.058180106691530176
val:5247,val,mendeley_pa:image:MENDE-PA-00246,images/mendeley_pa/MENDE-PA-00246.jpg,Mendeley PA,5247,12,17,0.0769230769230769,1.0114755019706358,1.0635685584643362,1.0078583694198606,0.003617132550775226
val:5248,val,mendeley_pa:image:MENDE-PA-00246,images/mendeley_pa/MENDE-PA-00246.jpg,Mendeley PA,5248,13,17,0.0769230769230769,1.1140608898603341,1.0,0.9804873652756214,0.13357352458471272
val:5249,val,mendeley_pa:image:MENDE-PA-00246,images/mendeley_pa/MENDE-PA-00246.jpg,Mendeley PA,5249,14,17,0.0769230769230769,0.927619475549722,0.9773156511390778,0.9831839789429876,0.055564503393265574
val:5250,val,mendeley_pa:image:MENDE-PA-00246,images/mendeley_pa/MENDE-PA-00246.jpg,Mendeley PA,5250,15,17,0.0769230769230769,0.9037850830873994,1.004690059832794,1.0005872160191958,0.0968021329317964
val:5373,val,mendeley_pa:image:MENDE-PA-00256,images/mendeley_pa/MENDE-PA-00256.jpg,Mendeley PA,5373,3,17,0.0769230769230769,1.0035731148283409,0.8815975834161017,1.0680714298516487,0.06449831502330783
val:5374,val,mendeley_pa:image:MENDE-PA-00256,images/mendeley_pa/MENDE-PA-00256.jpg,Mendeley PA,5374,4,17,0.0769230769230769,0.9318057149386685,1.0,1.0697925835847855,0.13798686864611698
val:5375,val,mendeley_pa:image:MENDE-PA-00256,images/mendeley_pa/MENDE-PA-00256.jpg,Mendeley PA,5375,5,17,0.0769230769230769,0.9926535529363736,0.9877990489048766,0.9730840115962432,0.019569541340130336
val:5376,val,mendeley_pa:image:MENDE-PA-00256,images/mendeley_pa/MENDE-PA-00256.jpg,Mendeley PA,5376,6,17,0.0769230769230769,1.0370235902280434,1.0,1.0152908563613892,0.021732733866654197
val:5377,val,mendeley_pa:image:MENDE-PA-00256,images/mendeley_pa/MENDE-PA-00256.jpg,Mendeley PA,5377,7,17,0.0769230769230769,1.0633395076395666,1.0678154833352171,1.071719362886434,0.008379855246867463
val:5378,val,mendeley_pa:image:MENDE-PA-00256,images/mendeley_pa/MENDE-PA-00256.jpg,Mendeley PA,5378,8,17,0.0769230769230769,1.0331353977005102,0.9498539976037326,0.9982989429689231,0.03483645473158714
val:5379,val,mendeley_pa:image:MENDE-PA-00256,images/mendeley_pa/MENDE-PA-00256.jpg,Mendeley PA,5379,9,17,0.0769230769230769,0.8436558544861182,1.0045709646504781,1.0020113456260822,0.15835549113996394
val:5380,val,mendeley_pa:image:MENDE-PA-00256,images/mendeley_pa/MENDE-PA-00256.jpg,Mendeley PA,5380,10,17,0.0769230769230769,1.0314432242850256,0.9329785747350936,0.9647313212873225,0.06671190299770302
val:5381,val,mendeley_pa:image:MENDE-PA-00256,images/mendeley_pa/MENDE-PA-00256.jpg,Mendeley PA,5381,11,17,0.0769230769230769,0.9417934461745914,1.0,1.0043982998467982,0.0626048536722068
val:5382,val,mendeley_pa:image:MENDE-PA-00256,images/mendeley_pa/MENDE-PA-00256.jpg,Mendeley PA,5382,12,17,0.0769230769230769,1.0093738227639681,0.9959511054160475,1.0344405104818224,0.025066687717854252
val:5383,val,mendeley_pa:image:MENDE-PA-00256,images/mendeley_pa/MENDE-PA-00256.jpg,Mendeley PA,5383,13,17,0.0769230769230769,0.960977898346054,0.9999999999999999,1.0092809377238154,0.04830303937776148
val:5384,val,mendeley_pa:image:MENDE-PA-00256,images/mendeley_pa/MENDE-PA-00256.jpg,Mendeley PA,5384,14,17,0.0769230769230769,1.0553568666890263,1.0,1.0049298373050988,0.05042702938392751
val:5385,val,mendeley_pa:image:MENDE-PA-00256,images/mendeley_pa/MENDE-PA-00256.jpg,Mendeley PA,5385,15,17,0.0769230769230769,1.0190025974055639,1.0528384446021586,1.009405907135871,0.009596690269692898
val:5483,val,mendeley_pa:image:MENDE-PA-00263,images/mendeley_pa/MENDE-PA-00263.jpg,Mendeley PA,5483,3,17,0.0769230769230769,0.9325525886710015,0.949843557624782,0.9440585603738972,0.01150597170289569
val:5484,val,mendeley_pa:image:MENDE-PA-00263,images/mendeley_pa/MENDE-PA-00263.jpg,Mendeley PA,5484,4,17,0.0769230769230769,0.8391648889335972,0.9871693785898463,0.9322222221307532,0.09305733319715603
val:5485,val,mendeley_pa:image:MENDE-PA-00263,images/mendeley_pa/MENDE-PA-00263.jpg,Mendeley PA,5485,5,17,0.0769230769230769,1.0872770951266861,0.9485270798149863,0.9834301702621737,0.10384692486451241
val:5486,val,mendeley_pa:image:MENDE-PA-00263,images/mendeley_pa/MENDE-PA-00263.jpg,Mendeley PA,5486,6,17,0.0769230769230769,0.9669875498046031,0.9999999999999998,0.9997003016178494,0.03271275181324629
val:5487,val,mendeley_pa:image:MENDE-PA-00263,images/mendeley_pa/MENDE-PA-00263.jpg,Mendeley PA,5487,7,17,0.0769230769230769,0.8730452405012328,0.9823350379768541,0.9210078301433255,0.04796258964209277
val:5488,val,mendeley_pa:image:MENDE-PA-00263,images/mendeley_pa/MENDE-PA-00263.jpg,Mendeley PA,5488,8,17,0.0769230769230769,1.1240974119897928,0.9986677156027135,1.0266077094908532,0.09748970249893962
val:5489,val,mendeley_pa:image:MENDE-PA-00263,images/mendeley_pa/MENDE-PA-00263.jpg,Mendeley PA,5489,9,17,0.0769230769230769,0.9801433915142665,1.0,0.932379275560379,0.04776411595388752
val:5490,val,mendeley_pa:image:MENDE-PA-00263,images/mendeley_pa/MENDE-PA-00263.jpg,Mendeley PA,5490,10,17,0.0769230769230769,0.9517459288014286,0.9880641010209112,0.9391696882053404,0.012576240596088195
val:5491,val,mendeley_pa:image:MENDE-PA-00263,images/mendeley_pa/MENDE-PA-00263.jpg,Mendeley PA,5491,11,17,0.0769230769230769,0.9847417463514145,1.0,0.9924761313013732,0.007734384949958706
val:5492,val,mendeley_pa:image:MENDE-PA-00263,images/mendeley_pa/MENDE-PA-00263.jpg,Mendeley PA,5492,12,17,0.0769230769230769,1.0408761968307498,1.0,0.9980814843438566,0.04279471248689326
val:5493,val,mendeley_pa:image:MENDE-PA-00263,images/mendeley_pa/MENDE-PA-00263.jpg,Mendeley PA,5493,13,17,0.0769230769230769,0.9638355631011044,1.0,0.9911593804135919,0.027323817312487453
val:5494,val,mendeley_pa:image:MENDE-PA-00263,images/mendeley_pa/MENDE-PA-00263.jpg,Mendeley PA,5494,14,17,0.0769230769230769,1.054806328883249,1.0270371275334507,1.0093792440681606,0.04542708481508839
val:5495,val,mendeley_pa:image:MENDE-PA-00263,images/mendeley_pa/MENDE-PA-00263.jpg,Mendeley PA,5495,15,17,0.0769230769230769,1.0445313365524753,0.9999999999999999,1.0241966024041176,0.020334734148357736
val:5629,val,mendeley_pa:image:MENDE-PA-00275,images/mendeley_pa/MENDE-PA-00275.jpg,Mendeley PA,5629,3,17,0.0769230769230769,0.9691731182399139,0.9948567963154529,1.0203592936457608,0.05118617540584691
val:5630,val,mendeley_pa:image:MENDE-PA-00275,images/mendeley_pa/MENDE-PA-00275.jpg,Mendeley PA,5630,4,17,0.0769230769230769,1.0367203818540816,1.0,1.0251237656921148,0.011596616161966722
val:5631,val,mendeley_pa:image:MENDE-PA-00275,images/mendeley_pa/MENDE-PA-00275.jpg,Mendeley PA,5631,5,17,0.0769230769230769,1.0170108321051925,1.0479799642139764,1.0558149593794437,0.0388041272742512
val:5632,val,mendeley_pa:image:MENDE-PA-00275,images/mendeley_pa/MENDE-PA-00275.jpg,Mendeley PA,5632,6,17,0.0769230769230769,1.0738288263278668,0.9916493008365614,0.9890518673216684,0.08477695900619842
val:5633,val,mendeley_pa:image:MENDE-PA-00275,images/mendeley_pa/MENDE-PA-00275.jpg,Mendeley PA,5633,7,17,0.0769230769230769,0.9361432305939862,1.0208233205517103,0.9954180328090956,0.05927480221510939
val:5634,val,mendeley_pa:image:MENDE-PA-00275,images/mendeley_pa/MENDE-PA-00275.jpg,Mendeley PA,5634,8,17,0.0769230769230769,1.0282291139250983,0.9732305715043169,1.0036349250186305,0.024594188906467807
val:5635,val,mendeley_pa:image:MENDE-PA-00275,images/mendeley_pa/MENDE-PA-00275.jpg,Mendeley PA,5635,9,17,0.0769230769230769,0.9831811154847623,1.0,0.9922433258034289,0.009062210318666608
val:5636,val,mendeley_pa:image:MENDE-PA-00275,images/mendeley_pa/MENDE-PA-00275.jpg,Mendeley PA,5636,10,17,0.0769230769230769,0.929709668128702,1.014524704168395,0.9753585963946141,0.04564892826591205
val:5637,val,mendeley_pa:image:MENDE-PA-00275,images/mendeley_pa/MENDE-PA-00275.jpg,Mendeley PA,5637,11,17,0.0769230769230769,1.116601699613454,1.0,1.0462092012166977,0.07039249839675632
val:5638,val,mendeley_pa:image:MENDE-PA-00275,images/mendeley_pa/MENDE-PA-00275.jpg,Mendeley PA,5638,12,17,0.0769230769230769,0.8853952129146969,1.0,1.0174505580216646,0.1320553451069677
val:5639,val,mendeley_pa:image:MENDE-PA-00275,images/mendeley_pa/MENDE-PA-00275.jpg,Mendeley PA,5639,13,17,0.0769230769230769,1.0599524198252896,0.9759871515318286,1.0272951799317729,0.032657239893516765
val:5640,val,mendeley_pa:image:MENDE-PA-00275,images/mendeley_pa/MENDE-PA-00275.jpg,Mendeley PA,5640,14,17,0.0769230769230769,0.9733156457919727,1.00014868312633,1.0156430353329178,0.04232738954094506
val:5641,val,mendeley_pa:image:MENDE-PA-00275,images/mendeley_pa/MENDE-PA-00275.jpg,Mendeley PA,5641,15,17,0.0769230769230769,1.032206640061487,1.0,1.023942643776536,0.008263996284951114
val:5754,val,mendeley_pa:image:MENDE-PA-00286,images/mendeley_pa/MENDE-PA-00286.jpg,Mendeley PA,5754,3,17,0.0769230769230769,0.8999695954479335,0.9367714644507117,0.9042126842871852,0.004243088839251619
val:5755,val,mendeley_pa:image:MENDE-PA-00286,images/mendeley_pa/MENDE-PA-00286.jpg,Mendeley PA,5755,4,17,0.0769230769230769,1.1886377122286118,1.009007623631831,1.0420945232998093,0.14654318892880247
val:5756,val,mendeley_pa:image:MENDE-PA-00286,images/mendeley_pa/MENDE-PA-00286.jpg,Mendeley PA,5756,5,17,0.0769230769230769,1.026598135063456,1.0202594901709752,1.0208795210854085,0.005718613978047626
val:5757,val,mendeley_pa:image:MENDE-PA-00286,images/mendeley_pa/MENDE-PA-00286.jpg,Mendeley PA,5757,6,17,0.0769230769230769,0.9833989515107218,0.9802935005544318,1.0077056692360533,0.02430671772533155
val:5758,val,mendeley_pa:image:MENDE-PA-00286,images/mendeley_pa/MENDE-PA-00286.jpg,Mendeley PA,5758,7,17,0.0769230769230769,0.9707588951047967,1.0412257401429772,1.0109334917896151,0.040174596684818376
val:5759,val,mendeley_pa:image:MENDE-PA-00286,images/mendeley_pa/MENDE-PA-00286.jpg,Mendeley PA,5759,8,17,0.0769230769230769,1.1105993971241015,0.9776020336550466,0.9981851752501718,0.11241422187392969
val:5760,val,mendeley_pa:image:MENDE-PA-00286,images/mendeley_pa/MENDE-PA-00286.jpg,Mendeley PA,5760,9,17,0.0769230769230769,0.8895502033867939,1.0493070627141958,0.985958076505757,0.09640787311896304
val:5761,val,mendeley_pa:image:MENDE-PA-00286,images/mendeley_pa/MENDE-PA-00286.jpg,Mendeley PA,5761,10,17,0.0769230769230769,1.0761183225145694,0.933527200236486,0.9522587458934055,0.12385957662116387
val:5762,val,mendeley_pa:image:MENDE-PA-00286,images/mendeley_pa/MENDE-PA-00286.jpg,Mendeley PA,5762,11,17,0.0769230769230769,0.9076188196902832,1.0,1.0257138162851334,0.11809499659485012
val:5763,val,mendeley_pa:image:MENDE-PA-00286,images/mendeley_pa/MENDE-PA-00286.jpg,Mendeley PA,5763,12,17,0.0769230769230769,0.9365287074927311,0.9571589342939832,0.9741088654535988,0.037580157960867666
val:5764,val,mendeley_pa:image:MENDE-PA-00286,images/mendeley_pa/MENDE-PA-00286.jpg,Mendeley PA,5764,13,17,0.0769230769230769,1.047598060441591,1.0262218409320019,1.0347821249728701,0.012815935468720951
val:5765,val,mendeley_pa:image:MENDE-PA-00286,images/mendeley_pa/MENDE-PA-00286.jpg,Mendeley PA,5765,14,17,0.0769230769230769,1.063988857128339,1.0,1.0005665217759088,0.06342233535243014
val:5766,val,mendeley_pa:image:MENDE-PA-00286,images/mendeley_pa/MENDE-PA-00286.jpg,Mendeley PA,5766,15,17,0.0769230769230769,0.9459548470145986,1.0,0.9992207148461603,0.05326586783156162
val:5785,val,mendeley_pa:image:MENDE-PA-00292,images/mendeley_pa/MENDE-PA-00292.jpg,Mendeley PA,5785,3,17,0.0769230769230769,0.8981545693148237,1.0299381784409418,0.9781775682479277,0.08002299893310394
val:5786,val,mendeley_pa:image:MENDE-PA-00292,images/mendeley_pa/MENDE-PA-00292.jpg,Mendeley PA,5786,4,17,0.0769230769230769,0.9660137438351182,0.9204377687974589,0.9897040657206194,0.023690321885501242
val:5787,val,mendeley_pa:image:MENDE-PA-00292,images/mendeley_pa/MENDE-PA-00292.jpg,Mendeley PA,5787,5,17,0.0769230769230769,0.9722404180273149,1.0000000000000002,0.9897520337253811,0.017511615698066252
val:5788,val,mendeley_pa:image:MENDE-PA-00292,images/mendeley_pa/MENDE-PA-00292.jpg,Mendeley PA,5788,6,17,0.0769230769230769,1.0649811884151075,1.0649525716536754,1.0646549506738392,0.000326237741268276
val:5789,val,mendeley_pa:image:MENDE-PA-00292,images/mendeley_pa/MENDE-PA-00292.jpg,Mendeley PA,5789,7,17,0.0769230769230769,1.1139545047974924,1.0134793992010265,1.087563926991573,0.02639057780591947
val:5790,val,mendeley_pa:image:MENDE-PA-00292,images/mendeley_pa/MENDE-PA-00292.jpg,Mendeley PA,5790,8,17,0.0769230769230769,0.9197034914231674,1.0018246428876718,1.003825129598712,0.08412163817554452
val:5791,val,mendeley_pa:image:MENDE-PA-00292,images/mendeley_pa/MENDE-PA-00292.jpg,Mendeley PA,5791,9,17,0.0769230769230769,0.9261372983440208,0.9367056541460379,0.9595365502255782,0.033399251881557346
val:5792,val,mendeley_pa:image:MENDE-PA-00292,images/mendeley_pa/MENDE-PA-00292.jpg,Mendeley PA,5792,10,17,0.0769230769230769,1.00576302317183,0.9999999999999999,1.0172022376209497,0.011439214449119772
val:5793,val,mendeley_pa:image:MENDE-PA-00292,images/mendeley_pa/MENDE-PA-00292.jpg,Mendeley PA,5793,11,17,0.0769230769230769,0.9692455820312851,1.0,1.012710366398096,0.043464784366811005
val:5794,val,mendeley_pa:image:MENDE-PA-00292,images/mendeley_pa/MENDE-PA-00292.jpg,Mendeley PA,5794,12,17,0.0769230769230769,0.9540355083790273,1.0,0.9691672883927822,0.015131780013754925
val:5795,val,mendeley_pa:image:MENDE-PA-00292,images/mendeley_pa/MENDE-PA-00292.jpg,Mendeley PA,5795,13,17,0.0769230769230769,1.0405798513395772,1.0000000000000002,0.9962110479827972,0.04436880335677995
val:5796,val,mendeley_pa:image:MENDE-PA-00292,images/mendeley_pa/MENDE-PA-00292.jpg,Mendeley PA,5796,14,17,0.0769230769230769,1.0197901506963047,1.0,0.9741590395569801,0.04563111113932461
val:5797,val,mendeley_pa:image:MENDE-PA-00292,images/mendeley_pa/MENDE-PA-00292.jpg,Mendeley PA,5797,15,17,0.0769230769230769,1.042220131407031,1.0521087824969462,1.0141406275003126,0.028079503906718317
val:5837,val,mendeley_pa:image:MENDE-PA-00297,images/mendeley_pa/MENDE-PA-00297.jpg,Mendeley PA,5837,3,17,0.0769230769230769,0.9413496782875006,1.0,1.0183058064430952,0.0769561281555946
val:5838,val,mendeley_pa:image:MENDE-PA-00297,images/mendeley_pa/MENDE-PA-00297.jpg,Mendeley PA,5838,4,17,0.0769230769230769,1.053290063052244,1.037663468596608,1.0627579237046545,0.009467860652410565
val:5839,val,mendeley_pa:image:MENDE-PA-00297,images/mendeley_pa/MENDE-PA-00297.jpg,Mendeley PA,5839,5,17,0.0769230769230769,1.0823369039810662,1.0,1.0316853858530521,0.05065151812801405
val:5840,val,mendeley_pa:image:MENDE-PA-00297,images/mendeley_pa/MENDE-PA-00297.jpg,Mendeley PA,5840,6,17,0.0769230769230769,0.9457172282438657,1.0,0.9938513715751469,0.04813414333128119
val:5841,val,mendeley_pa:image:MENDE-PA-00297,images/mendeley_pa/MENDE-PA-00297.jpg,Mendeley PA,5841,7,17,0.0769230769230769,0.959919350937549,1.00415287451642,0.9942095429246351,0.03429019198708616
val:5842,val,mendeley_pa:image:MENDE-PA-00297,images/mendeley_pa/MENDE-PA-00297.jpg,Mendeley PA,5842,8,17,0.0769230769230769,1.1022870053963238,1.0,1.0086168702691793,0.0936701351271445
val:5843,val,mendeley_pa:image:MENDE-PA-00297,images/mendeley_pa/MENDE-PA-00297.jpg,Mendeley PA,5843,9,17,0.0769230769230769,0.9655055829095953,1.0347645627560007,0.9891048977376806,0.023599314828085305
val:5844,val,mendeley_pa:image:MENDE-PA-00297,images/mendeley_pa/MENDE-PA-00297.jpg,Mendeley PA,5844,10,17,0.0769230769230769,1.0413177731435297,0.9712877641085869,0.9817218561310654,0.05959591701246425
val:5845,val,mendeley_pa:image:MENDE-PA-00297,images/mendeley_pa/MENDE-PA-00297.jpg,Mendeley PA,5845,11,17,0.0769230769230769,0.9385579272689778,1.0,0.9771699160337448,0.038611988764767013
val:5846,val,mendeley_pa:image:MENDE-PA-00297,images/mendeley_pa/MENDE-PA-00297.jpg,Mendeley PA,5846,12,17,0.0769230769230769,0.9771324758770594,0.9667809529850534,0.9809993448356441,0.0038668689585846794
val:5847,val,mendeley_pa:image:MENDE-PA-00297,images/mendeley_pa/MENDE-PA-00297.jpg,Mendeley PA,5847,13,17,0.0769230769230769,1.0055408860825599,1.0185943221710079,1.0386679166964643,0.03312703061390443
val:5848,val,mendeley_pa:image:MENDE-PA-00297,images/mendeley_pa/MENDE-PA-00297.jpg,Mendeley PA,5848,14,17,0.0769230769230769,1.047599788910777,1.0,0.9872712567448616,0.060328532165915494
val:5849,val,mendeley_pa:image:MENDE-PA-00297,images/mendeley_pa/MENDE-PA-00297.jpg,Mendeley PA,5849,15,17,0.0769230769230769,0.9252094192163016,1.0,0.9843806130811572,0.05917119386485559
val:5945,val,mendeley_pa:image:MENDE-PA-00305,images/mendeley_pa/MENDE-PA-00305.jpg,Mendeley PA,5945,3,17,0.0769230769230769,1.1393399491534404,1.1976520873674037,1.0850318081744792,0.054308140978961195
val:5946,val,mendeley_pa:image:MENDE-PA-00305,images/mendeley_pa/MENDE-PA-00305.jpg,Mendeley PA,5946,4,17,0.0769230769230769,1.3393151607761724,1.021402378679651,1.1332599419368683,0.2060552188393041
val:5947,val,mendeley_pa:image:MENDE-PA-00305,images/mendeley_pa/MENDE-PA-00305.jpg,Mendeley PA,5947,5,17,0.0769230769230769,0.864351801891021,1.0624820298958826,1.0175954631973314,0.1532436613063104
val:5948,val,mendeley_pa:image:MENDE-PA-00305,images/mendeley_pa/MENDE-PA-00305.jpg,Mendeley PA,5948,6,17,0.0769230769230769,0.8777892695553,0.9005197486536367,1.0072950473682745,0.12950577781297445
val:5949,val,mendeley_pa:image:MENDE-PA-00305,images/mendeley_pa/MENDE-PA-00305.jpg,Mendeley PA,5949,7,17,0.0769230769230769,1.0355169802202124,1.0,1.052635744214058,0.017118763993845487
val:5950,val,mendeley_pa:image:MENDE-PA-00305,images/mendeley_pa/MENDE-PA-00305.jpg,Mendeley PA,5950,8,17,0.0769230769230769,0.9924351005333402,0.9999999999999999,0.9658492058515548,0.026585894681785405
val:5951,val,mendeley_pa:image:MENDE-PA-00305,images/mendeley_pa/MENDE-PA-00305.jpg,Mendeley PA,5951,9,17,0.0769230769230769,1.0113884410597174,1.0,1.006066597532481,0.005321843527236414
val:5952,val,mendeley_pa:image:MENDE-PA-00305,images/mendeley_pa/MENDE-PA-00305.jpg,Mendeley PA,5952,10,17,0.0769230769230769,1.0061225851137272,1.0,1.0330350175499916,0.0269124324362644
val:5953,val,mendeley_pa:image:MENDE-PA-00305,images/mendeley_pa/MENDE-PA-00305.jpg,Mendeley PA,5953,11,17,0.0769230769230769,0.9907546033182341,1.0661675573032807,1.0571182255339335,0.06636362221569947
val:5954,val,mendeley_pa:image:MENDE-PA-00305,images/mendeley_pa/MENDE-PA-00305.jpg,Mendeley PA,5954,12,17,0.0769230769230769,1.1471334195427036,1.0,1.0652135089039803,0.08191991063872339
val:5955,val,mendeley_pa:image:MENDE-PA-00305,images/mendeley_pa/MENDE-PA-00305.jpg,Mendeley PA,5955,13,17,0.0769230769230769,0.9169241089720999,1.0,0.978376854211092,0.061452745238992135
val:5956,val,mendeley_pa:image:MENDE-PA-00305,images/mendeley_pa/MENDE-PA-00305.jpg,Mendeley PA,5956,14,17,0.0769230769230769,0.9075711858131843,0.9746180417987,0.908773826346029,0.0012026405328446899
val:5957,val,mendeley_pa:image:MENDE-PA-00305,images/mendeley_pa/MENDE-PA-00305.jpg,Mendeley PA,5957,15,17,0.0769230769230769,1.2271483188443861,1.091764757241582,1.142794029619073,0.08435428922531307
val:5988,val,mendeley_pa:image:MENDE-PA-00309,images/mendeley_pa/MENDE-PA-00309.jpg,Mendeley PA,5988,3,17,0.0769230769230769,1.1430926965643855,1.0496208245048797,1.1270905459413803,0.01600215062300525
val:5989,val,mendeley_pa:image:MENDE-PA-00309,images/mendeley_pa/MENDE-PA-00309.jpg,Mendeley PA,5989,4,17,0.0769230769230769,0.7324875208819379,0.9845343995544095,0.9022472891661305,0.1697597682841926
val:5990,val,mendeley_pa:image:MENDE-PA-00309,images/mendeley_pa/MENDE-PA-00309.jpg,Mendeley PA,5990,5,17,0.0769230769230769,0.9624628850746856,0.8629408034239024,0.9471897485408992,0.015273136533786369
val:5991,val,mendeley_pa:image:MENDE-PA-00309,images/mendeley_pa/MENDE-PA-00309.jpg,Mendeley PA,5991,6,17,0.0769230769230769,0.967326109346065,1.0248991714580762,1.0085591932548987,0.041233083908833734
val:5992,val,mendeley_pa:image:MENDE-PA-00309,images/mendeley_pa/MENDE-PA-00309.jpg,Mendeley PA,5992,7,17,0.0769230769230769,1.0960849791983422,1.0000000000000002,1.0085462918505075,0.08753868734783476
val:5993,val,mendeley_pa:image:MENDE-PA-00309,images/mendeley_pa/MENDE-PA-00309.jpg,Mendeley PA,5993,8,17,0.0769230769230769,0.9635292918047524,1.0128168766280363,0.9342339564939688,0.029295335310783654
val:5994,val,mendeley_pa:image:MENDE-PA-00309,images/mendeley_pa/MENDE-PA-00309.jpg,Mendeley PA,5994,9,17,0.0769230769230769,1.0404438171501518,1.0,0.9688804801553488,0.071563336994803
val:5995,val,mendeley_pa:image:MENDE-PA-00309,images/mendeley_pa/MENDE-PA-00309.jpg,Mendeley PA,5995,10,17,0.0769230769230769,1.0010908677288768,0.9263439161034008,0.9243754899391612,0.0767153777897156
val:5996,val,mendeley_pa:image:MENDE-PA-00309,images/mendeley_pa/MENDE-PA-00309.jpg,Mendeley PA,5996,11,17,0.0769230769230769,0.8142829758879844,1.0703277087735976,0.9390152341651763,0.12473225827719192
val:5997,val,mendeley_pa:image:MENDE-PA-00309,images/mendeley_pa/MENDE-PA-00309.jpg,Mendeley PA,5997,12,17,0.0769230769230769,1.2374481974391114,0.9072235287253352,0.966259750080535,0.2711884473585764
val:5998,val,mendeley_pa:image:MENDE-PA-00309,images/mendeley_pa/MENDE-PA-00309.jpg,Mendeley PA,5998,13,17,0.0769230769230769,0.8045519024261572,1.0232862227306638,0.9514115520463262,0.14685964962016906
val:5999,val,mendeley_pa:image:MENDE-PA-00309,images/mendeley_pa/MENDE-PA-00309.jpg,Mendeley PA,5999,14,17,0.0769230769230769,1.0392282475573529,0.9548023543633284,1.0138679012037577,0.025360346353595187
val:6000,val,mendeley_pa:image:MENDE-PA-00309,images/mendeley_pa/MENDE-PA-00309.jpg,Mendeley PA,6000,15,17,0.0769230769230769,1.076817937397759,1.0,1.0445967316627502,0.03222120573500886
val:6265,val,mendeley_pa:image:MENDE-PA-00328,images/mendeley_pa/MENDE-PA-00328.jpg,Mendeley PA,6265,3,17,0.0769230769230769,1.010174693139843,1.0,1.0452801249921322,0.035105431852289204
val:6266,val,mendeley_pa:image:MENDE-PA-00328,images/mendeley_pa/MENDE-PA-00328.jpg,Mendeley PA,6266,4,17,0.0769230769230769,1.1724519468354928,0.9366399683232658,1.0720753707166069,0.10037657611888595
val:6267,val,mendeley_pa:image:MENDE-PA-00328,images/mendeley_pa/MENDE-PA-00328.jpg,Mendeley PA,6267,5,17,0.0769230769230769,0.7318493446700711,1.048789748234236,0.9808519196338294,0.24900257496375833
val:6268,val,mendeley_pa:image:MENDE-PA-00328,images/mendeley_pa/MENDE-PA-00328.jpg,Mendeley PA,6268,6,17,0.0769230769230769,1.1189376585443416,0.8222753667657977,0.9990718328779346,0.11986582566640702
val:6269,val,mendeley_pa:image:MENDE-PA-00328,images/mendeley_pa/MENDE-PA-00328.jpg,Mendeley PA,6269,7,17,0.0769230769230769,0.7187498744250616,1.0,0.9175423383712769,0.1987924639462153
val:6270,val,mendeley_pa:image:MENDE-PA-00328,images/mendeley_pa/MENDE-PA-00328.jpg,Mendeley PA,6270,8,17,0.0769230769230769,1.0507998209441736,0.9122436693586577,0.9671739837803115,0.08362583716386207
val:6271,val,mendeley_pa:image:MENDE-PA-00328,images/mendeley_pa/MENDE-PA-00328.jpg,Mendeley PA,6271,9,17,0.0769230769230769,1.0499018144014762,1.0,1.0200243350118399,0.029877479389636363
val:6272,val,mendeley_pa:image:MENDE-PA-00328,images/mendeley_pa/MENDE-PA-00328.jpg,Mendeley PA,6272,10,17,0.0769230769230769,0.8991299918664702,1.0338723071430596,0.9844683453951748,0.08533835352870456
val:6273,val,mendeley_pa:image:MENDE-PA-00328,images/mendeley_pa/MENDE-PA-00328.jpg,Mendeley PA,6273,11,17,0.0769230769230769,1.130434606062103,0.980909991821227,1.0136650798823212,0.11676952617978187
val:6274,val,mendeley_pa:image:MENDE-PA-00328,images/mendeley_pa/MENDE-PA-00328.jpg,Mendeley PA,6274,12,17,0.0769230769230769,0.953695370704428,0.9999999999999998,0.9600944966077802,0.006399125903352232
val:6275,val,mendeley_pa:image:MENDE-PA-00328,images/mendeley_pa/MENDE-PA-00328.jpg,Mendeley PA,6275,13,17,0.0769230769230769,0.9637153552234262,0.9702740059755472,1.002448716159883,0.03873336093645674
val:6276,val,mendeley_pa:image:MENDE-PA-00328,images/mendeley_pa/MENDE-PA-00328.jpg,Mendeley PA,6276,14,17,0.0769230769230769,1.009753136943161,1.0000000000000002,1.0050642229616644,0.004688913981496512
val:6277,val,mendeley_pa:image:MENDE-PA-00328,images/mendeley_pa/MENDE-PA-00328.jpg,Mendeley PA,6277,15,17,0.0769230769230769,0.9845280338598053,1.0634794886426973,1.0341636966185617,0.049635662758756416
val:6417,val,mendeley_pa:image:MENDE-PA-00341,images/mendeley_pa/MENDE-PA-00341.jpg,Mendeley PA,6417,3,17,0.0769230769230769,0.7609713599538348,1.0,0.9570382907986641,0.1960669308448293
val:6418,val,mendeley_pa:image:MENDE-PA-00341,images/mendeley_pa/MENDE-PA-00341.jpg,Mendeley PA,6418,4,17,0.0769230769230769,0.9463120504701793,0.954492138630249,0.9368317424566526,0.009480308013526728
val:6419,val,mendeley_pa:image:MENDE-PA-00341,images/mendeley_pa/MENDE-PA-00341.jpg,Mendeley PA,6419,5,17,0.0769230769230769,1.1850249691669985,1.0,1.05049929022789,0.1345256789391085
val:6420,val,mendeley_pa:image:MENDE-PA-00341,images/mendeley_pa/MENDE-PA-00341.jpg,Mendeley PA,6420,6,17,0.0769230769230769,0.9380657273109367,1.0,0.9677374586462975,0.029671731335360718
val:6421,val,mendeley_pa:image:MENDE-PA-00341,images/mendeley_pa/MENDE-PA-00341.jpg,Mendeley PA,6421,7,17,0.0769230769230769,0.8930696350498166,0.9617325010386308,0.9363094846394857,0.04323984958966909
val:6422,val,mendeley_pa:image:MENDE-PA-00341,images/mendeley_pa/MENDE-PA-00341.jpg,Mendeley PA,6422,8,17,0.0769230769230769,1.092437893020953,1.0,1.014937517233193,0.07750037578776015
val:6423,val,mendeley_pa:image:MENDE-PA-00341,images/mendeley_pa/MENDE-PA-00341.jpg,Mendeley PA,6423,9,17,0.0769230769230769,1.0009537991353068,1.0294256215392616,1.017390030011442,0.016436230876135216
val:6424,val,mendeley_pa:image:MENDE-PA-00341,images/mendeley_pa/MENDE-PA-00341.jpg,Mendeley PA,6424,10,17,0.0769230769230769,1.0197558451648892,0.9747637014389461,1.0062995764911598,0.013456268673729399
val:6425,val,mendeley_pa:image:MENDE-PA-00341,images/mendeley_pa/MENDE-PA-00341.jpg,Mendeley PA,6425,11,17,0.0769230769230769,0.9002274783391361,1.0394062143623326,0.9716433402955029,0.07141586195636684
val:6426,val,mendeley_pa:image:MENDE-PA-00341,images/mendeley_pa/MENDE-PA-00341.jpg,Mendeley PA,6426,12,17,0.0769230769230769,1.124215154600301,0.9728151021073861,1.0332261083196206,0.09098904628068039
val:6427,val,mendeley_pa:image:MENDE-PA-00341,images/mendeley_pa/MENDE-PA-00341.jpg,Mendeley PA,6427,13,17,0.0769230769230769,0.9734924459232207,1.0141356134872062,1.022918191188119,0.0494257452648984
val:6428,val,mendeley_pa:image:MENDE-PA-00341,images/mendeley_pa/MENDE-PA-00341.jpg,Mendeley PA,6428,14,17,0.0769230769230769,0.9502682703651596,0.9644680273088941,0.9373075168880949,0.012960753477064713
val:6429,val,mendeley_pa:image:MENDE-PA-00341,images/mendeley_pa/MENDE-PA-00341.jpg,Mendeley PA,6429,15,17,0.0769230769230769,0.9525920182938477,1.0,0.991495531052351,0.038903512758503345
val:6486,val,mendeley_pa:image:MENDE-PA-00346,images/mendeley_pa/MENDE-PA-00346.jpg,Mendeley PA,6486,3,17,0.0769230769230769,1.0025510441680532,1.0,1.0295254290103912,0.02697438484233805
val:6487,val,mendeley_pa:image:MENDE-PA-00346,images/mendeley_pa/MENDE-PA-00346.jpg,Mendeley PA,6487,4,17,0.0769230769230769,0.9824878213022392,1.0,0.9946431745775044,0.01215535327526518
val:6488,val,mendeley_pa:image:MENDE-PA-00346,images/mendeley_pa/MENDE-PA-00346.jpg,Mendeley PA,6488,5,17,0.0769230769230769,1.0042302523643978,0.9999999999999999,1.0187905672937632,0.014560314929365381
val:6489,val,mendeley_pa:image:MENDE-PA-00346,images/mendeley_pa/MENDE-PA-00346.jpg,Mendeley PA,6489,6,17,0.0769230769230769,1.003099880728404,1.013248577164216,1.0155228366234432,0.012422955895039278
val:6490,val,mendeley_pa:image:MENDE-PA-00346,images/mendeley_pa/MENDE-PA-00346.jpg,Mendeley PA,6490,7,17,0.0769230769230769,1.0384298180801481,0.9999999999999999,1.0130703011527658,0.025359516927382364
val:6491,val,mendeley_pa:image:MENDE-PA-00346,images/mendeley_pa/MENDE-PA-00346.jpg,Mendeley PA,6491,8,17,0.0769230769230769,0.9257153924667819,1.0,0.9310725033283234,0.0053571108615414476
val:6492,val,mendeley_pa:image:MENDE-PA-00346,images/mendeley_pa/MENDE-PA-00346.jpg,Mendeley PA,6492,9,17,0.0769230769230769,1.044885863026877,0.9881345060598603,0.9755488074329248,0.06933705559395209
val:6493,val,mendeley_pa:image:MENDE-PA-00346,images/mendeley_pa/MENDE-PA-00346.jpg,Mendeley PA,6493,10,17,0.0769230769230769,0.9824665377352318,1.0,0.9759191386401653,0.0065473990950665195
val:6494,val,mendeley_pa:image:MENDE-PA-00346,images/mendeley_pa/MENDE-PA-00346.jpg,Mendeley PA,6494,11,17,0.0769230769230769,1.0033696009772677,0.9999999999999999,1.0349334254860878,0.031563824508820115
val:6495,val,mendeley_pa:image:MENDE-PA-00346,images/mendeley_pa/MENDE-PA-00346.jpg,Mendeley PA,6495,12,17,0.0769230769230769,0.97344752120019,1.0119742921352042,1.0152458800267083,0.04179835882651839
val:6496,val,mendeley_pa:image:MENDE-PA-00346,images/mendeley_pa/MENDE-PA-00346.jpg,Mendeley PA,6496,13,17,0.0769230769230769,1.0666993627354544,0.9999999999999999,1.0194430779665709,0.04725628476888355
val:6497,val,mendeley_pa:image:MENDE-PA-00346,images/mendeley_pa/MENDE-PA-00346.jpg,Mendeley PA,6497,14,17,0.0769230769230769,0.954439260673164,1.0297747573336804,0.9916694296976769,0.03723016902451293
val:6498,val,mendeley_pa:image:MENDE-PA-00346,images/mendeley_pa/MENDE-PA-00346.jpg,Mendeley PA,6498,15,17,0.0769230769230769,1.0835722937806762,0.9892310198932397,1.0128088981449115,0.07076339563576473
val:6625,val,mendeley_pa:image:MENDE-PA-00355,images/mendeley_pa/MENDE-PA-00355.jpg,Mendeley PA,6625,3,17,0.0769230769230769,0.8171101414757059,1.0334521802132084,0.9799206191663696,0.1628104776906637
val:6626,val,mendeley_pa:image:MENDE-PA-00355,images/mendeley_pa/MENDE-PA-00355.jpg,Mendeley PA,6626,4,17,0.0769230769230769,0.9949395547661357,0.922718025754568,0.9593923688040942,0.03554718596204154
val:6627,val,mendeley_pa:image:MENDE-PA-00355,images/mendeley_pa/MENDE-PA-00355.jpg,Mendeley PA,6627,5,17,0.0769230769230769,1.0268883988454935,1.0,1.04001010581851,0.013121706973016511
val:6628,val,mendeley_pa:image:MENDE-PA-00355,images/mendeley_pa/MENDE-PA-00355.jpg,Mendeley PA,6628,6,17,0.0769230769230769,0.9147144120219333,0.9999999999999999,1.037181545048952,0.12246713302701884
val:6629,val,mendeley_pa:image:MENDE-PA-00355,images/mendeley_pa/MENDE-PA-00355.jpg,Mendeley PA,6629,7,17,0.0769230769230769,1.08321252520705,1.0211394302923607,1.0782061987001823,0.005006326506867609
val:6630,val,mendeley_pa:image:MENDE-PA-00355,images/mendeley_pa/MENDE-PA-00355.jpg,Mendeley PA,6630,8,17,0.0769230769230769,1.044086964176211,1.0,0.9808953385800123,0.06319162559619862
val:6631,val,mendeley_pa:image:MENDE-PA-00355,images/mendeley_pa/MENDE-PA-00355.jpg,Mendeley PA,6631,9,17,0.0769230769230769,0.8982353925994289,1.0018803289448146,0.9946372553994183,0.09640186279998941
val:6632,val,mendeley_pa:image:MENDE-PA-00355,images/mendeley_pa/MENDE-PA-00355.jpg,Mendeley PA,6632,10,17,0.0769230769230769,1.0419839869117413,0.9682293608107706,1.029438577524676,0.012545409387065387
val:6633,val,mendeley_pa:image:MENDE-PA-00355,images/mendeley_pa/MENDE-PA-00355.jpg,Mendeley PA,6633,11,17,0.0769230769230769,0.9195176949494344,1.0060921930154416,0.9671502285083386,0.04763253355890429
val:6634,val,mendeley_pa:image:MENDE-PA-00355,images/mendeley_pa/MENDE-PA-00355.jpg,Mendeley PA,6634,12,17,0.0769230769230769,1.0893360093509368,0.9983346591347441,0.9718362073057875,0.11749980204514932
val:6635,val,mendeley_pa:image:MENDE-PA-00355,images/mendeley_pa/MENDE-PA-00355.jpg,Mendeley PA,6635,13,17,0.0769230769230769,0.9935596629837316,0.9999999999999998,1.0247610229998825,0.031201360016150925
val:6636,val,mendeley_pa:image:MENDE-PA-00355,images/mendeley_pa/MENDE-PA-00355.jpg,Mendeley PA,6636,14,17,0.0769230769230769,0.9960191742971478,1.0422153183644753,1.027258349527989,0.031239175230841187
val:6637,val,mendeley_pa:image:MENDE-PA-00355,images/mendeley_pa/MENDE-PA-00355.jpg,Mendeley PA,6637,15,17,0.0769230769230769,1.0953148333259746,0.975948281909728,1.010825891371274,0.08448894195470058
val:6695,val,mendeley_pa:image:MENDE-PA-00360,images/mendeley_pa/MENDE-PA-00360.jpg,Mendeley PA,6695,3,17,0.0769230769230769,0.9373830781868041,0.9896469676442892,0.9689835832961351,0.03160050510933099
val:6696,val,mendeley_pa:image:MENDE-PA-00360,images/mendeley_pa/MENDE-PA-00360.jpg,Mendeley PA,6696,4,17,0.0769230769230769,1.051034312975455,0.9999999999999999,1.036919891834259,0.014114421141195876
val:6697,val,mendeley_pa:image:MENDE-PA-00360,images/mendeley_pa/MENDE-PA-00360.jpg,Mendeley PA,6697,5,17,0.0769230769230769,0.9177501074325677,1.0,0.9894908145070076,0.07174070707443991
val:6698,val,mendeley_pa:image:MENDE-PA-00360,images/mendeley_pa/MENDE-PA-00360.jpg,Mendeley PA,6698,6,17,0.0769230769230769,1.196130715522027,1.1305611464916232,1.1869592960713866,0.009171419450640483
val:6699,val,mendeley_pa:image:MENDE-PA-00360,images/mendeley_pa/MENDE-PA-00360.jpg,Mendeley PA,6699,7,17,0.0769230769230769,1.2707837511161686,1.1028960868274749,1.1814856901323378,0.08929806098383075
val:6700,val,mendeley_pa:image:MENDE-PA-00360,images/mendeley_pa/MENDE-PA-00360.jpg,Mendeley PA,6700,8,17,0.0769230769230769,0.8744578572578829,0.9667723091313434,0.9358470203349185,0.06138916307703557
val:6701,val,mendeley_pa:image:MENDE-PA-00360,images/mendeley_pa/MENDE-PA-00360.jpg,Mendeley PA,6701,9,17,0.0769230769230769,0.8068474426715891,0.8904633890869557,0.8651687666805922,0.05832132400900303
val:6702,val,mendeley_pa:image:MENDE-PA-00360,images/mendeley_pa/MENDE-PA-00360.jpg,Mendeley PA,6702,10,17,0.0769230769230769,1.0176640077821086,1.070932014562494,1.0183167706209486,0.0006527628388399709
val:6703,val,mendeley_pa:image:MENDE-PA-00360,images/mendeley_pa/MENDE-PA-00360.jpg,Mendeley PA,6703,11,17,0.0769230769230769,1.2055987491164735,0.9999999999999999,1.064538724720478,0.1410600243959954
val:6704,val,mendeley_pa:image:MENDE-PA-00360,images/mendeley_pa/MENDE-PA-00360.jpg,Mendeley PA,6704,12,17,0.0769230769230769,0.9065786596467615,1.0000000000000002,0.9598415531218054,0.05326289347504387
val:6705,val,mendeley_pa:image:MENDE-PA-00360,images/mendeley_pa/MENDE-PA-00360.jpg,Mendeley PA,6705,13,17,0.0769230769230769,0.9124101793215212,0.9663809267922653,0.9701464166983379,0.05773623737681666
val:6706,val,mendeley_pa:image:MENDE-PA-00360,images/mendeley_pa/MENDE-PA-00360.jpg,Mendeley PA,6706,14,17,0.0769230769230769,1.118575338261756,1.0,1.0315107516944408,0.0870645865673152
val:6707,val,mendeley_pa:image:MENDE-PA-00360,images/mendeley_pa/MENDE-PA-00360.jpg,Mendeley PA,6707,15,17,0.0769230769230769,0.8543880429346302,1.0,0.9769699200987816,0.12258187716415136
val:6812,val,mendeley_pa:image:MENDE-PA-00368,images/mendeley_pa/MENDE-PA-00368.jpg,Mendeley PA,6812,3,17,0.0769230769230769,0.9292123852171178,1.0000000000000002,0.9904485791921618,0.061236193975043984
val:6813,val,mendeley_pa:image:MENDE-PA-00368,images/mendeley_pa/MENDE-PA-00368.jpg,Mendeley PA,6813,4,17,0.0769230769230769,1.0496828862676604,1.0,0.9943592306226492,0.05532365564501118
val:6814,val,mendeley_pa:image:MENDE-PA-00368,images/mendeley_pa/MENDE-PA-00368.jpg,Mendeley PA,6814,5,17,0.0769230769230769,1.0032706309513104,1.0,0.9425718784332275,0.06069875251808288
val:6815,val,mendeley_pa:image:MENDE-PA-00368,images/mendeley_pa/MENDE-PA-00368.jpg,Mendeley PA,6815,6,17,0.0769230769230769,1.0181869504624985,1.0056840031155272,1.0351535117932482,0.016966561330749697
val:6816,val,mendeley_pa:image:MENDE-PA-00368,images/mendeley_pa/MENDE-PA-00368.jpg,Mendeley PA,6816,7,17,0.0769230769230769,1.0247967967692466,1.0,1.026783064007759,0.0019862672385124736
val:6817,val,mendeley_pa:image:MENDE-PA-00368,images/mendeley_pa/MENDE-PA-00368.jpg,Mendeley PA,6817,8,17,0.0769230769230769,0.9498331834318998,1.0084871288823074,0.9977357631983346,0.04790257976643475
val:6818,val,mendeley_pa:image:MENDE-PA-00368,images/mendeley_pa/MENDE-PA-00368.jpg,Mendeley PA,6818,9,17,0.0769230769230769,1.0568246500974632,0.9948417878823741,1.0498531757967933,0.006971474300669911
val:6819,val,mendeley_pa:image:MENDE-PA-00368,images/mendeley_pa/MENDE-PA-00368.jpg,Mendeley PA,6819,10,17,0.0769230769230769,0.9374344013756036,1.0216652421100656,1.0215065008838786,0.08407209950827499
val:6820,val,mendeley_pa:image:MENDE-PA-00368,images/mendeley_pa/MENDE-PA-00368.jpg,Mendeley PA,6820,11,17,0.0769230769230769,1.0905936381046955,0.9923487776300837,0.9537514918825556,0.13684214622213986
val:6821,val,mendeley_pa:image:MENDE-PA-00368,images/mendeley_pa/MENDE-PA-00368.jpg,Mendeley PA,6821,12,17,0.0769230769230769,0.9889789930864001,1.059718741875268,0.9168064732366572,0.07217251984974293
val:6822,val,mendeley_pa:image:MENDE-PA-00368,images/mendeley_pa/MENDE-PA-00368.jpg,Mendeley PA,6822,13,17,0.0769230769230769,1.0793520664905727,0.9703815811706764,0.9875043639374954,0.09184770255307728
val:6823,val,mendeley_pa:image:MENDE-PA-00368,images/mendeley_pa/MENDE-PA-00368.jpg,Mendeley PA,6823,14,17,0.0769230769230769,0.7131422078843779,1.0,0.8611310869455338,0.14798887906115588
val:6824,val,mendeley_pa:image:MENDE-PA-00368,images/mendeley_pa/MENDE-PA-00368.jpg,Mendeley PA,6824,15,17,0.0769230769230769,1.5398068881763787,1.3370761735830055,1.2757716527673946,0.2640352354089841
val:6829,val,mendeley_pa:image:MENDE-PA-00369,images/mendeley_pa/MENDE-PA-00369.jpg,Mendeley PA,6829,3,17,0.0769230769230769,1.100769720499655,1.0,1.1402314454317093,0.039461724932054354
val:6830,val,mendeley_pa:image:MENDE-PA-00369,images/mendeley_pa/MENDE-PA-00369.jpg,Mendeley PA,6830,4,17,0.0769230769230769,0.8658342226634246,1.0,0.9988085598452017,0.1329743371817771
val:6831,val,mendeley_pa:image:MENDE-PA-00369,images/mendeley_pa/MENDE-PA-00369.jpg,Mendeley PA,6831,5,17,0.0769230769230769,1.087163140577995,1.0279593666149958,1.0455263529970034,0.04163678758099154
val:6832,val,mendeley_pa:image:MENDE-PA-00369,images/mendeley_pa/MENDE-PA-00369.jpg,Mendeley PA,6832,6,17,0.0769230769230769,1.1025165213997117,0.9999999999999999,1.032412439584732,0.07010408181497962
val:6833,val,mendeley_pa:image:MENDE-PA-00369,images/mendeley_pa/MENDE-PA-00369.jpg,Mendeley PA,6833,7,17,0.0769230769230769,0.8773696423637829,1.0,1.0094435438513756,0.13207390148759268
val:6834,val,mendeley_pa:image:MENDE-PA-00369,images/mendeley_pa/MENDE-PA-00369.jpg,Mendeley PA,6834,8,17,0.0769230769230769,0.9810864445953057,0.9735131756911874,0.9973358669827581,0.016249422387452417
val:6835,val,mendeley_pa:image:MENDE-PA-00369,images/mendeley_pa/MENDE-PA-00369.jpg,Mendeley PA,6835,9,17,0.0769230769230769,1.0865925882960397,1.0000000000000002,1.0103349583223464,0.07625762997369323
val:6836,val,mendeley_pa:image:MENDE-PA-00369,images/mendeley_pa/MENDE-PA-00369.jpg,Mendeley PA,6836,10,17,0.0769230769230769,0.9305232568474742,1.0,0.9772265087813139,0.04670325193383973
val:6837,val,mendeley_pa:image:MENDE-PA-00369,images/mendeley_pa/MENDE-PA-00369.jpg,Mendeley PA,6837,11,17,0.0769230769230769,0.9731438308206676,0.9694200360025107,0.9846337769920765,0.011489946171408971
val:6838,val,mendeley_pa:image:MENDE-PA-00369,images/mendeley_pa/MENDE-PA-00369.jpg,Mendeley PA,6838,12,17,0.0769230769230769,1.0327038938980915,1.0,1.0348657853901386,0.002161891492047152
val:6839,val,mendeley_pa:image:MENDE-PA-00369,images/mendeley_pa/MENDE-PA-00369.jpg,Mendeley PA,6839,13,17,0.0769230769230769,0.941470031376765,1.0,0.9988802208099514,0.05741018943318643
val:6840,val,mendeley_pa:image:MENDE-PA-00369,images/mendeley_pa/MENDE-PA-00369.jpg,Mendeley PA,6840,14,17,0.0769230769230769,1.0070663441847358,1.0609271451791953,0.9877721592745017,0.019294184910234158
val:6841,val,mendeley_pa:image:MENDE-PA-00369,images/mendeley_pa/MENDE-PA-00369.jpg,Mendeley PA,6841,15,17,0.0769230769230769,1.161503707599616,1.0,0.9698362667113543,0.1916674408882617
val:7209,val,mendeley_pa:image:MENDE-PA-00399,images/mendeley_pa/MENDE-PA-00399.jpg,Mendeley PA,7209,3,17,0.0769230769230769,1.0837895597950347,1.0353554340534694,1.0165842494451292,0.06720531034990551
val:7210,val,mendeley_pa:image:MENDE-PA-00399,images/mendeley_pa/MENDE-PA-00399.jpg,Mendeley PA,7210,4,17,0.0769230769230769,0.9313259735774754,0.9671458906039936,0.9478547132119877,0.01652873963451229
val:7211,val,mendeley_pa:image:MENDE-PA-00399,images/mendeley_pa/MENDE-PA-00399.jpg,Mendeley PA,7211,5,17,0.0769230769230769,0.9123659873158918,0.9627115273252203,0.9640114362919776,0.051645448976085806
val:7212,val,mendeley_pa:image:MENDE-PA-00399,images/mendeley_pa/MENDE-PA-00399.jpg,Mendeley PA,7212,6,17,0.0769230769230769,1.0370896547521535,0.9979023385237152,1.02724845068559,0.009841204066563636
val:7213,val,mendeley_pa:image:MENDE-PA-00399,images/mendeley_pa/MENDE-PA-00399.jpg,Mendeley PA,7213,7,17,0.0769230769230769,0.9422725167102708,1.0,0.9016874060034752,0.0405851107067956
val:7214,val,mendeley_pa:image:MENDE-PA-00399,images/mendeley_pa/MENDE-PA-00399.jpg,Mendeley PA,7214,8,17,0.0769230769230769,1.1270870605361343,1.0739754721700283,0.9858473822652432,0.14123967827089112
val:7215,val,mendeley_pa:image:MENDE-PA-00399,images/mendeley_pa/MENDE-PA-00399.jpg,Mendeley PA,7215,9,17,0.0769230769230769,1.0850953737389588,1.0,0.9368907585740089,0.14820461516494987
val:7216,val,mendeley_pa:image:MENDE-PA-00399,images/mendeley_pa/MENDE-PA-00399.jpg,Mendeley PA,7216,10,17,0.0769230769230769,0.8932641927444263,1.0150687486083596,1.0281276326776831,0.1348634399332569
val:7217,val,mendeley_pa:image:MENDE-PA-00399,images/mendeley_pa/MENDE-PA-00399.jpg,Mendeley PA,7217,11,17,0.0769230769230769,1.0500554015783745,0.9289474616937548,1.000827683060637,0.04922771851773744
val:7218,val,mendeley_pa:image:MENDE-PA-00399,images/mendeley_pa/MENDE-PA-00399.jpg,Mendeley PA,7218,12,17,0.0769230769230769,0.8190031517469885,1.0152000752162142,0.9639030848514243,0.14489993310443583
val:7219,val,mendeley_pa:image:MENDE-PA-00399,images/mendeley_pa/MENDE-PA-00399.jpg,Mendeley PA,7219,13,17,0.0769230769230769,1.1016065360476452,0.9451047686811027,0.963308327081376,0.1382982089662692
val:7220,val,mendeley_pa:image:MENDE-PA-00399,images/mendeley_pa/MENDE-PA-00399.jpg,Mendeley PA,7220,14,17,0.0769230769230769,1.0298474742931614,1.0695539304878565,1.0089935885634276,0.02085388572973379
val:7221,val,mendeley_pa:image:MENDE-PA-00399,images/mendeley_pa/MENDE-PA-00399.jpg,Mendeley PA,7221,15,17,0.0769230769230769,1.0340590091211705,0.9434407762009303,0.9273134580570856,0.1067455510640849
val:7396,val,mendeley_pa:image:MENDE-PA-00412,images/mendeley_pa/MENDE-PA-00412.jpg,Mendeley PA,7396,3,17,0.0769230769230769,0.9357524354280264,1.0,1.006231342907995,0.07047890747996854
val:7397,val,mendeley_pa:image:MENDE-PA-00412,images/mendeley_pa/MENDE-PA-00412.jpg,Mendeley PA,7397,4,17,0.0769230769230769,0.9827094091657856,0.9654040029205357,0.9703102535501098,0.012399155615675839
val:7398,val,mendeley_pa:image:MENDE-PA-00412,images/mendeley_pa/MENDE-PA-00412.jpg,Mendeley PA,7398,5,17,0.0769230769230769,0.9908348428680216,1.0,1.055078960955143,0.06424411808712138
val:7399,val,mendeley_pa:image:MENDE-PA-00412,images/mendeley_pa/MENDE-PA-00412.jpg,Mendeley PA,7399,6,17,0.0769230769230769,1.0162965707989868,1.0,1.0443780310451984,0.02808146024621161
val:7400,val,mendeley_pa:image:MENDE-PA-00412,images/mendeley_pa/MENDE-PA-00412.jpg,Mendeley PA,7400,7,17,0.0769230769230769,0.9948457846902621,1.0527254377402433,1.027518650228537,0.032672865538274865
val:7401,val,mendeley_pa:image:MENDE-PA-00412,images/mendeley_pa/MENDE-PA-00412.jpg,Mendeley PA,7401,8,17,0.0769230769230769,1.1140315633254048,0.9999999999999998,1.0141473161056636,0.0998842472197412
val:7402,val,mendeley_pa:image:MENDE-PA-00412,images/mendeley_pa/MENDE-PA-00412.jpg,Mendeley PA,7402,9,17,0.0769230769230769,0.9290544413408346,1.0,0.9827207699418068,0.0536663286009722
val:7403,val,mendeley_pa:image:MENDE-PA-00412,images/mendeley_pa/MENDE-PA-00412.jpg,Mendeley PA,7403,10,17,0.0769230769230769,0.9172952591128616,0.9544644743604824,0.9608955747848615,0.043600315671999956
val:7404,val,mendeley_pa:image:MENDE-PA-00412,images/mendeley_pa/MENDE-PA-00412.jpg,Mendeley PA,7404,11,17,0.0769230769230769,1.0415894138543313,1.0,1.0076698497869074,0.03391956406742391
val:7405,val,mendeley_pa:image:MENDE-PA-00412,images/mendeley_pa/MENDE-PA-00412.jpg,Mendeley PA,7405,12,17,0.0769230769230769,0.9804197619580406,1.0000000000000002,1.002172196749598,0.021752434791557418
val:7406,val,mendeley_pa:image:MENDE-PA-00412,images/mendeley_pa/MENDE-PA-00412.jpg,Mendeley PA,7406,13,17,0.0769230769230769,1.027248631154821,1.0,1.0249629262834787,0.0022857048713422756
val:7407,val,mendeley_pa:image:MENDE-PA-00412,images/mendeley_pa/MENDE-PA-00412.jpg,Mendeley PA,7407,14,17,0.0769230769230769,0.9671824610357695,1.007891762074188,0.9963465426155484,0.0291640815797789
val:7408,val,mendeley_pa:image:MENDE-PA-00412,images/mendeley_pa/MENDE-PA-00412.jpg,Mendeley PA,7408,15,17,0.0769230769230769,1.0549716734628602,1.0,1.0156346410512924,0.03933703241156783
val:7602,val,mendeley_pa:image:MENDE-PA-00425,images/mendeley_pa/MENDE-PA-00425.jpg,Mendeley PA,7602,3,17,0.0769230769230769,1.074939578111905,0.9725002004786958,0.9755567469190438,0.09938283119286129
val:7603,val,mendeley_pa:image:MENDE-PA-00425,images/mendeley_pa/MENDE-PA-00425.jpg,Mendeley PA,7603,4,17,0.0769230769230769,1.0256864974922595,1.0668860727930547,0.9990267435098172,0.026659753982442247
val:7604,val,mendeley_pa:image:MENDE-PA-00425,images/mendeley_pa/MENDE-PA-00425.jpg,Mendeley PA,7604,5,17,0.0769230769230769,1.0630562664149839,0.9703385692786821,0.9887424104612716,0.0743138559537122
val:7605,val,mendeley_pa:image:MENDE-PA-00425,images/mendeley_pa/MENDE-PA-00425.jpg,Mendeley PA,7605,6,17,0.0769230769230769,0.9314279022937699,1.0269035150756949,0.9869614628603571,0.0555335605665872
val:7606,val,mendeley_pa:image:MENDE-PA-00425,images/mendeley_pa/MENDE-PA-00425.jpg,Mendeley PA,7606,7,17,0.0769230769230769,0.9972605384995683,0.9151889180936819,0.9335869776257282,0.06367356087384013
val:7607,val,mendeley_pa:image:MENDE-PA-00425,images/mendeley_pa/MENDE-PA-00425.jpg,Mendeley PA,7607,8,17,0.0769230769230769,0.8669461198071226,0.9999999999999998,0.9895488824695347,0.1226027626624121
val:7608,val,mendeley_pa:image:MENDE-PA-00425,images/mendeley_pa/MENDE-PA-00425.jpg,Mendeley PA,7608,9,17,0.0769230769230769,0.9995395296326366,0.9508766052336054,0.9955315967113333,0.004007932921303303
val:7609,val,mendeley_pa:image:MENDE-PA-00425,images/mendeley_pa/MENDE-PA-00425.jpg,Mendeley PA,7609,10,17,0.0769230769230769,1.0176320894090494,1.0,1.0082659320905805,0.009366157318468904
val:7610,val,mendeley_pa:image:MENDE-PA-00425,images/mendeley_pa/MENDE-PA-00425.jpg,Mendeley PA,7610,11,17,0.0769230769230769,0.9296511879292793,1.0092685831060575,1.001178752938466,0.07152756500918667
val:7611,val,mendeley_pa:image:MENDE-PA-00425,images/mendeley_pa/MENDE-PA-00425.jpg,Mendeley PA,7611,12,17,0.0769230769230769,1.0986956093054838,1.0,1.0370872914791107,0.061608317826373105
val:7612,val,mendeley_pa:image:MENDE-PA-00425,images/mendeley_pa/MENDE-PA-00425.jpg,Mendeley PA,7612,13,17,0.0769230769230769,0.9434551743083359,1.0,0.9821943286806345,0.03873915437229858
val:7613,val,mendeley_pa:image:MENDE-PA-00425,images/mendeley_pa/MENDE-PA-00425.jpg,Mendeley PA,7613,14,17,0.0769230769230769,0.9805299795204889,0.9924547864705612,0.9782110710278441,0.0023189084926448222
val:7614,val,mendeley_pa:image:MENDE-PA-00425,images/mendeley_pa/MENDE-PA-00425.jpg,Mendeley PA,7614,15,17,0.0769230769230769,1.0947884934260124,1.0450450607213322,1.038030244560087,0.05675824886592529
val:7693,val,mendeley_pa:image:MENDE-PA-00432,images/mendeley_pa/MENDE-PA-00432.jpg,Mendeley PA,7693,3,17,0.0769230769230769,0.9422631057416972,1.0,1.051002822816372,0.10873971707467467
val:7694,val,mendeley_pa:image:MENDE-PA-00432,images/mendeley_pa/MENDE-PA-00432.jpg,Mendeley PA,7694,4,17,0.0769230769230769,0.9673573498272932,0.9722752637282843,1.0182914651051993,0.050934115277906145
val:7695,val,mendeley_pa:image:MENDE-PA-00432,images/mendeley_pa/MENDE-PA-00432.jpg,Mendeley PA,7695,5,17,0.0769230769230769,0.977885740773357,1.0,1.007547308690846,0.029661567917488973
val:7696,val,mendeley_pa:image:MENDE-PA-00432,images/mendeley_pa/MENDE-PA-00432.jpg,Mendeley PA,7696,6,17,0.0769230769230769,1.0424349946708207,1.0,1.035402998328209,0.007031996342611757
val:7697,val,mendeley_pa:image:MENDE-PA-00432,images/mendeley_pa/MENDE-PA-00432.jpg,Mendeley PA,7697,7,17,0.0769230769230769,0.9609302548012368,1.0,0.995366979856044,0.034436725054807216
val:7698,val,mendeley_pa:image:MENDE-PA-00432,images/mendeley_pa/MENDE-PA-00432.jpg,Mendeley PA,7698,8,17,0.0769230769230769,1.0442621896268176,1.0,1.0029386635869741,0.04132352603984346
val:7699,val,mendeley_pa:image:MENDE-PA-00432,images/mendeley_pa/MENDE-PA-00432.jpg,Mendeley PA,7699,9,17,0.0769230769230769,0.9964776628058712,1.0,0.9833320584148169,0.013145604391054388
val:7700,val,mendeley_pa:image:MENDE-PA-00432,images/mendeley_pa/MENDE-PA-00432.jpg,Mendeley PA,7700,10,17,0.0769230769230769,0.9380326915319463,1.0091354012999676,0.9827129230413578,0.04468023150941147
val:7701,val,mendeley_pa:image:MENDE-PA-00432,images/mendeley_pa/MENDE-PA-00432.jpg,Mendeley PA,7701,11,17,0.0769230769230769,1.0851357851768166,0.9999999999999998,1.008036511018872,0.0770992741579446
val:7702,val,mendeley_pa:image:MENDE-PA-00432,images/mendeley_pa/MENDE-PA-00432.jpg,Mendeley PA,7702,12,17,0.0769230769230769,0.9709737184737,1.021275105525288,0.9803888747585148,0.009415156284814818
val:7703,val,mendeley_pa:image:MENDE-PA-00432,images/mendeley_pa/MENDE-PA-00432.jpg,Mendeley PA,7703,13,17,0.0769230769230769,1.0550379488076775,0.9917307281154006,1.0055952723356694,0.049442676472008174
val:7704,val,mendeley_pa:image:MENDE-PA-00432,images/mendeley_pa/MENDE-PA-00432.jpg,Mendeley PA,7704,14,17,0.0769230769230769,0.9611592339496287,1.0,0.9725286960601807,0.011369462110552009
val:7705,val,mendeley_pa:image:MENDE-PA-00432,images/mendeley_pa/MENDE-PA-00432.jpg,Mendeley PA,7705,15,17,0.0769230769230769,0.9768828666406342,0.9944786632493534,0.9825494622871676,0.005666595646533379
val:7741,val,mendeley_pa:image:MENDE-PA-00436,images/mendeley_pa/MENDE-PA-00436.jpg,Mendeley PA,7741,3,17,0.0769230769230769,0.9916299347900066,0.9844674301132696,1.135595960615589,0.14396602582558238
val:7742,val,mendeley_pa:image:MENDE-PA-00436,images/mendeley_pa/MENDE-PA-00436.jpg,Mendeley PA,7742,4,17,0.0769230769230769,0.9899154937691441,1.0,1.0786892399191856,0.08877374615004152
val:7743,val,mendeley_pa:image:MENDE-PA-00436,images/mendeley_pa/MENDE-PA-00436.jpg,Mendeley PA,7743,5,17,0.0769230769230769,1.0192690786749483,1.0,1.1280947178602219,0.10882563918527355
val:7744,val,mendeley_pa:image:MENDE-PA-00436,images/mendeley_pa/MENDE-PA-00436.jpg,Mendeley PA,7744,6,17,0.0769230769230769,0.9093440475678691,1.0,1.0568675808608532,0.14752353329298407
val:7745,val,mendeley_pa:image:MENDE-PA-00436,images/mendeley_pa/MENDE-PA-00436.jpg,Mendeley PA,7745,7,17,0.0769230769230769,1.0865649853027861,0.9999999999999999,1.0445983670651913,0.041966618237594844
val:7746,val,mendeley_pa:image:MENDE-PA-00436,images/mendeley_pa/MENDE-PA-00436.jpg,Mendeley PA,7746,8,17,0.0769230769230769,0.9881374329657475,1.0111102649560624,0.9760986791542225,0.012038753811524971
val:7747,val,mendeley_pa:image:MENDE-PA-00436,images/mendeley_pa/MENDE-PA-00436.jpg,Mendeley PA,7747,9,17,0.0769230769230769,1.037518405964849,1.0,0.9982800289290026,0.03923837703584643
val:7748,val,mendeley_pa:image:MENDE-PA-00436,images/mendeley_pa/MENDE-PA-00436.jpg,Mendeley PA,7748,10,17,0.0769230769230769,0.9274534413119807,1.0,1.0166111402213573,0.08915769890937664
val:7749,val,mendeley_pa:image:MENDE-PA-00436,images/mendeley_pa/MENDE-PA-00436.jpg,Mendeley PA,7749,11,17,0.0769230769230769,1.00688026714304,0.9903245547007227,1.00010250296103,0.006777764182009927
val:7750,val,mendeley_pa:image:MENDE-PA-00436,images/mendeley_pa/MENDE-PA-00436.jpg,Mendeley PA,7750,12,17,0.0769230769230769,1.0131199297637423,1.0131652197552088,1.0290184161377314,0.01589848637398905
val:7751,val,mendeley_pa:image:MENDE-PA-00436,images/mendeley_pa/MENDE-PA-00436.jpg,Mendeley PA,7751,13,17,0.0769230769230769,1.0511801238298584,1.0,1.0000808741897345,0.05109924964012391
val:7752,val,mendeley_pa:image:MENDE-PA-00436,images/mendeley_pa/MENDE-PA-00436.jpg,Mendeley PA,7752,14,17,0.0769230769230769,0.9242559335344769,1.0000000000000002,0.9519552104175093,0.02769927688303242
val:7753,val,mendeley_pa:image:MENDE-PA-00436,images/mendeley_pa/MENDE-PA-00436.jpg,Mendeley PA,7753,15,17,0.0769230769230769,1.0879416945368745,1.0692483951185834,1.0257533845339906,0.06218831000288394
val:7799,val,mendeley_pa:image:MENDE-PA-00442,images/mendeley_pa/MENDE-PA-00442.jpg,Mendeley PA,7799,3,17,0.0769230769230769,1.08885977313464,1.0641365462823411,1.0720431964753767,0.016816576659263394
val:7800,val,mendeley_pa:image:MENDE-PA-00442,images/mendeley_pa/MENDE-PA-00442.jpg,Mendeley PA,7800,4,17,0.0769230769230769,1.1051749886420348,1.0121554793529828,1.037927169885548,0.06724781875648689
val:7801,val,mendeley_pa:image:MENDE-PA-00442,images/mendeley_pa/MENDE-PA-00442.jpg,Mendeley PA,7801,5,17,0.0769230769230769,0.9151510941601317,0.9886770352920364,0.9462855041226219,0.031134409962490173
val:7802,val,mendeley_pa:image:MENDE-PA-00442,images/mendeley_pa/MENDE-PA-00442.jpg,Mendeley PA,7802,6,17,0.0769230769230769,0.9226317415802252,0.9900921324532481,0.9906987937664615,0.06806705218623632
val:7803,val,mendeley_pa:image:MENDE-PA-00442,images/mendeley_pa/MENDE-PA-00442.jpg,Mendeley PA,7803,7,17,0.0769230769230769,1.1344613520500468,1.0,1.0315561145544052,0.10290523749564162
val:7804,val,mendeley_pa:image:MENDE-PA-00442,images/mendeley_pa/MENDE-PA-00442.jpg,Mendeley PA,7804,8,17,0.0769230769230769,0.925526811544841,1.0017416312256304,0.9739993049660174,0.04847249342117643
val:7805,val,mendeley_pa:image:MENDE-PA-00442,images/mendeley_pa/MENDE-PA-00442.jpg,Mendeley PA,7805,9,17,0.0769230769230769,0.9846335748675754,0.9579449855634116,0.9849663824685954,0.00033280760101994655
val:7806,val,mendeley_pa:image:MENDE-PA-00442,images/mendeley_pa/MENDE-PA-00442.jpg,Mendeley PA,7806,10,17,0.0769230769230769,0.9616370825443459,1.0,0.9771617576479912,0.015524675103645302
val:7807,val,mendeley_pa:image:MENDE-PA-00442,images/mendeley_pa/MENDE-PA-00442.jpg,Mendeley PA,7807,11,17,0.0769230769230769,1.0221273953280203,1.059149585730855,0.9843438640902682,0.03778353123775213
val:7808,val,mendeley_pa:image:MENDE-PA-00442,images/mendeley_pa/MENDE-PA-00442.jpg,Mendeley PA,7808,12,17,0.0769230769230769,1.16594584140429,1.0281741769101782,1.0203169939156933,0.14562884748859672
val:7809,val,mendeley_pa:image:MENDE-PA-00442,images/mendeley_pa/MENDE-PA-00442.jpg,Mendeley PA,7809,13,17,0.0769230769230769,1.014799199450252,1.0439035247723412,1.0142239395241093,0.0005752599261428237
val:7810,val,mendeley_pa:image:MENDE-PA-00442,images/mendeley_pa/MENDE-PA-00442.jpg,Mendeley PA,7810,14,17,0.0769230769230769,0.8921845491820546,0.9481331974606229,0.9470220198494581,0.05483747066740352
val:7811,val,mendeley_pa:image:MENDE-PA-00442,images/mendeley_pa/MENDE-PA-00442.jpg,Mendeley PA,7811,15,17,0.0769230769230769,0.9585604907093778,0.9745521715590373,0.9736663348953813,0.01510584418600358
val:7831,val,mendeley_pa:image:MENDE-PA-00444,images/mendeley_pa/MENDE-PA-00444.jpg,Mendeley PA,7831,3,17,0.0769230769230769,0.8824734201957636,1.0255643496186804,0.9991115437717508,0.11663812357598724
val:7832,val,mendeley_pa:image:MENDE-PA-00444,images/mendeley_pa/MENDE-PA-00444.jpg,Mendeley PA,7832,4,17,0.0769230769230769,0.9659969072299416,0.9158546191951334,0.9476609987517893,0.018335908478152252
val:7833,val,mendeley_pa:image:MENDE-PA-00444,images/mendeley_pa/MENDE-PA-00444.jpg,Mendeley PA,7833,5,17,0.0769230769230769,0.9800494810392274,1.0182926957386282,1.007981376245871,0.02793189520664352
val:7834,val,mendeley_pa:image:MENDE-PA-00444,images/mendeley_pa/MENDE-PA-00444.jpg,Mendeley PA,7834,6,17,0.0769230769230769,1.0608729666034833,1.0,1.0003551185363904,0.06051784806709293
val:7835,val,mendeley_pa:image:MENDE-PA-00444,images/mendeley_pa/MENDE-PA-00444.jpg,Mendeley PA,7835,7,17,0.0769230769230769,0.9697308312959173,1.0,0.9778234362602234,0.008092604964306083
val:7836,val,mendeley_pa:image:MENDE-PA-00444,images/mendeley_pa/MENDE-PA-00444.jpg,Mendeley PA,7836,8,17,0.0769230769230769,0.9509494785307469,0.9835403282533022,0.9809991338162305,0.030049655285483645
val:7837,val,mendeley_pa:image:MENDE-PA-00444,images/mendeley_pa/MENDE-PA-00444.jpg,Mendeley PA,7837,9,17,0.0769230769230769,1.015441931922266,1.0,1.002167296828702,0.013274635093563969
val:7838,val,mendeley_pa:image:MENDE-PA-00444,images/mendeley_pa/MENDE-PA-00444.jpg,Mendeley PA,7838,10,17,0.0769230769230769,0.9792105693988032,0.9999999999999998,0.9944711858406661,0.015260616441862829
val:7839,val,mendeley_pa:image:MENDE-PA-00444,images/mendeley_pa/MENDE-PA-00444.jpg,Mendeley PA,7839,11,17,0.0769230769230769,0.9630578307713498,0.9999999999999999,0.9906966993585228,0.027638868587173016
val:7840,val,mendeley_pa:image:MENDE-PA-00444,images/mendeley_pa/MENDE-PA-00444.jpg,Mendeley PA,7840,12,17,0.0769230769230769,1.0734105696622973,1.0,0.9935893816873431,0.07982118797495419
val:7841,val,mendeley_pa:image:MENDE-PA-00444,images/mendeley_pa/MENDE-PA-00444.jpg,Mendeley PA,7841,13,17,0.0769230769230769,0.9911146375014652,0.9999999999999998,0.9427921101450918,0.048322527356373435
val:7842,val,mendeley_pa:image:MENDE-PA-00444,images/mendeley_pa/MENDE-PA-00444.jpg,Mendeley PA,7842,14,17,0.0769230769230769,1.0014020378655237,1.0128339977507685,0.9737787397151088,0.027623298150414977
val:7843,val,mendeley_pa:image:MENDE-PA-00444,images/mendeley_pa/MENDE-PA-00444.jpg,Mendeley PA,7843,15,17,0.0769230769230769,1.0346723896410377,0.9999999999999998,0.9948891540989278,0.03978323554210994
val:7910,val,mendeley_pa:image:MENDE-PA-00451,images/mendeley_pa/MENDE-PA-00451.jpg,Mendeley PA,7910,3,17,0.0769230769230769,0.8961439104857518,1.0,1.0376892983913422,0.14154538790559035
val:7911,val,mendeley_pa:image:MENDE-PA-00451,images/mendeley_pa/MENDE-PA-00451.jpg,Mendeley PA,7911,4,17,0.0769230769230769,1.1040440253372852,1.0439907294300255,1.0827572513905224,0.021286773946762816
val:7912,val,mendeley_pa:image:MENDE-PA-00451,images/mendeley_pa/MENDE-PA-00451.jpg,Mendeley PA,7912,5,17,0.0769230769230769,1.0838719579750262,1.0021185024949288,1.038243428555367,0.045628529419659225
val:7913,val,mendeley_pa:image:MENDE-PA-00451,images/mendeley_pa/MENDE-PA-00451.jpg,Mendeley PA,7913,6,17,0.0769230769230769,0.979823204610591,1.0348536038596974,0.99286519380406,0.013041989193468995
val:7914,val,mendeley_pa:image:MENDE-PA-00451,images/mendeley_pa/MENDE-PA-00451.jpg,Mendeley PA,7914,7,17,0.0769230769230769,0.9727946690963392,0.9364093970564857,0.9356660844117135,0.037128584684625654
val:7915,val,mendeley_pa:image:MENDE-PA-00451,images/mendeley_pa/MENDE-PA-00451.jpg,Mendeley PA,7915,8,17,0.0769230769230769,0.8937333702466652,1.0,0.9911326188594103,0.09739924861274507
val:7916,val,mendeley_pa:image:MENDE-PA-00451,images/mendeley_pa/MENDE-PA-00451.jpg,Mendeley PA,7916,9,17,0.0769230769230769,1.0371219833914969,0.9926032777457408,1.0104471295653752,0.02667485382612167
val:7917,val,mendeley_pa:image:MENDE-PA-00451,images/mendeley_pa/MENDE-PA-00451.jpg,Mendeley PA,7917,10,17,0.0769230769230769,1.050193087865846,1.0,1.0150557300075889,0.03513735785825722
val:7918,val,mendeley_pa:image:MENDE-PA-00451,images/mendeley_pa/MENDE-PA-00451.jpg,Mendeley PA,7918,11,17,0.0769230769230769,0.9345220974508301,1.0136704838917474,1.0089009737678687,0.07437887631703854
val:7919,val,mendeley_pa:image:MENDE-PA-00451,images/mendeley_pa/MENDE-PA-00451.jpg,Mendeley PA,7919,12,17,0.0769230769230769,1.0594102365266704,0.983295683097003,1.0143775998613815,0.045032636665288894
val:7920,val,mendeley_pa:image:MENDE-PA-00451,images/mendeley_pa/MENDE-PA-00451.jpg,Mendeley PA,7920,13,17,0.0769230769230769,0.9317209699373343,0.9999999999999999,0.9980732540134339,0.06635228407609961
val:7921,val,mendeley_pa:image:MENDE-PA-00451,images/mendeley_pa/MENDE-PA-00451.jpg,Mendeley PA,7921,14,17,0.0769230769230769,1.0455242152034114,0.9949903853152013,1.0038104552690006,0.04171375993441084
val:7922,val,mendeley_pa:image:MENDE-PA-00451,images/mendeley_pa/MENDE-PA-00451.jpg,Mendeley PA,7922,15,17,0.0769230769230769,1.03766211431843,1.025030193056875,1.03390971584987,0.0037523984685599032
val:7942,val,mendeley_pa:image:MENDE-PA-00454,images/mendeley_pa/MENDE-PA-00454.jpg,Mendeley PA,7942,3,17,0.0769230769230769,1.0264597967010656,1.0,1.0217640977352858,0.004695698965779815
val:7943,val,mendeley_pa:image:MENDE-PA-00454,images/mendeley_pa/MENDE-PA-00454.jpg,Mendeley PA,7943,4,17,0.0769230769230769,0.9055561217040167,1.0,0.988154643215239,0.08259852151122238
val:7944,val,mendeley_pa:image:MENDE-PA-00454,images/mendeley_pa/MENDE-PA-00454.jpg,Mendeley PA,7944,5,17,0.0769230769230769,1.0687523180055538,1.0035384381063646,1.0283201960720485,0.040432121933505316
val:7945,val,mendeley_pa:image:MENDE-PA-00454,images/mendeley_pa/MENDE-PA-00454.jpg,Mendeley PA,7945,6,17,0.0769230769230769,1.0537337769506832,1.020049930049749,1.0182558616741466,0.03547791527653654
val:7946,val,mendeley_pa:image:MENDE-PA-00454,images/mendeley_pa/MENDE-PA-00454.jpg,Mendeley PA,7946,7,17,0.0769230769230769,0.9563107607487542,0.980841302115117,0.9653941959027394,0.009083435153985242
val:7947,val,mendeley_pa:image:MENDE-PA-00454,images/mendeley_pa/MENDE-PA-00454.jpg,Mendeley PA,7947,8,17,0.0769230769230769,0.9385461792045311,0.9751382989722532,0.9455722847867054,0.0070261055821743135
val:7948,val,mendeley_pa:image:MENDE-PA-00454,images/mendeley_pa/MENDE-PA-00454.jpg,Mendeley PA,7948,9,17,0.0769230769230769,1.0166313199019132,0.9992468142882427,0.9652405800298294,0.05139073987208387
val:7949,val,mendeley_pa:image:MENDE-PA-00454,images/mendeley_pa/MENDE-PA-00454.jpg,Mendeley PA,7949,10,17,0.0769230769230769,0.7048710338361628,1.0,0.956364344805479,0.25149331096931626
val:7950,val,mendeley_pa:image:MENDE-PA-00454,images/mendeley_pa/MENDE-PA-00454.jpg,Mendeley PA,7950,11,17,0.0769230769230769,1.2766205666380512,1.0,1.1220986619591713,0.15452190467887994
val:7951,val,mendeley_pa:image:MENDE-PA-00454,images/mendeley_pa/MENDE-PA-00454.jpg,Mendeley PA,7951,12,17,0.0769230769230769,1.2687083925422926,1.2578760452493678,1.267612422063912,0.0010959704783806146
val:7952,val,mendeley_pa:image:MENDE-PA-00454,images/mendeley_pa/MENDE-PA-00454.jpg,Mendeley PA,7952,13,17,0.0769230769230769,1.2404190314554353,0.9830030856493319,1.0902078134778346,0.15021121797760073
val:7953,val,mendeley_pa:image:MENDE-PA-00454,images/mendeley_pa/MENDE-PA-00454.jpg,Mendeley PA,7953,14,17,0.0769230769230769,0.7293005403395663,1.0087442030001736,1.0454208147514916,0.31612027441192536
val:7954,val,mendeley_pa:image:MENDE-PA-00454,images/mendeley_pa/MENDE-PA-00454.jpg,Mendeley PA,7954,15,17,0.0769230769230769,1.1204623040969375,0.9289794231218107,1.0534999782603987,0.06696232583653883
val:8220,val,mendeley_pa:image:MENDE-PA-00475,images/mendeley_pa/MENDE-PA-00475.jpg,Mendeley PA,8220,3,17,0.0769230769230769,0.9914294677401939,0.9910797969524264,1.0206589558247923,0.029229488084598354
val:8221,val,mendeley_pa:image:MENDE-PA-00475,images/mendeley_pa/MENDE-PA-00475.jpg,Mendeley PA,8221,4,17,0.0769230769230769,0.9619081941321769,1.0418070430241158,1.0688736127994587,0.10696541866728182
val:8222,val,mendeley_pa:image:MENDE-PA-00475,images/mendeley_pa/MENDE-PA-00475.jpg,Mendeley PA,8222,5,17,0.0769230769230769,1.153069702582866,1.0,1.0266945846378803,0.12637511794498568
val:8223,val,mendeley_pa:image:MENDE-PA-00475,images/mendeley_pa/MENDE-PA-00475.jpg,Mendeley PA,8223,6,17,0.0769230769230769,1.0308823568135992,1.1277060930583527,1.057912071511512,0.02702971469791282
val:8224,val,mendeley_pa:image:MENDE-PA-00475,images/mendeley_pa/MENDE-PA-00475.jpg,Mendeley PA,8224,7,17,0.0769230769230769,1.1350297563945095,0.9504480010366694,1.0982397294140116,0.036790026980497936
val:8225,val,mendeley_pa:image:MENDE-PA-00475,images/mendeley_pa/MENDE-PA-00475.jpg,Mendeley PA,8225,8,17,0.0769230769230769,0.8475562742107855,1.017558461636877,0.9519731836622713,0.10441690945148585
val:8226,val,mendeley_pa:image:MENDE-PA-00475,images/mendeley_pa/MENDE-PA-00475.jpg,Mendeley PA,8226,9,17,0.0769230769230769,0.8935127046861101,0.8840892390378545,0.9047666975327562,0.011253992846646077
val:8227,val,mendeley_pa:image:MENDE-PA-00475,images/mendeley_pa/MENDE-PA-00475.jpg,Mendeley PA,8227,10,17,0.0769230769230769,0.9776905908923728,1.006795751876911,0.9951219791693295,0.017431388276956783
val:8228,val,mendeley_pa:image:MENDE-PA-00475,images/mendeley_pa/MENDE-PA-00475.jpg,Mendeley PA,8228,11,17,0.0769230769230769,1.0696082062867318,1.0000000000000002,1.0408438332378867,0.02876437304884516
val:8229,val,mendeley_pa:image:MENDE-PA-00475,images/mendeley_pa/MENDE-PA-00475.jpg,Mendeley PA,8229,12,17,0.0769230769230769,0.9422027720656565,1.0020743284659657,0.9944129201868745,0.05221014812121805
val:8230,val,mendeley_pa:image:MENDE-PA-00475,images/mendeley_pa/MENDE-PA-00475.jpg,Mendeley PA,8230,13,17,0.0769230769230769,1.0502484693606227,0.9941512922471737,1.0251042748516772,0.02514419450894545
val:8231,val,mendeley_pa:image:MENDE-PA-00475,images/mendeley_pa/MENDE-PA-00475.jpg,Mendeley PA,8231,14,17,0.0769230769230769,0.9889159461135237,1.0,1.003177754348144,0.014261808234620199
val:8232,val,mendeley_pa:image:MENDE-PA-00475,images/mendeley_pa/MENDE-PA-00475.jpg,Mendeley PA,8232,15,17,0.0769230769230769,0.9910958484027762,0.998070343391222,0.9839884852927151,0.0071073631100611045
val:8237,val,mendeley_pa:image:MENDE-PA-00478,images/mendeley_pa/MENDE-PA-00478.jpg,Mendeley PA,8237,3,17,0.0769230769230769,1.2144839968596841,1.0023909712559753,1.0744277740246826,0.14005622283500152
val:8238,val,mendeley_pa:image:MENDE-PA-00478,images/mendeley_pa/MENDE-PA-00478.jpg,Mendeley PA,8238,4,17,0.0769230769230769,0.9622589489612727,1.0083868061994257,1.0476418739055338,0.08538292494426103
val:8239,val,mendeley_pa:image:MENDE-PA-00478,images/mendeley_pa/MENDE-PA-00478.jpg,Mendeley PA,8239,5,17,0.0769230769230769,0.9122096494982525,0.9540966685666579,0.9256072837664622,0.013397634268209724
val:8240,val,mendeley_pa:image:MENDE-PA-00478,images/mendeley_pa/MENDE-PA-00478.jpg,Mendeley PA,8240,6,17,0.0769230769230769,1.0396745363186024,1.0088659366057113,1.061417675523539,0.021743139204936535
val:8241,val,mendeley_pa:image:MENDE-PA-00478,images/mendeley_pa/MENDE-PA-00478.jpg,Mendeley PA,8241,7,17,0.0769230769230769,1.0396351943120177,1.018134693647776,1.0363685461087564,0.00326664820326128
val:8242,val,mendeley_pa:image:MENDE-PA-00478,images/mendeley_pa/MENDE-PA-00478.jpg,Mendeley PA,8242,8,17,0.0769230769230769,0.9896444944500249,0.982436050137331,0.9967243349531789,0.007079840503154022
val:8243,val,mendeley_pa:image:MENDE-PA-00478,images/mendeley_pa/MENDE-PA-00478.jpg,Mendeley PA,8243,9,17,0.0769230769230769,0.8582662940622579,1.0194947537048884,0.9451833408340045,0.08691704677174661
val:8244,val,mendeley_pa:image:MENDE-PA-00478,images/mendeley_pa/MENDE-PA-00478.jpg,Mendeley PA,8244,10,17,0.0769230769230769,1.171835470717467,0.9941351043888575,1.0514047781833655,0.12043069253410144
val:8245,val,mendeley_pa:image:MENDE-PA-00478,images/mendeley_pa/MENDE-PA-00478.jpg,Mendeley PA,8245,11,17,0.0769230769230769,1.0268940008460596,1.0445497816237022,1.0457651405869384,0.01887113974087873
val:8246,val,mendeley_pa:image:MENDE-PA-00478,images/mendeley_pa/MENDE-PA-00478.jpg,Mendeley PA,8246,12,17,0.0769230769230769,0.9834305719661443,0.9850095282229034,0.9545804089786856,0.028850162987458683
val:8247,val,mendeley_pa:image:MENDE-PA-00478,images/mendeley_pa/MENDE-PA-00478.jpg,Mendeley PA,8247,13,17,0.0769230769230769,0.968041549347929,0.9907265324341332,1.0244603436636006,0.05641879431567165
val:8248,val,mendeley_pa:image:MENDE-PA-00478,images/mendeley_pa/MENDE-PA-00478.jpg,Mendeley PA,8248,14,17,0.0769230769230769,0.9055350097098526,0.9960054924923734,1.0067140406209782,0.10117903091112568
val:8249,val,mendeley_pa:image:MENDE-PA-00478,images/mendeley_pa/MENDE-PA-00478.jpg,Mendeley PA,8249,15,17,0.0769230769230769,1.2486113514469306,1.1285814408606951,1.1269811389197697,0.12163021252716089
val:8573,val,mendeley_pa:image:MENDE-PA-00506,images/mendeley_pa/MENDE-PA-00506.jpg,Mendeley PA,8573,3,17,0.0769230769230769,1.0817823592028266,1.0618935140092933,1.1094519892950618,0.02766963009223522
val:8574,val,mendeley_pa:image:MENDE-PA-00506,images/mendeley_pa/MENDE-PA-00506.jpg,Mendeley PA,8574,4,17,0.0769230769230769,1.1364423454686459,0.9999999999999999,1.1073535978794098,0.029088747589236075
val:8575,val,mendeley_pa:image:MENDE-PA-00506,images/mendeley_pa/MENDE-PA-00506.jpg,Mendeley PA,8575,5,17,0.0769230769230769,0.9043598512553574,1.0,0.932062417268753,0.027702566013395602
val:8576,val,mendeley_pa:image:MENDE-PA-00506,images/mendeley_pa/MENDE-PA-00506.jpg,Mendeley PA,8576,6,17,0.0769230769230769,1.0279787877272093,0.9895533233976506,0.980594279626622,0.04738450810058725
val:8577,val,mendeley_pa:image:MENDE-PA-00506,images/mendeley_pa/MENDE-PA-00506.jpg,Mendeley PA,8577,7,17,0.0769230769230769,1.0984340467043443,1.0462595960628303,1.0219371123742373,0.07649693433010696
val:8578,val,mendeley_pa:image:MENDE-PA-00506,images/mendeley_pa/MENDE-PA-00506.jpg,Mendeley PA,8578,8,17,0.0769230769230769,0.9672896038372758,0.9944318371896114,0.9761347628269758,0.008845158989699953
val:8579,val,mendeley_pa:image:MENDE-PA-00506,images/mendeley_pa/MENDE-PA-00506.jpg,Mendeley PA,8579,9,17,0.0769230769230769,0.9320836421397454,0.9600247720880092,0.9757897219312966,0.04370607979155128
val:8580,val,mendeley_pa:image:MENDE-PA-00506,images/mendeley_pa/MENDE-PA-00506.jpg,Mendeley PA,8580,10,17,0.0769230769230769,0.9611972347013232,1.0341069666361957,1.0225504334709197,0.06135319876959644
val:8581,val,mendeley_pa:image:MENDE-PA-00506,images/mendeley_pa/MENDE-PA-00506.jpg,Mendeley PA,8581,11,17,0.0769230769230769,1.1347024874482545,1.0,1.0219675563275814,0.11273493112067312
val:8582,val,mendeley_pa:image:MENDE-PA-00506,images/mendeley_pa/MENDE-PA-00506.jpg,Mendeley PA,8582,12,17,0.0769230769230769,0.938392664972914,1.0,1.018410723656416,0.08001805868350198
val:8583,val,mendeley_pa:image:MENDE-PA-00506,images/mendeley_pa/MENDE-PA-00506.jpg,Mendeley PA,8583,13,17,0.0769230769230769,0.8880880499695794,0.9613720598536624,1.0055584358888758,0.11747038591929648
val:8584,val,mendeley_pa:image:MENDE-PA-00506,images/mendeley_pa/MENDE-PA-00506.jpg,Mendeley PA,8584,14,17,0.0769230769230769,1.0698605351847679,1.0,1.0007888274849392,0.06907170769982862
val:8585,val,mendeley_pa:image:MENDE-PA-00506,images/mendeley_pa/MENDE-PA-00506.jpg,Mendeley PA,8585,15,17,0.0769230769230769,1.0035820118174412,1.0,0.9738326910883188,0.029749320729122397
val:8736,val,mendeley_pa:image:MENDE-PA-00518,images/mendeley_pa/MENDE-PA-00518.jpg,Mendeley PA,8736,3,17,0.0769230769230769,0.981884542989994,0.9861808179270763,1.046543659861042,0.06465911687104808
val:8737,val,mendeley_pa:image:MENDE-PA-00518,images/mendeley_pa/MENDE-PA-00518.jpg,Mendeley PA,8737,4,17,0.0769230769230769,0.9829336643161832,0.9999999999999998,1.0426573269069193,0.059723662590736026
val:8738,val,mendeley_pa:image:MENDE-PA-00518,images/mendeley_pa/MENDE-PA-00518.jpg,Mendeley PA,8738,5,17,0.0769230769230769,1.039604770990092,1.022669190254518,1.0388976109144177,0.0007071600756742846
val:8739,val,mendeley_pa:image:MENDE-PA-00518,images/mendeley_pa/MENDE-PA-00518.jpg,Mendeley PA,8739,6,17,0.0769230769230769,1.0424964660901201,0.9999999999999999,1.0142756029963493,0.02822086309377081
val:8740,val,mendeley_pa:image:MENDE-PA-00518,images/mendeley_pa/MENDE-PA-00518.jpg,Mendeley PA,8740,7,17,0.0769230769230769,0.9657425380798288,0.9999999999999999,1.0094018690288067,0.04365933094897789
val:8741,val,mendeley_pa:image:MENDE-PA-00518,images/mendeley_pa/MENDE-PA-00518.jpg,Mendeley PA,8741,8,17,0.0769230769230769,0.9697886880313025,0.9793657576518393,0.9773158784808851,0.00752719044958261
val:8742,val,mendeley_pa:image:MENDE-PA-00518,images/mendeley_pa/MENDE-PA-00518.jpg,Mendeley PA,8742,9,17,0.0769230769230769,1.0021581438666456,1.0,0.9921923293732107,0.009965814493434921
val:8743,val,mendeley_pa:image:MENDE-PA-00518,images/mendeley_pa/MENDE-PA-00518.jpg,Mendeley PA,8743,10,17,0.0769230769230769,0.9894151263914146,1.0,0.9797887522727251,0.009626374118689496
val:8744,val,mendeley_pa:image:MENDE-PA-00518,images/mendeley_pa/MENDE-PA-00518.jpg,Mendeley PA,8744,11,17,0.0769230769230769,1.0225292491511064,1.0,1.0043422947637737,0.018186954387332754
val:8745,val,mendeley_pa:image:MENDE-PA-00518,images/mendeley_pa/MENDE-PA-00518.jpg,Mendeley PA,8745,12,17,0.0769230769230769,0.9563838452225193,1.0243341561999044,0.9894431468691549,0.03305930164663562
val:8746,val,mendeley_pa:image:MENDE-PA-00518,images/mendeley_pa/MENDE-PA-00518.jpg,Mendeley PA,8746,13,17,0.0769230769230769,1.09754331831884,0.9999999999999999,1.0241478513926268,0.07339546692621335
val:8747,val,mendeley_pa:image:MENDE-PA-00518,images/mendeley_pa/MENDE-PA-00518.jpg,Mendeley PA,8747,14,17,0.0769230769230769,0.9753769779850788,1.0,0.9985082801431417,0.023131302158062916
val:8748,val,mendeley_pa:image:MENDE-PA-00518,images/mendeley_pa/MENDE-PA-00518.jpg,Mendeley PA,8748,15,17,0.0769230769230769,0.9817316006589845,1.016733309053442,1.0105856212643893,0.028854020605404873
val:8753,val,mendeley_pa:image:MENDE-PA-00519,images/mendeley_pa/MENDE-PA-00519.jpg,Mendeley PA,8753,3,17,0.0769230769230769,0.9576009509083816,1.0,1.0713124796748161,0.11371152876643453
val:8754,val,mendeley_pa:image:MENDE-PA-00519,images/mendeley_pa/MENDE-PA-00519.jpg,Mendeley PA,8754,4,17,0.0769230769230769,0.875322762958801,0.9532740908191588,0.9371480001584676,0.061825237199666594
val:8755,val,mendeley_pa:image:MENDE-PA-00519,images/mendeley_pa/MENDE-PA-00519.jpg,Mendeley PA,8755,5,17,0.0769230769230769,1.0640975352848696,1.041190913230817,1.029999411017339,0.03409812426753067
val:8756,val,mendeley_pa:image:MENDE-PA-00519,images/mendeley_pa/MENDE-PA-00519.jpg,Mendeley PA,8756,6,17,0.0769230769230769,1.0936716915468692,1.0,1.060129001736641,0.03354268981022823
val:8757,val,mendeley_pa:image:MENDE-PA-00519,images/mendeley_pa/MENDE-PA-00519.jpg,Mendeley PA,8757,7,17,0.0769230769230769,0.9323456564417691,1.0,1.0238912850618362,0.0915456286200671
val:8758,val,mendeley_pa:image:MENDE-PA-00519,images/mendeley_pa/MENDE-PA-00519.jpg,Mendeley PA,8758,8,17,0.0769230769230769,0.9143123331513587,0.9603225381441058,0.9812812430180253,0.06696890986666659
val:8759,val,mendeley_pa:image:MENDE-PA-00519,images/mendeley_pa/MENDE-PA-00519.jpg,Mendeley PA,8759,9,17,0.0769230769230769,1.048093116809241,1.0,1.020822435617447,0.02727068119179421
val:8760,val,mendeley_pa:image:MENDE-PA-00519,images/mendeley_pa/MENDE-PA-00519.jpg,Mendeley PA,8760,10,17,0.0769230769230769,0.9747209790258318,1.0,0.9912580791860819,0.016537100160250118
val:8761,val,mendeley_pa:image:MENDE-PA-00519,images/mendeley_pa/MENDE-PA-00519.jpg,Mendeley PA,8761,11,17,0.0769230769230769,1.0065214288389435,1.0,0.9792624060064554,0.027259022832488045
val:8762,val,mendeley_pa:image:MENDE-PA-00519,images/mendeley_pa/MENDE-PA-00519.jpg,Mendeley PA,8762,12,17,0.0769230769230769,1.0245972403162673,1.0000000000000002,0.9783103130757811,0.04628692724048622
val:8763,val,mendeley_pa:image:MENDE-PA-00519,images/mendeley_pa/MENDE-PA-00519.jpg,Mendeley PA,8763,13,17,0.0769230769230769,1.051509024724244,1.0827954397921762,1.0729570896749696,0.0214480649507256
val:8764,val,mendeley_pa:image:MENDE-PA-00519,images/mendeley_pa/MENDE-PA-00519.jpg,Mendeley PA,8764,14,17,0.0769230769230769,1.172430258308585,0.9977593732657225,1.0975159568371566,0.07491430147142841
val:8765,val,mendeley_pa:image:MENDE-PA-00519,images/mendeley_pa/MENDE-PA-00519.jpg,Mendeley PA,8765,15,17,0.0769230769230769,0.8014952734799192,0.9292838593814692,0.9385969854761085,0.13710171199618926
val:8784,val,mendeley_pa:image:MENDE-PA-00521,images/mendeley_pa/MENDE-PA-00521.jpg,Mendeley PA,8784,3,17,0.0769230769230769,0.9988051328190977,1.0,0.950443584471941,0.04836154834715667
val:8785,val,mendeley_pa:image:MENDE-PA-00521,images/mendeley_pa/MENDE-PA-00521.jpg,Mendeley PA,8785,4,17,0.0769230769230769,1.080681279416118,1.1121512859749365,1.1088480694374758,0.0281667900213578
val:8786,val,mendeley_pa:image:MENDE-PA-00521,images/mendeley_pa/MENDE-PA-00521.jpg,Mendeley PA,8786,5,17,0.0769230769230769,1.2182937663948632,0.9999999999999999,1.145822286605835,0.07247147978902824
val:8787,val,mendeley_pa:image:MENDE-PA-00521,images/mendeley_pa/MENDE-PA-00521.jpg,Mendeley PA,8787,6,17,0.0769230769230769,0.8914139583969329,1.0,0.9890209576115012,0.09760699921456828
val:8788,val,mendeley_pa:image:MENDE-PA-00521,images/mendeley_pa/MENDE-PA-00521.jpg,Mendeley PA,8788,7,17,0.0769230769230769,0.9460633791639764,1.0213126608613778,0.9430171990279008,0.0030461801360756047
val:8789,val,mendeley_pa:image:MENDE-PA-00521,images/mendeley_pa/MENDE-PA-00521.jpg,Mendeley PA,8789,8,17,0.0769230769230769,1.2234778248265687,0.9920356351844111,1.0742344785443583,0.14924334628221048
val:8790,val,mendeley_pa:image:MENDE-PA-00521,images/mendeley_pa/MENDE-PA-00521.jpg,Mendeley PA,8790,9,17,0.0769230769230769,0.8193409218534116,0.9999999999999998,0.9497237727046011,0.1303828508511895
val:8791,val,mendeley_pa:image:MENDE-PA-00521,images/mendeley_pa/MENDE-PA-00521.jpg,Mendeley PA,8791,10,17,0.0769230769230769,0.9659613504038481,0.9872884026218841,0.9911149861246983,0.025153635720850165
val:8792,val,mendeley_pa:image:MENDE-PA-00521,images/mendeley_pa/MENDE-PA-00521.jpg,Mendeley PA,8792,11,17,0.0769230769230769,1.1984720593897673,1.0,1.0523307919502258,0.14614126743954148
val:8793,val,mendeley_pa:image:MENDE-PA-00521,images/mendeley_pa/MENDE-PA-00521.jpg,Mendeley PA,8793,12,17,0.0769230769230769,0.8880938520803153,1.019357628657293,0.957065548284721,0.06897169620440569
val:8794,val,mendeley_pa:image:MENDE-PA-00521,images/mendeley_pa/MENDE-PA-00521.jpg,Mendeley PA,8794,13,17,0.0769230769230769,0.9459955293793179,0.9394385439288402,0.9710195657741809,0.02502403639486306
val:8795,val,mendeley_pa:image:MENDE-PA-00521,images/mendeley_pa/MENDE-PA-00521.jpg,Mendeley PA,8795,14,17,0.0769230769230769,1.043742811690013,1.0,0.9821629635989666,0.06157984809104633
val:8796,val,mendeley_pa:image:MENDE-PA-00521,images/mendeley_pa/MENDE-PA-00521.jpg,Mendeley PA,8796,15,17,0.0769230769230769,1.0119275201083096,1.1134119207860445,1.106688931293926,0.09476141118561654
val:8924,val,mendeley_pa:image:MENDE-PA-00532,images/mendeley_pa/MENDE-PA-00532.jpg,Mendeley PA,8924,3,17,0.0769230769230769,1.0917065166148454,0.9999999999999999,1.0305273216217756,0.061179194993069785
val:8925,val,mendeley_pa:image:MENDE-PA-00532,images/mendeley_pa/MENDE-PA-00532.jpg,Mendeley PA,8925,4,17,0.0769230769230769,0.8476606420579287,1.011303162450748,0.9704177251708084,0.1227570831128797
val:8926,val,mendeley_pa:image:MENDE-PA-00532,images/mendeley_pa/MENDE-PA-00532.jpg,Mendeley PA,8926,5,17,0.0769230769230769,1.0271332523636136,0.929210245090945,0.9425629176603987,0.08457033470321496
val:8927,val,mendeley_pa:image:MENDE-PA-00532,images/mendeley_pa/MENDE-PA-00532.jpg,Mendeley PA,8927,6,17,0.0769230769230769,1.0859617191354227,1.0935655197655416,1.094065829163008,0.008104110027585376
val:8928,val,mendeley_pa:image:MENDE-PA-00532,images/mendeley_pa/MENDE-PA-00532.jpg,Mendeley PA,8928,7,17,0.0769230769230769,0.980210729923736,0.8804581650717611,0.9571722858770246,0.023038444046711404
val:8929,val,mendeley_pa:image:MENDE-PA-00532,images/mendeley_pa/MENDE-PA-00532.jpg,Mendeley PA,8929,8,17,0.0769230769230769,0.7642908075615458,0.9957549084076089,0.9340661797770662,0.16977537221552041
val:8930,val,mendeley_pa:image:MENDE-PA-00532,images/mendeley_pa/MENDE-PA-00532.jpg,Mendeley PA,8930,9,17,0.0769230769230769,0.9783386449814654,0.9110238111370215,0.9167493290060171,0.061589315975448256
val:8931,val,mendeley_pa:image:MENDE-PA-00532,images/mendeley_pa/MENDE-PA-00532.jpg,Mendeley PA,8931,10,17,0.0769230769230769,1.139051769191917,1.0706508054682728,1.0556494814628479,0.08340228772906921
val:8932,val,mendeley_pa:image:MENDE-PA-00532,images/mendeley_pa/MENDE-PA-00532.jpg,Mendeley PA,8932,11,17,0.0769230769230769,1.1188144446465764,1.058282301450974,1.114048027123219,0.004766417523357491
val:8933,val,mendeley_pa:image:MENDE-PA-00532,images/mendeley_pa/MENDE-PA-00532.jpg,Mendeley PA,8933,12,17,0.0769230769230769,0.8854302094406475,0.8857731904484447,1.0618670072056469,0.17643679776499932
val:8934,val,mendeley_pa:image:MENDE-PA-00532,images/mendeley_pa/MENDE-PA-00532.jpg,Mendeley PA,8934,13,17,0.0769230769230769,0.783979379643623,0.967924794228223,1.0190632027102977,0.23508382306667475
val:8935,val,mendeley_pa:image:MENDE-PA-00532,images/mendeley_pa/MENDE-PA-00532.jpg,Mendeley PA,8935,14,17,0.0769230769230769,1.2005422576460498,1.037744304035035,1.194513341281739,0.006028916364310799
val:8936,val,mendeley_pa:image:MENDE-PA-00532,images/mendeley_pa/MENDE-PA-00532.jpg,Mendeley PA,8936,15,17,0.0769230769230769,1.0861039402649098,0.9752284377269093,1.0252315230123346,0.060872417252575195
val:8941,val,mendeley_pa:image:MENDE-PA-00533,images/mendeley_pa/MENDE-PA-00533.jpg,Mendeley PA,8941,3,17,0.0769230769230769,0.9499281298579814,1.0,0.9789569173008204,0.029028787442838988
val:8942,val,mendeley_pa:image:MENDE-PA-00533,images/mendeley_pa/MENDE-PA-00533.jpg,Mendeley PA,8942,4,17,0.0769230769230769,1.040793440890388,0.9520878743499437,0.9653370639428416,0.07545637694754648
val:8943,val,mendeley_pa:image:MENDE-PA-00533,images/mendeley_pa/MENDE-PA-00533.jpg,Mendeley PA,8943,5,17,0.0769230769230769,0.8789663854899128,1.0,0.9415237307548523,0.0625573452649395
val:8944,val,mendeley_pa:image:MENDE-PA-00533,images/mendeley_pa/MENDE-PA-00533.jpg,Mendeley PA,8944,6,17,0.0769230769230769,0.9836818968162385,1.0036631556181161,0.9822021884797065,0.001479708336531993
val:8945,val,mendeley_pa:image:MENDE-PA-00533,images/mendeley_pa/MENDE-PA-00533.jpg,Mendeley PA,8945,7,17,0.0769230769230769,1.1876501726245392,1.0418780658248832,1.0579315133247544,0.12971865929978477
val:8946,val,mendeley_pa:image:MENDE-PA-00533,images/mendeley_pa/MENDE-PA-00533.jpg,Mendeley PA,8946,8,17,0.0769230769230769,1.0216979939990434,1.0380169229597525,0.9681242184729055,0.053573775526137846
val:8947,val,mendeley_pa:image:MENDE-PA-00533,images/mendeley_pa/MENDE-PA-00533.jpg,Mendeley PA,8947,9,17,0.0769230769230769,0.8962507746941865,0.9770454311270962,0.9981655193020353,0.10191474460784888
val:8948,val,mendeley_pa:image:MENDE-PA-00533,images/mendeley_pa/MENDE-PA-00533.jpg,Mendeley PA,8948,10,17,0.0769230769230769,0.9863009486758363,0.9617542968940088,1.0343219088267634,0.04802096015092716
val:8949,val,mendeley_pa:image:MENDE-PA-00533,images/mendeley_pa/MENDE-PA-00533.jpg,Mendeley PA,8949,11,17,0.0769230769230769,0.921983688331222,1.0,0.9979387018829584,0.0759550135517364
val:8950,val,mendeley_pa:image:MENDE-PA-00533,images/mendeley_pa/MENDE-PA-00533.jpg,Mendeley PA,8950,12,17,0.0769230769230769,1.04676655008429,1.0,0.9932702030055225,0.05349634707876749
val:8951,val,mendeley_pa:image:MENDE-PA-00533,images/mendeley_pa/MENDE-PA-00533.jpg,Mendeley PA,8951,13,17,0.0769230769230769,1.0661462027734703,1.0902187735613862,1.048164012360243,0.01798219041322735
val:8952,val,mendeley_pa:image:MENDE-PA-00533,images/mendeley_pa/MENDE-PA-00533.jpg,Mendeley PA,8952,14,17,0.0769230769230769,1.1940743051131908,1.039891480381944,0.9783650775508663,0.21570922756232447
val:8953,val,mendeley_pa:image:MENDE-PA-00533,images/mendeley_pa/MENDE-PA-00533.jpg,Mendeley PA,8953,15,17,0.0769230769230769,0.9971442155467265,1.0629233136270733,0.968755961904356,0.02838825364237052
val:9035,val,mendeley_pa:image:MENDE-PA-00541,images/mendeley_pa/MENDE-PA-00541.jpg,Mendeley PA,9035,3,17,0.0769230769230769,0.9558056120210351,1.0,0.9987917909165844,0.04298617889554934
val:9036,val,mendeley_pa:image:MENDE-PA-00541,images/mendeley_pa/MENDE-PA-00541.jpg,Mendeley PA,9036,4,17,0.0769230769230769,1.0283924258875268,1.146466804733488,1.1378961215447516,0.10950369565722484
val:9037,val,mendeley_pa:image:MENDE-PA-00541,images/mendeley_pa/MENDE-PA-00541.jpg,Mendeley PA,9037,5,17,0.0769230769230769,1.2998700516222033,1.0,1.1376173347234726,0.16225271689873066
val:9038,val,mendeley_pa:image:MENDE-PA-00541,images/mendeley_pa/MENDE-PA-00541.jpg,Mendeley PA,9038,6,17,0.0769230769230769,0.9233736714607036,1.1134156517368985,1.0505819104296399,0.1272082389689363
val:9039,val,mendeley_pa:image:MENDE-PA-00541,images/mendeley_pa/MENDE-PA-00541.jpg,Mendeley PA,9039,7,17,0.0769230769230769,0.9587036188670763,0.8841286411025238,0.9309595560171318,0.027744062849944573
val:9040,val,mendeley_pa:image:MENDE-PA-00541,images/mendeley_pa/MENDE-PA-00541.jpg,Mendeley PA,9040,8,17,0.0769230769230769,0.8840341277953737,1.0,0.9612328000366688,0.07719867224129506
val:9041,val,mendeley_pa:image:MENDE-PA-00541,images/mendeley_pa/MENDE-PA-00541.jpg,Mendeley PA,9041,9,17,0.0769230769230769,1.0731345513881156,1.0186363590537293,0.9957837929605229,0.07735075842759276
val:9042,val,mendeley_pa:image:MENDE-PA-00541,images/mendeley_pa/MENDE-PA-00541.jpg,Mendeley PA,9042,10,17,0.0769230769230769,1.1461963629961254,1.0653099109727509,1.0277155590552456,0.11848080394087979
val:9043,val,mendeley_pa:image:MENDE-PA-00541,images/mendeley_pa/MENDE-PA-00541.jpg,Mendeley PA,9043,11,17,0.0769230769230769,1.0270764297776953,1.0133775285712774,1.0210927500657137,0.00598367971198166
val:9044,val,mendeley_pa:image:MENDE-PA-00541,images/mendeley_pa/MENDE-PA-00541.jpg,Mendeley PA,9044,12,17,0.0769230769230769,0.9206144050405012,1.0,1.008728307671845,0.08811390263134378
val:9045,val,mendeley_pa:image:MENDE-PA-00541,images/mendeley_pa/MENDE-PA-00541.jpg,Mendeley PA,9045,13,17,0.0769230769230769,1.0406087817351406,0.9894146372026884,0.9964684850930356,0.04414029664210495
val:9046,val,mendeley_pa:image:MENDE-PA-00541,images/mendeley_pa/MENDE-PA-00541.jpg,Mendeley PA,9046,14,17,0.0769230769230769,0.9868306483525406,1.0243050778411522,1.004419221182932,0.01758857283039128
val:9047,val,mendeley_pa:image:MENDE-PA-00541,images/mendeley_pa/MENDE-PA-00541.jpg,Mendeley PA,9047,15,17,0.0769230769230769,1.0167847109811783,0.9821005728200469,1.0526094999269042,0.03582478894572594
val:9253,val,mendeley_pa:image:MENDE-PA-00555,images/mendeley_pa/MENDE-PA-00555.jpg,Mendeley PA,9253,3,17,0.0769230769230769,0.8772083266430071,1.0084342116654454,1.0264282578766881,0.14921993123368105
val:9254,val,mendeley_pa:image:MENDE-PA-00555,images/mendeley_pa/MENDE-PA-00555.jpg,Mendeley PA,9254,4,17,0.0769230769230769,0.9636669930615289,0.9223191819748493,1.0573040328583332,0.09363703979680427
val:9255,val,mendeley_pa:image:MENDE-PA-00555,images/mendeley_pa/MENDE-PA-00555.jpg,Mendeley PA,9255,5,17,0.0769230769230769,0.9117173799759737,1.0,1.0499872975051403,0.13826991752916662
val:9256,val,mendeley_pa:image:MENDE-PA-00555,images/mendeley_pa/MENDE-PA-00555.jpg,Mendeley PA,9256,6,17,0.0769230769230769,1.0801749608675972,1.0233816076922717,0.9713215400386157,0.10885342082898153
val:9257,val,mendeley_pa:image:MENDE-PA-00555,images/mendeley_pa/MENDE-PA-00555.jpg,Mendeley PA,9257,7,17,0.0769230769230769,1.0563074891290631,0.9999999999999998,0.9934762315824626,0.06283125754660057
val:9258,val,mendeley_pa:image:MENDE-PA-00555,images/mendeley_pa/MENDE-PA-00555.jpg,Mendeley PA,9258,8,17,0.0769230769230769,0.9906009122277487,1.0130677231729406,1.0321229257762807,0.04152201354853202
val:9259,val,mendeley_pa:image:MENDE-PA-00555,images/mendeley_pa/MENDE-PA-00555.jpg,Mendeley PA,9259,9,17,0.0769230769230769,0.9750144061316443,0.9795273672691026,0.9868169468729237,0.0118025407412794
val:9260,val,mendeley_pa:image:MENDE-PA-00555,images/mendeley_pa/MENDE-PA-00555.jpg,Mendeley PA,9260,10,17,0.0769230769230769,0.9383529704280575,1.0,0.9869035966694355,0.04855062624137796
val:9261,val,mendeley_pa:image:MENDE-PA-00555,images/mendeley_pa/MENDE-PA-00555.jpg,Mendeley PA,9261,11,17,0.0769230769230769,1.0428491626501704,0.9999999999999998,1.0417717210948465,0.0010774415553238548
val:9262,val,mendeley_pa:image:MENDE-PA-00555,images/mendeley_pa/MENDE-PA-00555.jpg,Mendeley PA,9262,12,17,0.0769230769230769,0.9251033413472717,1.0031725990349378,0.9645979220742311,0.03949458072695944
val:9263,val,mendeley_pa:image:MENDE-PA-00555,images/mendeley_pa/MENDE-PA-00555.jpg,Mendeley PA,9263,13,17,0.0769230769230769,1.1023952440726856,1.0034407557860743,1.0180120481119286,0.08438319596075705
val:9264,val,mendeley_pa:image:MENDE-PA-00555,images/mendeley_pa/MENDE-PA-00555.jpg,Mendeley PA,9264,14,17,0.0769230769230769,1.0002896792149092,1.0000000000000002,0.9603893123567107,0.03990036685819853
val:9265,val,mendeley_pa:image:MENDE-PA-00555,images/mendeley_pa/MENDE-PA-00555.jpg,Mendeley PA,9265,15,17,0.0769230769230769,0.9908986779416247,1.0160136462809766,0.9788035021784032,0.0120951757632215
val:9287,val,mendeley_pa:image:MENDE-PA-00557,images/mendeley_pa/MENDE-PA-00557.jpg,Mendeley PA,9287,3,17,0.0769230769230769,0.8697689930811263,1.1195924769324117,1.0065371881407552,0.1367681950596289
val:9288,val,mendeley_pa:image:MENDE-PA-00557,images/mendeley_pa/MENDE-PA-00557.jpg,Mendeley PA,9288,4,17,0.0769230769230769,1.2757896918333589,1.0,1.0325156785547733,0.24327401327858555
val:9289,val,mendeley_pa:image:MENDE-PA-00557,images/mendeley_pa/MENDE-PA-00557.jpg,Mendeley PA,9289,5,17,0.0769230769230769,1.0280555589033493,1.1272474358444478,1.2432050834064747,0.2151495245031254
val:9290,val,mendeley_pa:image:MENDE-PA-00557,images/mendeley_pa/MENDE-PA-00557.jpg,Mendeley PA,9290,6,17,0.0769230769230769,0.862780104700615,0.9149575389383948,1.0304005152939475,0.16762041059333255
val:9291,val,mendeley_pa:image:MENDE-PA-00557,images/mendeley_pa/MENDE-PA-00557.jpg,Mendeley PA,9291,7,17,0.0769230769230769,0.9141059071227364,0.9877956494553476,1.020999318347731,0.10689341122499463
val:9292,val,mendeley_pa:image:MENDE-PA-00557,images/mendeley_pa/MENDE-PA-00557.jpg,Mendeley PA,9292,8,17,0.0769230769230769,1.1182062186882233,1.0000000000000002,1.0475848577916624,0.0706213608965609
val:9293,val,mendeley_pa:image:MENDE-PA-00557,images/mendeley_pa/MENDE-PA-00557.jpg,Mendeley PA,9293,9,17,0.0769230769230769,0.8858860072957935,1.0000000000000002,0.9802291151136162,0.09434310781782274
val:9294,val,mendeley_pa:image:MENDE-PA-00557,images/mendeley_pa/MENDE-PA-00557.jpg,Mendeley PA,9294,10,17,0.0769230769230769,1.0111054361131404,0.9774837262216605,0.962526856105367,0.048578580007773375
val:9295,val,mendeley_pa:image:MENDE-PA-00557,images/mendeley_pa/MENDE-PA-00557.jpg,Mendeley PA,9295,11,17,0.0769230769230769,1.009446481264744,1.0,1.0129849398508668,0.0035384585861228945
val:9296,val,mendeley_pa:image:MENDE-PA-00557,images/mendeley_pa/MENDE-PA-00557.jpg,Mendeley PA,9296,12,17,0.0769230769230769,1.0846829311591337,1.0716100584580106,1.0570908093689484,0.02759212179018533
val:9297,val,mendeley_pa:image:MENDE-PA-00557,images/mendeley_pa/MENDE-PA-00557.jpg,Mendeley PA,9297,13,17,0.0769230769230769,1.133846533611051,1.0376546739270818,1.06654724689628,0.06729928671477103
val:9298,val,mendeley_pa:image:MENDE-PA-00557,images/mendeley_pa/MENDE-PA-00557.jpg,Mendeley PA,9298,14,17,0.0769230769230769,0.8930477890205957,0.9548554427211107,0.9526005093694598,0.05955272034886416
val:9299,val,mendeley_pa:image:MENDE-PA-00557,images/mendeley_pa/MENDE-PA-00557.jpg,Mendeley PA,9299,15,17,0.0769230769230769,0.9268448445249138,1.0594034301950406,1.1471608015610646,0.2203159570361508
val:9573,val,mendeley_pa:image:MENDE-PA-00581,images/mendeley_pa/MENDE-PA-00581.jpg,Mendeley PA,9573,3,17,0.0769230769230769,1.1229654990222242,1.0,1.0469684079289436,0.07599709109328057
val:9574,val,mendeley_pa:image:MENDE-PA-00581,images/mendeley_pa/MENDE-PA-00581.jpg,Mendeley PA,9574,4,17,0.0769230769230769,0.8080290585635075,1.0320821343838662,0.9296831949531525,0.12165413638964506
val:9575,val,mendeley_pa:image:MENDE-PA-00581,images/mendeley_pa/MENDE-PA-00581.jpg,Mendeley PA,9575,5,17,0.0769230769230769,1.24787473458777,1.0299714684955914,1.1190868273846943,0.12878790720307576
val:9576,val,mendeley_pa:image:MENDE-PA-00581,images/mendeley_pa/MENDE-PA-00581.jpg,Mendeley PA,9576,6,17,0.0769230769230769,1.1364042918906443,1.081732882177463,1.093590010879567,0.042814281011077204
val:9577,val,mendeley_pa:image:MENDE-PA-00581,images/mendeley_pa/MENDE-PA-00581.jpg,Mendeley PA,9577,7,17,0.0769230769230769,0.8814974118797787,0.9999999999999999,0.9322121292352675,0.050714717355488825
val:9578,val,mendeley_pa:image:MENDE-PA-00581,images/mendeley_pa/MENDE-PA-00581.jpg,Mendeley PA,9578,8,17,0.0769230769230769,0.9611274115761261,0.9182866793515478,0.9710513819398676,0.009923970363741486
val:9579,val,mendeley_pa:image:MENDE-PA-00581,images/mendeley_pa/MENDE-PA-00581.jpg,Mendeley PA,9579,9,17,0.0769230769230769,0.9305940245080844,1.0150120963127374,1.036380251568651,0.10578622706056673
val:9580,val,mendeley_pa:image:MENDE-PA-00581,images/mendeley_pa/MENDE-PA-00581.jpg,Mendeley PA,9580,10,17,0.0769230769230769,1.0888339728629384,0.9947019023727737,0.9770251223724447,0.11180885049049372
val:9581,val,mendeley_pa:image:MENDE-PA-00581,images/mendeley_pa/MENDE-PA-00581.jpg,Mendeley PA,9581,11,17,0.0769230769230769,0.9099499384726499,1.0,0.9649207964539528,0.054970857981302856
val:9582,val,mendeley_pa:image:MENDE-PA-00581,images/mendeley_pa/MENDE-PA-00581.jpg,Mendeley PA,9582,12,17,0.0769230769230769,1.0409811755930183,0.9873805237421527,1.02161247706504,0.01936869852797818
val:9583,val,mendeley_pa:image:MENDE-PA-00581,images/mendeley_pa/MENDE-PA-00581.jpg,Mendeley PA,9583,13,17,0.0769230769230769,0.978708443810244,1.0,1.0058003184385598,0.02709187462831575
val:9584,val,mendeley_pa:image:MENDE-PA-00581,images/mendeley_pa/MENDE-PA-00581.jpg,Mendeley PA,9584,14,17,0.0769230769230769,1.040642816212207,1.0175883643561328,0.9734399751060927,0.0672028411061143
val:9585,val,mendeley_pa:image:MENDE-PA-00581,images/mendeley_pa/MENDE-PA-00581.jpg,Mendeley PA,9585,15,17,0.0769230769230769,1.046890649696643,1.0130269571538155,0.9971726338709777,0.049718015825665374
val:9590,val,mendeley_pa:image:MENDE-PA-00582,images/mendeley_pa/MENDE-PA-00582.jpg,Mendeley PA,9590,3,17,0.0769230769230769,0.9753839262043742,1.0182287857997765,0.9491435379851212,0.026240388219253008
val:9591,val,mendeley_pa:image:MENDE-PA-00582,images/mendeley_pa/MENDE-PA-00582.jpg,Mendeley PA,9591,4,17,0.0769230769230769,1.0746972714884753,1.0166092978237407,1.0233527880540327,0.051344483434442534
val:9592,val,mendeley_pa:image:MENDE-PA-00582,images/mendeley_pa/MENDE-PA-00582.jpg,Mendeley PA,9592,5,17,0.0769230769230769,1.0021834391758455,0.9996842616560403,1.0120814587312283,0.009898019555382831
val:9593,val,mendeley_pa:image:MENDE-PA-00582,images/mendeley_pa/MENDE-PA-00582.jpg,Mendeley PA,9593,6,17,0.0769230769230769,0.9334587696547415,1.013937796042792,0.9753468283876101,0.041888058732868605
val:9594,val,mendeley_pa:image:MENDE-PA-00582,images/mendeley_pa/MENDE-PA-00582.jpg,Mendeley PA,9594,7,17,0.0769230769230769,1.1062650814357835,1.0097731474615812,1.0062189343679875,0.10004614706779602
val:9595,val,mendeley_pa:image:MENDE-PA-00582,images/mendeley_pa/MENDE-PA-00582.jpg,Mendeley PA,9595,8,17,0.0769230769230769,1.0778402563293539,1.0390301430835143,1.0477852691202179,0.03005498720913602
val:9596,val,mendeley_pa:image:MENDE-PA-00582,images/mendeley_pa/MENDE-PA-00582.jpg,Mendeley PA,9596,9,17,0.0769230769230769,0.8739673139400135,0.967501767299449,0.9599932039560135,0.08602589001600003
val:9597,val,mendeley_pa:image:MENDE-PA-00582,images/mendeley_pa/MENDE-PA-00582.jpg,Mendeley PA,9597,10,17,0.0769230769230769,0.9242640893988621,0.9316139343699888,0.9507885045877175,0.0265244151888554
val:9598,val,mendeley_pa:image:MENDE-PA-00582,images/mendeley_pa/MENDE-PA-00582.jpg,Mendeley PA,9598,11,17,0.0769230769230769,0.9956369551404587,1.0,0.9989413754083216,0.0033044202678629286
val:9599,val,mendeley_pa:image:MENDE-PA-00582,images/mendeley_pa/MENDE-PA-00582.jpg,Mendeley PA,9599,12,17,0.0769230769230769,1.0230611476146931,1.0,1.0166558660566807,0.0064052815580124545
val:9600,val,mendeley_pa:image:MENDE-PA-00582,images/mendeley_pa/MENDE-PA-00582.jpg,Mendeley PA,9600,13,17,0.0769230769230769,0.9719534980442619,1.0,0.9750131275504827,0.003059629506220851
val:9601,val,mendeley_pa:image:MENDE-PA-00582,images/mendeley_pa/MENDE-PA-00582.jpg,Mendeley PA,9601,14,17,0.0769230769230769,1.0321183800765628,1.0160414164819698,0.9781780464508514,0.05394033362571138
val:9602,val,mendeley_pa:image:MENDE-PA-00582,images/mendeley_pa/MENDE-PA-00582.jpg,Mendeley PA,9602,15,17,0.0769230769230769,1.0373427587366082,0.9999999999999998,1.0045989165082572,0.03274384222835103
val:9637,val,mendeley_pa:image:MENDE-PA-00585,images/mendeley_pa/MENDE-PA-00585.jpg,Mendeley PA,9637,3,17,0.0769230769230769,0.9493094287624729,1.0000000000000002,0.9663266651332381,0.017017236370765132
val:9638,val,mendeley_pa:image:MENDE-PA-00585,images/mendeley_pa/MENDE-PA-00585.jpg,Mendeley PA,9638,4,17,0.0769230769230769,1.003150733964322,0.994442137965351,0.9874342643482383,0.01571646961608364
val:9639,val,mendeley_pa:image:MENDE-PA-00585,images/mendeley_pa/MENDE-PA-00585.jpg,Mendeley PA,9639,5,17,0.0769230769230769,1.1174327890801767,1.1335254248687932,1.06413328018877,0.05329950889140678
val:9640,val,mendeley_pa:image:MENDE-PA-00585,images/mendeley_pa/MENDE-PA-00585.jpg,Mendeley PA,9640,6,17,0.0769230769230769,1.1604839264759437,0.983148320956422,1.0255601363315117,0.134923790144432
val:9641,val,mendeley_pa:image:MENDE-PA-00585,images/mendeley_pa/MENDE-PA-00585.jpg,Mendeley PA,9641,7,17,0.0769230769230769,0.8146520677771953,0.9756961915582528,0.8789862323492875,0.06433416457209218
val:9642,val,mendeley_pa:image:MENDE-PA-00585,images/mendeley_pa/MENDE-PA-00585.jpg,Mendeley PA,9642,8,17,0.0769230769230769,0.9082868360391114,0.9360389801810369,0.9336640969055578,0.025377260866446427
val:9643,val,mendeley_pa:image:MENDE-PA-00585,images/mendeley_pa/MENDE-PA-00585.jpg,Mendeley PA,9643,9,17,0.0769230769230769,1.1343885508611393,1.0,1.0246642250567675,0.10972432580437186
val:9644,val,mendeley_pa:image:MENDE-PA-00585,images/mendeley_pa/MENDE-PA-00585.jpg,Mendeley PA,9644,10,17,0.0769230769230769,0.8891504604386136,1.0,0.9235198944807053,0.034369434042091696
val:9645,val,mendeley_pa:image:MENDE-PA-00585,images/mendeley_pa/MENDE-PA-00585.jpg,Mendeley PA,9645,11,17,0.0769230769230769,0.9794055417450418,0.953924182096554,0.9267709043268693,0.052634637418172536
val:9646,val,mendeley_pa:image:MENDE-PA-00585,images/mendeley_pa/MENDE-PA-00585.jpg,Mendeley PA,9646,12,17,0.0769230769230769,1.0317909722548853,1.0060220561046669,0.9885717979688713,0.04321917428601396
val:9647,val,mendeley_pa:image:MENDE-PA-00585,images/mendeley_pa/MENDE-PA-00585.jpg,Mendeley PA,9647,13,17,0.0769230769230769,1.0145022707694198,1.0,1.0205764640122652,0.006074193242845416
val:9648,val,mendeley_pa:image:MENDE-PA-00585,images/mendeley_pa/MENDE-PA-00585.jpg,Mendeley PA,9648,14,17,0.0769230769230769,0.9507813277870155,1.0,0.9993285006494261,0.048547172862410615
val:9649,val,mendeley_pa:image:MENDE-PA-00585,images/mendeley_pa/MENDE-PA-00585.jpg,Mendeley PA,9649,15,17,0.0769230769230769,0.990769347603793,1.043805952480886,1.0020499483858085,0.011280600782015537
val:10209,val,mendeley_pa:image:MENDE-PA-00637,images/mendeley_pa/MENDE-PA-00637.jpg,Mendeley PA,10209,3,17,0.0769230769230769,1.3045400493045085,1.0000000000000002,1.084039591252804,0.22050045805170448
val:10210,val,mendeley_pa:image:MENDE-PA-00637,images/mendeley_pa/MENDE-PA-00637.jpg,Mendeley PA,10210,4,17,0.0769230769230769,0.7382519740732536,1.0,0.9422295019030571,0.2039775278298035
val:10211,val,mendeley_pa:image:MENDE-PA-00637,images/mendeley_pa/MENDE-PA-00637.jpg,Mendeley PA,10211,5,17,0.0769230769230769,1.0706670643350886,0.9519271270585734,0.9714633298320252,0.09920373450306341
val:10212,val,mendeley_pa:image:MENDE-PA-00637,images/mendeley_pa/MENDE-PA-00637.jpg,Mendeley PA,10212,6,17,0.0769230769230769,1.2484526785178884,1.1202095661085216,1.1036092888336746,0.14484338968421384
val:10213,val,mendeley_pa:image:MENDE-PA-00637,images/mendeley_pa/MENDE-PA-00637.jpg,Mendeley PA,10213,7,17,0.0769230769230769,0.9584725297624022,1.0209910268179725,1.048199181839044,0.08972665207664177
val:10214,val,mendeley_pa:image:MENDE-PA-00637,images/mendeley_pa/MENDE-PA-00637.jpg,Mendeley PA,10214,8,17,0.0769230769230769,0.8690536902096972,0.9032188736078568,1.0105324767706223,0.14147878656092505
val:10215,val,mendeley_pa:image:MENDE-PA-00637,images/mendeley_pa/MENDE-PA-00637.jpg,Mendeley PA,10215,9,17,0.0769230769230769,0.9118617653142311,1.0132507943419773,1.045478738924678,0.1336169736104469
val:10216,val,mendeley_pa:image:MENDE-PA-00637,images/mendeley_pa/MENDE-PA-00637.jpg,Mendeley PA,10216,10,17,0.0769230769230769,1.1560287385358217,1.0,1.0159186609089375,0.1401100776268842
val:10217,val,mendeley_pa:image:MENDE-PA-00637,images/mendeley_pa/MENDE-PA-00637.jpg,Mendeley PA,10217,11,17,0.0769230769230769,0.856000796299796,0.9999999999999998,0.9651694670319555,0.10916867073215952
val:10218,val,mendeley_pa:image:MENDE-PA-00637,images/mendeley_pa/MENDE-PA-00637.jpg,Mendeley PA,10218,12,17,0.0769230769230769,1.0503391519837648,0.9592279623190734,1.0229767988364074,0.027362353147357465
val:10219,val,mendeley_pa:image:MENDE-PA-00637,images/mendeley_pa/MENDE-PA-00637.jpg,Mendeley PA,10219,13,17,0.0769230769230769,0.9862517139158089,1.0,1.0168459545820951,0.030594240666286243
val:10220,val,mendeley_pa:image:MENDE-PA-00637,images/mendeley_pa/MENDE-PA-00637.jpg,Mendeley PA,10220,14,17,0.0769230769230769,0.9390078117540619,1.0,0.9970603003166616,0.0580524885625997
val:10221,val,mendeley_pa:image:MENDE-PA-00637,images/mendeley_pa/MENDE-PA-00637.jpg,Mendeley PA,10221,15,17,0.0769230769230769,1.0306558961929821,1.0,1.00404888484627,0.02660701134671206
val:10293,val,mendeley_pa:image:MENDE-PA-00644,images/mendeley_pa/MENDE-PA-00644.jpg,Mendeley PA,10293,3,17,0.0769230769230769,0.9130723855539005,1.0194186852388412,0.9576110118143588,0.04453862626045835
val:10294,val,mendeley_pa:image:MENDE-PA-00644,images/mendeley_pa/MENDE-PA-00644.jpg,Mendeley PA,10294,4,17,0.0769230769230769,1.0172782591287968,0.9777360729591638,0.9784775912945807,0.038800667834216096
val:10295,val,mendeley_pa:image:MENDE-PA-00644,images/mendeley_pa/MENDE-PA-00644.jpg,Mendeley PA,10295,5,17,0.0769230769230769,1.026988905772983,0.9999999999999998,1.0200231857597826,0.006965720013200505
val:10296,val,mendeley_pa:image:MENDE-PA-00644,images/mendeley_pa/MENDE-PA-00644.jpg,Mendeley PA,10296,6,17,0.0769230769230769,0.8975797286368181,1.0,0.9930950682610273,0.09551533962420922
val:10297,val,mendeley_pa:image:MENDE-PA-00644,images/mendeley_pa/MENDE-PA-00644.jpg,Mendeley PA,10297,7,17,0.0769230769230769,1.0504974243966565,0.9783882218511228,1.004557751035822,0.0459396733608346
val:10298,val,mendeley_pa:image:MENDE-PA-00644,images/mendeley_pa/MENDE-PA-00644.jpg,Mendeley PA,10298,8,17,0.0769230769230769,0.9987926755923511,0.9999999999999999,0.9709787666797637,0.027813908912587393
val:10299,val,mendeley_pa:image:MENDE-PA-00644,images/mendeley_pa/MENDE-PA-00644.jpg,Mendeley PA,10299,9,17,0.0769230769230769,1.0129907334373345,1.0550205751166675,0.9887071891532275,0.02428354428410695
val:10300,val,mendeley_pa:image:MENDE-PA-00644,images/mendeley_pa/MENDE-PA-00644.jpg,Mendeley PA,10300,10,17,0.0769230769230769,1.1141975692596016,1.0085735762318007,1.0024746492331258,0.11172292002647577
val:10301,val,mendeley_pa:image:MENDE-PA-00644,images/mendeley_pa/MENDE-PA-00644.jpg,Mendeley PA,10301,11,17,0.0769230769230769,0.9441161534718447,0.9703133638892656,0.9454023942295795,0.0012862407577347579
val:10302,val,mendeley_pa:image:MENDE-PA-00644,images/mendeley_pa/MENDE-PA-00644.jpg,Mendeley PA,10302,12,17,0.0769230769230769,0.847116725236343,0.9509298749820959,0.9267481513874304,0.07963142615108743
val:10303,val,mendeley_pa:image:MENDE-PA-00644,images/mendeley_pa/MENDE-PA-00644.jpg,Mendeley PA,10303,13,17,0.0769230769230769,0.9932785379684115,0.9760931486538418,1.0246482136002548,0.03136967563184334
val:10304,val,mendeley_pa:image:MENDE-PA-00644,images/mendeley_pa/MENDE-PA-00644.jpg,Mendeley PA,10304,14,17,0.0769230769230769,1.0242109933495038,0.9999999999999999,1.0064976322464645,0.017713361103039338
val:10305,val,mendeley_pa:image:MENDE-PA-00644,images/mendeley_pa/MENDE-PA-00644.jpg,Mendeley PA,10305,15,17,0.0769230769230769,1.0135531356954215,1.0000000000000002,1.0013087808620187,0.012244354833402804
val:10434,val,mendeley_pa:image:MENDE-PA-00657,images/mendeley_pa/MENDE-PA-00657.jpg,Mendeley PA,10434,3,17,0.0769230769230769,1.0354618681652377,0.9632489659894294,1.0122204550612754,0.023241413103962216
val:10435,val,mendeley_pa:image:MENDE-PA-00657,images/mendeley_pa/MENDE-PA-00657.jpg,Mendeley PA,10435,4,17,0.0769230769230769,0.9035705840015569,1.0490032968740863,1.0128748913925094,0.10930430739095254
val:10436,val,mendeley_pa:image:MENDE-PA-00657,images/mendeley_pa/MENDE-PA-00657.jpg,Mendeley PA,10436,5,17,0.0769230769230769,1.127586876266855,0.9665754332601197,1.025695186799682,0.10189168946717309
val:10437,val,mendeley_pa:image:MENDE-PA-00657,images/mendeley_pa/MENDE-PA-00657.jpg,Mendeley PA,10437,6,17,0.0769230769230769,0.9946515503696345,1.0427312362691894,1.0290213865912095,0.03436983622157497
val:10438,val,mendeley_pa:image:MENDE-PA-00657,images/mendeley_pa/MENDE-PA-00657.jpg,Mendeley PA,10438,7,17,0.0769230769230769,0.9968657438478704,1.0,0.9641658402979374,0.03269990354993302
val:10439,val,mendeley_pa:image:MENDE-PA-00657,images/mendeley_pa/MENDE-PA-00657.jpg,Mendeley PA,10439,8,17,0.0769230769230769,1.0391294100387807,1.000764786308645,1.0272771856244791,0.01185222441430156
val:10440,val,mendeley_pa:image:MENDE-PA-00657,images/mendeley_pa/MENDE-PA-00657.jpg,Mendeley PA,10440,9,17,0.0769230769230769,0.9519999848916412,0.9757844434952896,0.9694991555898052,0.01749917069816398
val:10441,val,mendeley_pa:image:MENDE-PA-00657,images/mendeley_pa/MENDE-PA-00657.jpg,Mendeley PA,10441,10,17,0.0769230769230769,0.949364339960945,0.988134810837318,1.0011502487085358,0.0517859087475907
val:10442,val,mendeley_pa:image:MENDE-PA-00657,images/mendeley_pa/MENDE-PA-00657.jpg,Mendeley PA,10442,11,17,0.0769230769230769,1.0257348552552312,0.9897042570836099,1.0747167675025018,0.048981912247270554
val:10443,val,mendeley_pa:image:MENDE-PA-00657,images/mendeley_pa/MENDE-PA-00657.jpg,Mendeley PA,10443,12,17,0.0769230769230769,0.8964591158115736,1.0316192666843267,0.9986924166634412,0.10223330085186766
val:10444,val,mendeley_pa:image:MENDE-PA-00657,images/mendeley_pa/MENDE-PA-00657.jpg,Mendeley PA,10444,13,17,0.0769230769230769,1.1546931102150049,0.9939568463289626,1.0288902718150505,0.12580283839995432
val:10445,val,mendeley_pa:image:MENDE-PA-00657,images/mendeley_pa/MENDE-PA-00657.jpg,Mendeley PA,10445,14,17,0.0769230769230769,0.942299135785195,1.0,0.9768753182142973,0.03457618242910232
val:10446,val,mendeley_pa:image:MENDE-PA-00657,images/mendeley_pa/MENDE-PA-00657.jpg,Mendeley PA,10446,15,17,0.0769230769230769,0.9635482936609514,0.9889450311802501,0.9921662477918143,0.028617954130862877
val:10525,val,mendeley_pa:image:MENDE-PA-00664,images/mendeley_pa/MENDE-PA-00664.jpg,Mendeley PA,10525,3,17,0.0769230769230769,0.9391410478617186,1.0,0.9186815768480301,0.0204594710136885
val:10526,val,mendeley_pa:image:MENDE-PA-00664,images/mendeley_pa/MENDE-PA-00664.jpg,Mendeley PA,10526,4,17,0.0769230769230769,0.9957509913355613,0.9707216300650747,0.9194718428536566,0.07627914848190476
val:10527,val,mendeley_pa:image:MENDE-PA-00664,images/mendeley_pa/MENDE-PA-00664.jpg,Mendeley PA,10527,5,17,0.0769230769230769,0.9964671937519786,1.0,0.9686501733958721,0.027817020356106448
val:10528,val,mendeley_pa:image:MENDE-PA-00664,images/mendeley_pa/MENDE-PA-00664.jpg,Mendeley PA,10528,6,17,0.0769230769230769,1.0256249249069675,1.0169278770804422,1.040112858277561,0.014487933370593398
val:10529,val,mendeley_pa:image:MENDE-PA-00664,images/mendeley_pa/MENDE-PA-00664.jpg,Mendeley PA,10529,7,17,0.0769230769230769,1.052443228150554,0.9650801381648655,0.9411507731855984,0.11129245496495566
val:10530,val,mendeley_pa:image:MENDE-PA-00664,images/mendeley_pa/MENDE-PA-00664.jpg,Mendeley PA,10530,8,17,0.0769230769230769,0.8707090165940248,1.00053785527831,0.9146450066078273,0.04393599001380255
val:10531,val,mendeley_pa:image:MENDE-PA-00664,images/mendeley_pa/MENDE-PA-00664.jpg,Mendeley PA,10531,9,17,0.0769230769230769,0.9585436719220581,0.9146799389210982,0.9415272995767636,0.017016372345294517
val:10532,val,mendeley_pa:image:MENDE-PA-00664,images/mendeley_pa/MENDE-PA-00664.jpg,Mendeley PA,10532,10,17,0.0769230769230769,0.9759806393228818,1.0222358561307705,0.9791586554796017,0.003178016156719865
val:10533,val,mendeley_pa:image:MENDE-PA-00664,images/mendeley_pa/MENDE-PA-00664.jpg,Mendeley PA,10533,11,17,0.0769230769230769,1.068973246488118,0.9999999999999999,1.0159533899277449,0.053019856560373224
val:10534,val,mendeley_pa:image:MENDE-PA-00664,images/mendeley_pa/MENDE-PA-00664.jpg,Mendeley PA,10534,12,17,0.0769230769230769,0.9494722801618791,1.0000000000000002,0.9800642840564253,0.030592003894546194
val:10535,val,mendeley_pa:image:MENDE-PA-00664,images/mendeley_pa/MENDE-PA-00664.jpg,Mendeley PA,10535,13,17,0.0769230769230769,0.9754187493986088,0.9800958050727443,1.054823861861189,0.07940511246258009
val:10536,val,mendeley_pa:image:MENDE-PA-00664,images/mendeley_pa/MENDE-PA-00664.jpg,Mendeley PA,10536,14,17,0.0769230769230769,0.9449359518722658,1.0,1.0411325804889202,0.09619662861665446
val:10537,val,mendeley_pa:image:MENDE-PA-00664,images/mendeley_pa/MENDE-PA-00664.jpg,Mendeley PA,10537,15,17,0.0769230769230769,1.0259324826309892,1.0,1.0409139841794968,0.014981501548507525
val:10776,val,mendeley_pa:image:MENDE-PA-00685,images/mendeley_pa/MENDE-PA-00685.jpg,Mendeley PA,10776,3,17,0.0769230769230769,1.0457021665071542,1.0,1.03542510420084,0.0102770623063142
val:10777,val,mendeley_pa:image:MENDE-PA-00685,images/mendeley_pa/MENDE-PA-00685.jpg,Mendeley PA,10777,4,17,0.0769230769230769,0.9742985571491747,1.0,0.9966912611853331,0.02239270403615845
val:10778,val,mendeley_pa:image:MENDE-PA-00685,images/mendeley_pa/MENDE-PA-00685.jpg,Mendeley PA,10778,5,17,0.0769230769230769,0.955293006201364,0.9840741191322236,1.0044595502579838,0.0491665440566198
val:10779,val,mendeley_pa:image:MENDE-PA-00685,images/mendeley_pa/MENDE-PA-00685.jpg,Mendeley PA,10779,6,17,0.0769230769230769,1.0385699977973668,1.0,1.032480202615261,0.006089795182105728
val:10780,val,mendeley_pa:image:MENDE-PA-00685,images/mendeley_pa/MENDE-PA-00685.jpg,Mendeley PA,10780,7,17,0.0769230769230769,0.974401287062653,1.0434468650419573,1.0060783364970545,0.031677049434401416
val:10781,val,mendeley_pa:image:MENDE-PA-00685,images/mendeley_pa/MENDE-PA-00685.jpg,Mendeley PA,10781,8,17,0.0769230769230769,1.1016226490502121,0.9945651030144751,1.019788322781688,0.08183432626852416
val:10782,val,mendeley_pa:image:MENDE-PA-00685,images/mendeley_pa/MENDE-PA-00685.jpg,Mendeley PA,10782,9,17,0.0769230769230769,0.9331538945996293,1.0038559331455126,0.9731126434066191,0.0399587488069898
val:10783,val,mendeley_pa:image:MENDE-PA-00685,images/mendeley_pa/MENDE-PA-00685.jpg,Mendeley PA,10783,10,17,0.0769230769230769,0.9855762775204602,0.9604103410056439,0.9805440989694205,0.005032178551039657
val:10784,val,mendeley_pa:image:MENDE-PA-00685,images/mendeley_pa/MENDE-PA-00685.jpg,Mendeley PA,10784,11,17,0.0769230769230769,0.9529924302046477,1.0,1.006853610277176,0.05386118007252816
val:10785,val,mendeley_pa:image:MENDE-PA-00685,images/mendeley_pa/MENDE-PA-00685.jpg,Mendeley PA,10785,12,17,0.0769230769230769,1.0037740183650272,1.015579911393576,1.012090533717998,0.008316515352970733
val:10786,val,mendeley_pa:image:MENDE-PA-00685,images/mendeley_pa/MENDE-PA-00685.jpg,Mendeley PA,10786,13,17,0.0769230769230769,1.0732150209665634,1.0,1.0027401545085013,0.07047486645806211
val:10787,val,mendeley_pa:image:MENDE-PA-00685,images/mendeley_pa/MENDE-PA-00685.jpg,Mendeley PA,10787,14,17,0.0769230769230769,0.9633928868373911,1.0039903990601706,0.9627871572648692,0.0006057295725219181
val:10788,val,mendeley_pa:image:MENDE-PA-00685,images/mendeley_pa/MENDE-PA-00685.jpg,Mendeley PA,10788,15,17,0.0769230769230769,1.031909217707315,1.0005798122527159,1.0158397058637894,0.016069511843525675
val:10821,val,mendeley_pa:image:MENDE-PA-00689,images/mendeley_pa/MENDE-PA-00689.jpg,Mendeley PA,10821,3,17,0.0769230769230769,1.079620808310499,1.0,0.9996012808405794,0.08001952746991958
val:10822,val,mendeley_pa:image:MENDE-PA-00689,images/mendeley_pa/MENDE-PA-00689.jpg,Mendeley PA,10822,4,17,0.0769230769230769,1.200882052066291,1.16598633346648,1.1794454534122445,0.021436598654046568
val:10823,val,mendeley_pa:image:MENDE-PA-00689,images/mendeley_pa/MENDE-PA-00689.jpg,Mendeley PA,10823,5,17,0.0769230769230769,1.249918399154801,1.0428684021977261,1.1703121330288724,0.07960626612592869
val:10824,val,mendeley_pa:image:MENDE-PA-00689,images/mendeley_pa/MENDE-PA-00689.jpg,Mendeley PA,10824,6,17,0.0769230769230769,0.860897224877809,1.0438363497530114,0.919182310012449,0.058285085134640036
val:10825,val,mendeley_pa:image:MENDE-PA-00689,images/mendeley_pa/MENDE-PA-00689.jpg,Mendeley PA,10825,7,17,0.0769230769230769,1.0473600109445294,0.9740220600346218,1.0139802725592744,0.03337973838525499
val:10826,val,mendeley_pa:image:MENDE-PA-00689,images/mendeley_pa/MENDE-PA-00689.jpg,Mendeley PA,10826,8,17,0.0769230769230769,0.9606227272432537,1.0133589946216566,1.0383935880398971,0.07777086079664342
val:10827,val,mendeley_pa:image:MENDE-PA-00689,images/mendeley_pa/MENDE-PA-00689.jpg,Mendeley PA,10827,9,17,0.0769230769230769,0.986790182081069,0.9673816961708108,1.0245165815117399,0.03772639943067091
val:10828,val,mendeley_pa:image:MENDE-PA-00689,images/mendeley_pa/MENDE-PA-00689.jpg,Mendeley PA,10828,10,17,0.0769230769230769,0.8918629710363084,1.0079459298869697,0.9728394087871639,0.0809764377508555
val:10829,val,mendeley_pa:image:MENDE-PA-00689,images/mendeley_pa/MENDE-PA-00689.jpg,Mendeley PA,10829,11,17,0.0769230769230769,1.1385528633790536,1.0129116824885025,1.0248219114785209,0.11373095190053273
val:10830,val,mendeley_pa:image:MENDE-PA-00689,images/mendeley_pa/MENDE-PA-00689.jpg,Mendeley PA,10830,12,17,0.0769230769230769,1.0043515456462653,1.0,0.967865027487278,0.03648651815898729
val:10831,val,mendeley_pa:image:MENDE-PA-00689,images/mendeley_pa/MENDE-PA-00689.jpg,Mendeley PA,10831,13,17,0.0769230769230769,0.9555410435500709,0.9929870754895839,1.0346120834766062,0.0790710399265353
val:10832,val,mendeley_pa:image:MENDE-PA-00689,images/mendeley_pa/MENDE-PA-00689.jpg,Mendeley PA,10832,14,17,0.0769230769230769,1.0109708601333514,0.9887156030782529,1.0548776677497693,0.043906807616417964
val:10833,val,mendeley_pa:image:MENDE-PA-00689,images/mendeley_pa/MENDE-PA-00689.jpg,Mendeley PA,10833,15,17,0.0769230769230769,0.9251574152471111,1.0894260668589517,1.0390653835071966,0.11390796826008542
val:11022,val,mendeley_pa:image:MENDE-PA-00705,images/mendeley_pa/MENDE-PA-00705.jpg,Mendeley PA,11022,3,17,0.0769230769230769,0.951624852097644,1.0,1.0356728993356228,0.08404804723797876
val:11023,val,mendeley_pa:image:MENDE-PA-00705,images/mendeley_pa/MENDE-PA-00705.jpg,Mendeley PA,11023,4,17,0.0769230769230769,1.0228588318522545,0.9915259049053152,0.9992828170548042,0.023576014797450306
val:11024,val,mendeley_pa:image:MENDE-PA-00705,images/mendeley_pa/MENDE-PA-00705.jpg,Mendeley PA,11024,5,17,0.0769230769230769,0.9825099817356181,0.9999999999999999,0.984137151390314,0.0016271696546958925
val:11025,val,mendeley_pa:image:MENDE-PA-00705,images/mendeley_pa/MENDE-PA-00705.jpg,Mendeley PA,11025,6,17,0.0769230769230769,0.9940284379350698,0.9999999999999998,0.9951642444357274,0.001135806500657588
val:11026,val,mendeley_pa:image:MENDE-PA-00705,images/mendeley_pa/MENDE-PA-00705.jpg,Mendeley PA,11026,7,17,0.0769230769230769,1.0217900879288404,1.0073760564078982,0.9931348210771973,0.028655266851643102
val:11027,val,mendeley_pa:image:MENDE-PA-00705,images/mendeley_pa/MENDE-PA-00705.jpg,Mendeley PA,11027,8,17,0.0769230769230769,1.0216286229687863,1.0,0.9726279154419899,0.049000707526796417
val:11028,val,mendeley_pa:image:MENDE-PA-00705,images/mendeley_pa/MENDE-PA-00705.jpg,Mendeley PA,11028,9,17,0.0769230769230769,0.9691945008612196,1.0,0.9547647014260292,0.014429799435190405
val:11029,val,mendeley_pa:image:MENDE-PA-00705,images/mendeley_pa/MENDE-PA-00705.jpg,Mendeley PA,11029,10,17,0.0769230769230769,0.9961507256217237,0.993246432214791,0.9794229118226115,0.016727813799112146
val:11030,val,mendeley_pa:image:MENDE-PA-00705,images/mendeley_pa/MENDE-PA-00705.jpg,Mendeley PA,11030,11,17,0.0769230769230769,1.0051485008943783,1.0000000000000002,0.9761314801871779,0.02901702070720047
val:11031,val,mendeley_pa:image:MENDE-PA-00705,images/mendeley_pa/MENDE-PA-00705.jpg,Mendeley PA,11031,12,17,0.0769230769230769,1.0447302098565174,1.0432869976341284,1.0358415500215745,0.008888659834942914
val:11032,val,mendeley_pa:image:MENDE-PA-00705,images/mendeley_pa/MENDE-PA-00705.jpg,Mendeley PA,11032,13,17,0.0769230769230769,1.0405361227570658,0.9854589835718767,1.1983054564312594,0.15776933367419366
val:11033,val,mendeley_pa:image:MENDE-PA-00705,images/mendeley_pa/MENDE-PA-00705.jpg,Mendeley PA,11033,14,17,0.0769230769230769,0.8900707692357157,1.0,1.143027052283287,0.25295628304757134
val:11034,val,mendeley_pa:image:MENDE-PA-00705,images/mendeley_pa/MENDE-PA-00705.jpg,Mendeley PA,11034,15,17,0.0769230769230769,1.0215993038848912,0.9612687395962061,0.9614629809471884,0.06013632293770277
val:11086,val,mendeley_pa:image:MENDE-PA-00709,images/mendeley_pa/MENDE-PA-00709.jpg,Mendeley PA,11086,3,17,0.0769230769230769,1.08271074903089,1.000578763824615,1.054569664341125,0.02814108468976495
val:11087,val,mendeley_pa:image:MENDE-PA-00709,images/mendeley_pa/MENDE-PA-00709.jpg,Mendeley PA,11087,4,17,0.0769230769230769,0.9981639117934547,1.0,1.06208885461092,0.0639249428174653
val:11088,val,mendeley_pa:image:MENDE-PA-00709,images/mendeley_pa/MENDE-PA-00709.jpg,Mendeley PA,11088,5,17,0.0769230769230769,0.6825034869380804,1.0023863219391884,0.8102418684136452,0.12773838147556482
val:11089,val,mendeley_pa:image:MENDE-PA-00709,images/mendeley_pa/MENDE-PA-00709.jpg,Mendeley PA,11089,6,17,0.0769230769230769,1.3236845713661924,0.999632442162679,0.9818801244509681,0.3418044469152244
val:11090,val,mendeley_pa:image:MENDE-PA-00709,images/mendeley_pa/MENDE-PA-00709.jpg,Mendeley PA,11090,7,17,0.0769230769230769,0.9633482846716709,1.0,0.9613153152167797,0.002032969454891176
val:11091,val,mendeley_pa:image:MENDE-PA-00709,images/mendeley_pa/MENDE-PA-00709.jpg,Mendeley PA,11091,8,17,0.0769230769230769,1.0667298223280621,1.0636386474391912,1.049506760554621,0.017223061773441017
val:11092,val,mendeley_pa:image:MENDE-PA-00709,images/mendeley_pa/MENDE-PA-00709.jpg,Mendeley PA,11092,9,17,0.0769230769230769,1.3998641934757887,0.9041582589804852,0.7147868221461499,0.6850773713296389
val:11093,val,mendeley_pa:image:MENDE-PA-00709,images/mendeley_pa/MENDE-PA-00709.jpg,Mendeley PA,11093,10,17,0.0769230769230769,0.45305476912013865,1.0066952303653145,0.7664999709134483,0.3134452017933097
val:11094,val,mendeley_pa:image:MENDE-PA-00709,images/mendeley_pa/MENDE-PA-00709.jpg,Mendeley PA,11094,11,17,0.0769230769230769,0.6865175158787094,0.590649480028616,0.7061731908755169,0.019655674996807537
val:11095,val,mendeley_pa:image:MENDE-PA-00709,images/mendeley_pa/MENDE-PA-00709.jpg,Mendeley PA,11095,12,17,0.0769230769230769,0.9324696310205685,1.3824042558943117,1.3521243233506763,0.4196546923301079
val:11096,val,mendeley_pa:image:MENDE-PA-00709,images/mendeley_pa/MENDE-PA-00709.jpg,Mendeley PA,11096,13,17,0.0769230769230769,1.8883435083970146,1.0272837622974376,1.0870828411493758,0.8012606672476388
val:11097,val,mendeley_pa:image:MENDE-PA-00709,images/mendeley_pa/MENDE-PA-00709.jpg,Mendeley PA,11097,14,17,0.0769230769230769,1.0030979808446747,1.3154028067033048,1.2153179281990285,0.2122199473543538
val:11098,val,mendeley_pa:image:MENDE-PA-00709,images/mendeley_pa/MENDE-PA-00709.jpg,Mendeley PA,11098,15,17,0.0769230769230769,0.9069789288311784,0.9730601437388691,1.0051295660434993,0.09815063721232098
val:11132,val,mendeley_pa:image:MENDE-PA-00712,images/mendeley_pa/MENDE-PA-00712.jpg,Mendeley PA,11132,3,17,0.0769230769230769,1.0618890445666875,1.0416744080865048,1.0132858277791403,0.0486032167875472
val:11133,val,mendeley_pa:image:MENDE-PA-00712,images/mendeley_pa/MENDE-PA-00712.jpg,Mendeley PA,11133,4,17,0.0769230769230769,0.927048116968695,0.9812694378635312,1.0013920553466702,0.07434393837797515
val:11134,val,mendeley_pa:image:MENDE-PA-00712,images/mendeley_pa/MENDE-PA-00712.jpg,Mendeley PA,11134,5,17,0.0769230769230769,0.9345681250581813,0.9495386831499071,1.0560364998913736,0.12146837483319228
val:11135,val,mendeley_pa:image:MENDE-PA-00712,images/mendeley_pa/MENDE-PA-00712.jpg,Mendeley PA,11135,6,17,0.0769230769230769,0.999193064059398,1.0692679945123367,1.1618490729224853,0.1626560088630873
val:11136,val,mendeley_pa:image:MENDE-PA-00712,images/mendeley_pa/MENDE-PA-00712.jpg,Mendeley PA,11136,7,17,0.0769230769230769,1.1556009807339287,1.0,1.137501671910286,0.018099308823642746
val:11137,val,mendeley_pa:image:MENDE-PA-00712,images/mendeley_pa/MENDE-PA-00712.jpg,Mendeley PA,11137,8,17,0.0769230769230769,0.9221469146096437,1.0000000000000002,1.0140582537278535,0.09191133911820981
val:11138,val,mendeley_pa:image:MENDE-PA-00712,images/mendeley_pa/MENDE-PA-00712.jpg,Mendeley PA,11138,9,17,0.0769230769230769,0.848749089541658,0.9453750507048004,0.9312530023119086,0.0825039127702506
val:11139,val,mendeley_pa:image:MENDE-PA-00712,images/mendeley_pa/MENDE-PA-00712.jpg,Mendeley PA,11139,10,17,0.0769230769230769,1.0518257055090692,1.0,0.9905252885073423,0.06130041700172684
val:11140,val,mendeley_pa:image:MENDE-PA-00712,images/mendeley_pa/MENDE-PA-00712.jpg,Mendeley PA,11140,11,17,0.0769230769230769,1.0307067776577075,0.9999999999999999,0.9950089883059262,0.03569778935178125
val:11141,val,mendeley_pa:image:MENDE-PA-00712,images/mendeley_pa/MENDE-PA-00712.jpg,Mendeley PA,11141,12,17,0.0769230769230769,0.9742814000547987,1.0,0.9678391367197037,0.006442263335095011
val:11142,val,mendeley_pa:image:MENDE-PA-00712,images/mendeley_pa/MENDE-PA-00712.jpg,Mendeley PA,11142,13,17,0.0769230769230769,1.0292118353201791,1.0,0.9780497010797262,0.051162134240452906
val:11143,val,mendeley_pa:image:MENDE-PA-00712,images/mendeley_pa/MENDE-PA-00712.jpg,Mendeley PA,11143,14,17,0.0769230769230769,1.0109895178137398,1.0,0.9122690632939339,0.09872045451980593
val:11144,val,mendeley_pa:image:MENDE-PA-00712,images/mendeley_pa/MENDE-PA-00712.jpg,Mendeley PA,11144,15,17,0.0769230769230769,0.9824973730947899,1.0124481344397938,0.9459226527985012,0.03657472029628872
val:11165,val,mendeley_pa:image:MENDE-PA-00714,images/mendeley_pa/MENDE-PA-00714.jpg,Mendeley PA,11165,3,17,0.0769230769230769,1.018688501774694,1.0,1.047992292791605,0.02930379101691094
val:11166,val,mendeley_pa:image:MENDE-PA-00714,images/mendeley_pa/MENDE-PA-00714.jpg,Mendeley PA,11166,4,17,0.0769230769230769,1.0146086055813877,1.0,0.9939588173292577,0.02064978825212993
val:11167,val,mendeley_pa:image:MENDE-PA-00714,images/mendeley_pa/MENDE-PA-00714.jpg,Mendeley PA,11167,5,17,0.0769230769230769,0.9863583637613296,0.9999999999999999,0.9807560387998818,0.005602324961447747
val:11168,val,mendeley_pa:image:MENDE-PA-00714,images/mendeley_pa/MENDE-PA-00714.jpg,Mendeley PA,11168,6,17,0.0769230769230769,1.0143132774493666,0.9999999999999999,0.9787562657147645,0.03555701173460213
val:11169,val,mendeley_pa:image:MENDE-PA-00714,images/mendeley_pa/MENDE-PA-00714.jpg,Mendeley PA,11169,7,17,0.0769230769230769,1.0312855959946976,1.0467081108509824,1.0136175454973504,0.01766805049734721
val:11170,val,mendeley_pa:image:MENDE-PA-00714,images/mendeley_pa/MENDE-PA-00714.jpg,Mendeley PA,11170,8,17,0.0769230769230769,1.0663326551859709,0.9933413549196757,1.0003191817422248,0.06601347344374608
val:11171,val,mendeley_pa:image:MENDE-PA-00714,images/mendeley_pa/MENDE-PA-00714.jpg,Mendeley PA,11171,9,17,0.0769230769230769,0.8764169929187167,1.0,1.0311261173337698,0.15470912441505313
val:11172,val,mendeley_pa:image:MENDE-PA-00714,images/mendeley_pa/MENDE-PA-00714.jpg,Mendeley PA,11172,10,17,0.0769230769230769,0.9973353423397435,1.0161071787086333,1.046266104510149,0.04893076217040537
val:11173,val,mendeley_pa:image:MENDE-PA-00714,images/mendeley_pa/MENDE-PA-00714.jpg,Mendeley PA,11173,11,17,0.0769230769230769,1.1474485868001465,1.0,1.0185739398002625,0.12887464699988405
val:11174,val,mendeley_pa:image:MENDE-PA-00714,images/mendeley_pa/MENDE-PA-00714.jpg,Mendeley PA,11174,12,17,0.0769230769230769,0.891061500315143,0.9999999999999999,0.9018413946032523,0.010779894288109326
val:11175,val,mendeley_pa:image:MENDE-PA-00714,images/mendeley_pa/MENDE-PA-00714.jpg,Mendeley PA,11175,13,17,0.0769230769230769,0.9958318739437617,0.9551687489110866,0.9614447492021957,0.03438712474156602
val:11176,val,mendeley_pa:image:MENDE-PA-00714,images/mendeley_pa/MENDE-PA-00714.jpg,Mendeley PA,11176,14,17,0.0769230769230769,1.0176764759589714,1.0,0.9586332365870476,0.059043239371923795
val:11177,val,mendeley_pa:image:MENDE-PA-00714,images/mendeley_pa/MENDE-PA-00714.jpg,Mendeley PA,11177,15,17,0.0769230769230769,1.0012507940674444,1.0,1.0042309649288654,0.0029801708614209943
val:11305,val,mendeley_pa:image:MENDE-PA-00725,images/mendeley_pa/MENDE-PA-00725.jpg,Mendeley PA,11305,3,17,0.0769230769230769,1.2431154382969258,0.9703424768540948,1.1122556524369807,0.13085978585994518
val:11306,val,mendeley_pa:image:MENDE-PA-00725,images/mendeley_pa/MENDE-PA-00725.jpg,Mendeley PA,11306,4,17,0.0769230769230769,0.8711401839801938,1.0,0.9938716762699187,0.12273149228972491
val:11307,val,mendeley_pa:image:MENDE-PA-00725,images/mendeley_pa/MENDE-PA-00725.jpg,Mendeley PA,11307,5,17,0.0769230769230769,0.9968812999129646,0.9350231163945251,0.9649783861633592,0.03190291374960541
val:11308,val,mendeley_pa:image:MENDE-PA-00725,images/mendeley_pa/MENDE-PA-00725.jpg,Mendeley PA,11308,6,17,0.0769230769230769,0.945070128571958,1.0000000000000002,1.0150899486616256,0.07001982008966756
val:11309,val,mendeley_pa:image:MENDE-PA-00725,images/mendeley_pa/MENDE-PA-00725.jpg,Mendeley PA,11309,7,17,0.0769230769230769,1.0652778724489402,1.0485642132083761,1.037431786648451,0.027846085800489195
val:11310,val,mendeley_pa:image:MENDE-PA-00725,images/mendeley_pa/MENDE-PA-00725.jpg,Mendeley PA,11310,8,17,0.0769230769230769,1.0840561751466056,1.0,0.9943721848540008,0.08968399029260476
val:11311,val,mendeley_pa:image:MENDE-PA-00725,images/mendeley_pa/MENDE-PA-00725.jpg,Mendeley PA,11311,9,17,0.0769230769230769,0.9301548425104575,1.0,0.97980329208076,0.049648449570302455
val:11312,val,mendeley_pa:image:MENDE-PA-00725,images/mendeley_pa/MENDE-PA-00725.jpg,Mendeley PA,11312,10,17,0.0769230769230769,1.0107566269561614,1.0243403059302494,1.0698910918890163,0.0591344649328549
val:11313,val,mendeley_pa:image:MENDE-PA-00725,images/mendeley_pa/MENDE-PA-00725.jpg,Mendeley PA,11313,11,17,0.0769230769230769,1.1115591553693387,0.9984809401416963,1.032714331426639,0.07884482394269976
val:11314,val,mendeley_pa:image:MENDE-PA-00725,images/mendeley_pa/MENDE-PA-00725.jpg,Mendeley PA,11314,12,17,0.0769230769230769,0.872071578578715,1.0465117579784011,0.952793959387741,0.08072238080902605
val:11315,val,mendeley_pa:image:MENDE-PA-00725,images/mendeley_pa/MENDE-PA-00725.jpg,Mendeley PA,11315,13,17,0.0769230769230769,1.0926379706693055,0.9358430166456091,0.9542593431386339,0.13837862753067154
val:11316,val,mendeley_pa:image:MENDE-PA-00725,images/mendeley_pa/MENDE-PA-00725.jpg,Mendeley PA,11316,14,17,0.0769230769230769,1.0175697014300145,1.1183783405445198,1.0975908034465889,0.08002110201657442
val:11317,val,mendeley_pa:image:MENDE-PA-00725,images/mendeley_pa/MENDE-PA-00725.jpg,Mendeley PA,11317,15,17,0.0769230769230769,1.198767798521028,0.9377815832058027,1.1677247394481733,0.031043059072854762
val:11322,val,mendeley_pa:image:MENDE-PA-00726,images/mendeley_pa/MENDE-PA-00726.jpg,Mendeley PA,11322,3,17,0.0769230769230769,0.9780964902699634,0.9839827003348338,0.9207752155530917,0.05732127471687165
val:11323,val,mendeley_pa:image:MENDE-PA-00726,images/mendeley_pa/MENDE-PA-00726.jpg,Mendeley PA,11323,4,17,0.0769230769230769,1.018268421392492,1.0000000000000002,0.9272759407758715,0.09099248061662046
val:11324,val,mendeley_pa:image:MENDE-PA-00726,images/mendeley_pa/MENDE-PA-00726.jpg,Mendeley PA,11324,5,17,0.0769230769230769,0.8659905210344327,1.0,1.047802109271288,0.18181158823685517
val:11325,val,mendeley_pa:image:MENDE-PA-00726,images/mendeley_pa/MENDE-PA-00726.jpg,Mendeley PA,11325,6,17,0.0769230769230769,1.4172146733025661,1.2205533660195333,1.1809159419677717,0.2362987313347944
val:11326,val,mendeley_pa:image:MENDE-PA-00726,images/mendeley_pa/MENDE-PA-00726.jpg,Mendeley PA,11326,7,17,0.0769230769230769,1.4205122814116284,1.198310111337564,1.0914305939015365,0.3290816875100919
val:11327,val,mendeley_pa:image:MENDE-PA-00726,images/mendeley_pa/MENDE-PA-00726.jpg,Mendeley PA,11327,8,17,0.0769230769230769,0.7725641708099671,0.9328786979926618,0.874048611850837,0.10148444104086995
val:11328,val,mendeley_pa:image:MENDE-PA-00726,images/mendeley_pa/MENDE-PA-00726.jpg,Mendeley PA,11328,9,17,0.0769230769230769,0.8987638913566132,0.9977546081703593,0.9401781827968051,0.04141429144019193
val:11329,val,mendeley_pa:image:MENDE-PA-00726,images/mendeley_pa/MENDE-PA-00726.jpg,Mendeley PA,11329,10,17,0.0769230769230769,1.1390215599217923,0.9823611154600644,1.0200413874730134,0.1189801724487789
val:11330,val,mendeley_pa:image:MENDE-PA-00726,images/mendeley_pa/MENDE-PA-00726.jpg,Mendeley PA,11330,11,17,0.0769230769230769,0.96781732796752,1.0853032705268744,1.0707943516678098,0.10297702370028983
val:11331,val,mendeley_pa:image:MENDE-PA-00726,images/mendeley_pa/MENDE-PA-00726.jpg,Mendeley PA,11331,12,17,0.0769230769230769,1.099466926697016,0.9214365058021348,0.9991609253363412,0.10030600136067491
val:11332,val,mendeley_pa:image:MENDE-PA-00726,images/mendeley_pa/MENDE-PA-00726.jpg,Mendeley PA,11332,13,17,0.0769230769230769,0.8065509694184326,1.0,1.0662744715809822,0.2597235021625496
val:11333,val,mendeley_pa:image:MENDE-PA-00726,images/mendeley_pa/MENDE-PA-00726.jpg,Mendeley PA,11333,14,17,0.0769230769230769,0.8511107189233118,0.900162731673078,0.9717698147552771,0.12065909583196532
val:11334,val,mendeley_pa:image:MENDE-PA-00726,images/mendeley_pa/MENDE-PA-00726.jpg,Mendeley PA,11334,15,17,0.0769230769230769,1.1264577243260454,1.0,1.063439279794693,0.06301844453135241
val:11530,val,mendeley_pa:image:MENDE-PA-00741,images/mendeley_pa/MENDE-PA-00741.jpg,Mendeley PA,11530,3,17,0.0769230769230769,1.1161845226264195,0.9826810966459308,1.0194488848773036,0.09673563774911598
val:11531,val,mendeley_pa:image:MENDE-PA-00741,images/mendeley_pa/MENDE-PA-00741.jpg,Mendeley PA,11531,4,17,0.0769230769230769,0.8750752214058144,1.0488616683478735,1.0269353081430577,0.15186008673724327
val:11532,val,mendeley_pa:image:MENDE-PA-00741,images/mendeley_pa/MENDE-PA-00741.jpg,Mendeley PA,11532,5,17,0.0769230769230769,1.122509561528315,0.9499307231191914,1.039930562782697,0.08257899874561803
val:11533,val,mendeley_pa:image:MENDE-PA-00741,images/mendeley_pa/MENDE-PA-00741.jpg,Mendeley PA,11533,6,17,0.0769230769230769,0.933282935486301,0.9999999999999998,0.9601372145116327,0.026854279025331662
val:11534,val,mendeley_pa:image:MENDE-PA-00741,images/mendeley_pa/MENDE-PA-00741.jpg,Mendeley PA,11534,7,17,0.0769230769230769,0.9571446493465658,1.0027971472920152,0.9645364415229531,0.007391792176387302
val:11535,val,mendeley_pa:image:MENDE-PA-00741,images/mendeley_pa/MENDE-PA-00741.jpg,Mendeley PA,11535,8,17,0.0769230769230769,1.1162994234187629,1.0,1.0217257477343082,0.09457367568445463
val:11536,val,mendeley_pa:image:MENDE-PA-00741,images/mendeley_pa/MENDE-PA-00741.jpg,Mendeley PA,11536,9,17,0.0769230769230769,0.9145721964423658,1.0,0.9871837608516216,0.07261156440925587
val:11537,val,mendeley_pa:image:MENDE-PA-00741,images/mendeley_pa/MENDE-PA-00741.jpg,Mendeley PA,11537,10,17,0.0769230769230769,0.9727837352854228,0.9587463867616401,0.9638859835219131,0.00889775176350971
val:11538,val,mendeley_pa:image:MENDE-PA-00741,images/mendeley_pa/MENDE-PA-00741.jpg,Mendeley PA,11538,11,17,0.0769230769230769,1.0189948547648287,1.0,1.0236948542296886,0.004699999464859994
val:11539,val,mendeley_pa:image:MENDE-PA-00741,images/mendeley_pa/MENDE-PA-00741.jpg,Mendeley PA,11539,12,17,0.0769230769230769,0.9474212556478017,0.9999999999999999,0.9874169873073696,0.039995731659567935
val:11540,val,mendeley_pa:image:MENDE-PA-00741,images/mendeley_pa/MENDE-PA-00741.jpg,Mendeley PA,11540,13,17,0.0769230769230769,1.043618674762185,1.0,1.0191881638020277,0.024430510960157248
val:11541,val,mendeley_pa:image:MENDE-PA-00741,images/mendeley_pa/MENDE-PA-00741.jpg,Mendeley PA,11541,14,17,0.0769230769230769,0.9939452149890284,1.0000000000000002,0.9790770933032038,0.014868121685824631
val:11542,val,mendeley_pa:image:MENDE-PA-00741,images/mendeley_pa/MENDE-PA-00741.jpg,Mendeley PA,11542,15,17,0.0769230769230769,1.0096018322740241,1.0,0.9896541647613049,0.019947667512719258
val:11885,val,mendeley_pa:image:MENDE-PA-00771,images/mendeley_pa/MENDE-PA-00771.jpg,Mendeley PA,11885,3,17,0.0769230769230769,0.9962839100352552,1.0,1.0341172069311142,0.037833296895859014
val:11886,val,mendeley_pa:image:MENDE-PA-00771,images/mendeley_pa/MENDE-PA-00771.jpg,Mendeley PA,11886,4,17,0.0769230769230769,0.8520770203879632,1.0,1.0373428538441658,0.18526583345620262
val:11887,val,mendeley_pa:image:MENDE-PA-00771,images/mendeley_pa/MENDE-PA-00771.jpg,Mendeley PA,11887,5,17,0.0769230769230769,1.1517601002000721,1.044557466522541,1.0667050679928922,0.08505503220717991
val:11888,val,mendeley_pa:image:MENDE-PA-00771,images/mendeley_pa/MENDE-PA-00771.jpg,Mendeley PA,11888,6,17,0.0769230769230769,1.0768206303263932,1.0,0.9565712101757526,0.12024942015064055
val:11889,val,mendeley_pa:image:MENDE-PA-00771,images/mendeley_pa/MENDE-PA-00771.jpg,Mendeley PA,11889,7,17,0.0769230769230769,0.9659242191163335,1.0368344450005482,0.9947107025989483,0.02878648348261481
val:11890,val,mendeley_pa:image:MENDE-PA-00771,images/mendeley_pa/MENDE-PA-00771.jpg,Mendeley PA,11890,8,17,0.0769230769230769,1.0515357136879118,0.9727969392184881,0.9803082215581802,0.07122749212973156
val:11891,val,mendeley_pa:image:MENDE-PA-00771,images/mendeley_pa/MENDE-PA-00771.jpg,Mendeley PA,11891,9,17,0.0769230769230769,0.9305282903914762,1.0,0.9727140925824642,0.042185802190988
val:11892,val,mendeley_pa:image:MENDE-PA-00771,images/mendeley_pa/MENDE-PA-00771.jpg,Mendeley PA,11892,10,17,0.0769230769230769,0.9619696881770371,0.9577638038966203,0.9778284335109735,0.015858745333936386
val:11893,val,mendeley_pa:image:MENDE-PA-00771,images/mendeley_pa/MENDE-PA-00771.jpg,Mendeley PA,11893,11,17,0.0769230769230769,0.9669652490144947,1.0000000000000002,1.0075589446350934,0.04059369562059878
val:11894,val,mendeley_pa:image:MENDE-PA-00771,images/mendeley_pa/MENDE-PA-00771.jpg,Mendeley PA,11894,12,17,0.0769230769230769,1.0379462662075882,1.0323279782474202,1.0171347533628505,0.0208115128447377
val:11895,val,mendeley_pa:image:MENDE-PA-00771,images/mendeley_pa/MENDE-PA-00771.jpg,Mendeley PA,11895,13,17,0.0769230769230769,1.081995550202505,1.006738285840843,1.0230649349553325,0.05893061524717247
val:11896,val,mendeley_pa:image:MENDE-PA-00771,images/mendeley_pa/MENDE-PA-00771.jpg,Mendeley PA,11896,14,17,0.0769230769230769,1.000800534915987,1.0245432670455228,0.9788887466531049,0.021911788262882093
val:11897,val,mendeley_pa:image:MENDE-PA-00771,images/mendeley_pa/MENDE-PA-00771.jpg,Mendeley PA,11897,15,17,0.0769230769230769,0.9810934419979296,1.0,0.9792413134127855,0.0018521285851440528
val:12150,val,mendeley_pa:image:MENDE-PA-00790,images/mendeley_pa/MENDE-PA-00790.jpg,Mendeley PA,12150,3,17,0.0769230769230769,1.0204569611255696,1.012051112942251,1.0201432611717307,0.00031369995383889737
val:12151,val,mendeley_pa:image:MENDE-PA-00790,images/mendeley_pa/MENDE-PA-00790.jpg,Mendeley PA,12151,4,17,0.0769230769230769,1.056154696600716,1.0,1.0288859363645315,0.02726876023618452
val:12152,val,mendeley_pa:image:MENDE-PA-00790,images/mendeley_pa/MENDE-PA-00790.jpg,Mendeley PA,12152,5,17,0.0769230769230769,0.9427160486787082,1.0197365893445505,1.035838905202557,0.09312285652384877
val:12153,val,mendeley_pa:image:MENDE-PA-00790,images/mendeley_pa/MENDE-PA-00790.jpg,Mendeley PA,12153,6,17,0.0769230769230769,1.0594331167041249,0.981337993346866,1.0209749927155336,0.038458123988591275
val:12154,val,mendeley_pa:image:MENDE-PA-00790,images/mendeley_pa/MENDE-PA-00790.jpg,Mendeley PA,12154,7,17,0.0769230769230769,0.9164936141968856,1.0000000000000002,0.9727741684764626,0.05628055427957701
val:12155,val,mendeley_pa:image:MENDE-PA-00790,images/mendeley_pa/MENDE-PA-00790.jpg,Mendeley PA,12155,8,17,0.0769230769230769,1.0431439081707317,0.9823483272244617,1.001411669587104,0.04173223858362762
val:12156,val,mendeley_pa:image:MENDE-PA-00790,images/mendeley_pa/MENDE-PA-00790.jpg,Mendeley PA,12156,9,17,0.0769230769230769,0.9629839897791712,1.0000000000000002,0.9771671928465369,0.014183203067365646
val:12157,val,mendeley_pa:image:MENDE-PA-00790,images/mendeley_pa/MENDE-PA-00790.jpg,Mendeley PA,12157,10,17,0.0769230769230769,1.0011711408975204,1.0,0.982660936191678,0.018510204705842304
val:12158,val,mendeley_pa:image:MENDE-PA-00790,images/mendeley_pa/MENDE-PA-00790.jpg,Mendeley PA,12158,11,17,0.0769230769230769,1.0343071966562571,1.0,0.9586876071989536,0.07561958945730352
val:12159,val,mendeley_pa:image:MENDE-PA-00790,images/mendeley_pa/MENDE-PA-00790.jpg,Mendeley PA,12159,12,17,0.0769230769230769,1.0023560108535214,0.9999999999999998,1.0375963784754274,0.035240367621905966
val:12160,val,mendeley_pa:image:MENDE-PA-00790,images/mendeley_pa/MENDE-PA-00790.jpg,Mendeley PA,12160,13,17,0.0769230769230769,0.9934030588909875,1.0,1.0475172735750675,0.054114214684080064
val:12161,val,mendeley_pa:image:MENDE-PA-00790,images/mendeley_pa/MENDE-PA-00790.jpg,Mendeley PA,12161,14,17,0.0769230769230769,0.9970894151008292,1.0,0.9852595822885633,0.011829832812265906
val:12162,val,mendeley_pa:image:MENDE-PA-00790,images/mendeley_pa/MENDE-PA-00790.jpg,Mendeley PA,12162,15,17,0.0769230769230769,0.9780175990673496,1.0,0.989349621348083,0.011332022280733378
val:12167,val,mendeley_pa:image:MENDE-PA-00791,images/mendeley_pa/MENDE-PA-00791.jpg,Mendeley PA,12167,3,17,0.0769230769230769,1.0455991422720408,1.0415179155284784,1.0714220147097728,0.02582287243773207
val:12168,val,mendeley_pa:image:MENDE-PA-00791,images/mendeley_pa/MENDE-PA-00791.jpg,Mendeley PA,12168,4,17,0.0769230769230769,1.0941943636771283,1.0,1.0211101435124874,0.07308422016464089
val:12169,val,mendeley_pa:image:MENDE-PA-00791,images/mendeley_pa/MENDE-PA-00791.jpg,Mendeley PA,12169,5,17,0.0769230769230769,0.9487267634045661,1.0,0.9812192618846893,0.032492498480123255
val:12170,val,mendeley_pa:image:MENDE-PA-00791,images/mendeley_pa/MENDE-PA-00791.jpg,Mendeley PA,12170,6,17,0.0769230769230769,0.9499771178447999,0.9645756987891987,0.9431854879520729,0.006791629892726969
val:12171,val,mendeley_pa:image:MENDE-PA-00791,images/mendeley_pa/MENDE-PA-00791.jpg,Mendeley PA,12171,7,17,0.0769230769230769,1.00273780141078,1.0195898016625304,0.9877762211197276,0.014961580291052323
val:12172,val,mendeley_pa:image:MENDE-PA-00791,images/mendeley_pa/MENDE-PA-00791.jpg,Mendeley PA,12172,8,17,0.0769230769230769,1.0634282867055584,0.9999999999999998,0.9827253483235834,0.08070293838197506
val:12173,val,mendeley_pa:image:MENDE-PA-00791,images/mendeley_pa/MENDE-PA-00791.jpg,Mendeley PA,12173,9,17,0.0769230769230769,0.9669106630065278,1.0,0.9622598700225353,0.004650792983992513
val:12174,val,mendeley_pa:image:MENDE-PA-00791,images/mendeley_pa/MENDE-PA-00791.jpg,Mendeley PA,12174,10,17,0.0769230769230769,0.9532877522076513,0.9985888549534766,0.980187247082421,0.026899494874769725
val:12175,val,mendeley_pa:image:MENDE-PA-00791,images/mendeley_pa/MENDE-PA-00791.jpg,Mendeley PA,12175,11,17,0.0769230769230769,1.0757272461421192,1.0,0.9961873954162002,0.07953985072591907
val:12176,val,mendeley_pa:image:MENDE-PA-00791,images/mendeley_pa/MENDE-PA-00791.jpg,Mendeley PA,12176,12,17,0.0769230769230769,1.0122995835195414,1.0657534361967649,1.0650349728098902,0.05273538929034882
val:12177,val,mendeley_pa:image:MENDE-PA-00791,images/mendeley_pa/MENDE-PA-00791.jpg,Mendeley PA,12177,13,17,0.0769230769230769,1.0593229197659233,0.9582230406447707,1.0936030554219542,0.03428013565603094
val:12178,val,mendeley_pa:image:MENDE-PA-00791,images/mendeley_pa/MENDE-PA-00791.jpg,Mendeley PA,12178,14,17,0.0769230769230769,0.838211512696001,1.0170960053773213,0.9191467016907025,0.08093518899470142
val:12179,val,mendeley_pa:image:MENDE-PA-00791,images/mendeley_pa/MENDE-PA-00791.jpg,Mendeley PA,12179,15,17,0.0769230769230769,1.1207748637476687,0.9772639861806349,0.9443172505601363,0.1764576131875324
val:12279,val,mendeley_pa:image:MENDE-PA-00801,images/mendeley_pa/MENDE-PA-00801.jpg,Mendeley PA,12279,3,17,0.0769230769230769,1.0570455172637045,1.0,1.0131036536768079,0.04394186358689667
val:12280,val,mendeley_pa:image:MENDE-PA-00801,images/mendeley_pa/MENDE-PA-00801.jpg,Mendeley PA,12280,4,17,0.0769230769230769,0.9286599382800429,1.0,0.9619013033807278,0.03324136510068487
val:12281,val,mendeley_pa:image:MENDE-PA-00801,images/mendeley_pa/MENDE-PA-00801.jpg,Mendeley PA,12281,5,17,0.0769230769230769,1.0209245934131672,1.0023060895491622,1.0157196426753186,0.005204950737848657
val:12282,val,mendeley_pa:image:MENDE-PA-00801,images/mendeley_pa/MENDE-PA-00801.jpg,Mendeley PA,12282,6,17,0.0769230769230769,1.0564256110932215,0.9999999999999998,0.9994979146285912,0.05692769646463036
val:12283,val,mendeley_pa:image:MENDE-PA-00801,images/mendeley_pa/MENDE-PA-00801.jpg,Mendeley PA,12283,7,17,0.0769230769230769,0.9077427282520284,1.0,0.9620437063276768,0.054300978075648376
val:12284,val,mendeley_pa:image:MENDE-PA-00801,images/mendeley_pa/MENDE-PA-00801.jpg,Mendeley PA,12284,8,17,0.0769230769230769,0.9954867736793774,0.9654176797082548,0.991037195857418,0.004449577821959427
val:12285,val,mendeley_pa:image:MENDE-PA-00801,images/mendeley_pa/MENDE-PA-00801.jpg,Mendeley PA,12285,9,17,0.0769230769230769,1.0167432604688025,1.0,1.0229570548981428,0.006213794429340336
val:12286,val,mendeley_pa:image:MENDE-PA-00801,images/mendeley_pa/MENDE-PA-00801.jpg,Mendeley PA,12286,10,17,0.0769230769230769,0.9545155159809704,1.0,1.0266714096069336,0.0721558936259632
val:12287,val,mendeley_pa:image:MENDE-PA-00801,images/mendeley_pa/MENDE-PA-00801.jpg,Mendeley PA,12287,11,17,0.0769230769230769,0.9706528603160594,1.0,1.0273283030837774,0.056675442767718076
val:12288,val,mendeley_pa:image:MENDE-PA-00801,images/mendeley_pa/MENDE-PA-00801.jpg,Mendeley PA,12288,12,17,0.0769230769230769,1.04896085949478,0.9999999999999999,0.9845591904595493,0.06440166903523059
val:12289,val,mendeley_pa:image:MENDE-PA-00801,images/mendeley_pa/MENDE-PA-00801.jpg,Mendeley PA,12289,13,17,0.0769230769230769,1.0270471309899973,1.0153458735475631,1.0397051724175306,0.01265804142753324
val:12290,val,mendeley_pa:image:MENDE-PA-00801,images/mendeley_pa/MENDE-PA-00801.jpg,Mendeley PA,12290,14,17,0.0769230769230769,1.0249924074103418,1.0,1.0043108421377838,0.020681565272558045
val:12291,val,mendeley_pa:image:MENDE-PA-00801,images/mendeley_pa/MENDE-PA-00801.jpg,Mendeley PA,12291,15,17,0.0769230769230769,0.9802379514808484,1.0116841463173052,0.9866984566474577,0.006460505166609343
val:12338,val,mendeley_pa:image:MENDE-PA-00805,images/mendeley_pa/MENDE-PA-00805.jpg,Mendeley PA,12338,3,17,0.0769230769230769,1.0535360888280083,0.9999999999999998,0.990379831753671,0.06315625707433736
val:12339,val,mendeley_pa:image:MENDE-PA-00805,images/mendeley_pa/MENDE-PA-00805.jpg,Mendeley PA,12339,4,17,0.0769230769230769,0.9656953652091245,0.9999999999999998,0.9703481905162332,0.004652825307108754
val:12340,val,mendeley_pa:image:MENDE-PA-00805,images/mendeley_pa/MENDE-PA-00805.jpg,Mendeley PA,12340,5,17,0.0769230769230769,1.0010607991188605,0.986145018729079,1.0064752838934543,0.005414484774593831
val:12341,val,mendeley_pa:image:MENDE-PA-00805,images/mendeley_pa/MENDE-PA-00805.jpg,Mendeley PA,12341,6,17,0.0769230769230769,0.9861734261771471,1.0005243476321442,1.0129253994514686,0.02675197327432155
val:12342,val,mendeley_pa:image:MENDE-PA-00805,images/mendeley_pa/MENDE-PA-00805.jpg,Mendeley PA,12342,7,17,0.0769230769230769,1.0199860603388244,1.0,0.999385058588814,0.02060100175001045
val:12343,val,mendeley_pa:image:MENDE-PA-00805,images/mendeley_pa/MENDE-PA-00805.jpg,Mendeley PA,12343,8,17,0.0769230769230769,0.9645671535876255,1.009458156999843,0.9642970438568759,0.0002701097307495903
val:12344,val,mendeley_pa:image:MENDE-PA-00805,images/mendeley_pa/MENDE-PA-00805.jpg,Mendeley PA,12344,9,17,0.0769230769230769,1.0533615787899278,0.9995062091889337,0.9953414901661233,0.05802008862380448
val:12345,val,mendeley_pa:image:MENDE-PA-00805,images/mendeley_pa/MENDE-PA-00805.jpg,Mendeley PA,12345,10,17,0.0769230769230769,0.9337660646167356,0.9999999999999998,0.9679018482565878,0.034135783639852146
val:12346,val,mendeley_pa:image:MENDE-PA-00805,images/mendeley_pa/MENDE-PA-00805.jpg,Mendeley PA,12346,11,17,0.0769230769230769,0.9784999243629078,0.9920373668840474,0.9928996546489506,0.0143997302860428
val:12347,val,mendeley_pa:image:MENDE-PA-00805,images/mendeley_pa/MENDE-PA-00805.jpg,Mendeley PA,12347,12,17,0.0769230769230769,1.0314275134215984,1.0070228336909617,1.009728281765228,0.021699231656370443
val:12348,val,mendeley_pa:image:MENDE-PA-00805,images/mendeley_pa/MENDE-PA-00805.jpg,Mendeley PA,12348,13,17,0.0769230769230769,1.042374965164461,1.0,1.0001961086527444,0.04217885651171649
val:12349,val,mendeley_pa:image:MENDE-PA-00805,images/mendeley_pa/MENDE-PA-00805.jpg,Mendeley PA,12349,14,17,0.0769230769230769,0.9357526577528578,0.9999999999999998,0.9532137811183927,0.01746112336553496
val:12350,val,mendeley_pa:image:MENDE-PA-00805,images/mendeley_pa/MENDE-PA-00805.jpg,Mendeley PA,12350,15,17,0.0769230769230769,1.1172942983547731,1.0908028812227748,1.0695186548946403,0.047775643460132855
val:12416,val,mendeley_pa:image:MENDE-PA-00810,images/mendeley_pa/MENDE-PA-00810.jpg,Mendeley PA,12416,3,17,0.0769230769230769,0.9566126269439232,1.00123266251611,0.9847091113202502,0.028096484376326947
val:12417,val,mendeley_pa:image:MENDE-PA-00810,images/mendeley_pa/MENDE-PA-00810.jpg,Mendeley PA,12417,4,17,0.0769230769230769,1.0716982619966309,1.0,1.0863622948527336,0.014664032856102738
val:12418,val,mendeley_pa:image:MENDE-PA-00810,images/mendeley_pa/MENDE-PA-00810.jpg,Mendeley PA,12418,5,17,0.0769230769230769,0.962011019125534,1.0618052391977835,1.0977489559622335,0.13573793683669955
val:12419,val,mendeley_pa:image:MENDE-PA-00810,images/mendeley_pa/MENDE-PA-00810.jpg,Mendeley PA,12419,6,17,0.0769230769230769,1.121089095201931,0.979744817965949,1.0516426376042012,0.06944645759772983
val:12420,val,mendeley_pa:image:MENDE-PA-00810,images/mendeley_pa/MENDE-PA-00810.jpg,Mendeley PA,12420,7,17,0.0769230769230769,0.8925558104295379,1.0,1.0016861814074218,0.10913037097788392
val:12421,val,mendeley_pa:image:MENDE-PA-00810,images/mendeley_pa/MENDE-PA-00810.jpg,Mendeley PA,12421,8,17,0.0769230769230769,0.9718648216046799,0.9460813259052663,0.9565722826215057,0.015292538983174175
val:12422,val,mendeley_pa:image:MENDE-PA-00810,images/mendeley_pa/MENDE-PA-00810.jpg,Mendeley PA,12422,9,17,0.0769230769230769,0.931623789845851,0.9999999999999999,0.9877997003495692,0.056175910503718174
val:12423,val,mendeley_pa:image:MENDE-PA-00810,images/mendeley_pa/MENDE-PA-00810.jpg,Mendeley PA,12423,10,17,0.0769230769230769,1.0391709693708728,1.0,0.9987753934692591,0.04039557590161369
val:12424,val,mendeley_pa:image:MENDE-PA-00810,images/mendeley_pa/MENDE-PA-00810.jpg,Mendeley PA,12424,11,17,0.0769230769230769,1.0339627741263326,1.020732616499382,1.0285768652859506,0.0053859088403820365
val:12425,val,mendeley_pa:image:MENDE-PA-00810,images/mendeley_pa/MENDE-PA-00810.jpg,Mendeley PA,12425,12,17,0.0769230769230769,1.047481528836712,1.0,1.0056237857788801,0.041857743057831964
val:12426,val,mendeley_pa:image:MENDE-PA-00810,images/mendeley_pa/MENDE-PA-00810.jpg,Mendeley PA,12426,13,17,0.0769230769230769,0.939641712717725,0.9999999999999999,1.0088959895074368,0.06925427678971174
val:12427,val,mendeley_pa:image:MENDE-PA-00810,images/mendeley_pa/MENDE-PA-00810.jpg,Mendeley PA,12427,14,17,0.0769230769230769,1.0678931469210258,1.0328447490240058,1.0155031855458936,0.05238996137513219
val:12428,val,mendeley_pa:image:MENDE-PA-00810,images/mendeley_pa/MENDE-PA-00810.jpg,Mendeley PA,12428,15,17,0.0769230769230769,1.121638099796722,1.0450992881255243,1.0579371944936011,0.06370090530312078
val:12708,val,mendeley_pa:image:MENDE-PA-00830,images/mendeley_pa/MENDE-PA-00830.jpg,Mendeley PA,12708,3,17,0.0769230769230769,1.018307109692119,1.1118738512061461,1.0494823726378306,0.0311752629457116
val:12709,val,mendeley_pa:image:MENDE-PA-00830,images/mendeley_pa/MENDE-PA-00830.jpg,Mendeley PA,12709,4,17,0.0769230769230769,1.1601838485158527,0.967339202773582,1.0635232105970491,0.09666063791880353
val:12710,val,mendeley_pa:image:MENDE-PA-00830,images/mendeley_pa/MENDE-PA-00830.jpg,Mendeley PA,12710,5,17,0.0769230769230769,0.7845629548229947,1.2373403830050567,0.9724405331133941,0.18787757829039942
val:12711,val,mendeley_pa:image:MENDE-PA-00830,images/mendeley_pa/MENDE-PA-00830.jpg,Mendeley PA,12711,6,17,0.0769230769230769,1.7232416650226403,1.0386199119697923,1.0053529541205282,0.7178887109021121
val:12712,val,mendeley_pa:image:MENDE-PA-00830,images/mendeley_pa/MENDE-PA-00830.jpg,Mendeley PA,12712,7,17,0.0769230769230769,1.2295775222494778,1.3494477328727408,1.3610669570858045,0.1314894348363267
val:12713,val,mendeley_pa:image:MENDE-PA-00830,images/mendeley_pa/MENDE-PA-00830.jpg,Mendeley PA,12713,8,17,0.0769230769230769,0.762274670889554,0.9674081451869332,0.99808326397601,0.23580859308645596
val:12714,val,mendeley_pa:image:MENDE-PA-00830,images/mendeley_pa/MENDE-PA-00830.jpg,Mendeley PA,12714,9,17,0.0769230769230769,0.8988634822584938,0.8631609313870905,0.9509814091707705,0.05211792691227668
val:12715,val,mendeley_pa:image:MENDE-PA-00830,images/mendeley_pa/MENDE-PA-00830.jpg,Mendeley PA,12715,10,17,0.0769230769230769,0.9425509075197519,1.0,1.0478455387055874,0.10529463118583549
val:12716,val,mendeley_pa:image:MENDE-PA-00830,images/mendeley_pa/MENDE-PA-00830.jpg,Mendeley PA,12716,11,17,0.0769230769230769,1.0216091581624993,1.0186434816812961,1.0536151658987492,0.03200600773624984
val:12717,val,mendeley_pa:image:MENDE-PA-00830,images/mendeley_pa/MENDE-PA-00830.jpg,Mendeley PA,12717,12,17,0.0769230769230769,1.0897556393838435,1.0,0.9872743599116802,0.10248127947216323
val:12718,val,mendeley_pa:image:MENDE-PA-00830,images/mendeley_pa/MENDE-PA-00830.jpg,Mendeley PA,12718,13,17,0.0769230769230769,0.9522240266432116,1.0,1.0041326778009534,0.05190865115774179
val:12719,val,mendeley_pa:image:MENDE-PA-00830,images/mendeley_pa/MENDE-PA-00830.jpg,Mendeley PA,12719,14,17,0.0769230769230769,1.0050245787272547,0.9846212418006876,1.0332620182262877,0.028237439499033012
val:12720,val,mendeley_pa:image:MENDE-PA-00830,images/mendeley_pa/MENDE-PA-00830.jpg,Mendeley PA,12720,15,17,0.0769230769230769,1.0174654217003418,1.0792595380802794,1.0871138982360407,0.06964847653569883
val:12725,val,mendeley_pa:image:MENDE-PA-00831,images/mendeley_pa/MENDE-PA-00831.jpg,Mendeley PA,12725,3,17,0.0769230769230769,0.942937831288036,0.9999999999999999,1.0020746220834553,0.059136790795419336
val:12726,val,mendeley_pa:image:MENDE-PA-00831,images/mendeley_pa/MENDE-PA-00831.jpg,Mendeley PA,12726,4,17,0.0769230769230769,0.8764466294083603,0.9508827447442466,0.9577825006580108,0.08133587124965058
val:12727,val,mendeley_pa:image:MENDE-PA-00831,images/mendeley_pa/MENDE-PA-00831.jpg,Mendeley PA,12727,5,17,0.0769230769230769,1.0794241086965388,0.995774780622134,1.010670410691211,0.06875369800532782
val:12728,val,mendeley_pa:image:MENDE-PA-00831,images/mendeley_pa/MENDE-PA-00831.jpg,Mendeley PA,12728,6,17,0.0769230769230769,0.9420513334399173,1.0,0.9917318727821112,0.04968053934219385
val:12729,val,mendeley_pa:image:MENDE-PA-00831,images/mendeley_pa/MENDE-PA-00831.jpg,Mendeley PA,12729,7,17,0.0769230769230769,1.03916878773649,0.9921277705693794,1.022403201099689,0.016765586636800833
val:12730,val,mendeley_pa:image:MENDE-PA-00831,images/mendeley_pa/MENDE-PA-00831.jpg,Mendeley PA,12730,8,17,0.0769230769230769,0.9800125144194505,1.0,0.9654068984091282,0.014605616010322287
val:12731,val,mendeley_pa:image:MENDE-PA-00831,images/mendeley_pa/MENDE-PA-00831.jpg,Mendeley PA,12731,9,17,0.0769230769230769,1.011159534751116,1.0,0.9766743183135986,0.03448521643751734
val:12732,val,mendeley_pa:image:MENDE-PA-00831,images/mendeley_pa/MENDE-PA-00831.jpg,Mendeley PA,12732,10,17,0.0769230769230769,1.0011054179406373,1.0,0.9602570794522762,0.04084833848836111
val:12733,val,mendeley_pa:image:MENDE-PA-00831,images/mendeley_pa/MENDE-PA-00831.jpg,Mendeley PA,12733,11,17,0.0769230769230769,1.007204590545649,0.9999999999999998,0.9817748628556726,0.025429727689976422
val:12734,val,mendeley_pa:image:MENDE-PA-00831,images/mendeley_pa/MENDE-PA-00831.jpg,Mendeley PA,12734,12,17,0.0769230769230769,0.9792058594381032,1.0,1.0134197110310197,0.034213851592916456
val:12735,val,mendeley_pa:image:MENDE-PA-00831,images/mendeley_pa/MENDE-PA-00831.jpg,Mendeley PA,12735,13,17,0.0769230769230769,1.0497482873975654,1.0640502123137927,1.1012274099489665,0.05147912255140108
val:12736,val,mendeley_pa:image:MENDE-PA-00831,images/mendeley_pa/MENDE-PA-00831.jpg,Mendeley PA,12736,14,17,0.0769230769230769,1.0971070637207272,0.9654048199475624,1.0075355398178913,0.08957152390283585
val:12737,val,mendeley_pa:image:MENDE-PA-00831,images/mendeley_pa/MENDE-PA-00831.jpg,Mendeley PA,12737,15,17,0.0769230769230769,0.8192990493037999,0.9999999999999998,0.9564358070492742,0.1371367577454743
val:12830,val,mendeley_pa:image:MENDE-PA-00840,images/mendeley_pa/MENDE-PA-00840.jpg,Mendeley PA,12830,3,17,0.0769230769230769,0.9753118637889544,1.0581172672581098,1.0605614721324466,0.08524960834349216
val:12831,val,mendeley_pa:image:MENDE-PA-00840,images/mendeley_pa/MENDE-PA-00840.jpg,Mendeley PA,12831,4,17,0.0769230769230769,1.1230936083721421,0.9910854688224385,1.0809278777179312,0.04216573065421092
val:12832,val,mendeley_pa:image:MENDE-PA-00840,images/mendeley_pa/MENDE-PA-00840.jpg,Mendeley PA,12832,5,17,0.0769230769230769,0.9448307717285758,1.0709327051803053,1.0267226959034383,0.08189192417486257
val:12833,val,mendeley_pa:image:MENDE-PA-00840,images/mendeley_pa/MENDE-PA-00840.jpg,Mendeley PA,12833,6,17,0.0769230769230769,1.0879608190677037,0.9454630902178343,0.9547039913154896,0.13325682775221415
val:12834,val,mendeley_pa:image:MENDE-PA-00840,images/mendeley_pa/MENDE-PA-00840.jpg,Mendeley PA,12834,7,17,0.0769230769230769,0.8521553418790676,0.9999999999999999,0.9518789313733577,0.09972358949429005
val:12835,val,mendeley_pa:image:MENDE-PA-00840,images/mendeley_pa/MENDE-PA-00840.jpg,Mendeley PA,12835,8,17,0.0769230769230769,0.9963954120653731,0.9375928916039618,0.9356627055446358,0.060732706520737256
val:12836,val,mendeley_pa:image:MENDE-PA-00840,images/mendeley_pa/MENDE-PA-00840.jpg,Mendeley PA,12836,9,17,0.0769230769230769,1.021569045100037,1.0134793195281706,0.9775491851721487,0.04401985992788826
val:12837,val,mendeley_pa:image:MENDE-PA-00840,images/mendeley_pa/MENDE-PA-00840.jpg,Mendeley PA,12837,10,17,0.0769230769230769,1.0520766922075784,1.0239224975073755,0.9894024935627401,0.06267419864483825
val:12838,val,mendeley_pa:image:MENDE-PA-00840,images/mendeley_pa/MENDE-PA-00840.jpg,Mendeley PA,12838,11,17,0.0769230769230769,0.9881139073904078,0.9704125278504587,0.9968733225824333,0.0087594151920255
val:12839,val,mendeley_pa:image:MENDE-PA-00840,images/mendeley_pa/MENDE-PA-00840.jpg,Mendeley PA,12839,12,17,0.0769230769230769,0.8095172108950096,0.9886365776545327,0.9782710998914164,0.16875388899640675
val:12840,val,mendeley_pa:image:MENDE-PA-00840,images/mendeley_pa/MENDE-PA-00840.jpg,Mendeley PA,12840,13,17,0.0769230769230769,1.104903322684145,0.9733949944358404,1.0055785447340544,0.09932477795009054
val:12841,val,mendeley_pa:image:MENDE-PA-00840,images/mendeley_pa/MENDE-PA-00840.jpg,Mendeley PA,12841,14,17,0.0769230769230769,1.001424309879711,1.1704515304895962,1.03604280320135,0.03461849332163891
val:12842,val,mendeley_pa:image:MENDE-PA-00840,images/mendeley_pa/MENDE-PA-00840.jpg,Mendeley PA,12842,15,17,0.0769230769230769,1.3955342880502122,1.0332852276488391,1.0722205164357272,0.32331377161448493
val:12921,val,mendeley_pa:image:MENDE-PA-00846,images/mendeley_pa/MENDE-PA-00846.jpg,Mendeley PA,12921,3,17,0.0769230769230769,0.9868800663548101,0.9408804013903886,0.9709225896324665,0.0159574767223436
val:12922,val,mendeley_pa:image:MENDE-PA-00846,images/mendeley_pa/MENDE-PA-00846.jpg,Mendeley PA,12922,4,17,0.0769230769230769,0.9804370487830352,1.0,0.9954207381233573,0.014983689340322126
val:12923,val,mendeley_pa:image:MENDE-PA-00846,images/mendeley_pa/MENDE-PA-00846.jpg,Mendeley PA,12923,5,17,0.0769230769230769,1.0947694510917505,1.071674292938186,1.0712629946084768,0.023506456483273652
val:12924,val,mendeley_pa:image:MENDE-PA-00846,images/mendeley_pa/MENDE-PA-00846.jpg,Mendeley PA,12924,6,17,0.0769230769230769,1.065213920075493,0.9416638891225924,1.107655046415912,0.042441126340418966
val:12925,val,mendeley_pa:image:MENDE-PA-00846,images/mendeley_pa/MENDE-PA-00846.jpg,Mendeley PA,12925,7,17,0.0769230769230769,0.8003799689007756,1.0727229911718152,1.0415253072861217,0.24114533838534613
val:12926,val,mendeley_pa:image:MENDE-PA-00846,images/mendeley_pa/MENDE-PA-00846.jpg,Mendeley PA,12926,8,17,0.0769230769230769,1.1388809075142614,0.8969074470357032,1.0083627012924286,0.13051820622183286
val:12927,val,mendeley_pa:image:MENDE-PA-00846,images/mendeley_pa/MENDE-PA-00846.jpg,Mendeley PA,12927,9,17,0.0769230769230769,0.8377418786215411,1.0,0.9775858465582132,0.1398439679366721
val:12928,val,mendeley_pa:image:MENDE-PA-00846,images/mendeley_pa/MENDE-PA-00846.jpg,Mendeley PA,12928,10,17,0.0769230769230769,1.0391066791502626,0.9503571974244587,0.9603789659348003,0.07872771321546224
val:12929,val,mendeley_pa:image:MENDE-PA-00846,images/mendeley_pa/MENDE-PA-00846.jpg,Mendeley PA,12929,11,17,0.0769230769230769,1.0228819502425495,1.0,1.0188656039536,0.004016346288949535
val:12930,val,mendeley_pa:image:MENDE-PA-00846,images/mendeley_pa/MENDE-PA-00846.jpg,Mendeley PA,12930,12,17,0.0769230769230769,0.9076967334267607,1.0,0.9711956102401018,0.0634988768133411
val:12931,val,mendeley_pa:image:MENDE-PA-00846,images/mendeley_pa/MENDE-PA-00846.jpg,Mendeley PA,12931,13,17,0.0769230769230769,1.076826977816887,1.030221792096184,1.0182283317389949,0.058598646077892225
val:12932,val,mendeley_pa:image:MENDE-PA-00846,images/mendeley_pa/MENDE-PA-00846.jpg,Mendeley PA,12932,14,17,0.0769230769230769,1.0711922737058375,1.0,0.9867131970822811,0.08447907662355636
val:12933,val,mendeley_pa:image:MENDE-PA-00846,images/mendeley_pa/MENDE-PA-00846.jpg,Mendeley PA,12933,15,17,0.0769230769230769,0.9773098049789946,1.0328596399679635,0.99438735261111,0.017077547632115442
val:13054,val,mendeley_pa:image:MENDE-PA-00855,images/mendeley_pa/MENDE-PA-00855.jpg,Mendeley PA,13054,3,17,0.0769230769230769,1.0374563367404048,1.0021642467975642,0.9551946914792087,0.08226164526119617
val:13055,val,mendeley_pa:image:MENDE-PA-00855,images/mendeley_pa/MENDE-PA-00855.jpg,Mendeley PA,13055,4,17,0.0769230769230769,0.9969218747545081,1.0,0.9732480812817812,0.02367379347272691
val:13056,val,mendeley_pa:image:MENDE-PA-00855,images/mendeley_pa/MENDE-PA-00855.jpg,Mendeley PA,13056,5,17,0.0769230769230769,0.9860576949151909,1.0233717371011384,1.0355719827348597,0.04951428781966882
val:13057,val,mendeley_pa:image:MENDE-PA-00855,images/mendeley_pa/MENDE-PA-00855.jpg,Mendeley PA,13057,6,17,0.0769230769230769,1.0619748925425103,0.9979020099982805,1.0544783774659223,0.007496515076587995
val:13058,val,mendeley_pa:image:MENDE-PA-00855,images/mendeley_pa/MENDE-PA-00855.jpg,Mendeley PA,13058,7,17,0.0769230769230769,0.9351093933244352,1.0,0.9951812806539237,0.06007188732948854
val:13059,val,mendeley_pa:image:MENDE-PA-00855,images/mendeley_pa/MENDE-PA-00855.jpg,Mendeley PA,13059,8,17,0.0769230769230769,0.9494171111263565,0.974958427902445,0.9616747067311255,0.012257595604769023
val:13060,val,mendeley_pa:image:MENDE-PA-00855,images/mendeley_pa/MENDE-PA-00855.jpg,Mendeley PA,13060,9,17,0.0769230769230769,1.0601580901091308,1.0,0.9513186849653721,0.10883940514375867
val:13061,val,mendeley_pa:image:MENDE-PA-00855,images/mendeley_pa/MENDE-PA-00855.jpg,Mendeley PA,13061,10,17,0.0769230769230769,0.9729717313195414,1.0,0.9517488330602646,0.021222898259276812
val:13062,val,mendeley_pa:image:MENDE-PA-00855,images/mendeley_pa/MENDE-PA-00855.jpg,Mendeley PA,13062,11,17,0.0769230769230769,0.995747722430065,1.0,1.0550722144544125,0.05932449202434742
val:13063,val,mendeley_pa:image:MENDE-PA-00855,images/mendeley_pa/MENDE-PA-00855.jpg,Mendeley PA,13063,12,17,0.0769230769230769,0.9398904893481503,0.9999999999999999,1.0262835081666708,0.08639301881852046
val:13064,val,mendeley_pa:image:MENDE-PA-00855,images/mendeley_pa/MENDE-PA-00855.jpg,Mendeley PA,13064,13,17,0.0769230769230769,1.0603335868940227,1.0,1.0050890655256808,0.0552445213683419
val:13065,val,mendeley_pa:image:MENDE-PA-00855,images/mendeley_pa/MENDE-PA-00855.jpg,Mendeley PA,13065,14,17,0.0769230769230769,0.997741746148759,0.9999999999999998,0.958346653729677,0.03939509241908201
val:13066,val,mendeley_pa:image:MENDE-PA-00855,images/mendeley_pa/MENDE-PA-00855.jpg,Mendeley PA,13066,15,17,0.0769230769230769,1.068204221448239,1.0541126595580583,1.0480824990899866,0.02012172235825238
val:13300,val,mendeley_pa:image:MENDE-PA-00877,images/mendeley_pa/MENDE-PA-00877.jpg,Mendeley PA,13300,3,17,0.0769230769230769,1.14538775862647,1.008996187998332,1.0351007555708065,0.11028700305566352
val:13301,val,mendeley_pa:image:MENDE-PA-00877,images/mendeley_pa/MENDE-PA-00877.jpg,Mendeley PA,13301,4,17,0.0769230769230769,0.9992189948052848,1.0169689779280027,0.9370465477107366,0.06217244709454817
val:13302,val,mendeley_pa:image:MENDE-PA-00877,images/mendeley_pa/MENDE-PA-00877.jpg,Mendeley PA,13302,5,17,0.0769230769230769,0.9687889668708622,1.0,0.9609543681144714,0.00783459875639081
val:13303,val,mendeley_pa:image:MENDE-PA-00877,images/mendeley_pa/MENDE-PA-00877.jpg,Mendeley PA,13303,6,17,0.0769230769230769,1.042397162002806,1.0,0.9829583708196878,0.059438791183118234
val:13304,val,mendeley_pa:image:MENDE-PA-00877,images/mendeley_pa/MENDE-PA-00877.jpg,Mendeley PA,13304,7,17,0.0769230769230769,1.0527160467629364,0.969070214078025,0.9142521128507415,0.13846393391219491
val:13305,val,mendeley_pa:image:MENDE-PA-00877,images/mendeley_pa/MENDE-PA-00877.jpg,Mendeley PA,13305,8,17,0.0769230769230769,0.8183197606443292,0.9730162330241903,0.9452481352062925,0.12692837456196326
val:13306,val,mendeley_pa:image:MENDE-PA-00877,images/mendeley_pa/MENDE-PA-00877.jpg,Mendeley PA,13306,9,17,0.0769230769230769,0.9228468547138543,0.8975670746549017,0.8733763973250038,0.049470457388850475
val:13307,val,mendeley_pa:image:MENDE-PA-00877,images/mendeley_pa/MENDE-PA-00877.jpg,Mendeley PA,13307,10,17,0.0769230769230769,1.1220228782809842,1.2569888951460317,1.0534681501070455,0.0685547281739387
val:13308,val,mendeley_pa:image:MENDE-PA-00877,images/mendeley_pa/MENDE-PA-00877.jpg,Mendeley PA,13308,11,17,0.0769230769230769,1.5132039800910846,0.9451793886738433,1.152192310245575,0.3610116698455097
val:13309,val,mendeley_pa:image:MENDE-PA-00877,images/mendeley_pa/MENDE-PA-00877.jpg,Mendeley PA,13309,12,17,0.0769230769230769,0.6095804129366662,1.016508542220934,0.9466979952863293,0.33711758234966305
val:13310,val,mendeley_pa:image:MENDE-PA-00877,images/mendeley_pa/MENDE-PA-00877.jpg,Mendeley PA,13310,13,17,0.0769230769230769,0.6602880001579795,0.7089404545142605,0.7613658576621963,0.10107785750421683
val:13311,val,mendeley_pa:image:MENDE-PA-00877,images/mendeley_pa/MENDE-PA-00877.jpg,Mendeley PA,13311,14,17,0.0769230769230769,0.9153253848099218,1.0,0.9571480341255665,0.04182264931564472
val:13312,val,mendeley_pa:image:MENDE-PA-00877,images/mendeley_pa/MENDE-PA-00877.jpg,Mendeley PA,13312,15,17,0.0769230769230769,1.0974757398563324,1.0,0.9610916152596474,0.13638412459668503
val:13608,val,mendeley_pa:image:MENDE-PA-00899,images/mendeley_pa/MENDE-PA-00899.jpg,Mendeley PA,13608,3,17,0.0769230769230769,1.0716231624984154,0.9981290963700646,1.101736728589856,0.03011356609144067
val:13609,val,mendeley_pa:image:MENDE-PA-00899,images/mendeley_pa/MENDE-PA-00899.jpg,Mendeley PA,13609,4,17,0.0769230769230769,1.033863084139479,1.039289200204119,1.0304090515623539,0.0034540325771250657
val:13610,val,mendeley_pa:image:MENDE-PA-00899,images/mendeley_pa/MENDE-PA-00899.jpg,Mendeley PA,13610,5,17,0.0769230769230769,1.066648384902562,1.0,0.9878057520836592,0.07884263281890291
val:13611,val,mendeley_pa:image:MENDE-PA-00899,images/mendeley_pa/MENDE-PA-00899.jpg,Mendeley PA,13611,6,17,0.0769230769230769,0.9389050525863887,0.9999999999999999,0.960959605872631,0.022054553286242284
val:13612,val,mendeley_pa:image:MENDE-PA-00899,images/mendeley_pa/MENDE-PA-00899.jpg,Mendeley PA,13612,7,17,0.0769230769230769,0.9629611863976157,0.9645220227626439,0.9602326597173985,0.0027285266802172803
val:13613,val,mendeley_pa:image:MENDE-PA-00899,images/mendeley_pa/MENDE-PA-00899.jpg,Mendeley PA,13613,8,17,0.0769230769230769,1.0370160767213694,1.0883585417043324,1.0203544178377744,0.016661658883595054
val:13614,val,mendeley_pa:image:MENDE-PA-00899,images/mendeley_pa/MENDE-PA-00899.jpg,Mendeley PA,13614,9,17,0.0769230769230769,1.1720537064225605,1.008950056355946,1.0693448277530597,0.10270887866950074
val:13615,val,mendeley_pa:image:MENDE-PA-00899,images/mendeley_pa/MENDE-PA-00899.jpg,Mendeley PA,13615,10,17,0.0769230769230769,0.9110086844376122,0.9918325802643015,1.0060756558884099,0.09506697145079768
val:13616,val,mendeley_pa:image:MENDE-PA-00899,images/mendeley_pa/MENDE-PA-00899.jpg,Mendeley PA,13616,11,17,0.0769230769230769,0.8439154831410375,0.9268095786868749,0.9691219250857053,0.1252064419446678
val:13617,val,mendeley_pa:image:MENDE-PA-00899,images/mendeley_pa/MENDE-PA-00899.jpg,Mendeley PA,13617,12,17,0.0769230769230769,1.0900101761721408,1.0089933073129753,1.0387486314382652,0.051261544733875564
val:13618,val,mendeley_pa:image:MENDE-PA-00899,images/mendeley_pa/MENDE-PA-00899.jpg,Mendeley PA,13618,13,17,0.0769230769230769,1.0171878722332572,1.0,0.9991968758986332,0.017990996334624088
val:13619,val,mendeley_pa:image:MENDE-PA-00899,images/mendeley_pa/MENDE-PA-00899.jpg,Mendeley PA,13619,14,17,0.0769230769230769,0.980840438513548,1.1250257798047318,1.0907543942840352,0.10991395577048724
val:13620,val,mendeley_pa:image:MENDE-PA-00899,images/mendeley_pa/MENDE-PA-00899.jpg,Mendeley PA,13620,15,17,0.0769230769230769,1.2530485328408196,0.9919187058724517,1.0436784666992778,0.20937006614154186
val:14084,val,mendeley_pa:image:MENDE-PA-00936,images/mendeley_pa/MENDE-PA-00936.jpg,Mendeley PA,14084,3,17,0.0769230769230769,0.9998257959559327,0.9939638988502564,1.044483842087561,0.04465804613162838
val:14085,val,mendeley_pa:image:MENDE-PA-00936,images/mendeley_pa/MENDE-PA-00936.jpg,Mendeley PA,14085,4,17,0.0769230769230769,1.0337648094536869,1.0,1.0173663180321455,0.016398491421541372
val:14086,val,mendeley_pa:image:MENDE-PA-00936,images/mendeley_pa/MENDE-PA-00936.jpg,Mendeley PA,14086,5,17,0.0769230769230769,0.9548749567293778,1.0,1.0167531687766314,0.06187821204725352
val:14087,val,mendeley_pa:image:MENDE-PA-00936,images/mendeley_pa/MENDE-PA-00936.jpg,Mendeley PA,14087,6,17,0.0769230769230769,1.0425595565431807,1.0377006850234989,0.9988905883423809,0.043668968200799796
val:14088,val,mendeley_pa:image:MENDE-PA-00936,images/mendeley_pa/MENDE-PA-00936.jpg,Mendeley PA,14088,7,17,0.0769230769230769,1.0748383771447267,1.0,0.979831064119935,0.0950073130247917
val:14089,val,mendeley_pa:image:MENDE-PA-00936,images/mendeley_pa/MENDE-PA-00936.jpg,Mendeley PA,14089,8,17,0.0769230769230769,0.8667071254479568,1.0040447658776679,0.9538129179655948,0.08710579251763795
val:14090,val,mendeley_pa:image:MENDE-PA-00936,images/mendeley_pa/MENDE-PA-00936.jpg,Mendeley PA,14090,9,17,0.0769230769230769,1.1965284735178514,1.0756189705667574,1.1274590374765474,0.069069436041304
val:14091,val,mendeley_pa:image:MENDE-PA-00936,images/mendeley_pa/MENDE-PA-00936.jpg,Mendeley PA,14091,10,17,0.0769230769230769,1.1413383636582952,0.9308732097003491,1.034958580598596,0.1063797830596993
val:14092,val,mendeley_pa:image:MENDE-PA-00936,images/mendeley_pa/MENDE-PA-00936.jpg,Mendeley PA,14092,11,17,0.0769230769230769,0.6212685809818259,0.9667443383233549,0.8537004116671087,0.23243183068528284
val:14093,val,mendeley_pa:image:MENDE-PA-00936,images/mendeley_pa/MENDE-PA-00936.jpg,Mendeley PA,14093,12,17,0.0769230769230769,0.93948544064657,0.8181964033797096,0.9556916379883598,0.01620619734178974
val:14094,val,mendeley_pa:image:MENDE-PA-00936,images/mendeley_pa/MENDE-PA-00936.jpg,Mendeley PA,14094,13,17,0.0769230769230769,1.0445184772183347,0.9999999999999999,1.06774090975523,0.023222432536895266
val:14095,val,mendeley_pa:image:MENDE-PA-00936,images/mendeley_pa/MENDE-PA-00936.jpg,Mendeley PA,14095,14,17,0.0769230769230769,0.960123517720362,1.0,0.9989888252457604,0.03886530752539841
val:14096,val,mendeley_pa:image:MENDE-PA-00936,images/mendeley_pa/MENDE-PA-00936.jpg,Mendeley PA,14096,15,17,0.0769230769230769,1.0473481979606567,1.0322247363203494,1.0689529694193332,0.021604771458676453
val:14495,val,mendeley_pa:image:MENDE-PA-00968,images/mendeley_pa/MENDE-PA-00968.jpg,Mendeley PA,14495,3,17,0.0769230769230769,1.117615969350323,1.0285442602206953,1.0526948664654978,0.06492110288482511
val:14496,val,mendeley_pa:image:MENDE-PA-00968,images/mendeley_pa/MENDE-PA-00968.jpg,Mendeley PA,14496,4,17,0.0769230769230769,1.037696429881005,1.0,1.0324169471859932,0.005279482695011772
val:14497,val,mendeley_pa:image:MENDE-PA-00968,images/mendeley_pa/MENDE-PA-00968.jpg,Mendeley PA,14497,5,17,0.0769230769230769,0.9141883168999274,1.0,0.98147102445364,0.06728270755371257
val:14498,val,mendeley_pa:image:MENDE-PA-00968,images/mendeley_pa/MENDE-PA-00968.jpg,Mendeley PA,14498,6,17,0.0769230769230769,1.0188395441225626,0.9718658793467709,0.9886419772851893,0.03019756683737329
val:14499,val,mendeley_pa:image:MENDE-PA-00968,images/mendeley_pa/MENDE-PA-00968.jpg,Mendeley PA,14499,7,17,0.0769230769230769,0.9827792467073884,1.0,0.982350293546915,0.000428953160473311
val:14500,val,mendeley_pa:image:MENDE-PA-00968,images/mendeley_pa/MENDE-PA-00968.jpg,Mendeley PA,14500,8,17,0.0769230769230769,1.0216219206166657,1.016200967432474,1.0277134192376483,0.006091498620982572
val:14501,val,mendeley_pa:image:MENDE-PA-00968,images/mendeley_pa/MENDE-PA-00968.jpg,Mendeley PA,14501,9,17,0.0769230769230769,1.041876330220533,1.005651973913008,1.0092408145112486,0.03263551570928436
val:14502,val,mendeley_pa:image:MENDE-PA-00968,images/mendeley_pa/MENDE-PA-00968.jpg,Mendeley PA,14502,10,17,0.0769230769230769,0.9888342878540792,0.9988436422186738,0.9991603253052405,0.01032603745116123
val:14503,val,mendeley_pa:image:MENDE-PA-00968,images/mendeley_pa/MENDE-PA-00968.jpg,Mendeley PA,14503,11,17,0.0769230769230769,0.9348204905803398,1.019423070103897,0.9967929727593794,0.06197248217903961
val:14504,val,mendeley_pa:image:MENDE-PA-00968,images/mendeley_pa/MENDE-PA-00968.jpg,Mendeley PA,14504,12,17,0.0769230769230769,1.1099391615484318,0.9946303803382563,1.0049939628599334,0.10494519868849839
val:14505,val,mendeley_pa:image:MENDE-PA-00968,images/mendeley_pa/MENDE-PA-00968.jpg,Mendeley PA,14505,13,17,0.0769230769230769,0.9246954930429657,1.0000000000000002,0.9911868143826725,0.06649132133970681
val:14506,val,mendeley_pa:image:MENDE-PA-00968,images/mendeley_pa/MENDE-PA-00968.jpg,Mendeley PA,14506,14,17,0.0769230769230769,1.0045454242069076,1.004588622777086,0.994792131884318,0.00975329232258959
val:14507,val,mendeley_pa:image:MENDE-PA-00968,images/mendeley_pa/MENDE-PA-00968.jpg,Mendeley PA,14507,15,17,0.0769230769230769,1.0782329206676504,1.0,1.0050476710312068,0.07318524963644357
val:14512,val,mendeley_pa:image:MENDE-PA-00969,images/mendeley_pa/MENDE-PA-00969.jpg,Mendeley PA,14512,3,17,0.0769230769230769,0.9888507866413069,0.9734201591199523,0.9963624562805777,0.007511669639270857
val:14513,val,mendeley_pa:image:MENDE-PA-00969,images/mendeley_pa/MENDE-PA-00969.jpg,Mendeley PA,14513,4,17,0.0769230769230769,0.996721315709016,1.0,1.017160288989544,0.020438973280527906
val:14514,val,mendeley_pa:image:MENDE-PA-00969,images/mendeley_pa/MENDE-PA-00969.jpg,Mendeley PA,14514,5,17,0.0769230769230769,1.0112978089227296,1.0060672814557077,1.0143633688399316,0.003065559917202032
val:14515,val,mendeley_pa:image:MENDE-PA-00969,images/mendeley_pa/MENDE-PA-00969.jpg,Mendeley PA,14515,6,17,0.0769230769230769,1.0232078829841846,0.9999999999999998,1.0103804441168902,0.012827438867294427
val:14516,val,mendeley_pa:image:MENDE-PA-00969,images/mendeley_pa/MENDE-PA-00969.jpg,Mendeley PA,14516,7,17,0.0769230769230769,0.9861685833884889,1.0718203733166856,1.0004032129844826,0.014234629595993753
val:14517,val,mendeley_pa:image:MENDE-PA-00969,images/mendeley_pa/MENDE-PA-00969.jpg,Mendeley PA,14517,8,17,0.0769230769230769,1.14590460593329,0.9942162213442037,1.0271164616164872,0.11878814431680285
val:14518,val,mendeley_pa:image:MENDE-PA-00969,images/mendeley_pa/MENDE-PA-00969.jpg,Mendeley PA,14518,9,17,0.0769230769230769,0.8963507791575656,1.0416081982103402,0.9610133754459436,0.064662596288378
val:14519,val,mendeley_pa:image:MENDE-PA-00969,images/mendeley_pa/MENDE-PA-00969.jpg,Mendeley PA,14519,10,17,0.0769230769230769,1.0584039412594217,0.9357691619981537,0.9859180514205704,0.07248588983885129
val:14520,val,mendeley_pa:image:MENDE-PA-00969,images/mendeley_pa/MENDE-PA-00969.jpg,Mendeley PA,14520,11,17,0.0769230769230769,0.901784667195159,1.0642044492798417,1.0035822153823941,0.10179754818723508
val:14521,val,mendeley_pa:image:MENDE-PA-00969,images/mendeley_pa/MENDE-PA-00969.jpg,Mendeley PA,14521,12,17,0.0769230769230769,1.1496715767202195,0.9615236726778473,1.0126678814369168,0.1370036952833027
val:14522,val,mendeley_pa:image:MENDE-PA-00969,images/mendeley_pa/MENDE-PA-00969.jpg,Mendeley PA,14522,13,17,0.0769230769230769,0.8589426934415723,1.0,0.9250677973031998,0.06612510386162751
val:14523,val,mendeley_pa:image:MENDE-PA-00969,images/mendeley_pa/MENDE-PA-00969.jpg,Mendeley PA,14523,14,17,0.0769230769230769,1.031102080531258,0.946102464895091,0.9522424767234837,0.07885960380777435
val:14524,val,mendeley_pa:image:MENDE-PA-00969,images/mendeley_pa/MENDE-PA-00969.jpg,Mendeley PA,14524,15,17,0.0769230769230769,0.9946370095446972,1.0,0.9616742953658104,0.032962714178886854
val:14668,val,mendeley_pa:image:MENDE-PA-00982,images/mendeley_pa/MENDE-PA-00982.jpg,Mendeley PA,14668,3,17,0.0769230769230769,1.0235098479121145,0.977024930057995,1.0028648846726342,0.020644963239480285
val:14669,val,mendeley_pa:image:MENDE-PA-00982,images/mendeley_pa/MENDE-PA-00982.jpg,Mendeley PA,14669,4,17,0.0769230769230769,0.9951108417923421,0.9999999999999999,1.0619472675025463,0.0668364257102042
val:14670,val,mendeley_pa:image:MENDE-PA-00982,images/mendeley_pa/MENDE-PA-00982.jpg,Mendeley PA,14670,5,17,0.0769230769230769,0.9874995961906146,0.9999999999999998,0.9885188844054935,0.001019288214878955
val:14671,val,mendeley_pa:image:MENDE-PA-00982,images/mendeley_pa/MENDE-PA-00982.jpg,Mendeley PA,14671,6,17,0.0769230769230769,1.0197558584665627,1.0,0.9990380835952237,0.020717774871338968
val:14672,val,mendeley_pa:image:MENDE-PA-00982,images/mendeley_pa/MENDE-PA-00982.jpg,Mendeley PA,14672,7,17,0.0769230769230769,1.0294856629839044,1.0268238523979694,1.004746083356908,0.024739579626996466
val:14673,val,mendeley_pa:image:MENDE-PA-00982,images/mendeley_pa/MENDE-PA-00982.jpg,Mendeley PA,14673,8,17,0.0769230769230769,1.0042313972024055,0.9741311509611934,0.9970593385848134,0.00717205861759207
val:14674,val,mendeley_pa:image:MENDE-PA-00982,images/mendeley_pa/MENDE-PA-00982.jpg,Mendeley PA,14674,9,17,0.0769230769230769,0.9337000545892324,1.0184095820565016,1.0329601794634253,0.09926012487419289
val:14675,val,mendeley_pa:image:MENDE-PA-00982,images/mendeley_pa/MENDE-PA-00982.jpg,Mendeley PA,14675,10,17,0.0769230769230769,1.0447248026804163,0.9708028465783229,0.9983128860866657,0.04641191659375066
val:14676,val,mendeley_pa:image:MENDE-PA-00982,images/mendeley_pa/MENDE-PA-00982.jpg,Mendeley PA,14676,11,17,0.0769230769230769,0.9534195201968819,0.9999999999999999,0.9917787043377756,0.038359184140893676
val:14677,val,mendeley_pa:image:MENDE-PA-00982,images/mendeley_pa/MENDE-PA-00982.jpg,Mendeley PA,14677,12,17,0.0769230769230769,1.0042495127367899,0.9827147456441272,1.0135797387544263,0.009330226017636445
val:14678,val,mendeley_pa:image:MENDE-PA-00982,images/mendeley_pa/MENDE-PA-00982.jpg,Mendeley PA,14678,13,17,0.0769230769230769,0.9658635879384394,0.9999999999999998,1.0102542992681263,0.04439071132968686
val:14679,val,mendeley_pa:image:MENDE-PA-00982,images/mendeley_pa/MENDE-PA-00982.jpg,Mendeley PA,14679,14,17,0.0769230769230769,0.9785211893362951,1.0053073069326763,0.9904087757937794,0.011887586457484334
val:14680,val,mendeley_pa:image:MENDE-PA-00982,images/mendeley_pa/MENDE-PA-00982.jpg,Mendeley PA,14680,15,17,0.0769230769230769,1.0791410836228748,1.0105151190817967,1.0227401481405511,0.05640093548232361
val:15096,val,mendeley_pa:image:MENDE-PA-01016,images/mendeley_pa/MENDE-PA-01016.jpg,Mendeley PA,15096,3,17,0.0769230769230769,1.1750386267600104,0.9760113352139297,1.0381384858091178,0.13690014095089253
val:15097,val,mendeley_pa:image:MENDE-PA-01016,images/mendeley_pa/MENDE-PA-01016.jpg,Mendeley PA,15097,4,17,0.0769230769230769,0.838062064109701,1.0,0.9282556027173996,0.09019353860769863
val:15098,val,mendeley_pa:image:MENDE-PA-01016,images/mendeley_pa/MENDE-PA-01016.jpg,Mendeley PA,15098,5,17,0.0769230769230769,1.0346573835778892,1.0453499267861337,1.0128241675958127,0.021833215982076437
val:15099,val,mendeley_pa:image:MENDE-PA-01016,images/mendeley_pa/MENDE-PA-01016.jpg,Mendeley PA,15099,6,17,0.0769230769230769,1.2400176879547007,1.0155300174814412,1.0429309767645547,0.19708671119014598
val:15100,val,mendeley_pa:image:MENDE-PA-01016,images/mendeley_pa/MENDE-PA-01016.jpg,Mendeley PA,15100,7,17,0.0769230769230769,0.9147675260936432,1.0436838624174993,0.9772694391305845,0.0625019130369413
val:15101,val,mendeley_pa:image:MENDE-PA-01016,images/mendeley_pa/MENDE-PA-01016.jpg,Mendeley PA,15101,8,17,0.0769230769230769,0.8909635223827217,0.9245795982628084,0.9569991531520106,0.06603563076928887
val:15102,val,mendeley_pa:image:MENDE-PA-01016,images/mendeley_pa/MENDE-PA-01016.jpg,Mendeley PA,15102,9,17,0.0769230769230769,1.0266526526439974,1.0,1.004131030291319,0.022521622352678516
val:15103,val,mendeley_pa:image:MENDE-PA-01016,images/mendeley_pa/MENDE-PA-01016.jpg,Mendeley PA,15103,10,17,0.0769230769230769,0.9733287798201595,1.0090745507790104,0.9497169784320847,0.023611801388074838
val:15104,val,mendeley_pa:image:MENDE-PA-01016,images/mendeley_pa/MENDE-PA-01016.jpg,Mendeley PA,15104,11,17,0.0769230769230769,1.062168828117163,1.0,1.007301994599402,0.054866833517761116
val:15105,val,mendeley_pa:image:MENDE-PA-01016,images/mendeley_pa/MENDE-PA-01016.jpg,Mendeley PA,15105,12,17,0.0769230769230769,0.9548005119486949,1.0,0.983624991029501,0.028824479080806098
val:15106,val,mendeley_pa:image:MENDE-PA-01016,images/mendeley_pa/MENDE-PA-01016.jpg,Mendeley PA,15106,13,17,0.0769230769230769,0.946077006398107,1.0263401531798038,0.98437300708119,0.03829600068308303
val:15107,val,mendeley_pa:image:MENDE-PA-01016,images/mendeley_pa/MENDE-PA-01016.jpg,Mendeley PA,15107,14,17,0.0769230769230769,1.144327717351961,1.0,1.0196177959442139,0.12470992140774717
val:15108,val,mendeley_pa:image:MENDE-PA-01016,images/mendeley_pa/MENDE-PA-01016.jpg,Mendeley PA,15108,15,17,0.0769230769230769,0.9385907746621087,1.0423288123589565,0.9617955835443546,0.023204808882245853
val:15165,val,miccai_2019:image:MICCAI-AP-00003,images/miccai_2019/MICCAI-AP-00003.jpg,MICCAI-2019,15165,3,17,0.0769230769230769,0.7886650097989212,1.0532334595691242,0.9391382112871685,0.15047320148824728
val:15166,val,miccai_2019:image:MICCAI-AP-00003,images/miccai_2019/MICCAI-AP-00003.jpg,MICCAI-2019,15166,4,17,0.0769230769230769,1.6873332859983772,1.191499673156736,1.207161020814178,0.4801722651841991
val:15167,val,miccai_2019:image:MICCAI-AP-00003,images/miccai_2019/MICCAI-AP-00003.jpg,MICCAI-2019,15167,5,17,0.0769230769230769,1.313961631274103,1.2107696470843323,1.2090602721359276,0.10490135913817533
val:15168,val,miccai_2019:image:MICCAI-AP-00003,images/miccai_2019/MICCAI-AP-00003.jpg,MICCAI-2019,15168,6,17,0.0769230769230769,0.6901969201989345,1.0,0.9714655727148056,0.2812686525158711
val:15169,val,miccai_2019:image:MICCAI-AP-00003,images/miccai_2019/MICCAI-AP-00003.jpg,MICCAI-2019,15169,7,17,0.0769230769230769,1.121498327013341,0.9565441357779655,1.017256100742832,0.10424222627050894
val:15170,val,miccai_2019:image:MICCAI-AP-00003,images/miccai_2019/MICCAI-AP-00003.jpg,MICCAI-2019,15170,8,17,0.0769230769230769,1.0312459619649939,1.034536819013947,1.0182917109161553,0.012954251048838517
val:15171,val,miccai_2019:image:MICCAI-AP-00003,images/miccai_2019/MICCAI-AP-00003.jpg,MICCAI-2019,15171,9,17,0.0769230769230769,0.8849607160524169,0.9617162889938629,1.036263445685414,0.15130272963299718
val:15172,val,miccai_2019:image:MICCAI-AP-00003,images/miccai_2019/MICCAI-AP-00003.jpg,MICCAI-2019,15172,10,17,0.0769230769230769,0.8583488565495101,0.9687565361256425,1.0082288664872472,0.1498800099377371
val:15173,val,miccai_2019:image:MICCAI-AP-00003,images/miccai_2019/MICCAI-AP-00003.jpg,MICCAI-2019,15173,11,17,0.0769230769230769,1.2194320445468074,1.0849492635456206,1.0844934320479458,0.13493861249886163
val:15174,val,miccai_2019:image:MICCAI-AP-00003,images/miccai_2019/MICCAI-AP-00003.jpg,MICCAI-2019,15174,12,17,0.0769230769230769,1.0918907320761075,1.0,1.0908316224813461,0.0010591095947614093
val:15175,val,miccai_2019:image:MICCAI-AP-00003,images/miccai_2019/MICCAI-AP-00003.jpg,MICCAI-2019,15175,13,17,0.0769230769230769,0.7590918663430557,1.04131257331202,1.1021012606305836,0.34300939428752786
val:15176,val,miccai_2019:image:MICCAI-AP-00003,images/miccai_2019/MICCAI-AP-00003.jpg,MICCAI-2019,15176,14,17,0.0769230769230769,1.4258797640606204,1.1130281532067778,1.1480282241363051,0.2778515399243153
val:15177,val,miccai_2019:image:MICCAI-AP-00003,images/miccai_2019/MICCAI-AP-00003.jpg,MICCAI-2019,15177,15,17,0.0769230769230769,1.4278793451096043,1.2838074009203122,1.3866037617706464,0.04127558333895798
val:15284,val,miccai_2019:image:MICCAI-AP-00010,images/miccai_2019/MICCAI-AP-00010.jpg,MICCAI-2019,15284,3,17,0.0769230769230769,0.7936626837131351,0.9988338600567865,0.9999940941532466,0.2063314104401115
val:15285,val,miccai_2019:image:MICCAI-AP-00010,images/miccai_2019/MICCAI-AP-00010.jpg,MICCAI-2019,15285,4,17,0.0769230769230769,0.8761969130634456,0.8479994019784761,0.9014682626643015,0.025271349600855864
val:15286,val,miccai_2019:image:MICCAI-AP-00010,images/miccai_2019/MICCAI-AP-00010.jpg,MICCAI-2019,15286,5,17,0.0769230769230769,1.0978192942181906,1.2590323722848464,1.1393396890649368,0.04152039484674619
val:15287,val,miccai_2019:image:MICCAI-AP-00010,images/miccai_2019/MICCAI-AP-00010.jpg,MICCAI-2019,15287,6,17,0.0769230769230769,1.4172762864815467,0.9880671361928798,1.2104548821693277,0.20682140431221896
val:15288,val,miccai_2019:image:MICCAI-AP-00010,images/miccai_2019/MICCAI-AP-00010.jpg,MICCAI-2019,15288,7,17,0.0769230769230769,0.7718665545941279,1.0121504657631895,0.9450208314424535,0.17315427684832563
val:15289,val,miccai_2019:image:MICCAI-AP-00010,images/miccai_2019/MICCAI-AP-00010.jpg,MICCAI-2019,15289,8,17,0.0769230769230769,0.7232998550733847,0.8175656050151079,0.9127957969611376,0.18949594188775287
val:15290,val,miccai_2019:image:MICCAI-AP-00010,images/miccai_2019/MICCAI-AP-00010.jpg,MICCAI-2019,15290,9,17,0.0769230769230769,1.1327420678731168,1.1127729665416064,1.1611811097639384,0.02843904189082158
val:15291,val,miccai_2019:image:MICCAI-AP-00010,images/miccai_2019/MICCAI-AP-00010.jpg,MICCAI-2019,15291,10,17,0.0769230769230769,1.205355065615259,0.9999999999999999,1.0388559959828854,0.1664990696323736
val:15292,val,miccai_2019:image:MICCAI-AP-00010,images/miccai_2019/MICCAI-AP-00010.jpg,MICCAI-2019,15292,11,17,0.0769230769230769,0.8580377577677385,1.0,0.929788388311863,0.07175063054412445
val:15293,val,miccai_2019:image:MICCAI-AP-00010,images/miccai_2019/MICCAI-AP-00010.jpg,MICCAI-2019,15293,12,17,0.0769230769230769,0.8666081325354661,0.925151110246111,0.8957640850835333,0.029155952548067243
val:15294,val,miccai_2019:image:MICCAI-AP-00010,images/miccai_2019/MICCAI-AP-00010.jpg,MICCAI-2019,15294,13,17,0.0769230769230769,1.1573839966650346,1.0613471337037435,1.0517162152009358,0.10566778146409872
val:15295,val,miccai_2019:image:MICCAI-AP-00010,images/miccai_2019/MICCAI-AP-00010.jpg,MICCAI-2019,15295,14,17,0.0769230769230769,1.0738503152648402,0.9999999999999999,0.9809957388788461,0.09285457638599415
val:15296,val,miccai_2019:image:MICCAI-AP-00010,images/miccai_2019/MICCAI-AP-00010.jpg,MICCAI-2019,15296,15,17,0.0769230769230769,0.9138459228948093,1.0223848956235966,1.067978861422213,0.15413293852740373
val:15777,val,miccai_2019:image:MICCAI-AP-00039,images/miccai_2019/MICCAI-AP-00039.jpg,MICCAI-2019,15777,3,17,0.0769230769230769,1.15249377847763,0.9707983139754921,1.0929289314748436,0.0595648470027863
val:15778,val,miccai_2019:image:MICCAI-AP-00039,images/miccai_2019/MICCAI-AP-00039.jpg,MICCAI-2019,15778,4,17,0.0769230769230769,0.8399103943714132,1.0,0.9836219344288111,0.14371154005739784
val:15779,val,miccai_2019:image:MICCAI-AP-00039,images/miccai_2019/MICCAI-AP-00039.jpg,MICCAI-2019,15779,5,17,0.0769230769230769,1.0821989122129263,0.9835742196043586,0.9936472760488844,0.08855163616404194
val:15780,val,miccai_2019:image:MICCAI-AP-00039,images/miccai_2019/MICCAI-AP-00039.jpg,MICCAI-2019,15780,6,17,0.0769230769230769,1.0474196890005396,1.0,0.9925305577926338,0.05488913120790584
val:15781,val,miccai_2019:image:MICCAI-AP-00039,images/miccai_2019/MICCAI-AP-00039.jpg,MICCAI-2019,15781,7,17,0.0769230769230769,0.9165085772995424,1.0000000000000002,0.951415114104748,0.03490653680520561
val:15782,val,miccai_2019:image:MICCAI-AP-00039,images/miccai_2019/MICCAI-AP-00039.jpg,MICCAI-2019,15782,8,17,0.0769230769230769,1.0158447774953445,1.0125066189603387,0.9761577880518018,0.039686989443542764
val:15783,val,miccai_2019:image:MICCAI-AP-00039,images/miccai_2019/MICCAI-AP-00039.jpg,MICCAI-2019,15783,9,17,0.0769230769230769,1.0919388110194719,1.0,1.002200032118708,0.08973877890076398
val:15784,val,miccai_2019:image:MICCAI-AP-00039,images/miccai_2019/MICCAI-AP-00039.jpg,MICCAI-2019,15784,10,17,0.0769230769230769,0.935888953532876,1.0,0.98994065169245,0.054051698159574
val:15785,val,miccai_2019:image:MICCAI-AP-00039,images/miccai_2019/MICCAI-AP-00039.jpg,MICCAI-2019,15785,11,17,0.0769230769230769,0.9529866959020724,0.9722798106623989,0.9621026202468377,0.00911592434476527
val:15786,val,miccai_2019:image:MICCAI-AP-00039,images/miccai_2019/MICCAI-AP-00039.jpg,MICCAI-2019,15786,12,17,0.0769230769230769,1.0557413878385438,1.0,1.0358778946101665,0.019863493228377216
val:15787,val,miccai_2019:image:MICCAI-AP-00039,images/miccai_2019/MICCAI-AP-00039.jpg,MICCAI-2019,15787,13,17,0.0769230769230769,0.9479238917195956,0.9999999999999998,1.019597828388214,0.07167393666861832
val:15788,val,miccai_2019:image:MICCAI-AP-00039,images/miccai_2019/MICCAI-AP-00039.jpg,MICCAI-2019,15788,14,17,0.0769230769230769,0.9821662465471676,0.9849195962278264,0.9974559757365006,0.015289729189333023
val:15789,val,miccai_2019:image:MICCAI-AP-00039,images/miccai_2019/MICCAI-AP-00039.jpg,MICCAI-2019,15789,15,17,0.0769230769230769,1.0438582182809468,1.0369253607105298,1.0021787026535554,0.04167951562739147
val:15879,val,miccai_2019:image:MICCAI-AP-00045,images/miccai_2019/MICCAI-AP-00045.jpg,MICCAI-2019,15879,3,17,0.0769230769230769,1.0298618826601809,0.9697689299808034,0.9937402715311536,0.03612161112902723
val:15880,val,miccai_2019:image:MICCAI-AP-00045,images/miccai_2019/MICCAI-AP-00045.jpg,MICCAI-2019,15880,4,17,0.0769230769230769,1.095449572955506,1.0483500716900715,1.0349941599807033,0.060455412974802725
val:15881,val,miccai_2019:image:MICCAI-AP-00045,images/miccai_2019/MICCAI-AP-00045.jpg,MICCAI-2019,15881,5,17,0.0769230769230769,1.0701224181778342,1.0138015488399248,0.964505840302823,0.10561657787501111
val:15882,val,miccai_2019:image:MICCAI-AP-00045,images/miccai_2019/MICCAI-AP-00045.jpg,MICCAI-2019,15882,6,17,0.0769230769230769,0.9396695435639414,1.0059415247949843,0.9690110270592456,0.029341483495304188
val:15883,val,miccai_2019:image:MICCAI-AP-00045,images/miccai_2019/MICCAI-AP-00045.jpg,MICCAI-2019,15883,7,17,0.0769230769230769,0.9737572039157902,0.9558609356647392,0.9492681324956973,0.024489071420092934
val:15884,val,miccai_2019:image:MICCAI-AP-00045,images/miccai_2019/MICCAI-AP-00045.jpg,MICCAI-2019,15884,8,17,0.0769230769230769,0.962361673115703,1.0268627988835597,1.0067227917453074,0.04436111862960446
val:15885,val,miccai_2019:image:MICCAI-AP-00045,images/miccai_2019/MICCAI-AP-00045.jpg,MICCAI-2019,15885,9,17,0.0769230769230769,1.114753569116954,1.0184412631600694,1.0046750023424225,0.11007856677453143
val:15886,val,miccai_2019:image:MICCAI-AP-00045,images/miccai_2019/MICCAI-AP-00045.jpg,MICCAI-2019,15886,10,17,0.0769230769230769,1.042895350247465,1.0515715731722237,1.0565232877102615,0.013627937462796558
val:15887,val,miccai_2019:image:MICCAI-AP-00045,images/miccai_2019/MICCAI-AP-00045.jpg,MICCAI-2019,15887,11,17,0.0769230769230769,0.9412248269909079,0.9520001129321665,0.97389305542036,0.03266822842945205
val:15888,val,miccai_2019:image:MICCAI-AP-00045,images/miccai_2019/MICCAI-AP-00045.jpg,MICCAI-2019,15888,12,17,0.0769230769230769,0.9536726289530886,1.009306505492306,0.9937140254139665,0.0400413964608779
val:15889,val,miccai_2019:image:MICCAI-AP-00045,images/miccai_2019/MICCAI-AP-00045.jpg,MICCAI-2019,15889,13,17,0.0769230769230769,1.0708866783635513,0.993536053243835,1.0386195127105307,0.03226716565302068
val:15890,val,miccai_2019:image:MICCAI-AP-00045,images/miccai_2019/MICCAI-AP-00045.jpg,MICCAI-2019,15890,14,17,0.0769230769230769,0.9958525556746556,1.1140453664147667,1.1052162374862842,0.10936368181162859
val:15891,val,miccai_2019:image:MICCAI-AP-00045,images/miccai_2019/MICCAI-AP-00045.jpg,MICCAI-2019,15891,15,17,0.0769230769230769,1.1530164273976065,0.8948407246856065,1.0597549750594468,0.09326145233815963
val:15998,val,miccai_2019:image:MICCAI-AP-00052,images/miccai_2019/MICCAI-AP-00052.jpg,MICCAI-2019,15998,3,17,0.0769230769230769,1.0785092823242626,1.0,1.0781218186020851,0.0003874637221774613
val:15999,val,miccai_2019:image:MICCAI-AP-00052,images/miccai_2019/MICCAI-AP-00052.jpg,MICCAI-2019,15999,4,17,0.0769230769230769,0.9517032923768418,1.0,1.0203680489212275,0.06866475654438564
val:16000,val,miccai_2019:image:MICCAI-AP-00052,images/miccai_2019/MICCAI-AP-00052.jpg,MICCAI-2019,16000,5,17,0.0769230769230769,1.0601842364176641,1.0625691641484445,1.1212333072339242,0.0610490708162601
val:16001,val,miccai_2019:image:MICCAI-AP-00052,images/miccai_2019/MICCAI-AP-00052.jpg,MICCAI-2019,16001,6,17,0.0769230769230769,1.1135574672654145,1.0,1.0288917291909456,0.08466573807446887
val:16002,val,miccai_2019:image:MICCAI-AP-00052,images/miccai_2019/MICCAI-AP-00052.jpg,MICCAI-2019,16002,7,17,0.0769230769230769,0.9544689116009838,1.0380221527960523,1.0744071935262902,0.11993828192530642
val:16003,val,miccai_2019:image:MICCAI-AP-00052,images/miccai_2019/MICCAI-AP-00052.jpg,MICCAI-2019,16003,8,17,0.0769230769230769,0.9781693917087788,0.9447662467533666,0.9733930444741565,0.00477634723462228
val:16004,val,miccai_2019:image:MICCAI-AP-00052,images/miccai_2019/MICCAI-AP-00052.jpg,MICCAI-2019,16004,9,17,0.0769230769230769,0.937615943923013,1.0,0.9826100524514914,0.044994108528478405
val:16005,val,miccai_2019:image:MICCAI-AP-00052,images/miccai_2019/MICCAI-AP-00052.jpg,MICCAI-2019,16005,10,17,0.0769230769230769,1.021809915290067,0.9928433360931821,1.01858285874402,0.003227056546047047
val:16006,val,miccai_2019:image:MICCAI-AP-00052,images/miccai_2019/MICCAI-AP-00052.jpg,MICCAI-2019,16006,11,17,0.0769230769230769,0.9924412686966626,0.9999999999999998,1.0191619619727132,0.026720693276050644
val:16007,val,miccai_2019:image:MICCAI-AP-00052,images/miccai_2019/MICCAI-AP-00052.jpg,MICCAI-2019,16007,12,17,0.0769230769230769,0.9600443478046516,1.0000000000000002,0.9842679481953385,0.024223600390686828
val:16008,val,miccai_2019:image:MICCAI-AP-00052,images/miccai_2019/MICCAI-AP-00052.jpg,MICCAI-2019,16008,13,17,0.0769230769230769,1.0917285990005028,1.0767120093668945,1.0285519593025692,0.06317663969793363
val:16009,val,miccai_2019:image:MICCAI-AP-00052,images/miccai_2019/MICCAI-AP-00052.jpg,MICCAI-2019,16009,14,17,0.0769230769230769,1.1514072299735503,1.0271126835358917,0.976481179030019,0.1749260509435313
val:16010,val,miccai_2019:image:MICCAI-AP-00052,images/miccai_2019/MICCAI-AP-00052.jpg,MICCAI-2019,16010,15,17,0.0769230769230769,0.9809041047498054,1.049332974943804,1.0473416489544385,0.0664375442046331
val:16185,val,miccai_2019:image:MICCAI-AP-00063,images/miccai_2019/MICCAI-AP-00063.jpg,MICCAI-2019,16185,3,17,0.0769230769230769,0.796787321933607,1.0,1.1044007018208504,0.30761337988724335
val:16186,val,miccai_2019:image:MICCAI-AP-00063,images/miccai_2019/MICCAI-AP-00063.jpg,MICCAI-2019,16186,4,17,0.0769230769230769,0.9036569275585118,0.9501226542600358,1.0005769094535077,0.09691998189499595
val:16187,val,miccai_2019:image:MICCAI-AP-00063,images/miccai_2019/MICCAI-AP-00063.jpg,MICCAI-2019,16187,5,17,0.0769230769230769,1.197134357777126,1.0185160063013075,1.063754784296417,0.13337957348070906
val:16188,val,miccai_2019:image:MICCAI-AP-00063,images/miccai_2019/MICCAI-AP-00063.jpg,MICCAI-2019,16188,6,17,0.0769230769230769,1.0688120467959568,1.0838802206892162,1.0813802533413857,0.012568206545428895
val:16189,val,miccai_2019:image:MICCAI-AP-00063,images/miccai_2019/MICCAI-AP-00063.jpg,MICCAI-2019,16189,7,17,0.0769230769230769,0.9385447794478495,0.9238435766522068,1.0244648075524945,0.08592002810464494
val:16190,val,miccai_2019:image:MICCAI-AP-00063,images/miccai_2019/MICCAI-AP-00063.jpg,MICCAI-2019,16190,8,17,0.0769230769230769,0.8602584145376346,0.9843843626883515,1.0257474902179726,0.165489075680338
val:16191,val,miccai_2019:image:MICCAI-AP-00063,images/miccai_2019/MICCAI-AP-00063.jpg,MICCAI-2019,16191,9,17,0.0769230769230769,0.9940711000605531,0.9969620883493753,0.9771558355568977,0.016915264503655436
val:16192,val,miccai_2019:image:MICCAI-AP-00063,images/miccai_2019/MICCAI-AP-00063.jpg,MICCAI-2019,16192,10,17,0.0769230769230769,1.110810677708871,0.9999999999999999,0.9817934446036815,0.12901723310518964
val:16193,val,miccai_2019:image:MICCAI-AP-00063,images/miccai_2019/MICCAI-AP-00063.jpg,MICCAI-2019,16193,11,17,0.0769230769230769,0.956599986753289,0.9999999999999999,0.9703491199761628,0.013749133222873744
val:16194,val,miccai_2019:image:MICCAI-AP-00063,images/miccai_2019/MICCAI-AP-00063.jpg,MICCAI-2019,16194,12,17,0.0769230769230769,1.002705774971142,1.0380948562464731,1.0269004930100458,0.024194718038903718
val:16195,val,miccai_2019:image:MICCAI-AP-00063,images/miccai_2019/MICCAI-AP-00063.jpg,MICCAI-2019,16195,13,17,0.0769230769230769,1.1277507788721457,1.0096576719494068,1.0131200587326192,0.11463072013952647
val:16196,val,miccai_2019:image:MICCAI-AP-00063,images/miccai_2019/MICCAI-AP-00063.jpg,MICCAI-2019,16196,14,17,0.0769230769230769,1.0046602788643915,1.0576563786970479,1.0319441996770007,0.02728392081260922
val:16197,val,miccai_2019:image:MICCAI-AP-00063,images/miccai_2019/MICCAI-AP-00063.jpg,MICCAI-2019,16197,15,17,0.0769230769230769,0.9300931924410525,0.9289235946001538,0.9588745132299193,0.02878132078886686
val:16202,val,miccai_2019:image:MICCAI-AP-00064,images/miccai_2019/MICCAI-AP-00064.jpg,MICCAI-2019,16202,3,17,0.0769230769230769,1.0730246209365282,1.0,1.0691247954964638,0.0038998254400643972
val:16203,val,miccai_2019:image:MICCAI-AP-00064,images/miccai_2019/MICCAI-AP-00064.jpg,MICCAI-2019,16203,4,17,0.0769230769230769,0.8445358949820589,0.9999999999999998,0.9867232684046028,0.14218737342254384
val:16204,val,miccai_2019:image:MICCAI-AP-00064,images/miccai_2019/MICCAI-AP-00064.jpg,MICCAI-2019,16204,5,17,0.0769230769230769,1.0364113560286494,0.9557075775381481,0.9747966169532691,0.06161473907538029
val:16205,val,miccai_2019:image:MICCAI-AP-00064,images/miccai_2019/MICCAI-AP-00064.jpg,MICCAI-2019,16205,6,17,0.0769230769230769,1.0424385275723127,1.013223015480515,0.9906026430063215,0.0518358845659912
val:16206,val,miccai_2019:image:MICCAI-AP-00064,images/miccai_2019/MICCAI-AP-00064.jpg,MICCAI-2019,16206,7,17,0.0769230769230769,0.9902786549531948,0.9901238435545288,0.9641199389138542,0.026158716039340613
val:16207,val,miccai_2019:image:MICCAI-AP-00064,images/miccai_2019/MICCAI-AP-00064.jpg,MICCAI-2019,16207,8,17,0.0769230769230769,0.9471334145124646,1.005815219268674,1.0428960324679557,0.09576261795549112
val:16208,val,miccai_2019:image:MICCAI-AP-00064,images/miccai_2019/MICCAI-AP-00064.jpg,MICCAI-2019,16208,9,17,0.0769230769230769,1.082734112168003,1.0156930972183718,1.0195717130149378,0.06316239915306521
val:16209,val,miccai_2019:image:MICCAI-AP-00064,images/miccai_2019/MICCAI-AP-00064.jpg,MICCAI-2019,16209,10,17,0.0769230769230769,1.0695872588234279,1.0357784252792492,1.0344053473036632,0.035181911519764686
val:16210,val,miccai_2019:image:MICCAI-AP-00064,images/miccai_2019/MICCAI-AP-00064.jpg,MICCAI-2019,16210,11,17,0.0769230769230769,0.8840932006822656,0.945313915801498,0.9576159084264961,0.07352270774423053
val:16211,val,miccai_2019:image:MICCAI-AP-00064,images/miccai_2019/MICCAI-AP-00064.jpg,MICCAI-2019,16211,12,17,0.0769230769230769,0.7992759166461761,1.012577301268682,0.9891791086692663,0.18990319202309014
val:16212,val,miccai_2019:image:MICCAI-AP-00064,images/miccai_2019/MICCAI-AP-00064.jpg,MICCAI-2019,16212,13,17,0.0769230769230769,1.3134419910409316,1.0188990397084727,1.1050051910508647,0.20843679999006692
val:16213,val,miccai_2019:image:MICCAI-AP-00064,images/miccai_2019/MICCAI-AP-00064.jpg,MICCAI-2019,16213,14,17,0.0769230769230769,0.9845678436480336,1.0172567971097173,1.0212959151761474,0.03672807152811375
val:16214,val,miccai_2019:image:MICCAI-AP-00064,images/miccai_2019/MICCAI-AP-00064.jpg,MICCAI-2019,16214,15,17,0.0769230769230769,0.9388532319926918,1.0,1.0453932955861092,0.10654006359341739
val:16253,val,miccai_2019:image:MICCAI-AP-00067,images/miccai_2019/MICCAI-AP-00067.jpg,MICCAI-2019,16253,3,17,0.0769230769230769,1.1170169012096411,1.2338158305814857,1.2531185861757392,0.1361016849660981
val:16254,val,miccai_2019:image:MICCAI-AP-00067,images/miccai_2019/MICCAI-AP-00067.jpg,MICCAI-2019,16254,4,17,0.0769230769230769,1.2937579325333544,0.9452231063485834,1.0723523183704111,0.22140561416294324
val:16255,val,miccai_2019:image:MICCAI-AP-00067,images/miccai_2019/MICCAI-AP-00067.jpg,MICCAI-2019,16255,5,17,0.0769230769230769,0.7869829090506222,1.0650859306513047,0.9852068255602098,0.1982239165095876
val:16256,val,miccai_2019:image:MICCAI-AP-00067,images/miccai_2019/MICCAI-AP-00067.jpg,MICCAI-2019,16256,6,17,0.0769230769230769,0.8954160290038853,0.863177808796205,0.9065263558674235,0.011110326863538189
val:16257,val,miccai_2019:image:MICCAI-AP-00067,images/miccai_2019/MICCAI-AP-00067.jpg,MICCAI-2019,16257,7,17,0.0769230769230769,1.0939268575084475,1.0591693586926323,1.0400586306373936,0.05386822687105397
val:16258,val,miccai_2019:image:MICCAI-AP-00067,images/miccai_2019/MICCAI-AP-00067.jpg,MICCAI-2019,16258,8,17,0.0769230769230769,1.124936022793305,1.0502620814582442,1.1799674360295866,0.05503141323628169
val:16259,val,miccai_2019:image:MICCAI-AP-00067,images/miccai_2019/MICCAI-AP-00067.jpg,MICCAI-2019,16259,9,17,0.0769230769230769,0.9073091576268553,0.9519006978452635,1.0899910997331572,0.18268194210630195
val:16260,val,miccai_2019:image:MICCAI-AP-00067,images/miccai_2019/MICCAI-AP-00067.jpg,MICCAI-2019,16260,10,17,0.0769230769230769,0.8270744181619497,0.950428070992957,0.9483931893750831,0.12131877121313339
val:16261,val,miccai_2019:image:MICCAI-AP-00067,images/miccai_2019/MICCAI-AP-00067.jpg,MICCAI-2019,16261,11,17,0.0769230769230769,1.1052694262055873,0.9915081856045382,1.0416282003018515,0.06364122590373578
val:16262,val,miccai_2019:image:MICCAI-AP-00067,images/miccai_2019/MICCAI-AP-00067.jpg,MICCAI-2019,16262,12,17,0.0769230769230769,0.9914528700976073,1.0000000000000002,1.0221226178109648,0.03066974771335751
val:16263,val,miccai_2019:image:MICCAI-AP-00067,images/miccai_2019/MICCAI-AP-00067.jpg,MICCAI-2019,16263,13,17,0.0769230769230769,0.8947338939908592,1.024581371286641,1.0070858527363642,0.11235195874550497
val:16264,val,miccai_2019:image:MICCAI-AP-00067,images/miccai_2019/MICCAI-AP-00067.jpg,MICCAI-2019,16264,14,17,0.0769230769230769,1.1780282372332775,1.011170355680494,1.0417448841809318,0.13628335305234573
val:16265,val,miccai_2019:image:MICCAI-AP-00067,images/miccai_2019/MICCAI-AP-00067.jpg,MICCAI-2019,16265,15,17,0.0769230769230769,0.9882918046491918,0.9999999999999999,0.97565627284348,0.012635531805711753
val:16559,val,miccai_2019:image:MICCAI-AP-00085,images/miccai_2019/MICCAI-AP-00085.jpg,MICCAI-2019,16559,3,17,0.0769230769230769,1.1945503079662316,0.9076000414328451,0.9323164484934683,0.26223385947276334
val:16560,val,miccai_2019:image:MICCAI-AP-00085,images/miccai_2019/MICCAI-AP-00085.jpg,MICCAI-2019,16560,4,17,0.0769230769230769,0.8504784394024246,1.0011164091434288,0.9470846049394417,0.09660616553701706
val:16561,val,miccai_2019:image:MICCAI-AP-00085,images/miccai_2019/MICCAI-AP-00085.jpg,MICCAI-2019,16561,5,17,0.0769230769230769,1.0669359399963623,0.9734874907016438,1.0029703061163109,0.06396563388005139
val:16562,val,miccai_2019:image:MICCAI-AP-00085,images/miccai_2019/MICCAI-AP-00085.jpg,MICCAI-2019,16562,6,17,0.0769230769230769,1.137406503607448,1.0985999930783241,1.072192050902459,0.06521445270498916
val:16563,val,miccai_2019:image:MICCAI-AP-00085,images/miccai_2019/MICCAI-AP-00085.jpg,MICCAI-2019,16563,7,17,0.0769230769230769,1.0209309752492062,0.9682065204772954,0.9639517556000357,0.05697921964917052
val:16564,val,miccai_2019:image:MICCAI-AP-00085,images/miccai_2019/MICCAI-AP-00085.jpg,MICCAI-2019,16564,8,17,0.0769230769230769,0.8718616484291523,0.9999999999999999,1.0023664445616305,0.13050479613247823
val:16565,val,miccai_2019:image:MICCAI-AP-00085,images/miccai_2019/MICCAI-AP-00085.jpg,MICCAI-2019,16565,9,17,0.0769230769230769,0.9700891670876872,0.8995893094033791,0.9282408151120736,0.04184835197561365
val:16566,val,miccai_2019:image:MICCAI-AP-00085,images/miccai_2019/MICCAI-AP-00085.jpg,MICCAI-2019,16566,10,17,0.0769230769230769,0.8968793479500763,1.1654658120511636,1.0936971407769784,0.19681779282690215
val:16567,val,miccai_2019:image:MICCAI-AP-00085,images/miccai_2019/MICCAI-AP-00085.jpg,MICCAI-2019,16567,11,17,0.0769230769230769,1.4325744635905493,1.0140311558491195,1.00649257085683,0.4260818927337193
val:16568,val,miccai_2019:image:MICCAI-AP-00085,images/miccai_2019/MICCAI-AP-00085.jpg,MICCAI-2019,16568,12,17,0.0769230769230769,1.1273963203017177,1.2541400443228592,1.263446531018864,0.1360502107171464
val:16569,val,miccai_2019:image:MICCAI-AP-00085,images/miccai_2019/MICCAI-AP-00085.jpg,MICCAI-2019,16569,13,17,0.0769230769230769,0.8739740096806423,0.8958672945574688,1.0112053592876362,0.1372313496069939
val:16570,val,miccai_2019:image:MICCAI-AP-00085,images/miccai_2019/MICCAI-AP-00085.jpg,MICCAI-2019,16570,14,17,0.0769230769230769,0.895860419831282,1.035769087768489,1.1478619254597962,0.2520015056285142
val:16571,val,miccai_2019:image:MICCAI-AP-00085,images/miccai_2019/MICCAI-AP-00085.jpg,MICCAI-2019,16571,15,17,0.0769230769230769,1.2161840077308232,0.949768828099337,1.1190132963114647,0.09717071141935851
val:16610,val,miccai_2019:image:MICCAI-AP-00088,images/miccai_2019/MICCAI-AP-00088.jpg,MICCAI-2019,16610,3,17,0.0769230769230769,0.7468925044196514,1.0987973253842105,0.9459141533489932,0.19902164892934182
val:16611,val,miccai_2019:image:MICCAI-AP-00088,images/miccai_2019/MICCAI-AP-00088.jpg,MICCAI-2019,16611,4,17,0.0769230769230769,1.402776412267708,0.9825903930273099,1.145044610699658,0.2577318015680501
val:16612,val,miccai_2019:image:MICCAI-AP-00088,images/miccai_2019/MICCAI-AP-00088.jpg,MICCAI-2019,16612,5,17,0.0769230769230769,0.9421147190218477,1.0027744309391706,1.1208219961609571,0.1787072771391094
val:16613,val,miccai_2019:image:MICCAI-AP-00088,images/miccai_2019/MICCAI-AP-00088.jpg,MICCAI-2019,16613,6,17,0.0769230769230769,0.8651638031117249,0.9742453056711522,0.9913963037866917,0.12623250067496683
val:16614,val,miccai_2019:image:MICCAI-AP-00088,images/miccai_2019/MICCAI-AP-00088.jpg,MICCAI-2019,16614,7,17,0.0769230769230769,1.1303251573742539,0.9806763584078798,1.0449600721062668,0.08536508526798703
val:16615,val,miccai_2019:image:MICCAI-AP-00088,images/miccai_2019/MICCAI-AP-00088.jpg,MICCAI-2019,16615,8,17,0.0769230769230769,0.8767471946867029,1.0183258069880472,0.9321337802536951,0.055386585566992164
val:16616,val,miccai_2019:image:MICCAI-AP-00088,images/miccai_2019/MICCAI-AP-00088.jpg,MICCAI-2019,16616,9,17,0.0769230769230769,1.1125860745686156,0.992065659178557,0.9776976131034514,0.1348884614651642
val:16617,val,miccai_2019:image:MICCAI-AP-00088,images/miccai_2019/MICCAI-AP-00088.jpg,MICCAI-2019,16617,10,17,0.0769230769230769,1.0174446518550166,1.0,0.9983507476281375,0.019093904226879177
val:16618,val,miccai_2019:image:MICCAI-AP-00088,images/miccai_2019/MICCAI-AP-00088.jpg,MICCAI-2019,16618,11,17,0.0769230769230769,0.8905676108782581,0.983063425798336,1.0022386181395446,0.11167100726128654
val:16619,val,miccai_2019:image:MICCAI-AP-00088,images/miccai_2019/MICCAI-AP-00088.jpg,MICCAI-2019,16619,12,17,0.0769230769230769,1.0518902549855178,1.0289571071591181,1.096951105686645,0.0450608507011272
val:16620,val,miccai_2019:image:MICCAI-AP-00088,images/miccai_2019/MICCAI-AP-00088.jpg,MICCAI-2019,16620,13,17,0.0769230769230769,1.0997810694595014,1.0000000000000002,1.0388962738215926,0.06088479563790883
val:16621,val,miccai_2019:image:MICCAI-AP-00088,images/miccai_2019/MICCAI-AP-00088.jpg,MICCAI-2019,16621,14,17,0.0769230769230769,0.9034868760024584,1.0,0.954602561891079,0.05111568588862059
val:16622,val,miccai_2019:image:MICCAI-AP-00088,images/miccai_2019/MICCAI-AP-00088.jpg,MICCAI-2019,16622,15,17,0.0769230769230769,1.0214574872339528,1.0362995674471778,1.0575270501534861,0.03606956291953334
val:16763,val,miccai_2019:image:MICCAI-AP-00097,images/miccai_2019/MICCAI-AP-00097.jpg,MICCAI-2019,16763,3,17,0.0769230769230769,1.3207012480302578,0.910961851587296,0.9743150175714498,0.346386230458808
val:16764,val,miccai_2019:image:MICCAI-AP-00097,images/miccai_2019/MICCAI-AP-00097.jpg,MICCAI-2019,16764,4,17,0.0769230769230769,0.6864533730471292,0.9838370128180085,0.9381470798160134,0.25169370676888425
val:16765,val,miccai_2019:image:MICCAI-AP-00097,images/miccai_2019/MICCAI-AP-00097.jpg,MICCAI-2019,16765,5,17,0.0769230769230769,0.7271968710582015,0.8081429723056872,0.8394132416102011,0.11221637055199962
val:16766,val,miccai_2019:image:MICCAI-AP-00097,images/miccai_2019/MICCAI-AP-00097.jpg,MICCAI-2019,16766,6,17,0.0769230769230769,1.1409062474699736,1.0,1.1093700379133224,0.03153620955665115
val:16767,val,miccai_2019:image:MICCAI-AP-00097,images/miccai_2019/MICCAI-AP-00097.jpg,MICCAI-2019,16767,7,17,0.0769230769230769,0.9301636569276105,1.0,0.9694238472729921,0.03926019034538164
val:16768,val,miccai_2019:image:MICCAI-AP-00097,images/miccai_2019/MICCAI-AP-00097.jpg,MICCAI-2019,16768,8,17,0.0769230769230769,1.0910383030421027,1.0059238911547528,0.9779002253838645,0.11313807765823825
val:16769,val,miccai_2019:image:MICCAI-AP-00097,images/miccai_2019/MICCAI-AP-00097.jpg,MICCAI-2019,16769,9,17,0.0769230769230769,1.0070531351762209,0.9999999999999998,0.9872580971568821,0.019795038019338795
val:16770,val,miccai_2019:image:MICCAI-AP-00097,images/miccai_2019/MICCAI-AP-00097.jpg,MICCAI-2019,16770,10,17,0.0769230769230769,0.9532076382369914,1.0,1.0009925570338964,0.04778491879690505
val:16771,val,miccai_2019:image:MICCAI-AP-00097,images/miccai_2019/MICCAI-AP-00097.jpg,MICCAI-2019,16771,11,17,0.0769230769230769,1.0016114005553884,0.9949593697650772,1.0245412536872964,0.022929853131907985
val:16772,val,miccai_2019:image:MICCAI-AP-00097,images/miccai_2019/MICCAI-AP-00097.jpg,MICCAI-2019,16772,12,17,0.0769230769230769,1.0188551535521162,1.0,0.9972495732363313,0.021605580315784856
val:16773,val,miccai_2019:image:MICCAI-AP-00097,images/miccai_2019/MICCAI-AP-00097.jpg,MICCAI-2019,16773,13,17,0.0769230769230769,1.058965793800167,1.1169178168530114,1.1137212765643842,0.054755482764217156
val:16774,val,miccai_2019:image:MICCAI-AP-00097,images/miccai_2019/MICCAI-AP-00097.jpg,MICCAI-2019,16774,14,17,0.0769230769230769,1.2409034539815555,1.0137230943588298,1.0715276043561976,0.1693758496253579
val:16775,val,miccai_2019:image:MICCAI-AP-00097,images/miccai_2019/MICCAI-AP-00097.jpg,MICCAI-2019,16775,15,17,0.0769230769230769,0.9851547873852722,1.0309543440388245,1.1202457974003357,0.13509101001506352
val:16848,val,miccai_2019:image:MICCAI-AP-00102,images/miccai_2019/MICCAI-AP-00102.jpg,MICCAI-2019,16848,3,17,0.0769230769230769,0.943730884118942,1.1251366078344296,0.9540983676401089,0.010367483521166898
val:16849,val,miccai_2019:image:MICCAI-AP-00102,images/miccai_2019/MICCAI-AP-00102.jpg,MICCAI-2019,16849,4,17,0.0769230769230769,1.3242990877123715,1.0,1.1090788543224335,0.215220233389938
val:16850,val,miccai_2019:image:MICCAI-AP-00102,images/miccai_2019/MICCAI-AP-00102.jpg,MICCAI-2019,16850,5,17,0.0769230769230769,0.8367730945146117,1.0,0.9456026516854763,0.10882955717086462
val:16851,val,miccai_2019:image:MICCAI-AP-00102,images/miccai_2019/MICCAI-AP-00102.jpg,MICCAI-2019,16851,6,17,0.0769230769230769,0.9800053899943983,0.9473836687158039,0.9182529714654377,0.06175241852896063
val:16852,val,miccai_2019:image:MICCAI-AP-00102,images/miccai_2019/MICCAI-AP-00102.jpg,MICCAI-2019,16852,7,17,0.0769230769230769,1.1548113610655228,1.0682565759172107,1.0789234548111821,0.07588790625434072
val:16853,val,miccai_2019:image:MICCAI-AP-00102,images/miccai_2019/MICCAI-AP-00102.jpg,MICCAI-2019,16853,8,17,0.0769230769230769,0.9808011891454711,0.9665334360061562,1.0107279816029942,0.029926792457523055
val:16854,val,miccai_2019:image:MICCAI-AP-00102,images/miccai_2019/MICCAI-AP-00102.jpg,MICCAI-2019,16854,9,17,0.0769230769230769,0.83550707419765,0.9586256863120116,0.9683771924617804,0.13287011826413042
val:16855,val,miccai_2019:image:MICCAI-AP-00102,images/miccai_2019/MICCAI-AP-00102.jpg,MICCAI-2019,16855,10,17,0.0769230769230769,0.974927525448804,0.9446718129277385,0.9727824418753541,0.0021450835734498908
val:16856,val,miccai_2019:image:MICCAI-AP-00102,images/miccai_2019/MICCAI-AP-00102.jpg,MICCAI-2019,16856,11,17,0.0769230769230769,0.9958361019475399,1.0069855164833283,0.9902804263032889,0.005555675644250968
val:16857,val,miccai_2019:image:MICCAI-AP-00102,images/miccai_2019/MICCAI-AP-00102.jpg,MICCAI-2019,16857,12,17,0.0769230769230769,1.0522383435718232,1.0,0.9667675942182541,0.08547074935356913
val:16858,val,miccai_2019:image:MICCAI-AP-00102,images/miccai_2019/MICCAI-AP-00102.jpg,MICCAI-2019,16858,13,17,0.0769230769230769,1.0202491790364885,1.0360386287233034,1.009431251268665,0.010817927767823532
val:16859,val,miccai_2019:image:MICCAI-AP-00102,images/miccai_2019/MICCAI-AP-00102.jpg,MICCAI-2019,16859,14,17,0.0769230769230769,1.0428104910109628,0.9974211612971907,0.951284677747119,0.09152581326384379
val:16860,val,miccai_2019:image:MICCAI-AP-00102,images/miccai_2019/MICCAI-AP-00102.jpg,MICCAI-2019,16860,15,17,0.0769230769230769,0.9704398144913052,1.0092039914539432,1.1299228878429508,0.15948307335164558
val:16882,val,miccai_2019:image:MICCAI-AP-00104,images/miccai_2019/MICCAI-AP-00104.jpg,MICCAI-2019,16882,3,17,0.0769230769230769,0.9742955374758899,0.8912024188128268,1.0025171104160107,0.02822157294012073
val:16883,val,miccai_2019:image:MICCAI-AP-00104,images/miccai_2019/MICCAI-AP-00104.jpg,MICCAI-2019,16883,4,17,0.0769230769230769,0.9768185088504142,1.0,1.0477578826248646,0.07093937377445036
val:16884,val,miccai_2019:image:MICCAI-AP-00104,images/miccai_2019/MICCAI-AP-00104.jpg,MICCAI-2019,16884,5,17,0.0769230769230769,0.9675596921767082,0.9999999999999999,1.0261165965348482,0.05855690435813998
val:16885,val,miccai_2019:image:MICCAI-AP-00104,images/miccai_2019/MICCAI-AP-00104.jpg,MICCAI-2019,16885,6,17,0.0769230769230769,1.0514550621938523,1.0,1.0345078259706497,0.0169472362232026
val:16886,val,miccai_2019:image:MICCAI-AP-00104,images/miccai_2019/MICCAI-AP-00104.jpg,MICCAI-2019,16886,7,17,0.0769230769230769,0.9491944060735974,1.0,0.9919236954301596,0.04272928935656217
val:16887,val,miccai_2019:image:MICCAI-AP-00104,images/miccai_2019/MICCAI-AP-00104.jpg,MICCAI-2019,16887,8,17,0.0769230769230769,1.030711674593338,1.0,1.0064746136777103,0.024237060915627717
val:16888,val,miccai_2019:image:MICCAI-AP-00104,images/miccai_2019/MICCAI-AP-00104.jpg,MICCAI-2019,16888,9,17,0.0769230769230769,0.9987235617894835,1.0,0.9867114499211311,0.012012111868352382
val:16889,val,miccai_2019:image:MICCAI-AP-00104,images/miccai_2019/MICCAI-AP-00104.jpg,MICCAI-2019,16889,10,17,0.0769230769230769,0.9688144302350736,1.0,0.9825497660785913,0.013735335843517715
val:16890,val,miccai_2019:image:MICCAI-AP-00104,images/miccai_2019/MICCAI-AP-00104.jpg,MICCAI-2019,16890,11,17,0.0769230769230769,1.0701776463784325,1.043474855205456,1.020899048379103,0.04927859799932954
val:16891,val,miccai_2019:image:MICCAI-AP-00104,images/miccai_2019/MICCAI-AP-00104.jpg,MICCAI-2019,16891,12,17,0.0769230769230769,1.0640960736295986,1.0,1.0052168434485793,0.05887923018101926
val:16892,val,miccai_2019:image:MICCAI-AP-00104,images/miccai_2019/MICCAI-AP-00104.jpg,MICCAI-2019,16892,13,17,0.0769230769230769,0.9252119569214412,1.0,0.9868726618587971,0.06166070493735587
val:16893,val,miccai_2019:image:MICCAI-AP-00104,images/miccai_2019/MICCAI-AP-00104.jpg,MICCAI-2019,16893,14,17,0.0769230769230769,1.0337354105927,1.019269529749574,1.014241121263178,0.01949428932952202
val:16894,val,miccai_2019:image:MICCAI-AP-00104,images/miccai_2019/MICCAI-AP-00104.jpg,MICCAI-2019,16894,15,17,0.0769230769230769,1.1932097357868872,1.0410261408709796,1.1566728161000521,0.036536919686835034
val:16950,val,miccai_2019:image:MICCAI-AP-00108,images/miccai_2019/MICCAI-AP-00108.jpg,MICCAI-2019,16950,3,17,0.0769230769230769,0.816968534996326,1.0734061427888757,0.9925696678933984,0.17560113289707235
val:16951,val,miccai_2019:image:MICCAI-AP-00108,images/miccai_2019/MICCAI-AP-00108.jpg,MICCAI-2019,16951,4,17,0.0769230769230769,1.3712031132055735,0.9949664498249539,1.1318467582146177,0.23935635499095587
val:16952,val,miccai_2019:image:MICCAI-AP-00108,images/miccai_2019/MICCAI-AP-00108.jpg,MICCAI-2019,16952,5,17,0.0769230769230769,0.9494702448473901,1.061750954009526,0.9464756604208877,0.002994584426502356
val:16953,val,miccai_2019:image:MICCAI-AP-00108,images/miccai_2019/MICCAI-AP-00108.jpg,MICCAI-2019,16953,6,17,0.0769230769230769,0.9613865591993274,0.9618484284451504,0.9166171233823796,0.04476943581694781
val:16954,val,miccai_2019:image:MICCAI-AP-00108,images/miccai_2019/MICCAI-AP-00108.jpg,MICCAI-2019,16954,7,17,0.0769230769230769,1.0119373401905465,1.0000000000000002,0.9885685984045269,0.023368741786019553
val:16955,val,miccai_2019:image:MICCAI-AP-00108,images/miccai_2019/MICCAI-AP-00108.jpg,MICCAI-2019,16955,8,17,0.0769230769230769,1.0102098898717546,1.048867626072586,1.0107568706886176,0.0005469808168629964
val:16956,val,miccai_2019:image:MICCAI-AP-00108,images/miccai_2019/MICCAI-AP-00108.jpg,MICCAI-2019,16956,9,17,0.0769230769230769,1.097670188403757,1.00507241306517,1.0291922633132684,0.06847792509048856
val:16957,val,miccai_2019:image:MICCAI-AP-00108,images/miccai_2019/MICCAI-AP-00108.jpg,MICCAI-2019,16957,10,17,0.0769230769230769,0.9500179826510036,0.9590284743205713,1.0511150353447603,0.10109705269375668
val:16958,val,miccai_2019:image:MICCAI-AP-00108,images/miccai_2019/MICCAI-AP-00108.jpg,MICCAI-2019,16958,11,17,0.0769230769230769,0.8402717946720267,0.9554238661625831,0.9372031900533884,0.09693139538136164
val:16959,val,miccai_2019:image:MICCAI-AP-00108,images/miccai_2019/MICCAI-AP-00108.jpg,MICCAI-2019,16959,12,17,0.0769230769230769,0.9708180948782013,0.9650787962498152,0.9569715717704975,0.013846523107703734
val:16960,val,miccai_2019:image:MICCAI-AP-00108,images/miccai_2019/MICCAI-AP-00108.jpg,MICCAI-2019,16960,13,17,0.0769230769230769,1.0840631032577663,1.0962114222249064,1.1889000348648104,0.1048369316070441
val:16961,val,miccai_2019:image:MICCAI-AP-00108,images/miccai_2019/MICCAI-AP-00108.jpg,MICCAI-2019,16961,14,17,0.0769230769230769,1.2471557075301591,1.0693979831690565,1.2024728628153578,0.04468284471480133
val:16962,val,miccai_2019:image:MICCAI-AP-00108,images/miccai_2019/MICCAI-AP-00108.jpg,MICCAI-2019,16962,15,17,0.0769230769230769,1.306185502289461,1.1009872749243255,1.4970395162497039,0.19085401396024282
val:17239,val,miccai_2019:image:MICCAI-AP-00125,images/miccai_2019/MICCAI-AP-00125.jpg,MICCAI-2019,17239,3,17,0.0769230769230769,0.9097176101721106,1.0317008016463016,1.0134862145240997,0.10376860435198909
val:17240,val,miccai_2019:image:MICCAI-AP-00125,images/miccai_2019/MICCAI-AP-00125.jpg,MICCAI-2019,17240,4,17,0.0769230769230769,0.8785003698468747,0.9310473974177322,0.9752449865767441,0.09674461672986934
val:17241,val,miccai_2019:image:MICCAI-AP-00125,images/miccai_2019/MICCAI-AP-00125.jpg,MICCAI-2019,17241,5,17,0.0769230769230769,1.032053226342764,0.9985053375715245,1.0318703338855733,0.00018289245719071978
val:17242,val,miccai_2019:image:MICCAI-AP-00125,images/miccai_2019/MICCAI-AP-00125.jpg,MICCAI-2019,17242,6,17,0.0769230769230769,1.055159013032489,1.16279555681478,1.141231559322586,0.08607254629009686
val:17243,val,miccai_2019:image:MICCAI-AP-00125,images/miccai_2019/MICCAI-AP-00125.jpg,MICCAI-2019,17243,7,17,0.0769230769230769,1.2668531059401011,0.9861201214061771,1.0426542478071248,0.22419885813297635
val:17244,val,miccai_2019:image:MICCAI-AP-00125,images/miccai_2019/MICCAI-AP-00125.jpg,MICCAI-2019,17244,8,17,0.0769230769230769,0.8558213506118868,1.0271053085718858,0.9151418129597413,0.059320462347854486
val:17245,val,miccai_2019:image:MICCAI-AP-00125,images/miccai_2019/MICCAI-AP-00125.jpg,MICCAI-2019,17245,9,17,0.0769230769230769,0.8240492696693988,0.8726308646474459,0.9189698661540129,0.09492059648461404
val:17246,val,miccai_2019:image:MICCAI-AP-00125,images/miccai_2019/MICCAI-AP-00125.jpg,MICCAI-2019,17246,10,17,0.0769230769230769,1.113245983233014,1.080783925159459,1.024247422023301,0.08899856120971283
val:17247,val,miccai_2019:image:MICCAI-AP-00125,images/miccai_2019/MICCAI-AP-00125.jpg,MICCAI-2019,17247,11,17,0.0769230769230769,1.1757757564085747,1.0462773400440502,1.0690506971522855,0.10672505925628917
val:17248,val,miccai_2019:image:MICCAI-AP-00125,images/miccai_2019/MICCAI-AP-00125.jpg,MICCAI-2019,17248,12,17,0.0769230769230769,0.9575089303489996,1.0116562210915898,0.9933533296881532,0.03584439933915351
val:17249,val,miccai_2019:image:MICCAI-AP-00125,images/miccai_2019/MICCAI-AP-00125.jpg,MICCAI-2019,17249,13,17,0.0769230769230769,0.8771684554616869,0.930334899953136,0.9410377502502294,0.06386929478854253
val:17250,val,miccai_2019:image:MICCAI-AP-00125,images/miccai_2019/MICCAI-AP-00125.jpg,MICCAI-2019,17250,14,17,0.0769230769230769,0.9903193274653181,1.0336076388594162,1.0474199656855714,0.05710063822025324
val:17251,val,miccai_2019:image:MICCAI-AP-00125,images/miccai_2019/MICCAI-AP-00125.jpg,MICCAI-2019,17251,15,17,0.0769230769230769,1.2063554613200949,1.0674401267094853,1.2266612692399266,0.02030580791983172
val:17273,val,miccai_2019:image:MICCAI-AP-00127,images/miccai_2019/MICCAI-AP-00127.jpg,MICCAI-2019,17273,3,17,0.0769230769230769,0.9994785030647757,1.0307252259355877,1.0158885783878062,0.016410075323030515
val:17274,val,miccai_2019:image:MICCAI-AP-00127,images/miccai_2019/MICCAI-AP-00127.jpg,MICCAI-2019,17274,4,17,0.0769230769230769,0.9182745890369863,0.9406692058833888,0.9199618705602934,0.0016872815233071048
val:17275,val,miccai_2019:image:MICCAI-AP-00127,images/miccai_2019/MICCAI-AP-00127.jpg,MICCAI-2019,17275,5,17,0.0769230769230769,0.9411450399425285,1.0005000198403717,0.9960985087933363,0.05495346885080776
val:17276,val,miccai_2019:image:MICCAI-AP-00127,images/miccai_2019/MICCAI-AP-00127.jpg,MICCAI-2019,17276,6,17,0.0769230769230769,1.083592268573749,1.0,1.057964287698269,0.025627980875480016
val:17277,val,miccai_2019:image:MICCAI-AP-00127,images/miccai_2019/MICCAI-AP-00127.jpg,MICCAI-2019,17277,7,17,0.0769230769230769,0.9731578265112169,1.0435044540122234,1.0204424241587602,0.047284597647543336
val:17278,val,miccai_2019:image:MICCAI-AP-00127,images/miccai_2019/MICCAI-AP-00127.jpg,MICCAI-2019,17278,8,17,0.0769230769230769,1.0798800519048528,0.9830144851958114,1.0002027585660773,0.07967729333877549
val:17279,val,miccai_2019:image:MICCAI-AP-00127,images/miccai_2019/MICCAI-AP-00127.jpg,MICCAI-2019,17279,9,17,0.0769230769230769,0.9428253631194348,1.0,0.972692834213376,0.029867471093941278
val:17280,val,miccai_2019:image:MICCAI-AP-00127,images/miccai_2019/MICCAI-AP-00127.jpg,MICCAI-2019,17280,10,17,0.0769230769230769,0.8977398824021813,1.0655080454972292,0.9747829886701609,0.07704310626797961
val:17281,val,miccai_2019:image:MICCAI-AP-00127,images/miccai_2019/MICCAI-AP-00127.jpg,MICCAI-2019,17281,11,17,0.0769230769230769,1.3930419379224586,1.07753133735634,1.1273213807401767,0.2657205571822818
val:17282,val,miccai_2019:image:MICCAI-AP-00127,images/miccai_2019/MICCAI-AP-00127.jpg,MICCAI-2019,17282,12,17,0.0769230769230769,1.0484263327555272,1.0815047234952302,0.9721108064710946,0.07631552628443261
val:17283,val,miccai_2019:image:MICCAI-AP-00127,images/miccai_2019/MICCAI-AP-00127.jpg,MICCAI-2019,17283,13,17,0.0769230769230769,0.814696159817937,0.9590073683966627,0.9007237301875581,0.08602757036962116
val:17284,val,miccai_2019:image:MICCAI-AP-00127,images/miccai_2019/MICCAI-AP-00127.jpg,MICCAI-2019,17284,14,17,0.0769230769230769,1.1150161358233204,1.046727485535555,1.051785693550371,0.06323044227294927
val:17285,val,miccai_2019:image:MICCAI-AP-00127,images/miccai_2019/MICCAI-AP-00127.jpg,MICCAI-2019,17285,15,17,0.0769230769230769,1.278996734072991,1.1015269596317485,1.2794234592655376,0.00042672519254649544
val:17324,val,miccai_2019:image:MICCAI-AP-00130,images/miccai_2019/MICCAI-AP-00130.jpg,MICCAI-2019,17324,3,17,0.0769230769230769,1.0322957446303842,0.9999999999999998,1.107197694480419,0.07490194985003473
val:17325,val,miccai_2019:image:MICCAI-AP-00130,images/miccai_2019/MICCAI-AP-00130.jpg,MICCAI-2019,17325,4,17,0.0769230769230769,0.9336339896733612,1.0,1.0892794951796532,0.15564550550629197
val:17326,val,miccai_2019:image:MICCAI-AP-00130,images/miccai_2019/MICCAI-AP-00130.jpg,MICCAI-2019,17326,5,17,0.0769230769230769,0.9674343103731213,0.9807355709025674,0.996547278727036,0.029112968353914637
val:17327,val,miccai_2019:image:MICCAI-AP-00130,images/miccai_2019/MICCAI-AP-00130.jpg,MICCAI-2019,17327,6,17,0.0769230769230769,1.0372163761102167,0.9999999999999999,1.0070373276248574,0.03017904848535924
val:17328,val,miccai_2019:image:MICCAI-AP-00130,images/miccai_2019/MICCAI-AP-00130.jpg,MICCAI-2019,17328,7,17,0.0769230769230769,1.0009346945873765,1.0,0.9890873096883297,0.011847384899046798
val:17329,val,miccai_2019:image:MICCAI-AP-00130,images/miccai_2019/MICCAI-AP-00130.jpg,MICCAI-2019,17329,8,17,0.0769230769230769,1.0005923415976,1.0,0.9631260596215725,0.037466281976027416
val:17330,val,miccai_2019:image:MICCAI-AP-00130,images/miccai_2019/MICCAI-AP-00130.jpg,MICCAI-2019,17330,9,17,0.0769230769230769,0.9843659320726295,1.0,0.9852393316105008,0.0008733995378713555
val:17331,val,miccai_2019:image:MICCAI-AP-00130,images/miccai_2019/MICCAI-AP-00130.jpg,MICCAI-2019,17331,10,17,0.0769230769230769,1.0086575278745098,1.0,0.9982420888263732,0.010415439048136577
val:17332,val,miccai_2019:image:MICCAI-AP-00130,images/miccai_2019/MICCAI-AP-00130.jpg,MICCAI-2019,17332,11,17,0.0769230769230769,0.9747616742410435,1.0468657329163482,0.9794569700441291,0.004695295803085586
val:17333,val,miccai_2019:image:MICCAI-AP-00130,images/miccai_2019/MICCAI-AP-00130.jpg,MICCAI-2019,17333,12,17,0.0769230769230769,1.2067948127997528,1.0635851079114382,1.0585087120980625,0.14828610070169024
val:17334,val,miccai_2019:image:MICCAI-AP-00130,images/miccai_2019/MICCAI-AP-00130.jpg,MICCAI-2019,17334,13,17,0.0769230769230769,1.0285737477429753,1.0150065414825067,0.991734427607952,0.036839320135023224
val:17335,val,miccai_2019:image:MICCAI-AP-00130,images/miccai_2019/MICCAI-AP-00130.jpg,MICCAI-2019,17335,14,17,0.0769230769230769,0.8417864097588262,0.9632541647260112,0.9679998376485927,0.12621342788976642
val:17336,val,miccai_2019:image:MICCAI-AP-00130,images/miccai_2019/MICCAI-AP-00130.jpg,MICCAI-2019,17336,15,17,0.0769230769230769,1.088550029358555,1.0409968450998954,1.0683354113584451,0.02021461800010993
val:17392,val,miccai_2019:image:MICCAI-AP-00134,images/miccai_2019/MICCAI-AP-00134.jpg,MICCAI-2019,17392,3,17,0.0769230769230769,0.9392989467603844,0.9918881507238337,1.109550416620631,0.17025146986024653
val:17393,val,miccai_2019:image:MICCAI-AP-00134,images/miccai_2019/MICCAI-AP-00134.jpg,MICCAI-2019,17393,4,17,0.0769230769230769,0.9240837863158708,0.9645399885650188,1.0114034178133517,0.0873196314974809
val:17394,val,miccai_2019:image:MICCAI-AP-00134,images/miccai_2019/MICCAI-AP-00134.jpg,MICCAI-2019,17394,5,17,0.0769230769230769,1.0188917142508411,1.0,1.0053386292420328,0.013553085008808363
val:17395,val,miccai_2019:image:MICCAI-AP-00134,images/miccai_2019/MICCAI-AP-00134.jpg,MICCAI-2019,17395,6,17,0.0769230769230769,1.0294784693011017,0.9999999999999999,1.0171107929199934,0.01236767638110825
val:17396,val,miccai_2019:image:MICCAI-AP-00134,images/miccai_2019/MICCAI-AP-00134.jpg,MICCAI-2019,17396,7,17,0.0769230769230769,0.9695290537730106,1.0023422198729222,1.016351415252835,0.04682236147982444
val:17397,val,miccai_2019:image:MICCAI-AP-00134,images/miccai_2019/MICCAI-AP-00134.jpg,MICCAI-2019,17397,8,17,0.0769230769230769,1.0387048157998175,1.0,0.9854044048115611,0.05330041098825644
val:17398,val,miccai_2019:image:MICCAI-AP-00134,images/miccai_2019/MICCAI-AP-00134.jpg,MICCAI-2019,17398,9,17,0.0769230769230769,0.9632376719699983,0.9999999999999999,0.9795958157628774,0.016358143792879032
val:17399,val,miccai_2019:image:MICCAI-AP-00134,images/miccai_2019/MICCAI-AP-00134.jpg,MICCAI-2019,17399,10,17,0.0769230769230769,1.026344689719414,0.9978389578211253,1.00262193021282,0.02372275950659386
val:17400,val,miccai_2019:image:MICCAI-AP-00134,images/miccai_2019/MICCAI-AP-00134.jpg,MICCAI-2019,17400,11,17,0.0769230769230769,1.0319918986160737,1.0955967883373186,1.0791034809107467,0.04711158229467305
val:17401,val,miccai_2019:image:MICCAI-AP-00134,images/miccai_2019/MICCAI-AP-00134.jpg,MICCAI-2019,17401,12,17,0.0769230769230769,1.1410559725923641,0.9802150196868972,1.0017402834732132,0.13931568911915093
val:17402,val,miccai_2019:image:MICCAI-AP-00134,images/miccai_2019/MICCAI-AP-00134.jpg,MICCAI-2019,17402,13,17,0.0769230769230769,0.8717458293406292,1.0,1.0006438652053475,0.12889803586471837
val:17403,val,miccai_2019:image:MICCAI-AP-00134,images/miccai_2019/MICCAI-AP-00134.jpg,MICCAI-2019,17403,14,17,0.0769230769230769,0.9081841132746467,0.9193709665854202,0.9557823264916168,0.04759821321697011
val:17404,val,miccai_2019:image:MICCAI-AP-00134,images/miccai_2019/MICCAI-AP-00134.jpg,MICCAI-2019,17404,15,17,0.0769230769230769,1.1674185207613694,1.1630170786383252,1.1823006955536703,0.014882174792300917
val:17579,val,miccai_2019:image:MICCAI-AP-00145,images/miccai_2019/MICCAI-AP-00145.jpg,MICCAI-2019,17579,3,17,0.0769230769230769,0.8416931697952457,0.8146206056895015,0.8924181675734278,0.05072499777818218
val:17580,val,miccai_2019:image:MICCAI-AP-00145,images/miccai_2019/MICCAI-AP-00145.jpg,MICCAI-2019,17580,4,17,0.0769230769230769,1.0672387017431966,1.2301165328658625,1.1825417706109091,0.11530306886771258
val:17581,val,miccai_2019:image:MICCAI-AP-00145,images/miccai_2019/MICCAI-AP-00145.jpg,MICCAI-2019,17581,5,17,0.0769230769230769,1.3403210177930054,0.9307027683134839,1.0329607055064007,0.30736031228660465
val:17582,val,miccai_2019:image:MICCAI-AP-00145,images/miccai_2019/MICCAI-AP-00145.jpg,MICCAI-2019,17582,6,17,0.0769230769230769,0.7248087331154869,1.0623878046133115,0.9331365033247068,0.2083277702092199
val:17583,val,miccai_2019:image:MICCAI-AP-00145,images/miccai_2019/MICCAI-AP-00145.jpg,MICCAI-2019,17583,7,17,0.0769230769230769,1.128572874327739,1.0,0.9882076643407345,0.14036520998700452
val:17584,val,miccai_2019:image:MICCAI-AP-00145,images/miccai_2019/MICCAI-AP-00145.jpg,MICCAI-2019,17584,8,17,0.0769230769230769,1.1911443654823572,0.988073078745936,1.0205397101286398,0.1706046553537175
val:17585,val,miccai_2019:image:MICCAI-AP-00145,images/miccai_2019/MICCAI-AP-00145.jpg,MICCAI-2019,17585,9,17,0.0769230769230769,0.6353492804320027,1.0531626417541908,0.9298730491900848,0.29452376875808217
val:17586,val,miccai_2019:image:MICCAI-AP-00145,images/miccai_2019/MICCAI-AP-00145.jpg,MICCAI-2019,17586,10,17,0.0769230769230769,1.2638689713042544,0.9131016186646354,1.043935602085961,0.21993336921829343
val:17587,val,miccai_2019:image:MICCAI-AP-00145,images/miccai_2019/MICCAI-AP-00145.jpg,MICCAI-2019,17587,11,17,0.0769230769230769,1.097857656024812,1.0916994384562835,1.1029240398740634,0.00506638384925151
val:17588,val,miccai_2019:image:MICCAI-AP-00145,images/miccai_2019/MICCAI-AP-00145.jpg,MICCAI-2019,17588,12,17,0.0769230769230769,0.8589489216533057,0.931287032622913,0.9166213945262824,0.05767247287297672
val:17589,val,miccai_2019:image:MICCAI-AP-00145,images/miccai_2019/MICCAI-AP-00145.jpg,MICCAI-2019,17589,13,17,0.0769230769230769,0.8980866100511465,0.9472307332293131,0.965085250555072,0.06699864050392546
val:17590,val,miccai_2019:image:MICCAI-AP-00145,images/miccai_2019/MICCAI-AP-00145.jpg,MICCAI-2019,17590,14,17,0.0769230769230769,1.1126145999265131,1.0488754586926183,1.0654156898757896,0.04719891005072352
val:17591,val,miccai_2019:image:MICCAI-AP-00145,images/miccai_2019/MICCAI-AP-00145.jpg,MICCAI-2019,17591,15,17,0.0769230769230769,1.1327946941564082,1.0738291883488422,1.143529787065578,0.010735092909169852
val:17596,val,miccai_2019:image:MICCAI-AP-00146,images/miccai_2019/MICCAI-AP-00146.jpg,MICCAI-2019,17596,3,17,0.0769230769230769,1.0567639749988693,1.0846540314352755,1.0851542581778635,0.02839028317899417
val:17597,val,miccai_2019:image:MICCAI-AP-00146,images/miccai_2019/MICCAI-AP-00146.jpg,MICCAI-2019,17597,4,17,0.0769230769230769,1.1134108417647859,0.952207879833368,1.1202460990468537,0.006835257282067797
val:17598,val,miccai_2019:image:MICCAI-AP-00146,images/miccai_2019/MICCAI-AP-00146.jpg,MICCAI-2019,17598,5,17,0.0769230769230769,0.8525715004916092,1.0291933655964276,1.0235838425571164,0.1710123420655072
val:17599,val,miccai_2019:image:MICCAI-AP-00146,images/miccai_2019/MICCAI-AP-00146.jpg,MICCAI-2019,17599,6,17,0.0769230769230769,0.9376901788192622,0.8903927502900542,0.9625390914946974,0.02484891267543521
val:17600,val,miccai_2019:image:MICCAI-AP-00146,images/miccai_2019/MICCAI-AP-00146.jpg,MICCAI-2019,17600,7,17,0.0769230769230769,1.0161347502037184,1.0490380867570077,1.0788004479556714,0.06266569775195308
val:17601,val,miccai_2019:image:MICCAI-AP-00146,images/miccai_2019/MICCAI-AP-00146.jpg,MICCAI-2019,17601,8,17,0.0769230769230769,1.0939452378026469,1.0,0.9989982368424535,0.09494700096019337
val:17602,val,miccai_2019:image:MICCAI-AP-00146,images/miccai_2019/MICCAI-AP-00146.jpg,MICCAI-2019,17602,9,17,0.0769230769230769,0.9358051341626676,1.0,1.001613751752302,0.06580861758963441
val:17603,val,miccai_2019:image:MICCAI-AP-00146,images/miccai_2019/MICCAI-AP-00146.jpg,MICCAI-2019,17603,10,17,0.0769230769230769,0.9149612543507286,0.9573054059565268,0.9968244104802809,0.0818631561295523
val:17604,val,miccai_2019:image:MICCAI-AP-00146,images/miccai_2019/MICCAI-AP-00146.jpg,MICCAI-2019,17604,11,17,0.0769230769230769,0.9893540168267108,1.0267083176005285,1.0601634175110262,0.0708094006843154
val:17605,val,miccai_2019:image:MICCAI-AP-00146,images/miccai_2019/MICCAI-AP-00146.jpg,MICCAI-2019,17605,12,17,0.0769230769230769,1.11482746760826,1.0,1.0260533634573221,0.08877410415093778
val:17606,val,miccai_2019:image:MICCAI-AP-00146,images/miccai_2019/MICCAI-AP-00146.jpg,MICCAI-2019,17606,13,17,0.0769230769230769,0.9349497893097358,1.0050916987318828,1.0094967921112015,0.07454700280146564
val:17607,val,miccai_2019:image:MICCAI-AP-00146,images/miccai_2019/MICCAI-AP-00146.jpg,MICCAI-2019,17607,14,17,0.0769230769230769,1.030854499801734,0.977810445823852,0.9843750015135445,0.046479498288189425
val:17608,val,miccai_2019:image:MICCAI-AP-00146,images/miccai_2019/MICCAI-AP-00146.jpg,MICCAI-2019,17608,15,17,0.0769230769230769,0.9760539594342468,1.0713647877615586,1.0743105657216803,0.09825660628743349
val:17783,val,miccai_2019:image:MICCAI-AP-00157,images/miccai_2019/MICCAI-AP-00157.jpg,MICCAI-2019,17783,3,17,0.0769230769230769,1.144949991689992,1.0370180805107898,1.0369608495889784,0.10798914210101351
val:17784,val,miccai_2019:image:MICCAI-AP-00157,images/miccai_2019/MICCAI-AP-00157.jpg,MICCAI-2019,17784,4,17,0.0769230769230769,1.049296066937659,1.0000000000000002,1.0370221734046938,0.012273893532965152
val:17785,val,miccai_2019:image:MICCAI-AP-00157,images/miccai_2019/MICCAI-AP-00157.jpg,MICCAI-2019,17785,5,17,0.0769230769230769,0.9467378941473978,1.0,1.0009584776125848,0.05422058346518699
val:17786,val,miccai_2019:image:MICCAI-AP-00157,images/miccai_2019/MICCAI-AP-00157.jpg,MICCAI-2019,17786,6,17,0.0769230769230769,1.0076510589172663,1.0078501682040126,0.9531047362145812,0.054546322702685
val:17787,val,miccai_2019:image:MICCAI-AP-00157,images/miccai_2019/MICCAI-AP-00157.jpg,MICCAI-2019,17787,7,17,0.0769230769230769,1.0851281607474388,1.020911300093095,0.9958814042659208,0.08924675648151803
val:17788,val,miccai_2019:image:MICCAI-AP-00157,images/miccai_2019/MICCAI-AP-00157.jpg,MICCAI-2019,17788,8,17,0.0769230769230769,0.9844144162339687,1.022498755928687,1.0143720146534958,0.029957598419527054
val:17789,val,miccai_2019:image:MICCAI-AP-00157,images/miccai_2019/MICCAI-AP-00157.jpg,MICCAI-2019,17789,9,17,0.0769230769230769,0.9817280996154369,0.9802828898625187,1.0139427950577549,0.03221469544231792
val:17790,val,miccai_2019:image:MICCAI-AP-00157,images/miccai_2019/MICCAI-AP-00157.jpg,MICCAI-2019,17790,10,17,0.0769230769230769,0.9738781879484373,0.9975202539194185,1.0266680875051577,0.05278989955672042
val:17791,val,miccai_2019:image:MICCAI-AP-00157,images/miccai_2019/MICCAI-AP-00157.jpg,MICCAI-2019,17791,11,17,0.0769230769230769,0.956905422882605,1.0501368401370588,1.0261777417532745,0.06927231887066942
val:17792,val,miccai_2019:image:MICCAI-AP-00157,images/miccai_2019/MICCAI-AP-00157.jpg,MICCAI-2019,17792,12,17,0.0769230769230769,1.1920065844919527,1.024712472577408,1.0976563835337907,0.09435020095816204
val:17793,val,miccai_2019:image:MICCAI-AP-00157,images/miccai_2019/MICCAI-AP-00157.jpg,MICCAI-2019,17793,13,17,0.0769230769230769,0.973357990377673,1.0,1.0058984197676182,0.03254042938994517
val:17794,val,miccai_2019:image:MICCAI-AP-00157,images/miccai_2019/MICCAI-AP-00157.jpg,MICCAI-2019,17794,14,17,0.0769230769230769,0.8598124811639304,0.9547884988299392,0.9319613652936004,0.07214888412967002
val:17795,val,miccai_2019:image:MICCAI-AP-00157,images/miccai_2019/MICCAI-AP-00157.jpg,MICCAI-2019,17795,15,17,0.0769230769230769,1.1457295565832393,1.1186704458870662,1.2530715437807811,0.10734198719754184
val:17953,val,miccai_2019:image:MICCAI-AP-00167,images/miccai_2019/MICCAI-AP-00167.jpg,MICCAI-2019,17953,3,17,0.0769230769230769,0.7104244517474242,0.9568542421855586,1.0044410557546275,0.2940166040072033
val:17954,val,miccai_2019:image:MICCAI-AP-00167,images/miccai_2019/MICCAI-AP-00167.jpg,MICCAI-2019,17954,4,17,0.0769230769230769,0.870593269431011,0.8591024547563029,0.9369785159573985,0.06638524652638744
val:17955,val,miccai_2019:image:MICCAI-AP-00167,images/miccai_2019/MICCAI-AP-00167.jpg,MICCAI-2019,17955,5,17,0.0769230769230769,1.0464884172986086,1.0010332602845606,1.0330279495405135,0.013460467758095174
val:17956,val,miccai_2019:image:MICCAI-AP-00167,images/miccai_2019/MICCAI-AP-00167.jpg,MICCAI-2019,17956,6,17,0.0769230769230769,1.036791744242739,1.0,1.0032046288251877,0.03358711541755133
val:17957,val,miccai_2019:image:MICCAI-AP-00167,images/miccai_2019/MICCAI-AP-00167.jpg,MICCAI-2019,17957,7,17,0.0769230769230769,0.9826632624652827,1.0,0.9798990208655596,0.002764241599723105
val:17958,val,miccai_2019:image:MICCAI-AP-00167,images/miccai_2019/MICCAI-AP-00167.jpg,MICCAI-2019,17958,8,17,0.0769230769230769,0.9967062640302844,0.9991119408629954,0.9767489766351998,0.019957287395084622
val:17959,val,miccai_2019:image:MICCAI-AP-00167,images/miccai_2019/MICCAI-AP-00167.jpg,MICCAI-2019,17959,9,17,0.0769230769230769,1.0086479103511738,0.9999999999999998,0.9864020431414244,0.022245867209749415
val:17960,val,miccai_2019:image:MICCAI-AP-00167,images/miccai_2019/MICCAI-AP-00167.jpg,MICCAI-2019,17960,10,17,0.0769230769230769,0.9449577662027598,1.0,0.9778462946414948,0.03288852843873491
val:17961,val,miccai_2019:image:MICCAI-AP-00167,images/miccai_2019/MICCAI-AP-00167.jpg,MICCAI-2019,17961,11,17,0.0769230769230769,1.058030709242954,1.0,0.9954552249982953,0.06257548424465864
val:17962,val,miccai_2019:image:MICCAI-AP-00167,images/miccai_2019/MICCAI-AP-00167.jpg,MICCAI-2019,17962,12,17,0.0769230769230769,1.0403802008281628,1.110863717155479,1.0702038387525306,0.029823637924367707
val:17963,val,miccai_2019:image:MICCAI-AP-00167,images/miccai_2019/MICCAI-AP-00167.jpg,MICCAI-2019,17963,13,17,0.0769230769230769,1.190769136953271,1.004710951735238,1.0123355886051155,0.1784335483481554
val:17964,val,miccai_2019:image:MICCAI-AP-00167,images/miccai_2019/MICCAI-AP-00167.jpg,MICCAI-2019,17964,14,17,0.0769230769230769,1.0005211393032278,1.0771508106756837,1.0786257264464976,0.07810458714326973
val:17965,val,miccai_2019:image:MICCAI-AP-00167,images/miccai_2019/MICCAI-AP-00167.jpg,MICCAI-2019,17965,15,17,0.0769230769230769,0.9001418343749348,0.9374398512319595,1.0483957228735954,0.1482538884986606
val:17987,val,miccai_2019:image:MICCAI-AP-00169,images/miccai_2019/MICCAI-AP-00169.jpg,MICCAI-2019,17987,3,17,0.0769230769230769,0.8843261709558672,0.945216982915072,0.9276626904597564,0.04333651950388917
val:17988,val,miccai_2019:image:MICCAI-AP-00169,images/miccai_2019/MICCAI-AP-00169.jpg,MICCAI-2019,17988,4,17,0.0769230769230769,1.1465598455612769,1.0600004713203934,1.1152681815590886,0.0312916640021883
val:17989,val,miccai_2019:image:MICCAI-AP-00169,images/miccai_2019/MICCAI-AP-00169.jpg,MICCAI-2019,17989,5,17,0.0769230769230769,1.0679629121396361,1.0240770145122027,1.0418245768908476,0.026138335248788502
val:17990,val,miccai_2019:image:MICCAI-AP-00169,images/miccai_2019/MICCAI-AP-00169.jpg,MICCAI-2019,17990,6,17,0.0769230769230769,0.8816450495236503,0.9763940971974416,0.9368173506740614,0.05517230115041105
val:17991,val,miccai_2019:image:MICCAI-AP-00169,images/miccai_2019/MICCAI-AP-00169.jpg,MICCAI-2019,17991,7,17,0.0769230769230769,0.959495486881224,0.9473326954003406,0.976029746508224,0.01653425962700006
val:17992,val,miccai_2019:image:MICCAI-AP-00169,images/miccai_2019/MICCAI-AP-00169.jpg,MICCAI-2019,17992,8,17,0.0769230769230769,1.0282900896361695,1.066951529348505,1.0686436499164005,0.04035356028023096
val:17993,val,miccai_2019:image:MICCAI-AP-00169,images/miccai_2019/MICCAI-AP-00169.jpg,MICCAI-2019,17993,9,17,0.0769230769230769,1.1313687523567306,1.0,1.0083841513842344,0.1229846009724962
val:17994,val,miccai_2019:image:MICCAI-AP-00169,images/miccai_2019/MICCAI-AP-00169.jpg,MICCAI-2019,17994,10,17,0.0769230769230769,0.8511792841749165,1.0,0.9521898441016674,0.1010105599267509
val:17995,val,miccai_2019:image:MICCAI-AP-00169,images/miccai_2019/MICCAI-AP-00169.jpg,MICCAI-2019,17995,11,17,0.0769230769230769,1.1454246412528108,1.0669501955245557,1.0315729762052122,0.1138516650475987
val:17996,val,miccai_2019:image:MICCAI-AP-00169,images/miccai_2019/MICCAI-AP-00169.jpg,MICCAI-2019,17996,12,17,0.0769230769230769,1.2998690654006209,1.1122693016805338,1.1399820211954999,0.159887044205121
val:17997,val,miccai_2019:image:MICCAI-AP-00169,images/miccai_2019/MICCAI-AP-00169.jpg,MICCAI-2019,17997,13,17,0.0769230769230769,0.8914221725738207,1.0245064854613641,1.115074916183124,0.2236527436093032
val:17998,val,miccai_2019:image:MICCAI-AP-00169,images/miccai_2019/MICCAI-AP-00169.jpg,MICCAI-2019,17998,14,17,0.0769230769230769,0.9913421297738947,0.9999999999999998,1.1096695289015768,0.11832739912768209
val:17999,val,miccai_2019:image:MICCAI-AP-00169,images/miccai_2019/MICCAI-AP-00169.jpg,MICCAI-2019,17999,15,17,0.0769230769230769,0.9716956886623611,0.9695141838261125,1.0518617184230326,0.08016602976067144
val:18820,val,miccai_2019:image:MICCAI-AP-00218,images/miccai_2019/MICCAI-AP-00218.jpg,MICCAI-2019,18820,3,17,0.0769230769230769,0.9421127176381787,1.0137527154412913,0.9703218692567992,0.028209151618620476
val:18821,val,miccai_2019:image:MICCAI-AP-00218,images/miccai_2019/MICCAI-AP-00218.jpg,MICCAI-2019,18821,4,17,0.0769230769230769,1.0605207948973736,1.0015625111016666,1.1498087695989048,0.08928797470153116
val:18822,val,miccai_2019:image:MICCAI-AP-00218,images/miccai_2019/MICCAI-AP-00218.jpg,MICCAI-2019,18822,5,17,0.0769230769230769,1.016182537212154,0.996323042978468,1.1450306116239453,0.12884807441179125
val:18823,val,miccai_2019:image:MICCAI-AP-00218,images/miccai_2019/MICCAI-AP-00218.jpg,MICCAI-2019,18823,6,17,0.0769230769230769,0.8463826723612872,0.9875489393943246,1.0143949589454826,0.16801228658419542
val:18824,val,miccai_2019:image:MICCAI-AP-00218,images/miccai_2019/MICCAI-AP-00218.jpg,MICCAI-2019,18824,7,17,0.0769230769230769,1.0706617872767217,0.9862569000214851,0.9922304872997618,0.07843129997695986
val:18825,val,miccai_2019:image:MICCAI-AP-00218,images/miccai_2019/MICCAI-AP-00218.jpg,MICCAI-2019,18825,8,17,0.0769230769230769,1.0400748544651202,1.0,0.9742036070674658,0.06587124739765438
val:18826,val,miccai_2019:image:MICCAI-AP-00218,images/miccai_2019/MICCAI-AP-00218.jpg,MICCAI-2019,18826,9,17,0.0769230769230769,0.9214683423105461,1.0,0.9585682973265648,0.037099955016018704
val:18827,val,miccai_2019:image:MICCAI-AP-00218,images/miccai_2019/MICCAI-AP-00218.jpg,MICCAI-2019,18827,10,17,0.0769230769230769,1.1232482448678582,1.1161589072444689,1.0876809479096186,0.03556729695823968
val:18828,val,miccai_2019:image:MICCAI-AP-00218,images/miccai_2019/MICCAI-AP-00218.jpg,MICCAI-2019,18828,11,17,0.0769230769230769,1.292519537690241,1.0715773830069417,1.0799637034414524,0.21255583424878854
val:18829,val,miccai_2019:image:MICCAI-AP-00218,images/miccai_2019/MICCAI-AP-00218.jpg,MICCAI-2019,18829,12,17,0.0769230769230769,0.8552488129788174,0.9882407478427229,0.9895882439005834,0.13433943092176603
val:18830,val,miccai_2019:image:MICCAI-AP-00218,images/miccai_2019/MICCAI-AP-00218.jpg,MICCAI-2019,18830,13,17,0.0769230769230769,0.803738218895786,0.8717984852131819,0.9494448822673773,0.14570666337159133
val:18831,val,miccai_2019:image:MICCAI-AP-00218,images/miccai_2019/MICCAI-AP-00218.jpg,MICCAI-2019,18831,14,17,0.0769230769230769,0.9926915589902356,0.9960652697038137,1.065400685663172,0.07270912667293628
val:18832,val,miccai_2019:image:MICCAI-AP-00218,images/miccai_2019/MICCAI-AP-00218.jpg,MICCAI-2019,18832,15,17,0.0769230769230769,1.1116754492580698,1.0796151066744744,1.1853835339272438,0.073708084669174
val:18888,val,miccai_2019:image:MICCAI-AP-00222,images/miccai_2019/MICCAI-AP-00222.jpg,MICCAI-2019,18888,3,17,0.0769230769230769,1.0240930296011472,0.9483425456695054,1.062939866226146,0.03884683662499877
val:18889,val,miccai_2019:image:MICCAI-AP-00222,images/miccai_2019/MICCAI-AP-00222.jpg,MICCAI-2019,18889,4,17,0.0769230769230769,0.9291801313309357,1.0,1.0417884811758995,0.11260834984496382
val:18890,val,miccai_2019:image:MICCAI-AP-00222,images/miccai_2019/MICCAI-AP-00222.jpg,MICCAI-2019,18890,5,17,0.0769230769230769,1.0152845768747885,0.9945078395978811,0.9972819897086623,0.018002587166126127
val:18891,val,miccai_2019:image:MICCAI-AP-00222,images/miccai_2019/MICCAI-AP-00222.jpg,MICCAI-2019,18891,6,17,0.0769230769230769,1.0606961297147826,1.0378891169548539,1.036249379440075,0.024446750274707663
val:18892,val,miccai_2019:image:MICCAI-AP-00222,images/miccai_2019/MICCAI-AP-00222.jpg,MICCAI-2019,18892,7,17,0.0769230769230769,1.053121064401752,1.0,1.0144105339422822,0.038710530459469705
val:18893,val,miccai_2019:image:MICCAI-AP-00222,images/miccai_2019/MICCAI-AP-00222.jpg,MICCAI-2019,18893,8,17,0.0769230769230769,0.9248134568720503,1.0,0.9892147621139884,0.0644013052419381
val:18894,val,miccai_2019:image:MICCAI-AP-00222,images/miccai_2019/MICCAI-AP-00222.jpg,MICCAI-2019,18894,9,17,0.0769230769230769,0.9665886643639638,1.0093625210755521,0.9937327527039701,0.027144088340006256
val:18895,val,miccai_2019:image:MICCAI-AP-00222,images/miccai_2019/MICCAI-AP-00222.jpg,MICCAI-2019,18895,10,17,0.0769230769230769,1.1235783758536262,1.0,1.0308516547083855,0.09272672114524072
val:18896,val,miccai_2019:image:MICCAI-AP-00222,images/miccai_2019/MICCAI-AP-00222.jpg,MICCAI-2019,18896,11,17,0.0769230769230769,0.9125991452705468,1.0,0.9892819011583924,0.07668275588784568
val:18897,val,miccai_2019:image:MICCAI-AP-00222,images/miccai_2019/MICCAI-AP-00222.jpg,MICCAI-2019,18897,12,17,0.0769230769230769,0.9900710869912493,0.9638834305409338,0.9957113310996439,0.0056402441083945876
val:18898,val,miccai_2019:image:MICCAI-AP-00222,images/miccai_2019/MICCAI-AP-00222.jpg,MICCAI-2019,18898,13,17,0.0769230769230769,0.9846272263417077,1.0356451750088949,1.0264497271094937,0.04182250076778593
val:18899,val,miccai_2019:image:MICCAI-AP-00222,images/miccai_2019/MICCAI-AP-00222.jpg,MICCAI-2019,18899,14,17,0.0769230769230769,1.1743293061559479,1.061528234631405,1.0535791878408052,0.12075011831514271
val:18900,val,miccai_2019:image:MICCAI-AP-00222,images/miccai_2019/MICCAI-AP-00222.jpg,MICCAI-2019,18900,15,17,0.0769230769230769,1.3429990772550235,1.0924907078892474,1.3589500835091357,0.015951006254112166
val:19415,val,miccai_2019:image:MICCAI-AP-00253,images/miccai_2019/MICCAI-AP-00253.jpg,MICCAI-2019,19415,3,17,0.0769230769230769,0.9943985394014833,0.9946490068811913,0.9995318715352555,0.005133332133772206
val:19416,val,miccai_2019:image:MICCAI-AP-00253,images/miccai_2019/MICCAI-AP-00253.jpg,MICCAI-2019,19416,4,17,0.0769230769230769,1.0341238152563927,1.0859427719739374,1.0123003020313677,0.02182351322502507
val:19417,val,miccai_2019:image:MICCAI-AP-00253,images/miccai_2019/MICCAI-AP-00253.jpg,MICCAI-2019,19417,5,17,0.0769230769230769,1.2030363467722696,1.0,1.0440726019442081,0.15896374482806142
val:19418,val,miccai_2019:image:MICCAI-AP-00253,images/miccai_2019/MICCAI-AP-00253.jpg,MICCAI-2019,19418,6,17,0.0769230769230769,0.9682366503001238,1.0848059721015613,1.0361006363950889,0.06786398609496502
val:19419,val,miccai_2019:image:MICCAI-AP-00253,images/miccai_2019/MICCAI-AP-00253.jpg,MICCAI-2019,19419,7,17,0.0769230769230769,1.0116687367117891,0.918604264300025,0.9263502240960364,0.08531851261575274
val:19420,val,miccai_2019:image:MICCAI-AP-00253,images/miccai_2019/MICCAI-AP-00253.jpg,MICCAI-2019,19420,8,17,0.0769230769230769,0.8594885147321896,1.0086006715316431,0.8943157538194315,0.034827239087241946
val:19421,val,miccai_2019:image:MICCAI-AP-00253,images/miccai_2019/MICCAI-AP-00253.jpg,MICCAI-2019,19421,9,17,0.0769230769230769,1.0594844964869767,0.9508858340779398,0.9452667552033518,0.11421774128362494
val:19422,val,miccai_2019:image:MICCAI-AP-00253,images/miccai_2019/MICCAI-AP-00253.jpg,MICCAI-2019,19422,10,17,0.0769230769230769,0.9511587293180843,1.0,0.93558319658041,0.015575532737674314
val:19423,val,miccai_2019:image:MICCAI-AP-00253,images/miccai_2019/MICCAI-AP-00253.jpg,MICCAI-2019,19423,11,17,0.0769230769230769,1.024885947008257,0.994209570224708,0.9878404721350726,0.037045474873184325
val:19424,val,miccai_2019:image:MICCAI-AP-00253,images/miccai_2019/MICCAI-AP-00253.jpg,MICCAI-2019,19424,12,17,0.0769230769230769,1.0116025983651187,1.0,0.9966586888767779,0.01494390948834079
val:19425,val,miccai_2019:image:MICCAI-AP-00253,images/miccai_2019/MICCAI-AP-00253.jpg,MICCAI-2019,19425,13,17,0.0769230769230769,0.9885162890681839,1.0,1.00494954129681,0.016433252228626016
val:19426,val,miccai_2019:image:MICCAI-AP-00253,images/miccai_2019/MICCAI-AP-00253.jpg,MICCAI-2019,19426,14,17,0.0769230769230769,0.9726763369595475,0.9981706635575085,0.971386882431367,0.0012894545281805225
val:19427,val,miccai_2019:image:MICCAI-AP-00253,images/miccai_2019/MICCAI-AP-00253.jpg,MICCAI-2019,19427,15,17,0.0769230769230769,1.0571234833558139,1.0328286707860237,1.0337422658100544,0.023381217545759503
val:19585,val,miccai_2019:image:MICCAI-AP-00263,images/miccai_2019/MICCAI-AP-00263.jpg,MICCAI-2019,19585,3,17,0.0769230769230769,0.9903136299998018,1.0,0.9969511637464166,0.006637533746614799
val:19586,val,miccai_2019:image:MICCAI-AP-00263,images/miccai_2019/MICCAI-AP-00263.jpg,MICCAI-2019,19586,4,17,0.0769230769230769,0.9964979750676075,1.0326862498030445,0.9942460185692092,0.0022519564983982665
val:19587,val,miccai_2019:image:MICCAI-AP-00263,images/miccai_2019/MICCAI-AP-00263.jpg,MICCAI-2019,19587,5,17,0.0769230769230769,1.1384681704224746,1.046443635970712,1.0476280795646686,0.09084009085780598
val:19588,val,miccai_2019:image:MICCAI-AP-00263,images/miccai_2019/MICCAI-AP-00263.jpg,MICCAI-2019,19588,6,17,0.0769230769230769,1.0106983503835463,0.9971859039377484,0.9653681994985852,0.04533015088496106
val:19589,val,miccai_2019:image:MICCAI-AP-00263,images/miccai_2019/MICCAI-AP-00263.jpg,MICCAI-2019,19589,7,17,0.0769230769230769,0.8992451910693717,1.0000000000000002,0.9613434337079527,0.06209824263858099
val:19590,val,miccai_2019:image:MICCAI-AP-00263,images/miccai_2019/MICCAI-AP-00263.jpg,MICCAI-2019,19590,8,17,0.0769230769230769,1.0419243178671114,0.9546473797284267,0.97174987083899,0.07017444702812137
val:19591,val,miccai_2019:image:MICCAI-AP-00263,images/miccai_2019/MICCAI-AP-00263.jpg,MICCAI-2019,19591,9,17,0.0769230769230769,0.9224667655719077,1.0,0.9489351622760296,0.026468396704121933
val:19592,val,miccai_2019:image:MICCAI-AP-00263,images/miccai_2019/MICCAI-AP-00263.jpg,MICCAI-2019,19592,10,17,0.0769230769230769,0.9859827420172208,0.9738423464632092,0.9854700792393146,0.000512662777906181
val:19593,val,miccai_2019:image:MICCAI-AP-00263,images/miccai_2019/MICCAI-AP-00263.jpg,MICCAI-2019,19593,11,17,0.0769230769230769,1.0261696364893318,1.0,1.0131504852324724,0.013019151256859374
val:19594,val,miccai_2019:image:MICCAI-AP-00263,images/miccai_2019/MICCAI-AP-00263.jpg,MICCAI-2019,19594,12,17,0.0769230769230769,1.0098775953358383,1.0178574338911197,1.0132623511722407,0.003384755836402409
val:19595,val,miccai_2019:image:MICCAI-AP-00263,images/miccai_2019/MICCAI-AP-00263.jpg,MICCAI-2019,19595,13,17,0.0769230769230769,1.034352813342369,1.0,1.0402283146977425,0.005875501355373514
val:19596,val,miccai_2019:image:MICCAI-AP-00263,images/miccai_2019/MICCAI-AP-00263.jpg,MICCAI-2019,19596,14,17,0.0769230769230769,0.9556360129178103,1.069250750241334,1.0347435426688738,0.0791075297510635
val:19597,val,miccai_2019:image:MICCAI-AP-00263,images/miccai_2019/MICCAI-AP-00263.jpg,MICCAI-2019,19597,15,17,0.0769230769230769,1.1489978649840715,0.9830661887096068,0.9911499010192057,0.15784796396486578
val:19772,val,miccai_2019:image:MICCAI-AP-00274,images/miccai_2019/MICCAI-AP-00274.jpg,MICCAI-2019,19772,3,17,0.0769230769230769,0.9195477620008725,1.0,0.9892823211848736,0.06973455918400107
val:19773,val,miccai_2019:image:MICCAI-AP-00274,images/miccai_2019/MICCAI-AP-00274.jpg,MICCAI-2019,19773,4,17,0.0769230769230769,1.019039196939567,1.0281292375694382,1.071304405904876,0.05226520896530906
val:19774,val,miccai_2019:image:MICCAI-AP-00274,images/miccai_2019/MICCAI-AP-00274.jpg,MICCAI-2019,19774,5,17,0.0769230769230769,1.1073561686449969,1.0,1.076892428100109,0.030463740544887763
val:19775,val,miccai_2019:image:MICCAI-AP-00274,images/miccai_2019/MICCAI-AP-00274.jpg,MICCAI-2019,19775,6,17,0.0769230769230769,0.9256639060706671,1.0,0.9519969411194324,0.026333035048765385
val:19776,val,miccai_2019:image:MICCAI-AP-00274,images/miccai_2019/MICCAI-AP-00274.jpg,MICCAI-2019,19776,7,17,0.0769230769230769,1.0492929419447417,1.0428681808768125,1.0486097491590591,0.0006831927856825182
val:19777,val,miccai_2019:image:MICCAI-AP-00274,images/miccai_2019/MICCAI-AP-00274.jpg,MICCAI-2019,19777,8,17,0.0769230769230769,1.1114239455324229,1.0,0.9881843375042081,0.12323960802821476
val:19778,val,miccai_2019:image:MICCAI-AP-00274,images/miccai_2019/MICCAI-AP-00274.jpg,MICCAI-2019,19778,9,17,0.0769230769230769,0.8826541052803352,1.0,0.9800127986818552,0.09735869340152004
val:19779,val,miccai_2019:image:MICCAI-AP-00274,images/miccai_2019/MICCAI-AP-00274.jpg,MICCAI-2019,19779,10,17,0.0769230769230769,0.9515572940760122,0.9366403569021233,0.9728533711769589,0.02129607710094672
val:19780,val,miccai_2019:image:MICCAI-AP-00274,images/miccai_2019/MICCAI-AP-00274.jpg,MICCAI-2019,19780,11,17,0.0769230769230769,1.0016424755487934,1.0,1.0282244198024273,0.026581944253633916
val:19781,val,miccai_2019:image:MICCAI-AP-00274,images/miccai_2019/MICCAI-AP-00274.jpg,MICCAI-2019,19781,12,17,0.0769230769230769,0.985708174233416,1.0,0.9915517279878259,0.005843553754409925
val:19782,val,miccai_2019:image:MICCAI-AP-00274,images/miccai_2019/MICCAI-AP-00274.jpg,MICCAI-2019,19782,13,17,0.0769230769230769,1.07564584048068,1.0531672762966258,1.0307570809757811,0.04488875950489879
val:19783,val,miccai_2019:image:MICCAI-AP-00274,images/miccai_2019/MICCAI-AP-00274.jpg,MICCAI-2019,19783,14,17,0.0769230769230769,1.071979900404167,0.9999999999999999,0.9792844057083129,0.09269549469585414
val:19784,val,miccai_2019:image:MICCAI-AP-00274,images/miccai_2019/MICCAI-AP-00274.jpg,MICCAI-2019,19784,15,17,0.0769230769230769,0.8735045558098244,0.9999999999999999,0.922088898718357,0.04858434290853253
val:19789,val,miccai_2019:image:MICCAI-AP-00275,images/miccai_2019/MICCAI-AP-00275.jpg,MICCAI-2019,19789,3,17,0.0769230769230769,1.2504985144146485,0.9999999999999998,1.0783919394016264,0.17210657501302218
val:19790,val,miccai_2019:image:MICCAI-AP-00275,images/miccai_2019/MICCAI-AP-00275.jpg,MICCAI-2019,19790,4,17,0.0769230769230769,0.9912814911816148,1.1340231625193598,1.1192269064316394,0.12794541525002456
val:19791,val,miccai_2019:image:MICCAI-AP-00275,images/miccai_2019/MICCAI-AP-00275.jpg,MICCAI-2019,19791,5,17,0.0769230769230769,1.0539361646188699,0.9308086493888752,1.002433077422704,0.05150308719616592
val:19792,val,miccai_2019:image:MICCAI-AP-00275,images/miccai_2019/MICCAI-AP-00275.jpg,MICCAI-2019,19792,6,17,0.0769230769230769,0.8477779379769592,1.0,0.9795486386865377,0.13177070070957853
val:19793,val,miccai_2019:image:MICCAI-AP-00275,images/miccai_2019/MICCAI-AP-00275.jpg,MICCAI-2019,19793,7,17,0.0769230769230769,0.9533929219962991,0.9170873926618444,0.9541990251877652,0.0008061031914661232
val:19794,val,miccai_2019:image:MICCAI-AP-00275,images/miccai_2019/MICCAI-AP-00275.jpg,MICCAI-2019,19794,8,17,0.0769230769230769,1.0157060593491407,1.0,1.0215289052575827,0.005822845908441954
val:19795,val,miccai_2019:image:MICCAI-AP-00275,images/miccai_2019/MICCAI-AP-00275.jpg,MICCAI-2019,19795,9,17,0.0769230769230769,0.9746607179166402,1.0,0.9853700771927834,0.010709359276143138
val:19796,val,miccai_2019:image:MICCAI-AP-00275,images/miccai_2019/MICCAI-AP-00275.jpg,MICCAI-2019,19796,10,17,0.0769230769230769,1.0104852692200095,0.9999999999999999,1.02044858597219,0.009963316752180429
val:19797,val,miccai_2019:image:MICCAI-AP-00275,images/miccai_2019/MICCAI-AP-00275.jpg,MICCAI-2019,19797,11,17,0.0769230769230769,0.9957127631718259,1.046886101783393,0.972310327411769,0.02340243576005685
val:19798,val,miccai_2019:image:MICCAI-AP-00275,images/miccai_2019/MICCAI-AP-00275.jpg,MICCAI-2019,19798,12,17,0.0769230769230769,1.121725267545215,1.0021935048330968,0.9503431635726636,0.17138210397255138
val:19799,val,miccai_2019:image:MICCAI-AP-00275,images/miccai_2019/MICCAI-AP-00275.jpg,MICCAI-2019,19799,13,17,0.0769230769230769,0.959306568506257,1.0,0.9527109451591969,0.006595623347060098
val:19800,val,miccai_2019:image:MICCAI-AP-00275,images/miccai_2019/MICCAI-AP-00275.jpg,MICCAI-2019,19800,14,17,0.0769230769230769,0.8795459130196777,0.9606492022459081,0.9052293064479402,0.025683393428262535
val:19801,val,miccai_2019:image:MICCAI-AP-00275,images/miccai_2019/MICCAI-AP-00275.jpg,MICCAI-2019,19801,15,17,0.0769230769230769,1.0893742179377393,1.010494981293196,1.0007874680278843,0.08858674990985493
val:20112,val,miccai_2019:image:MICCAI-AP-00294,images/miccai_2019/MICCAI-AP-00294.jpg,MICCAI-2019,20112,3,17,0.0769230769230769,0.9369338289364164,1.0,0.943497221916914,0.006563392980497573
val:20113,val,miccai_2019:image:MICCAI-AP-00294,images/miccai_2019/MICCAI-AP-00294.jpg,MICCAI-2019,20113,4,17,0.0769230769230769,1.1439067310602429,1.0566675379562078,1.0521581690448223,0.09174856201542059
val:20114,val,miccai_2019:image:MICCAI-AP-00294,images/miccai_2019/MICCAI-AP-00294.jpg,MICCAI-2019,20114,5,17,0.0769230769230769,1.1067401729217616,1.0438644071683676,1.0418408888500572,0.06489928407170442
val:20115,val,miccai_2019:image:MICCAI-AP-00294,images/miccai_2019/MICCAI-AP-00294.jpg,MICCAI-2019,20115,6,17,0.0769230769230769,0.9558389110221623,1.0085498267282362,0.9705755995084162,0.014736688486253868
val:20116,val,miccai_2019:image:MICCAI-AP-00294,images/miccai_2019/MICCAI-AP-00294.jpg,MICCAI-2019,20116,7,17,0.0769230769230769,0.991487524459904,0.9860002199341582,1.0089632297088431,0.017475705248939155
val:20117,val,miccai_2019:image:MICCAI-AP-00294,images/miccai_2019/MICCAI-AP-00294.jpg,MICCAI-2019,20117,8,17,0.0769230769230769,0.981664749605534,0.9999999999999998,1.0178359337151048,0.036171184109570875
val:20118,val,miccai_2019:image:MICCAI-AP-00294,images/miccai_2019/MICCAI-AP-00294.jpg,MICCAI-2019,20118,9,17,0.0769230769230769,0.9595545918647741,0.9958645376430331,0.9955723090500077,0.03601771718523361
val:20119,val,miccai_2019:image:MICCAI-AP-00294,images/miccai_2019/MICCAI-AP-00294.jpg,MICCAI-2019,20119,10,17,0.0769230769230769,1.0111535565156986,1.0,1.0025394298136234,0.008614126702075176
val:20120,val,miccai_2019:image:MICCAI-AP-00294,images/miccai_2019/MICCAI-AP-00294.jpg,MICCAI-2019,20120,11,17,0.0769230769230769,1.0501319834463985,1.0537444432997758,1.0111674411022717,0.03896454234412672
val:20121,val,miccai_2019:image:MICCAI-AP-00294,images/miccai_2019/MICCAI-AP-00294.jpg,MICCAI-2019,20121,12,17,0.0769230769230769,1.0893204334147921,1.0,1.001720847794786,0.08759958562000603
val:20122,val,miccai_2019:image:MICCAI-AP-00294,images/miccai_2019/MICCAI-AP-00294.jpg,MICCAI-2019,20122,13,17,0.0769230769230769,0.9553677735052779,1.0362557730048785,1.0387490434449056,0.08338126993962769
val:20123,val,miccai_2019:image:MICCAI-AP-00294,images/miccai_2019/MICCAI-AP-00294.jpg,MICCAI-2019,20123,14,17,0.0769230769230769,1.0417871922828772,0.993246635285328,0.9852668995532494,0.056520292729627775
val:20124,val,miccai_2019:image:MICCAI-AP-00294,images/miccai_2019/MICCAI-AP-00294.jpg,MICCAI-2019,20124,15,17,0.0769230769230769,1.0217242244876248,1.0317605475692275,1.0304649180297005,0.00874069354207574
val:20163,val,miccai_2019:image:MICCAI-AP-00297,images/miccai_2019/MICCAI-AP-00297.jpg,MICCAI-2019,20163,3,17,0.0769230769230769,0.9652551673758933,1.0000000000000002,0.9770891889929774,0.011834021617084023
val:20164,val,miccai_2019:image:MICCAI-AP-00297,images/miccai_2019/MICCAI-AP-00297.jpg,MICCAI-2019,20164,4,17,0.0769230769230769,1.0498074978709138,1.001331808948677,1.0041279270963481,0.045679570774565637
val:20165,val,miccai_2019:image:MICCAI-AP-00297,images/miccai_2019/MICCAI-AP-00297.jpg,MICCAI-2019,20165,5,17,0.0769230769230769,1.0461968399793942,1.0321049866690077,1.019868190349523,0.026328649629871137
val:20166,val,miccai_2019:image:MICCAI-AP-00297,images/miccai_2019/MICCAI-AP-00297.jpg,MICCAI-2019,20166,6,17,0.0769230769230769,1.043607321906841,1.01279709427411,1.0480022163575355,0.004394894450694631
val:20167,val,miccai_2019:image:MICCAI-AP-00297,images/miccai_2019/MICCAI-AP-00297.jpg,MICCAI-2019,20167,7,17,0.0769230769230769,0.9860491348271205,1.0,1.0194063186645508,0.03335718383743025
val:20168,val,miccai_2019:image:MICCAI-AP-00297,images/miccai_2019/MICCAI-AP-00297.jpg,MICCAI-2019,20168,8,17,0.0769230769230769,0.9321786520104356,0.9381109554521196,0.9951688055149668,0.06299015350453119
val:20169,val,miccai_2019:image:MICCAI-AP-00297,images/miccai_2019/MICCAI-AP-00297.jpg,MICCAI-2019,20169,9,17,0.0769230769230769,0.9068222981602387,0.9878420625247647,1.0023663733520198,0.0955440751917811
val:20170,val,miccai_2019:image:MICCAI-AP-00297,images/miccai_2019/MICCAI-AP-00297.jpg,MICCAI-2019,20170,10,17,0.0769230769230769,1.0638438056305555,0.9876848828927898,1.0293055285648727,0.0345382770656828
val:20171,val,miccai_2019:image:MICCAI-AP-00297,images/miccai_2019/MICCAI-AP-00297.jpg,MICCAI-2019,20171,11,17,0.0769230769230769,0.9382037537908172,1.0,1.0013111376902089,0.06310738389939163
val:20172,val,miccai_2019:image:MICCAI-AP-00297,images/miccai_2019/MICCAI-AP-00297.jpg,MICCAI-2019,20172,12,17,0.0769230769230769,1.0319838366852245,0.9999058699798824,1.0169863502127172,0.014997486472507315
val:20173,val,miccai_2019:image:MICCAI-AP-00297,images/miccai_2019/MICCAI-AP-00297.jpg,MICCAI-2019,20173,13,17,0.0769230769230769,1.0271346685061096,1.0,1.0210621878504753,0.00607248065563426
val:20174,val,miccai_2019:image:MICCAI-AP-00297,images/miccai_2019/MICCAI-AP-00297.jpg,MICCAI-2019,20174,14,17,0.0769230769230769,0.9677525741311808,0.9999999999999999,0.98087908513844,0.013126511007259256
val:20175,val,miccai_2019:image:MICCAI-AP-00297,images/miccai_2019/MICCAI-AP-00297.jpg,MICCAI-2019,20175,15,17,0.0769230769230769,1.0409816652216732,1.0409292038299296,1.0271298680223677,0.013851797199305516
val:20197,val,miccai_2019:image:MICCAI-AP-00299,images/miccai_2019/MICCAI-AP-00299.jpg,MICCAI-2019,20197,3,17,0.0769230769230769,1.056160250148892,1.1223907170540546,1.0246330273992275,0.031527222749664574
val:20198,val,miccai_2019:image:MICCAI-AP-00299,images/miccai_2019/MICCAI-AP-00299.jpg,MICCAI-2019,20198,4,17,0.0769230769230769,1.0333444533513785,0.9043623434815586,0.8947869187656821,0.13855753458569642
val:20199,val,miccai_2019:image:MICCAI-AP-00299,images/miccai_2019/MICCAI-AP-00299.jpg,MICCAI-2019,20199,5,17,0.0769230769230769,0.8100353174732142,1.0050927712154758,0.9692542491984737,0.15921893172525947
val:20200,val,miccai_2019:image:MICCAI-AP-00299,images/miccai_2019/MICCAI-AP-00299.jpg,MICCAI-2019,20200,6,17,0.0769230769230769,0.9899609541380596,0.8994339464917536,0.8457856311216707,0.1441753230163889
val:20201,val,miccai_2019:image:MICCAI-AP-00299,images/miccai_2019/MICCAI-AP-00299.jpg,MICCAI-2019,20201,7,17,0.0769230769230769,0.9701869622509302,1.0,0.9485494419932365,0.02163752025769361
val:20202,val,miccai_2019:image:MICCAI-AP-00299,images/miccai_2019/MICCAI-AP-00299.jpg,MICCAI-2019,20202,8,17,0.0769230769230769,1.0103025484597858,1.0,0.9719373974949121,0.038365150964873695
val:20203,val,miccai_2019:image:MICCAI-AP-00299,images/miccai_2019/MICCAI-AP-00299.jpg,MICCAI-2019,20203,9,17,0.0769230769230769,0.9194855292028774,1.01771377395505,0.9618763289939789,0.0423907997911015
val:20204,val,miccai_2019:image:MICCAI-AP-00299,images/miccai_2019/MICCAI-AP-00299.jpg,MICCAI-2019,20204,10,17,0.0769230769230769,1.1320013428662998,0.9999999999999999,0.9689948856830596,0.16300645718324025
val:20205,val,miccai_2019:image:MICCAI-AP-00299,images/miccai_2019/MICCAI-AP-00299.jpg,MICCAI-2019,20205,11,17,0.0769230769230769,1.0121684022929929,1.076044422008441,0.991125446178363,0.021042956114629918
val:20206,val,miccai_2019:image:MICCAI-AP-00299,images/miccai_2019/MICCAI-AP-00299.jpg,MICCAI-2019,20206,12,17,0.0769230769230769,1.0774357482738743,0.9569581392236683,0.9629563506708179,0.11447939760305648
val:20207,val,miccai_2019:image:MICCAI-AP-00299,images/miccai_2019/MICCAI-AP-00299.jpg,MICCAI-2019,20207,13,17,0.0769230769230769,0.8492474468931266,1.0,0.9255710765719414,0.07632362967881479
val:20208,val,miccai_2019:image:MICCAI-AP-00299,images/miccai_2019/MICCAI-AP-00299.jpg,MICCAI-2019,20208,14,17,0.0769230769230769,0.9673601877087123,0.9356392518765954,0.9782261707968739,0.010865983088161557
val:20209,val,miccai_2019:image:MICCAI-AP-00299,images/miccai_2019/MICCAI-AP-00299.jpg,MICCAI-2019,20209,15,17,0.0769230769230769,1.083459913567292,1.0504592105456116,1.0613485945098522,0.022111319057439793
val:20231,val,miccai_2019:image:MICCAI-AP-00301,images/miccai_2019/MICCAI-AP-00301.jpg,MICCAI-2019,20231,3,17,0.0769230769230769,0.8603271861189733,1.0230658044365417,1.0166587526236843,0.15633156650471103
val:20232,val,miccai_2019:image:MICCAI-AP-00301,images/miccai_2019/MICCAI-AP-00301.jpg,MICCAI-2019,20232,4,17,0.0769230769230769,1.1798848498055778,0.9970402135257337,1.0705666257743451,0.1093182240312327
val:20233,val,miccai_2019:image:MICCAI-AP-00301,images/miccai_2019/MICCAI-AP-00301.jpg,MICCAI-2019,20233,5,17,0.0769230769230769,0.9178535022518437,1.0,0.9730339013040066,0.055180399052162876
val:20234,val,miccai_2019:image:MICCAI-AP-00301,images/miccai_2019/MICCAI-AP-00301.jpg,MICCAI-2019,20234,6,17,0.0769230769230769,1.0543346645459861,1.0911039150422517,1.0545326246982518,0.00019796015226569708
val:20235,val,miccai_2019:image:MICCAI-AP-00301,images/miccai_2019/MICCAI-AP-00301.jpg,MICCAI-2019,20235,7,17,0.0769230769230769,1.2016529082116127,0.9999999999999998,1.0416094958782194,0.16004341233339336
val:20236,val,miccai_2019:image:MICCAI-AP-00301,images/miccai_2019/MICCAI-AP-00301.jpg,MICCAI-2019,20236,8,17,0.0769230769230769,0.9071187778227441,1.0406906626438643,0.9593963048672225,0.05227752704447841
val:20237,val,miccai_2019:image:MICCAI-AP-00301,images/miccai_2019/MICCAI-AP-00301.jpg,MICCAI-2019,20237,9,17,0.0769230769230769,0.9270839233590564,0.909096714674118,0.8932048590915231,0.03387906426753329
val:20238,val,miccai_2019:image:MICCAI-AP-00301,images/miccai_2019/MICCAI-AP-00301.jpg,MICCAI-2019,20238,10,17,0.0769230769230769,0.9725498502369386,1.0,1.0340096838772297,0.06145983364029106
val:20239,val,miccai_2019:image:MICCAI-AP-00301,images/miccai_2019/MICCAI-AP-00301.jpg,MICCAI-2019,20239,11,17,0.0769230769230769,1.0129386073166353,1.0,1.050485722720623,0.037547115403987696
val:20240,val,miccai_2019:image:MICCAI-AP-00301,images/miccai_2019/MICCAI-AP-00301.jpg,MICCAI-2019,20240,12,17,0.0769230769230769,1.0758202434946589,1.0858688670533492,1.05540915199991,0.020411091494748845
val:20241,val,miccai_2019:image:MICCAI-AP-00301,images/miccai_2019/MICCAI-AP-00301.jpg,MICCAI-2019,20241,13,17,0.0769230769230769,1.1051370631250346,0.9847856201234908,0.9651479851457925,0.1399890779792421
val:20242,val,miccai_2019:image:MICCAI-AP-00301,images/miccai_2019/MICCAI-AP-00301.jpg,MICCAI-2019,20242,14,17,0.0769230769230769,0.8679748152585506,1.017196506593907,0.9451980966670157,0.07722328140846513
val:20243,val,miccai_2019:image:MICCAI-AP-00301,images/miccai_2019/MICCAI-AP-00301.jpg,MICCAI-2019,20243,15,17,0.0769230769230769,1.0308193933126462,0.9410078054919895,0.9395828811379205,0.09123651217472561
val:20384,val,miccai_2019:image:MICCAI-AP-00310,images/miccai_2019/MICCAI-AP-00310.jpg,MICCAI-2019,20384,3,17,0.0769230769230769,1.0990871197538539,1.123548765245526,1.1037803707157066,0.004693250961852691
val:20385,val,miccai_2019:image:MICCAI-AP-00310,images/miccai_2019/MICCAI-AP-00310.jpg,MICCAI-2019,20385,4,17,0.0769230769230769,1.207431282958313,1.0,1.042874213308096,0.164557069650217
val:20386,val,miccai_2019:image:MICCAI-AP-00310,images/miccai_2019/MICCAI-AP-00310.jpg,MICCAI-2019,20386,5,17,0.0769230769230769,0.8767953733290332,1.097710042477611,0.9976384334573778,0.12084306012834456
val:20387,val,miccai_2019:image:MICCAI-AP-00310,images/miccai_2019/MICCAI-AP-00310.jpg,MICCAI-2019,20387,6,17,0.0769230769230769,1.1525447529012842,0.9292364709464762,0.9882987060038302,0.16424604689745403
val:20388,val,miccai_2019:image:MICCAI-AP-00310,images/miccai_2019/MICCAI-AP-00310.jpg,MICCAI-2019,20388,7,17,0.0769230769230769,0.8661186849735074,1.0039115001402839,1.0311463897071822,0.16502770473367478
val:20389,val,miccai_2019:image:MICCAI-AP-00310,images/miccai_2019/MICCAI-AP-00310.jpg,MICCAI-2019,20389,8,17,0.0769230769230769,0.9143610693533477,0.9118385138879439,0.9596099304924628,0.04524886113911508
val:20390,val,miccai_2019:image:MICCAI-AP-00310,images/miccai_2019/MICCAI-AP-00310.jpg,MICCAI-2019,20390,9,17,0.0769230769230769,0.9658236492092421,1.0,0.9672418534755707,0.0014182042663285488
val:20391,val,miccai_2019:image:MICCAI-AP-00310,images/miccai_2019/MICCAI-AP-00310.jpg,MICCAI-2019,20391,10,17,0.0769230769230769,1.1102547912146252,1.0604813180831498,1.0232755698231286,0.08697922139149661
val:20392,val,miccai_2019:image:MICCAI-AP-00310,images/miccai_2019/MICCAI-AP-00310.jpg,MICCAI-2019,20392,11,17,0.0769230769230769,1.1580196599898374,1.0736559075190815,1.0485247862412723,0.10949487374856504
val:20393,val,miccai_2019:image:MICCAI-AP-00310,images/miccai_2019/MICCAI-AP-00310.jpg,MICCAI-2019,20393,12,17,0.0769230769230769,0.914401714724474,0.9223770634888449,0.9575958648382463,0.04319415011377237
val:20394,val,miccai_2019:image:MICCAI-AP-00310,images/miccai_2019/MICCAI-AP-00310.jpg,MICCAI-2019,20394,13,17,0.0769230769230769,0.84279982911431,1.0039415151768043,1.0015570609320565,0.1587572318177466
val:20395,val,miccai_2019:image:MICCAI-AP-00310,images/miccai_2019/MICCAI-AP-00310.jpg,MICCAI-2019,20395,14,17,0.0769230769230769,1.1341593714231593,0.9509172768015153,0.9756926775593049,0.15846669386385437
val:20396,val,miccai_2019:image:MICCAI-AP-00310,images/miccai_2019/MICCAI-AP-00310.jpg,MICCAI-2019,20396,15,17,0.0769230769230769,1.029719875620329,1.1177420631732988,1.1175043710403574,0.08778449542002842
val:20418,val,miccai_2019:image:MICCAI-AP-00312,images/miccai_2019/MICCAI-AP-00312.jpg,MICCAI-2019,20418,3,17,0.0769230769230769,0.9794308707835215,1.0,0.9609502702951431,0.018480600488378407
val:20419,val,miccai_2019:image:MICCAI-AP-00312,images/miccai_2019/MICCAI-AP-00312.jpg,MICCAI-2019,20419,4,17,0.0769230769230769,1.066074819211639,1.0419248550405817,1.0654902349433022,0.0005845842683367408
val:20420,val,miccai_2019:image:MICCAI-AP-00312,images/miccai_2019/MICCAI-AP-00312.jpg,MICCAI-2019,20420,5,17,0.0769230769230769,1.0549895375502103,0.9999999999999999,1.0105940205976367,0.0443955169525736
val:20421,val,miccai_2019:image:MICCAI-AP-00312,images/miccai_2019/MICCAI-AP-00312.jpg,MICCAI-2019,20421,6,17,0.0769230769230769,0.9151286172939117,1.0004950236371082,0.9825851857504171,0.06745656845650538
val:20422,val,miccai_2019:image:MICCAI-AP-00312,images/miccai_2019/MICCAI-AP-00312.jpg,MICCAI-2019,20422,7,17,0.0769230769230769,1.010089364676232,0.9621139673479638,0.9777379866652928,0.032351378010939125
val:20423,val,miccai_2019:image:MICCAI-AP-00312,images/miccai_2019/MICCAI-AP-00312.jpg,MICCAI-2019,20423,8,17,0.0769230769230769,0.9855107904172982,1.0,0.995457611978054,0.00994682156075588
val:20424,val,miccai_2019:image:MICCAI-AP-00312,images/miccai_2019/MICCAI-AP-00312.jpg,MICCAI-2019,20424,9,17,0.0769230769230769,0.9811586638270517,0.9995319854659271,0.991246624123795,0.010087960296743304
val:20425,val,miccai_2019:image:MICCAI-AP-00312,images/miccai_2019/MICCAI-AP-00312.jpg,MICCAI-2019,20425,10,17,0.0769230769230769,1.0179277705377463,1.0,1.040232315659523,0.02230454512177671
val:20426,val,miccai_2019:image:MICCAI-AP-00312,images/miccai_2019/MICCAI-AP-00312.jpg,MICCAI-2019,20426,11,17,0.0769230769230769,0.9315041073484531,1.0,0.9831647388637066,0.05166063151525346
val:20427,val,miccai_2019:image:MICCAI-AP-00312,images/miccai_2019/MICCAI-AP-00312.jpg,MICCAI-2019,20427,12,17,0.0769230769230769,1.1037252688111652,1.0259607984581278,1.0153199220904396,0.08840534672072553
val:20428,val,miccai_2019:image:MICCAI-AP-00312,images/miccai_2019/MICCAI-AP-00312.jpg,MICCAI-2019,20428,13,17,0.0769230769230769,1.0472540270340194,1.0196141437741355,1.0172921649759994,0.029961862058019983
val:20429,val,miccai_2019:image:MICCAI-AP-00312,images/miccai_2019/MICCAI-AP-00312.jpg,MICCAI-2019,20429,14,17,0.0769230769230769,0.9774387873234346,1.0030899023021203,1.0012258246623542,0.023787037338919625
val:20430,val,miccai_2019:image:MICCAI-AP-00312,images/miccai_2019/MICCAI-AP-00312.jpg,MICCAI-2019,20430,15,17,0.0769230769230769,1.001951289731672,1.0,0.9967785505577922,0.005172739173879837
val:20520,val,miccai_2019:image:MICCAI-AP-00318,images/miccai_2019/MICCAI-AP-00318.jpg,MICCAI-2019,20520,3,17,0.0769230769230769,0.9432205900625545,1.0,1.0244638565927744,0.08124326653021985
val:20521,val,miccai_2019:image:MICCAI-AP-00318,images/miccai_2019/MICCAI-AP-00318.jpg,MICCAI-2019,20521,4,17,0.0769230769230769,1.0492031149323928,1.0,0.9993184476625174,0.04988466726987539
val:20522,val,miccai_2019:image:MICCAI-AP-00318,images/miccai_2019/MICCAI-AP-00318.jpg,MICCAI-2019,20522,5,17,0.0769230769230769,0.9547986240443826,1.021687369841087,0.9210123606500509,0.03378626339433177
val:20523,val,miccai_2019:image:MICCAI-AP-00318,images/miccai_2019/MICCAI-AP-00318.jpg,MICCAI-2019,20523,6,17,0.0769230769230769,1.158364292608183,1.0378398673248137,1.0642459189158524,0.09411837369233056
val:20524,val,miccai_2019:image:MICCAI-AP-00318,images/miccai_2019/MICCAI-AP-00318.jpg,MICCAI-2019,20524,7,17,0.0769230769230769,1.0145739085287815,1.0,0.954791285097599,0.05978262343118246
val:20525,val,miccai_2019:image:MICCAI-AP-00318,images/miccai_2019/MICCAI-AP-00318.jpg,MICCAI-2019,20525,8,17,0.0769230769230769,0.8760673678326645,0.9815958893294723,0.947025947868386,0.07095858003572153
val:20526,val,miccai_2019:image:MICCAI-AP-00318,images/miccai_2019/MICCAI-AP-00318.jpg,MICCAI-2019,20526,9,17,0.0769230769230769,1.0264810077502557,0.9679962317999156,0.9844416357185395,0.04203937203171626
val:20527,val,miccai_2019:image:MICCAI-AP-00318,images/miccai_2019/MICCAI-AP-00318.jpg,MICCAI-2019,20527,10,17,0.0769230769230769,1.0206063276849902,1.0131352334137722,0.9865908487554356,0.03401547892955459
val:20528,val,miccai_2019:image:MICCAI-AP-00318,images/miccai_2019/MICCAI-AP-00318.jpg,MICCAI-2019,20528,11,17,0.0769230769230769,1.0353330323589187,1.0148344466081827,0.979106342195627,0.05622669016329174
val:20529,val,miccai_2019:image:MICCAI-AP-00318,images/miccai_2019/MICCAI-AP-00318.jpg,MICCAI-2019,20529,12,17,0.0769230769230769,1.0089941666590023,1.0073628532152905,1.007183574827486,0.0018105918315163283
val:20530,val,miccai_2019:image:MICCAI-AP-00318,images/miccai_2019/MICCAI-AP-00318.jpg,MICCAI-2019,20530,13,17,0.0769230769230769,0.9582580315243052,0.950865187495192,1.0301454670719705,0.0718874355476653
val:20531,val,miccai_2019:image:MICCAI-AP-00318,images/miccai_2019/MICCAI-AP-00318.jpg,MICCAI-2019,20531,14,17,0.0769230769230769,0.9028280219438298,0.9857396424485861,0.9087082982732474,0.005880276329417566
val:20532,val,miccai_2019:image:MICCAI-AP-00318,images/miccai_2019/MICCAI-AP-00318.jpg,MICCAI-2019,20532,15,17,0.0769230769230769,1.1094224765534713,1.0890889136188262,1.0407234026186698,0.06869907393480146
val:20622,val,miccai_2019:image:MICCAI-AP-00324,images/miccai_2019/MICCAI-AP-00324.jpg,MICCAI-2019,20622,3,17,0.0769230769230769,0.9785345622535289,1.0,0.9617670960724354,0.016767466181093482
val:20623,val,miccai_2019:image:MICCAI-AP-00324,images/miccai_2019/MICCAI-AP-00324.jpg,MICCAI-2019,20623,4,17,0.0769230769230769,1.0958789895066015,1.0124588790297504,0.995806399261951,0.10007259024465043
val:20624,val,miccai_2019:image:MICCAI-AP-00324,images/miccai_2019/MICCAI-AP-00324.jpg,MICCAI-2019,20624,5,17,0.0769230769230769,1.0259150980562777,1.0,0.979199081659317,0.04671601639696066
val:20625,val,miccai_2019:image:MICCAI-AP-00324,images/miccai_2019/MICCAI-AP-00324.jpg,MICCAI-2019,20625,6,17,0.0769230769230769,0.9862535803009502,1.0,0.9883678397163749,0.0021142594154246463
val:20626,val,miccai_2019:image:MICCAI-AP-00324,images/miccai_2019/MICCAI-AP-00324.jpg,MICCAI-2019,20626,7,17,0.0769230769230769,0.9671294742296348,0.9891335573953002,0.988063693486376,0.020934219256741216
val:20627,val,miccai_2019:image:MICCAI-AP-00324,images/miccai_2019/MICCAI-AP-00324.jpg,MICCAI-2019,20627,8,17,0.0769230769230769,1.0433277694454328,1.065654976521893,1.056791954902275,0.013464185456842248
val:20628,val,miccai_2019:image:MICCAI-AP-00324,images/miccai_2019/MICCAI-AP-00324.jpg,MICCAI-2019,20628,9,17,0.0769230769230769,1.1104012706652864,1.0,1.012027395889163,0.09837387477612336
val:20629,val,miccai_2019:image:MICCAI-AP-00324,images/miccai_2019/MICCAI-AP-00324.jpg,MICCAI-2019,20629,10,17,0.0769230769230769,0.9070708503465885,0.9999999999999999,1.0018298344220966,0.09475898407550809
val:20630,val,miccai_2019:image:MICCAI-AP-00324,images/miccai_2019/MICCAI-AP-00324.jpg,MICCAI-2019,20630,11,17,0.0769230769230769,0.8644575692242806,0.9475508691752625,0.9033750841403676,0.03891751491608697
val:20631,val,miccai_2019:image:MICCAI-AP-00324,images/miccai_2019/MICCAI-AP-00324.jpg,MICCAI-2019,20631,12,17,0.0769230769230769,1.1113381873782484,1.0,1.0048116790130734,0.10652650836517497
val:20632,val,miccai_2019:image:MICCAI-AP-00324,images/miccai_2019/MICCAI-AP-00324.jpg,MICCAI-2019,20632,13,17,0.0769230769230769,0.9959728302031957,1.002540856168328,0.956918499932347,0.0390543302708487
val:20633,val,miccai_2019:image:MICCAI-AP-00324,images/miccai_2019/MICCAI-AP-00324.jpg,MICCAI-2019,20633,14,17,0.0769230769230769,1.0236699169720267,1.0110141006205238,0.9894858118984855,0.03418410507354119
val:20634,val,miccai_2019:image:MICCAI-AP-00324,images/miccai_2019/MICCAI-AP-00324.jpg,MICCAI-2019,20634,15,17,0.0769230769230769,1.045582186378239,1.0103637552698155,1.014440255693068,0.031141930685171015
val:20724,val,miccai_2019:image:MICCAI-AP-00330,images/miccai_2019/MICCAI-AP-00330.jpg,MICCAI-2019,20724,3,17,0.0769230769230769,0.9363002589893676,1.0,1.0165928695350885,0.0802926105457209
val:20725,val,miccai_2019:image:MICCAI-AP-00330,images/miccai_2019/MICCAI-AP-00330.jpg,MICCAI-2019,20725,4,17,0.0769230769230769,1.113086063560682,1.0,0.9853631434962153,0.12772292006446673
val:20726,val,miccai_2019:image:MICCAI-AP-00330,images/miccai_2019/MICCAI-AP-00330.jpg,MICCAI-2019,20726,5,17,0.0769230769230769,1.0175260898980807,1.0229079225453264,0.9197352775725252,0.09779081232555553
val:20727,val,miccai_2019:image:MICCAI-AP-00330,images/miccai_2019/MICCAI-AP-00330.jpg,MICCAI-2019,20727,6,17,0.0769230769230769,1.0434927703775205,1.0000000000000002,0.9578844383358958,0.08560833204162477
val:20728,val,miccai_2019:image:MICCAI-AP-00330,images/miccai_2019/MICCAI-AP-00330.jpg,MICCAI-2019,20728,7,17,0.0769230769230769,0.9829424515095042,1.0111050076138117,0.9186691633712389,0.06427328813826527
val:20729,val,miccai_2019:image:MICCAI-AP-00330,images/miccai_2019/MICCAI-AP-00330.jpg,MICCAI-2019,20729,8,17,0.0769230769230769,0.9789694876673584,0.9781542090445456,0.9046408800154624,0.07432860765189597
val:20730,val,miccai_2019:image:MICCAI-AP-00330,images/miccai_2019/MICCAI-AP-00330.jpg,MICCAI-2019,20730,9,17,0.0769230769230769,0.9387755230244583,1.0084567748201296,0.9382353432667658,0.0005401797576924938
val:20731,val,miccai_2019:image:MICCAI-AP-00330,images/miccai_2019/MICCAI-AP-00330.jpg,MICCAI-2019,20731,10,17,0.0769230769230769,1.0825368909000486,0.9999999999999998,1.0477143824100492,0.03482250848999935
val:20732,val,miccai_2019:image:MICCAI-AP-00330,images/miccai_2019/MICCAI-AP-00330.jpg,MICCAI-2019,20732,11,17,0.0769230769230769,1.001713961658504,1.0197305530481406,0.960597164946086,0.04111679671241797
val:20733,val,miccai_2019:image:MICCAI-AP-00330,images/miccai_2019/MICCAI-AP-00330.jpg,MICCAI-2019,20733,12,17,0.0769230769230769,1.0300740032805396,1.0,1.0816854387521744,0.051611435471634826
val:20734,val,miccai_2019:image:MICCAI-AP-00330,images/miccai_2019/MICCAI-AP-00330.jpg,MICCAI-2019,20734,13,17,0.0769230769230769,1.0423476883653184,0.9781002652727258,1.0875823003135812,0.045234611948262726
val:20735,val,miccai_2019:image:MICCAI-AP-00330,images/miccai_2019/MICCAI-AP-00330.jpg,MICCAI-2019,20735,14,17,0.0769230769230769,0.8200904405223693,0.930881328687799,0.7489800227738739,0.07111041774849547
val:20736,val,miccai_2019:image:MICCAI-AP-00330,images/miccai_2019/MICCAI-AP-00330.jpg,MICCAI-2019,20736,15,17,0.0769230769230769,0.8603675732765426,0.9218049845437353,0.893955375511462,0.03358780223491942
val:20741,val,miccai_2019:image:MICCAI-AP-00331,images/miccai_2019/MICCAI-AP-00331.jpg,MICCAI-2019,20741,3,17,0.0769230769230769,0.9086017208862248,1.0,1.0594496950507164,0.15084797416449158
val:20742,val,miccai_2019:image:MICCAI-AP-00331,images/miccai_2019/MICCAI-AP-00331.jpg,MICCAI-2019,20742,4,17,0.0769230769230769,0.9841743943182516,0.9892169751580118,1.0223263755793928,0.038151981261141166
val:20743,val,miccai_2019:image:MICCAI-AP-00331,images/miccai_2019/MICCAI-AP-00331.jpg,MICCAI-2019,20743,5,17,0.0769230769230769,1.1059784978785077,1.110093716104223,1.0787545289291876,0.02722396894932011
val:20744,val,miccai_2019:image:MICCAI-AP-00331,images/miccai_2019/MICCAI-AP-00331.jpg,MICCAI-2019,20744,6,17,0.0769230769230769,1.2063997819822254,1.0251313794236996,1.0652648258787014,0.141134956103524
val:20745,val,miccai_2019:image:MICCAI-AP-00331,images/miccai_2019/MICCAI-AP-00331.jpg,MICCAI-2019,20745,7,17,0.0769230769230769,0.8998883815947691,0.9976282579832891,0.9392454897993425,0.03935710820457339
val:20746,val,miccai_2019:image:MICCAI-AP-00331,images/miccai_2019/MICCAI-AP-00331.jpg,MICCAI-2019,20746,8,17,0.0769230769230769,0.8475119631382251,0.9114089324126917,0.8278222917566973,0.019689671381527774
val:20747,val,miccai_2019:image:MICCAI-AP-00331,images/miccai_2019/MICCAI-AP-00331.jpg,MICCAI-2019,20747,9,17,0.0769230769230769,1.0412257128627092,1.0,1.0046795615926385,0.03654615127007066
val:20748,val,miccai_2019:image:MICCAI-AP-00331,images/miccai_2019/MICCAI-AP-00331.jpg,MICCAI-2019,20748,10,17,0.0769230769230769,1.0650987823748106,1.1067023074119446,1.0786954035847542,0.013596621209943649
val:20749,val,miccai_2019:image:MICCAI-AP-00331,images/miccai_2019/MICCAI-AP-00331.jpg,MICCAI-2019,20749,11,17,0.0769230769230769,1.163240370528515,0.9924956744345177,1.0422173103126038,0.12102306021591125
val:20750,val,miccai_2019:image:MICCAI-AP-00331,images/miccai_2019/MICCAI-AP-00331.jpg,MICCAI-2019,20750,12,17,0.0769230769230769,0.8627035802420597,1.0779442246529831,0.8871437366578354,0.024440156415775682
val:20751,val,miccai_2019:image:MICCAI-AP-00331,images/miccai_2019/MICCAI-AP-00331.jpg,MICCAI-2019,20751,13,17,0.0769230769230769,1.1763870775213012,0.963536878337245,1.0234786395329047,0.15290843798839648
val:20752,val,miccai_2019:image:MICCAI-AP-00331,images/miccai_2019/MICCAI-AP-00331.jpg,MICCAI-2019,20752,14,17,0.0769230769230769,0.9335420937442936,1.0,0.9725515879690647,0.03900949422477107
val:20753,val,miccai_2019:image:MICCAI-AP-00331,images/miccai_2019/MICCAI-AP-00331.jpg,MICCAI-2019,20753,15,17,0.0769230769230769,0.808869771040367,0.9323073849037962,0.8453075885728674,0.036437817532500416
val:21132,val,miccai_2019:image:MICCAI-AP-00354,images/miccai_2019/MICCAI-AP-00354.jpg,MICCAI-2019,21132,3,17,0.0769230769230769,0.9905613033275105,1.115850635796423,0.9876249367293073,0.0029363665982031772
val:21133,val,miccai_2019:image:MICCAI-AP-00354,images/miccai_2019/MICCAI-AP-00354.jpg,MICCAI-2019,21133,4,17,0.0769230769230769,1.2799245119765053,1.0,1.1507836431264877,0.12914086885001752
val:21134,val,miccai_2019:image:MICCAI-AP-00354,images/miccai_2019/MICCAI-AP-00354.jpg,MICCAI-2019,21134,5,17,0.0769230769230769,0.9477777360294991,1.078970657856512,1.005460890204954,0.05768315417545489
val:21135,val,miccai_2019:image:MICCAI-AP-00354,images/miccai_2019/MICCAI-AP-00354.jpg,MICCAI-2019,21135,6,17,0.0769230769230769,0.9687627653010471,0.9243189060732133,0.912918902155698,0.05584386314534906
val:21136,val,miccai_2019:image:MICCAI-AP-00354,images/miccai_2019/MICCAI-AP-00354.jpg,MICCAI-2019,21136,7,17,0.0769230769230769,0.9306880562123888,1.0,0.9708621371537447,0.04017408094135588
val:21137,val,miccai_2019:image:MICCAI-AP-00354,images/miccai_2019/MICCAI-AP-00354.jpg,MICCAI-2019,21137,8,17,0.0769230769230769,1.0371621723300768,1.0175350411279918,0.9844325362189532,0.05272963611112358
val:21138,val,miccai_2019:image:MICCAI-AP-00354,images/miccai_2019/MICCAI-AP-00354.jpg,MICCAI-2019,21138,9,17,0.0769230769230769,1.0640107875746734,0.9999999999999999,0.9353904724121093,0.12862031516256411
val:21139,val,miccai_2019:image:MICCAI-AP-00354,images/miccai_2019/MICCAI-AP-00354.jpg,MICCAI-2019,21139,10,17,0.0769230769230769,0.9775977376794955,1.0471539479457381,0.9810328987204078,0.003435161040912238
val:21140,val,miccai_2019:image:MICCAI-AP-00354,images/miccai_2019/MICCAI-AP-00354.jpg,MICCAI-2019,21140,11,17,0.0769230769230769,1.1049959178468884,0.9970584051017364,1.0144936670814355,0.09050225076545293
val:21141,val,miccai_2019:image:MICCAI-AP-00354,images/miccai_2019/MICCAI-AP-00354.jpg,MICCAI-2019,21141,12,17,0.0769230769230769,0.9326380582554888,0.9974546214205452,1.013375783861918,0.08073772560642911
val:21142,val,miccai_2019:image:MICCAI-AP-00354,images/miccai_2019/MICCAI-AP-00354.jpg,MICCAI-2019,21142,13,17,0.0769230769230769,0.9103379731520824,0.9500627474865262,0.9803599895915334,0.07002201643945094
val:21143,val,miccai_2019:image:MICCAI-AP-00354,images/miccai_2019/MICCAI-AP-00354.jpg,MICCAI-2019,21143,14,17,0.0769230769230769,1.039371243318116,1.0,1.000197002722416,0.03917424059569985
val:21144,val,miccai_2019:image:MICCAI-AP-00354,images/miccai_2019/MICCAI-AP-00354.jpg,MICCAI-2019,21144,15,17,0.0769230769230769,0.9700021240511063,1.0,0.9891974749043584,0.01919535085325208
val:21557,val,miccai_2019:image:MICCAI-AP-00379,images/miccai_2019/MICCAI-AP-00379.jpg,MICCAI-2019,21557,3,17,0.0769230769230769,0.9564923903378393,1.031114714483958,0.9249439409777935,0.03154844936004575
val:21558,val,miccai_2019:image:MICCAI-AP-00379,images/miccai_2019/MICCAI-AP-00379.jpg,MICCAI-2019,21558,4,17,0.0769230769230769,1.0109337363645639,0.9581738454543667,0.9281953987919407,0.08273833757262317
val:21559,val,miccai_2019:image:MICCAI-AP-00379,images/miccai_2019/MICCAI-AP-00379.jpg,MICCAI-2019,21559,5,17,0.0769230769230769,0.990110042338193,1.0427238746415244,1.0149521334897147,0.024842091151521695
val:21560,val,miccai_2019:image:MICCAI-AP-00379,images/miccai_2019/MICCAI-AP-00379.jpg,MICCAI-2019,21560,6,17,0.0769230769230769,1.040979455010978,0.9535979480593022,0.9887290262727555,0.05225042873822261
val:21561,val,miccai_2019:image:MICCAI-AP-00379,images/miccai_2019/MICCAI-AP-00379.jpg,MICCAI-2019,21561,7,17,0.0769230769230769,0.9259020813942536,1.0309232503006658,0.9091111525724134,0.01679092882184019
val:21562,val,miccai_2019:image:MICCAI-AP-00379,images/miccai_2019/MICCAI-AP-00379.jpg,MICCAI-2019,21562,8,17,0.0769230769230769,1.1181553932446393,0.9994848679651329,1.0612932938982556,0.056862099346383754
val:21563,val,miccai_2019:image:MICCAI-AP-00379,images/miccai_2019/MICCAI-AP-00379.jpg,MICCAI-2019,21563,9,17,0.0769230769230769,0.9272593956344941,0.9891374325195836,1.0371650298873472,0.10990563425285305
val:21564,val,miccai_2019:image:MICCAI-AP-00379,images/miccai_2019/MICCAI-AP-00379.jpg,MICCAI-2019,21564,10,17,0.0769230769230769,0.845510481385627,0.950347354318013,0.9458742636805377,0.10036378229491072
val:21565,val,miccai_2019:image:MICCAI-AP-00379,images/miccai_2019/MICCAI-AP-00379.jpg,MICCAI-2019,21565,11,17,0.0769230769230769,1.1181007110721999,1.0,0.9966795756481588,0.1214211354240411
val:21566,val,miccai_2019:image:MICCAI-AP-00379,images/miccai_2019/MICCAI-AP-00379.jpg,MICCAI-2019,21566,12,17,0.0769230769230769,1.0953826348541706,1.161991449097687,1.1452536899843753,0.04987105513020462
val:21567,val,miccai_2019:image:MICCAI-AP-00379,images/miccai_2019/MICCAI-AP-00379.jpg,MICCAI-2019,21567,13,17,0.0769230769230769,1.2234890555108393,1.0,1.1724937707185745,0.05099528479226478
val:21568,val,miccai_2019:image:MICCAI-AP-00379,images/miccai_2019/MICCAI-AP-00379.jpg,MICCAI-2019,21568,14,17,0.0769230769230769,0.846847140279217,0.9163865139672691,0.7748770555446083,0.07197008473460875
val:21569,val,miccai_2019:image:MICCAI-AP-00379,images/miccai_2019/MICCAI-AP-00379.jpg,MICCAI-2019,21569,15,17,0.0769230769230769,0.6415699071372412,0.8544157741865387,0.7977112381061783,0.15614133096893712
val:21659,val,miccai_2019:image:MICCAI-AP-00385,images/miccai_2019/MICCAI-AP-00385.jpg,MICCAI-2019,21659,3,17,0.0769230769230769,1.0113020170328757,1.0,0.9449585266411304,0.06634349039174525
val:21660,val,miccai_2019:image:MICCAI-AP-00385,images/miccai_2019/MICCAI-AP-00385.jpg,MICCAI-2019,21660,4,17,0.0769230769230769,1.046873471923462,1.0666986720063556,0.9525031761624683,0.09437029576099376
val:21661,val,miccai_2019:image:MICCAI-AP-00385,images/miccai_2019/MICCAI-AP-00385.jpg,MICCAI-2019,21661,5,17,0.0769230769230769,1.151355419029266,1.0,1.001011164742522,0.15034425428674414
val:21662,val,miccai_2019:image:MICCAI-AP-00385,images/miccai_2019/MICCAI-AP-00385.jpg,MICCAI-2019,21662,6,17,0.0769230769230769,0.9638332301459767,1.109974092738685,1.0389813845325082,0.07514815438653155
val:21663,val,miccai_2019:image:MICCAI-AP-00385,images/miccai_2019/MICCAI-AP-00385.jpg,MICCAI-2019,21663,7,17,0.0769230769230769,1.181243846692801,0.9760696560238975,1.0785404861067909,0.10270336058601015
val:21664,val,miccai_2019:image:MICCAI-AP-00385,images/miccai_2019/MICCAI-AP-00385.jpg,MICCAI-2019,21664,8,17,0.0769230769230769,0.8736283800988155,1.0,0.9377250857651234,0.06409670566630787
val:21665,val,miccai_2019:image:MICCAI-AP-00385,images/miccai_2019/MICCAI-AP-00385.jpg,MICCAI-2019,21665,9,17,0.0769230769230769,0.8467801900856481,0.9036075776878874,0.9111155054036657,0.06433531531801762
val:21666,val,miccai_2019:image:MICCAI-AP-00385,images/miccai_2019/MICCAI-AP-00385.jpg,MICCAI-2019,21666,10,17,0.0769230769230769,1.0894965485369297,1.0180298643347445,1.0293161025431576,0.060180445993772036
val:21667,val,miccai_2019:image:MICCAI-AP-00385,images/miccai_2019/MICCAI-AP-00385.jpg,MICCAI-2019,21667,11,17,0.0769230769230769,1.0280943552205373,1.0,1.0538958236575127,0.025801468436975394
val:21668,val,miccai_2019:image:MICCAI-AP-00385,images/miccai_2019/MICCAI-AP-00385.jpg,MICCAI-2019,21668,12,17,0.0769230769230769,0.9041935142086573,1.0027726500883327,0.9708887211635338,0.06669520695487641
val:21669,val,miccai_2019:image:MICCAI-AP-00385,images/miccai_2019/MICCAI-AP-00385.jpg,MICCAI-2019,21669,13,17,0.0769230769230769,1.1651248360164645,1.071323431026399,0.9945376132840513,0.17058722273241322
val:21670,val,miccai_2019:image:MICCAI-AP-00385,images/miccai_2019/MICCAI-AP-00385.jpg,MICCAI-2019,21670,14,17,0.0769230769230769,1.124838258555505,1.0094861453726451,0.9147383710696857,0.21009988748581931
val:21671,val,miccai_2019:image:MICCAI-AP-00385,images/miccai_2019/MICCAI-AP-00385.jpg,MICCAI-2019,21671,15,17,0.0769230769230769,0.7927993458991636,0.96853040945529,0.9208404053449537,0.12804105944579014
val:22066,val,miccai_2019:image:MICCAI-AP-00409,images/miccai_2019/MICCAI-AP-00409.jpg,MICCAI-2019,22066,3,17,0.0769230769230769,0.8876272437023871,0.9999999999999998,1.028360269963741,0.14073302626135398
val:22067,val,miccai_2019:image:MICCAI-AP-00409,images/miccai_2019/MICCAI-AP-00409.jpg,MICCAI-2019,22067,4,17,0.0769230769230769,1.0393386321800857,1.007182602711536,1.0150974876587764,0.02424114452130932
val:22068,val,miccai_2019:image:MICCAI-AP-00409,images/miccai_2019/MICCAI-AP-00409.jpg,MICCAI-2019,22068,5,17,0.0769230769230769,1.0772295400946041,1.0,1.021113958209753,0.05611558188485111
val:22069,val,miccai_2019:image:MICCAI-AP-00409,images/miccai_2019/MICCAI-AP-00409.jpg,MICCAI-2019,22069,6,17,0.0769230769230769,0.9589489517896987,1.0,1.0277475882321596,0.06879863644246087
val:22070,val,miccai_2019:image:MICCAI-AP-00409,images/miccai_2019/MICCAI-AP-00409.jpg,MICCAI-2019,22070,7,17,0.0769230769230769,0.969483388488993,0.9824132397105682,0.9978912444120037,0.02840785592301076
val:22071,val,miccai_2019:image:MICCAI-AP-00409,images/miccai_2019/MICCAI-AP-00409.jpg,MICCAI-2019,22071,8,17,0.0769230769230769,1.0350049937790182,1.0,1.017703354358673,0.017301639420345127
val:22072,val,miccai_2019:image:MICCAI-AP-00409,images/miccai_2019/MICCAI-AP-00409.jpg,MICCAI-2019,22072,9,17,0.0769230769230769,0.9344651769315672,0.9999999999999999,0.9622250348329543,0.02775985790138713
val:22073,val,miccai_2019:image:MICCAI-AP-00409,images/miccai_2019/MICCAI-AP-00409.jpg,MICCAI-2019,22073,10,17,0.0769230769230769,1.1197913014393488,1.066165757950615,1.01174592750914,0.10804537393020874
val:22074,val,miccai_2019:image:MICCAI-AP-00409,images/miccai_2019/MICCAI-AP-00409.jpg,MICCAI-2019,22074,11,17,0.0769230769230769,1.1192373282563781,1.0397063715587227,1.0242006646673052,0.09503666358907292
val:22075,val,miccai_2019:image:MICCAI-AP-00409,images/miccai_2019/MICCAI-AP-00409.jpg,MICCAI-2019,22075,12,17,0.0769230769230769,0.8989804268033497,0.9700940831869674,0.9765831933662129,0.07760276656286325
val:22076,val,miccai_2019:image:MICCAI-AP-00409,images/miccai_2019/MICCAI-AP-00409.jpg,MICCAI-2019,22076,13,17,0.0769230769230769,0.9145964250238648,0.9455470094289156,0.9823397086765142,0.06774328365264937
val:22077,val,miccai_2019:image:MICCAI-AP-00409,images/miccai_2019/MICCAI-AP-00409.jpg,MICCAI-2019,22077,14,17,0.0769230769230769,1.0426910240579201,0.9999999999999999,0.9990452570491469,0.043645767008773206
val:22078,val,miccai_2019:image:MICCAI-AP-00409,images/miccai_2019/MICCAI-AP-00409.jpg,MICCAI-2019,22078,15,17,0.0769230769230769,0.956885980637134,1.0,0.9528571367263794,0.0040288439107546425
val:22219,val,miccai_2019:image:MICCAI-AP-00418,images/miccai_2019/MICCAI-AP-00418.jpg,MICCAI-2019,22219,3,17,0.0769230769230769,1.0676509601292123,1.027247228446267,1.0618053048577527,0.005845655271459638
val:22220,val,miccai_2019:image:MICCAI-AP-00418,images/miccai_2019/MICCAI-AP-00418.jpg,MICCAI-2019,22220,4,17,0.0769230769230769,1.0348037289443761,1.0,0.9981743356911466,0.03662939325322956
val:22221,val,miccai_2019:image:MICCAI-AP-00418,images/miccai_2019/MICCAI-AP-00418.jpg,MICCAI-2019,22221,5,17,0.0769230769230769,0.9547684139734793,1.044935263897408,1.0285240972592722,0.07375568328579285
val:22222,val,miccai_2019:image:MICCAI-AP-00418,images/miccai_2019/MICCAI-AP-00418.jpg,MICCAI-2019,22222,6,17,0.0769230769230769,1.0846725699337427,0.9747852280562028,1.0022732324724302,0.08239933746131256
val:22223,val,miccai_2019:image:MICCAI-AP-00418,images/miccai_2019/MICCAI-AP-00418.jpg,MICCAI-2019,22223,7,17,0.0769230769230769,0.9399464173391419,1.0,0.9784924183040857,0.03854600096494387
val:22224,val,miccai_2019:image:MICCAI-AP-00418,images/miccai_2019/MICCAI-AP-00418.jpg,MICCAI-2019,22224,8,17,0.0769230769230769,0.9245675795586126,0.9860674351424004,0.9114529475539948,0.013114632004617821
val:22225,val,miccai_2019:image:MICCAI-AP-00418,images/miccai_2019/MICCAI-AP-00418.jpg,MICCAI-2019,22225,9,17,0.0769230769230769,1.107029359460665,1.0,0.9856781978160143,0.12135116164465076
val:22226,val,miccai_2019:image:MICCAI-AP-00418,images/miccai_2019/MICCAI-AP-00418.jpg,MICCAI-2019,22226,10,17,0.0769230769230769,0.9563816685235813,1.0,0.9762035869061947,0.01982191838261338
val:22227,val,miccai_2019:image:MICCAI-AP-00418,images/miccai_2019/MICCAI-AP-00418.jpg,MICCAI-2019,22227,11,17,0.0769230769230769,0.9529731154820701,0.9765436489083479,0.9992389351077984,0.04626581962572829
val:22228,val,miccai_2019:image:MICCAI-AP-00418,images/miccai_2019/MICCAI-AP-00418.jpg,MICCAI-2019,22228,12,17,0.0769230769230769,1.0344385730223147,0.9999999999999999,1.0138782542198896,0.020560318802425037
val:22229,val,miccai_2019:image:MICCAI-AP-00418,images/miccai_2019/MICCAI-AP-00418.jpg,MICCAI-2019,22229,13,17,0.0769230769230769,0.9958871199938444,0.9999999999999998,0.9823404122143982,0.013546707779446221
val:22230,val,miccai_2019:image:MICCAI-AP-00418,images/miccai_2019/MICCAI-AP-00418.jpg,MICCAI-2019,22230,14,17,0.0769230769230769,0.9967222188072545,0.9999999999999999,1.00651392666623,0.00979170785897543
val:22231,val,miccai_2019:image:MICCAI-AP-00418,images/miccai_2019/MICCAI-AP-00418.jpg,MICCAI-2019,22231,15,17,0.0769230769230769,1.0179408255114746,1.052038101279505,1.0536743630984355,0.03573353758696096
val:22406,val,miccai_2019:image:MICCAI-AP-00429,images/miccai_2019/MICCAI-AP-00429.jpg,MICCAI-2019,22406,3,17,0.0769230769230769,1.0121612563777072,1.0000000000000002,0.9764708355069163,0.035690420870790884
val:22407,val,miccai_2019:image:MICCAI-AP-00429,images/miccai_2019/MICCAI-AP-00429.jpg,MICCAI-2019,22407,4,17,0.0769230769230769,0.9817347737159698,1.012287639101815,1.008697505827841,0.026962732111871057
val:22408,val,miccai_2019:image:MICCAI-AP-00429,images/miccai_2019/MICCAI-AP-00429.jpg,MICCAI-2019,22408,5,17,0.0769230769230769,1.0434417626944228,1.0,1.0481393113732338,0.004697548678811003
val:22409,val,miccai_2019:image:MICCAI-AP-00429,images/miccai_2019/MICCAI-AP-00429.jpg,MICCAI-2019,22409,6,17,0.0769230769230769,0.9676509190832401,1.032099406615815,1.0117812858978126,0.0441303668145725
val:22410,val,miccai_2019:image:MICCAI-AP-00429,images/miccai_2019/MICCAI-AP-00429.jpg,MICCAI-2019,22410,7,17,0.0769230769230769,1.0732229612188027,0.9883375335352065,0.994395310045922,0.07882765117288071
val:22411,val,miccai_2019:image:MICCAI-AP-00429,images/miccai_2019/MICCAI-AP-00429.jpg,MICCAI-2019,22411,8,17,0.0769230769230769,0.9299380908925117,0.9999999999999999,0.95684852078557,0.026910429893058363
val:22412,val,miccai_2019:image:MICCAI-AP-00429,images/miccai_2019/MICCAI-AP-00429.jpg,MICCAI-2019,22412,9,17,0.0769230769230769,0.9757777840733963,0.9714441959074936,0.9271540556363068,0.04862372843708951
val:22413,val,miccai_2019:image:MICCAI-AP-00429,images/miccai_2019/MICCAI-AP-00429.jpg,MICCAI-2019,22413,10,17,0.0769230769230769,0.9935073672203341,1.0,0.9983750054379925,0.004867638217658454
val:22414,val,miccai_2019:image:MICCAI-AP-00429,images/miccai_2019/MICCAI-AP-00429.jpg,MICCAI-2019,22414,11,17,0.0769230769230769,1.0312640230547836,1.0071832568107544,1.0366911117641626,0.005427088709379024
val:22415,val,miccai_2019:image:MICCAI-AP-00429,images/miccai_2019/MICCAI-AP-00429.jpg,MICCAI-2019,22415,12,17,0.0769230769230769,1.020321690863218,0.9999999999999999,1.049497600644827,0.02917590978160889
val:22416,val,miccai_2019:image:MICCAI-AP-00429,images/miccai_2019/MICCAI-AP-00429.jpg,MICCAI-2019,22416,13,17,0.0769230769230769,0.9690160157846418,1.0133214713763452,1.0020516551788903,0.03303563939424847
val:22417,val,miccai_2019:image:MICCAI-AP-00429,images/miccai_2019/MICCAI-AP-00429.jpg,MICCAI-2019,22417,14,17,0.0769230769230769,1.044301440546318,0.9933372567891346,0.9602076354920136,0.08409380505430442
val:22418,val,miccai_2019:image:MICCAI-AP-00429,images/miccai_2019/MICCAI-AP-00429.jpg,MICCAI-2019,22418,15,17,0.0769230769230769,1.0109270096412848,1.039904843391492,1.0381167020691697,0.027189692427884937
val:22423,val,miccai_2019:image:MICCAI-AP-00430,images/miccai_2019/MICCAI-AP-00430.jpg,MICCAI-2019,22423,3,17,0.0769230769230769,1.078262929076978,1.1165968335469874,1.1643004312416227,0.08603750216464467
val:22424,val,miccai_2019:image:MICCAI-AP-00430,images/miccai_2019/MICCAI-AP-00430.jpg,MICCAI-2019,22424,4,17,0.0769230769230769,1.331910669725139,1.0567462828212266,1.0846744191103463,0.2472362506147927
val:22425,val,miccai_2019:image:MICCAI-AP-00430,images/miccai_2019/MICCAI-AP-00430.jpg,MICCAI-2019,22425,5,17,0.0769230769230769,1.1162361012104398,1.1673271026465628,1.117247123644087,0.0010110224336472573
val:22426,val,miccai_2019:image:MICCAI-AP-00430,images/miccai_2019/MICCAI-AP-00430.jpg,MICCAI-2019,22426,6,17,0.0769230769230769,0.8966081222136899,0.9284647613938779,0.98815417515001,0.09154605293632012
val:22427,val,miccai_2019:image:MICCAI-AP-00430,images/miccai_2019/MICCAI-AP-00430.jpg,MICCAI-2019,22427,7,17,0.0769230769230769,0.8588414582394044,0.9492600288326694,0.964562835925336,0.1057213776859316
val:22428,val,miccai_2019:image:MICCAI-AP-00430,images/miccai_2019/MICCAI-AP-00430.jpg,MICCAI-2019,22428,8,17,0.0769230769230769,1.025985658591476,0.992306378355242,0.9726139667089951,0.05337169188248081
val:22429,val,miccai_2019:image:MICCAI-AP-00430,images/miccai_2019/MICCAI-AP-00430.jpg,MICCAI-2019,22429,9,17,0.0769230769230769,1.0635198356304532,1.0142303027033392,1.0413980271488015,0.022121808481651684
val:22430,val,miccai_2019:image:MICCAI-AP-00430,images/miccai_2019/MICCAI-AP-00430.jpg,MICCAI-2019,22430,10,17,0.0769230769230769,1.0029143266870562,1.0,1.0637666210532188,0.060852294366162685
val:22431,val,miccai_2019:image:MICCAI-AP-00430,images/miccai_2019/MICCAI-AP-00430.jpg,MICCAI-2019,22431,11,17,0.0769230769230769,0.8678712548354771,1.0683983776648431,0.9763699386198907,0.10849868378441363
val:22432,val,miccai_2019:image:MICCAI-AP-00430,images/miccai_2019/MICCAI-AP-00430.jpg,MICCAI-2019,22432,12,17,0.0769230769230769,1.296438704879414,1.0189982617821363,1.014223098995891,0.282215605883523
val:22433,val,miccai_2019:image:MICCAI-AP-00430,images/miccai_2019/MICCAI-AP-00430.jpg,MICCAI-2019,22433,13,17,0.0769230769230769,1.087541643896881,1.135066354607099,1.0130674857244428,0.07447415817243819
val:22434,val,miccai_2019:image:MICCAI-AP-00430,images/miccai_2019/MICCAI-AP-00430.jpg,MICCAI-2019,22434,14,17,0.0769230769230769,0.9964327750793862,1.0,0.9323188662528992,0.06411390882648704
val:22435,val,miccai_2019:image:MICCAI-AP-00430,images/miccai_2019/MICCAI-AP-00430.jpg,MICCAI-2019,22435,15,17,0.0769230769230769,0.9206668154878099,0.9302938189796436,0.9906870406559932,0.07002022516818329
val:22525,val,miccai_2019:image:MICCAI-AP-00436,images/miccai_2019/MICCAI-AP-00436.jpg,MICCAI-2019,22525,3,17,0.0769230769230769,1.1107542965865191,1.0,1.0515093989670277,0.05924489761949148
val:22526,val,miccai_2019:image:MICCAI-AP-00436,images/miccai_2019/MICCAI-AP-00436.jpg,MICCAI-2019,22526,4,17,0.0769230769230769,0.9439704972700353,1.00430088854197,0.9787722992784116,0.03480180200837624
val:22527,val,miccai_2019:image:MICCAI-AP-00436,images/miccai_2019/MICCAI-AP-00436.jpg,MICCAI-2019,22527,5,17,0.0769230769230769,0.9627573703810506,0.960096450786827,0.9810482825001459,0.01829091211909528
val:22528,val,miccai_2019:image:MICCAI-AP-00436,images/miccai_2019/MICCAI-AP-00436.jpg,MICCAI-2019,22528,6,17,0.0769230769230769,1.0289266429871446,1.035887354554586,1.0094158514756484,0.01951079151149626
val:22529,val,miccai_2019:image:MICCAI-AP-00436,images/miccai_2019/MICCAI-AP-00436.jpg,MICCAI-2019,22529,7,17,0.0769230769230769,1.0589078536180438,1.0,1.036053154617548,0.02285469900049586
val:22530,val,miccai_2019:image:MICCAI-AP-00436,images/miccai_2019/MICCAI-AP-00436.jpg,MICCAI-2019,22530,8,17,0.0769230769230769,0.9543103301006132,1.0,1.0048654335550964,0.05055510345448322
val:22531,val,miccai_2019:image:MICCAI-AP-00436,images/miccai_2019/MICCAI-AP-00436.jpg,MICCAI-2019,22531,9,17,0.0769230769230769,0.9358257833211115,0.9673837811184209,0.9562156634834689,0.02038988016235732
val:22532,val,miccai_2019:image:MICCAI-AP-00436,images/miccai_2019/MICCAI-AP-00436.jpg,MICCAI-2019,22532,10,17,0.0769230769230769,1.0054185734375503,1.0,1.0151884676888585,0.009769894251308253
val:22533,val,miccai_2019:image:MICCAI-AP-00436,images/miccai_2019/MICCAI-AP-00436.jpg,MICCAI-2019,22533,11,17,0.0769230769230769,1.0227523636186695,1.0121888626276188,1.0175623363724582,0.005190027246211315
val:22534,val,miccai_2019:image:MICCAI-AP-00436,images/miccai_2019/MICCAI-AP-00436.jpg,MICCAI-2019,22534,12,17,0.0769230769230769,1.0351142019978568,1.0,1.0144624533131719,0.02065174868468489
val:22535,val,miccai_2019:image:MICCAI-AP-00436,images/miccai_2019/MICCAI-AP-00436.jpg,MICCAI-2019,22535,13,17,0.0769230769230769,0.9468502198471406,1.0,1.0035065386909992,0.05665631884385858
val:22536,val,miccai_2019:image:MICCAI-AP-00436,images/miccai_2019/MICCAI-AP-00436.jpg,MICCAI-2019,22536,14,17,0.0769230769230769,1.0580405433463438,1.0417972138029796,1.0233776854229433,0.034662857923400514
val:22537,val,miccai_2019:image:MICCAI-AP-00436,images/miccai_2019/MICCAI-AP-00436.jpg,MICCAI-2019,22537,15,17,0.0769230769230769,1.0776158567850072,1.0,1.0077088922262192,0.06990696455878798
val:22967,val,miccai_2019:image:MICCAI-AP-00462,images/miccai_2019/MICCAI-AP-00462.jpg,MICCAI-2019,22967,3,17,0.0769230769230769,1.1216039987440112,1.0412719056797837,1.0600338701946352,0.061570128549375935
val:22968,val,miccai_2019:image:MICCAI-AP-00462,images/miccai_2019/MICCAI-AP-00462.jpg,MICCAI-2019,22968,4,17,0.0769230769230769,1.132900635359749,1.079389390066575,1.029414628163289,0.10348600719646006
val:22969,val,miccai_2019:image:MICCAI-AP-00462,images/miccai_2019/MICCAI-AP-00462.jpg,MICCAI-2019,22969,5,17,0.0769230769230769,0.988159364414817,0.978144625488995,0.9466533719639763,0.041505992450840745
val:22970,val,miccai_2019:image:MICCAI-AP-00462,images/miccai_2019/MICCAI-AP-00462.jpg,MICCAI-2019,22970,6,17,0.0769230769230769,0.8719428581056097,0.9522997508203865,0.983224173486817,0.11128131538120734
val:22971,val,miccai_2019:image:MICCAI-AP-00462,images/miccai_2019/MICCAI-AP-00462.jpg,MICCAI-2019,22971,7,17,0.0769230769230769,0.9653472059186907,0.9803637502625936,1.030545127941703,0.06519792202301233
val:22972,val,miccai_2019:image:MICCAI-AP-00462,images/miccai_2019/MICCAI-AP-00462.jpg,MICCAI-2019,22972,8,17,0.0769230769230769,1.0792191193881466,1.0,1.0097178583964705,0.06950126099167608
val:22973,val,miccai_2019:image:MICCAI-AP-00462,images/miccai_2019/MICCAI-AP-00462.jpg,MICCAI-2019,22973,9,17,0.0769230769230769,0.9417219776646524,1.0,1.0233572777360678,0.0816353000714154
val:22974,val,miccai_2019:image:MICCAI-AP-00462,images/miccai_2019/MICCAI-AP-00462.jpg,MICCAI-2019,22974,10,17,0.0769230769230769,0.964693718472194,0.9739186155455339,1.016671958084606,0.05197823961241199
val:22975,val,miccai_2019:image:MICCAI-AP-00462,images/miccai_2019/MICCAI-AP-00462.jpg,MICCAI-2019,22975,11,17,0.0769230769230769,1.010307747387455,0.9999999999999998,1.075234144926071,0.06492639753861584
val:22976,val,miccai_2019:image:MICCAI-AP-00462,images/miccai_2019/MICCAI-AP-00462.jpg,MICCAI-2019,22976,12,17,0.0769230769230769,0.9474789153314285,0.9999999999999999,0.9721901193261145,0.02471120399468607
val:22977,val,miccai_2019:image:MICCAI-AP-00462,images/miccai_2019/MICCAI-AP-00462.jpg,MICCAI-2019,22977,13,17,0.0769230769230769,1.0391675194063774,1.0,0.9582433775067329,0.08092414189964448
val:22978,val,miccai_2019:image:MICCAI-AP-00462,images/miccai_2019/MICCAI-AP-00462.jpg,MICCAI-2019,22978,14,17,0.0769230769230769,1.0089561593967038,1.0000000000000002,0.9344260171055796,0.0745301422911242
val:22979,val,miccai_2019:image:MICCAI-AP-00462,images/miccai_2019/MICCAI-AP-00462.jpg,MICCAI-2019,22979,15,17,0.0769230769230769,1.0311305721163855,1.030331985428674,0.9673663390425276,0.06376423307385792
val:22984,val,nih_chestx_ray14:patient:00000053,images/nih_chestxray14/NIH_00000053_001.png,NIH ChestX-ray14,22984,3,8,0.25,1.0845346428218257,1.0,0.989061389118433,0.09547325370339266
val:22985,val,nih_chestx_ray14:patient:00000053,images/nih_chestxray14/NIH_00000053_001.png,NIH ChestX-ray14,22985,4,8,0.25,0.9399817079787403,1.0023828389653835,0.9752906205663356,0.03530891258759539
val:22986,val,nih_chestx_ray14:patient:00000053,images/nih_chestxray14/NIH_00000053_001.png,NIH ChestX-ray14,22986,5,8,0.25,1.0554960475780526,1.0080954661646648,1.030011695442514,0.025484352135538568
val:22987,val,nih_chestx_ray14:patient:00000053,images/nih_chestxray14/NIH_00000053_001.png,NIH ChestX-ray14,22987,6,8,0.25,1.0711105350696042,1.0458304014400985,1.0557177624077942,0.01539277266180994
val:22992,val,nih_chestx_ray14:patient:00006611,images/nih_chestxray14/NIH_00006611_000.png,NIH ChestX-ray14,22992,3,8,0.25,0.986605291251729,1.0,0.9378820210695267,0.04872327018220235
val:22993,val,nih_chestx_ray14:patient:00006611,images/nih_chestxray14/NIH_00006611_000.png,NIH ChestX-ray14,22993,4,8,0.25,0.9857670643417522,1.0821956908956636,1.036815795178758,0.051048730837005785
val:22994,val,nih_chestx_ray14:patient:00006611,images/nih_chestxray14/NIH_00006611_000.png,NIH ChestX-ray14,22994,5,8,0.25,1.1917976458540251,1.0,1.0107124336063862,0.18108521224763896
val:22995,val,nih_chestx_ray14:patient:00006611,images/nih_chestxray14/NIH_00006611_000.png,NIH ChestX-ray14,22995,6,8,0.25,0.8483509648813528,1.0,0.9199469313025475,0.0715959664211947
val:23000,val,nih_chestx_ray14:patient:00007238,images/nih_chestxray14/NIH_00007238_000.png,NIH ChestX-ray14,23000,3,10,0.1666666666666666,1.1197802305694768,1.0130146964678493,1.0278232832664576,0.09195694730301929
val:23001,val,nih_chestx_ray14:patient:00007238,images/nih_chestxray14/NIH_00007238_000.png,NIH ChestX-ray14,23001,4,10,0.1666666666666666,1.004950057227783,1.0000000000000002,1.0206235181540253,0.015673460926242333
val:23002,val,nih_chestx_ray14:patient:00007238,images/nih_chestxray14/NIH_00007238_000.png,NIH ChestX-ray14,23002,5,10,0.1666666666666666,0.9326214948447062,0.9934514090845543,0.9986680760475057,0.06604658120279949
val:23003,val,nih_chestx_ray14:patient:00007238,images/nih_chestxray14/NIH_00007238_000.png,NIH ChestX-ray14,23003,6,10,0.1666666666666666,1.0499355134049861,1.0061071168853004,1.0172477772681077,0.032687736136878476
val:23004,val,nih_chestx_ray14:patient:00007238,images/nih_chestxray14/NIH_00007238_000.png,NIH ChestX-ray14,23004,7,10,0.1666666666666666,1.0232717735423145,1.0,0.9567919448018074,0.06647982874050706
val:23005,val,nih_chestx_ray14:patient:00007238,images/nih_chestxray14/NIH_00007238_000.png,NIH ChestX-ray14,23005,8,10,0.1666666666666666,0.9461425310939346,1.0000000000000002,0.9878427451476457,0.04170021405371105
val:23010,val,nih_chestx_ray14:patient:00007442,images/nih_chestxray14/NIH_00007442_013.png,NIH ChestX-ray14,23010,3,14,0.1,1.1011950740221108,1.0714068277870687,1.1109100482558283,0.009714974233717477
val:23011,val,nih_chestx_ray14:patient:00007442,images/nih_chestxray14/NIH_00007442_013.png,NIH ChestX-ray14,23011,4,14,0.1,1.0655047802086508,0.9883780021405234,0.9744086068308367,0.09109617337781406
val:23012,val,nih_chestx_ray14:patient:00007442,images/nih_chestxray14/NIH_00007442_013.png,NIH ChestX-ray14,23012,5,14,0.1,0.8801834549662297,0.9910185327351174,0.9707074993819079,0.09052404441567818
val:23013,val,nih_chestx_ray14:patient:00007442,images/nih_chestxray14/NIH_00007442_013.png,NIH ChestX-ray14,23013,6,14,0.1,0.9700182492894716,1.0042396587147877,1.1109654185190365,0.14094716922956496
val:23014,val,nih_chestx_ray14:patient:00007442,images/nih_chestxray14/NIH_00007442_013.png,NIH ChestX-ray14,23014,7,14,0.1,1.1516002160766623,1.0,0.9937227168120444,0.15787749926461792
val:23015,val,nih_chestx_ray14:patient:00007442,images/nih_chestxray14/NIH_00007442_013.png,NIH ChestX-ray14,23015,8,14,0.1,0.8547582997999397,1.0,0.8716334253549576,0.01687512555501791
val:23016,val,nih_chestx_ray14:patient:00007442,images/nih_chestxray14/NIH_00007442_013.png,NIH ChestX-ray14,23016,9,14,0.1,0.989807719464239,0.943477981083767,1.0476976263455315,0.057889906881292585
val:23017,val,nih_chestx_ray14:patient:00007442,images/nih_chestxray14/NIH_00007442_013.png,NIH ChestX-ray14,23017,10,14,0.1,1.0064495111036003,1.0,1.0898824036121368,0.08343289250853658
val:23018,val,nih_chestx_ray14:patient:00007442,images/nih_chestxray14/NIH_00007442_013.png,NIH ChestX-ray14,23018,11,14,0.1,1.004463454081709,0.9999999999999999,1.0227820258587599,0.018318571777050874
val:23019,val,nih_chestx_ray14:patient:00007442,images/nih_chestxray14/NIH_00007442_013.png,NIH ChestX-ray14,23019,12,14,0.1,1.006130738491123,1.0,0.9991734148352407,0.006957323655882197
val:23024,val,nih_chestx_ray14:patient:00008026,images/nih_chestxray14/NIH_00008026_002.png,NIH ChestX-ray14,23024,3,13,0.1111111111111111,1.0128930738404724,1.0,1.0313334800302982,0.018440406189825786
val:23025,val,nih_chestx_ray14:patient:00008026,images/nih_chestxray14/NIH_00008026_002.png,NIH ChestX-ray14,23025,4,13,0.1111111111111111,0.9055791013904015,0.9841664411379558,0.9210643448187572,0.015485243428355666
val:23026,val,nih_chestx_ray14:patient:00008026,images/nih_chestxray14/NIH_00008026_002.png,NIH ChestX-ray14,23026,5,13,0.1111111111111111,1.0214419351679802,0.9715107465416687,0.9796656798825162,0.041776255285464026
val:23027,val,nih_chestx_ray14:patient:00008026,images/nih_chestxray14/NIH_00008026_002.png,NIH ChestX-ray14,23027,6,13,0.1111111111111111,0.9819911147762215,1.0,0.9769247397780418,0.005066374998179635
val:23028,val,nih_chestx_ray14:patient:00008026,images/nih_chestxray14/NIH_00008026_002.png,NIH ChestX-ray14,23028,7,13,0.1111111111111111,1.0100202664039266,1.0,1.0118915336206555,0.0018712672167289224
val:23029,val,nih_chestx_ray14:patient:00008026,images/nih_chestxray14/NIH_00008026_002.png,NIH ChestX-ray14,23029,8,13,0.1111111111111111,0.9815455900748663,1.0,1.0012168916873634,0.019671301612497083
val:23030,val,nih_chestx_ray14:patient:00008026,images/nih_chestxray14/NIH_00008026_002.png,NIH ChestX-ray14,23030,9,13,0.1111111111111111,0.9955617332736391,1.0,0.99953958846163,0.003977855187990986
val:23031,val,nih_chestx_ray14:patient:00008026,images/nih_chestxray14/NIH_00008026_002.png,NIH ChestX-ray14,23031,10,13,0.1111111111111111,0.9890526489275502,0.9999999999999998,0.978391485288739,0.0106611636388112
val:23032,val,nih_chestx_ray14:patient:00008026,images/nih_chestxray14/NIH_00008026_002.png,NIH ChestX-ray14,23032,11,13,0.1111111111111111,1.0318172338519251,0.9999999999999998,0.9981210774276403,0.03369615642428481
val:23037,val,nih_chestx_ray14:patient:00008220,images/nih_chestxray14/NIH_00008220_000.png,NIH ChestX-ray14,23037,3,11,0.1428571428571428,0.9230231849677425,1.0006226644896548,0.9917196192823927,0.06869643431465022
val:23038,val,nih_chestx_ray14:patient:00008220,images/nih_chestxray14/NIH_00008220_000.png,NIH ChestX-ray14,23038,4,11,0.1428571428571428,1.1478285058734672,1.0117125307066657,1.0327223540140607,0.11510615185940654
val:23039,val,nih_chestx_ray14:patient:00008220,images/nih_chestxray14/NIH_00008220_000.png,NIH ChestX-ray14,23039,5,11,0.1428571428571428,1.021709248083474,1.0117999159677735,1.0267121086775175,0.0050028605940435344
val:23040,val,nih_chestx_ray14:patient:00008220,images/nih_chestxray14/NIH_00008220_000.png,NIH ChestX-ray14,23040,6,11,0.1428571428571428,0.9904993335009087,0.9999999999999999,1.0745491087436676,0.08404977524275892
val:23041,val,nih_chestx_ray14:patient:00008220,images/nih_chestxray14/NIH_00008220_000.png,NIH ChestX-ray14,23041,7,11,0.1428571428571428,0.9880255573540402,0.9629722354426566,1.0345630986108962,0.04653754125685605
val:23042,val,nih_chestx_ray14:patient:00008220,images/nih_chestxray14/NIH_00008220_000.png,NIH ChestX-ray14,23042,8,11,0.1428571428571428,0.8478129005713206,0.9992509373267779,0.9229058735808024,0.07509297300948181
val:23043,val,nih_chestx_ray14:patient:00008220,images/nih_chestxray14/NIH_00008220_000.png,NIH ChestX-ray14,23043,9,11,0.1428571428571428,1.0431863054899022,0.9778517645743865,0.9494877898094434,0.09369851568045884
val:23048,val,nih_chestx_ray14:patient:00008275,images/nih_chestxray14/NIH_00008275_000.png,NIH ChestX-ray14,23048,3,12,0.125,1.0529152184916897,1.0117645993774742,1.0896070659106583,0.03669184741896858
val:23049,val,nih_chestx_ray14:patient:00008275,images/nih_chestxray14/NIH_00008275_000.png,NIH ChestX-ray14,23049,4,12,0.125,1.0420396474113356,1.0,1.0331934802234173,0.008846167187918308
val:23050,val,nih_chestx_ray14:patient:00008275,images/nih_chestxray14/NIH_00008275_000.png,NIH ChestX-ray14,23050,5,12,0.125,0.9733672560579194,1.0,0.9709840212017298,0.002383234856189631
val:23051,val,nih_chestx_ray14:patient:00008275,images/nih_chestxray14/NIH_00008275_000.png,NIH ChestX-ray14,23051,6,12,0.125,0.9858418659388647,0.9897603873570333,0.9986503018473158,0.012808435908451155
val:23052,val,nih_chestx_ray14:patient:00008275,images/nih_chestxray14/NIH_00008275_000.png,NIH ChestX-ray14,23052,7,12,0.125,1.0249162863391537,1.016959165479598,1.0155964846728196,0.00931980166633406
val:23053,val,nih_chestx_ray14:patient:00008275,images/nih_chestxray14/NIH_00008275_000.png,NIH ChestX-ray14,23053,8,12,0.125,1.0282191846705406,1.0,1.001894670771435,0.026324513899105728
val:23054,val,nih_chestx_ray14:patient:00008275,images/nih_chestxray14/NIH_00008275_000.png,NIH ChestX-ray14,23054,9,12,0.125,0.914213208422558,1.031741421002471,1.0253822261314327,0.11116901770887466
val:23055,val,nih_chestx_ray14:patient:00008275,images/nih_chestxray14/NIH_00008275_000.png,NIH ChestX-ray14,23055,10,12,0.125,1.136276704577547,1.0001835559863341,1.0223966350216163,0.11388006955593077
val:23060,val,nih_chestx_ray14:patient:00008986,images/nih_chestxray14/NIH_00008986_000.png,NIH ChestX-ray14,23060,3,11,0.1428571428571428,0.8821850757549179,1.0,0.9082262292504311,0.02604115349551317
val:23061,val,nih_chestx_ray14:patient:00008986,images/nih_chestxray14/NIH_00008986_000.png,NIH ChestX-ray14,23061,4,11,0.1428571428571428,1.138305321118901,1.0367861316934088,0.9999027588799456,0.1384025622389553
val:23062,val,nih_chestx_ray14:patient:00008986,images/nih_chestxray14/NIH_00008986_000.png,NIH ChestX-ray14,23062,5,11,0.1428571428571428,1.086594897688533,1.0,0.9700846951454878,0.11651020254304512
val:23063,val,nih_chestx_ray14:patient:00008986,images/nih_chestxray14/NIH_00008986_000.png,NIH ChestX-ray14,23063,6,11,0.1428571428571428,0.9880474190250923,1.0251610596048875,0.9240067992675347,0.0640406197575576
val:23064,val,nih_chestx_ray14:patient:00008986,images/nih_chestxray14/NIH_00008986_000.png,NIH ChestX-ray14,23064,7,11,0.1428571428571428,0.9800390163335444,0.9722166448157739,0.912741044096322,0.06729797223722245
val:23065,val,nih_chestx_ray14:patient:00008986,images/nih_chestxray14/NIH_00008986_000.png,NIH ChestX-ray14,23065,8,11,0.1428571428571428,0.9761239542013718,1.0,0.9795959554612637,0.003472001259891888
val:23066,val,nih_chestx_ray14:patient:00008986,images/nih_chestxray14/NIH_00008986_000.png,NIH ChestX-ray14,23066,9,11,0.1428571428571428,0.9924145405608868,0.9987233307839692,0.973362184006101,0.019052356554785876
val:23071,val,nih_chestx_ray14:patient:00028523,images/nih_chestxray14/NIH_00028523_005.png,NIH ChestX-ray14,23071,3,13,0.0476190476190476,1.1050150953181226,1.057735149686731,1.1698309378079546,0.06481584248983197
val:23072,val,nih_chestx_ray14:patient:00028523,images/nih_chestxray14/NIH_00028523_005.png,NIH ChestX-ray14,23072,4,13,0.0476190476190476,1.1370489431239945,1.0632968695343274,1.0822194685668487,0.05482947455714582
val:23073,val,nih_chestx_ray14:patient:00028523,images/nih_chestxray14/NIH_00028523_005.png,NIH ChestX-ray14,23073,5,13,0.0476190476190476,0.9112840902264052,0.9156907545692556,0.8798060464031332,0.03147804382327202
val:23074,val,nih_chestx_ray14:patient:00028523,images/nih_chestxray14/NIH_00028523_005.png,NIH ChestX-ray14,23074,6,13,0.0476190476190476,0.7698280621548836,0.9514773986735615,0.798800607720879,0.028972545565995378
val:23075,val,nih_chestx_ray14:patient:00028523,images/nih_chestxray14/NIH_00028523_005.png,NIH ChestX-ray14,23075,7,13,0.0476190476190476,1.0927411746092857,1.0010817351683345,1.0129553287222353,0.0797858458870504
val:23076,val,nih_chestx_ray14:patient:00028523,images/nih_chestxray14/NIH_00028523_005.png,NIH ChestX-ray14,23076,8,13,0.0476190476190476,1.090668373300494,1.0,1.038512922823429,0.052155450477064935
val:23077,val,nih_chestx_ray14:patient:00028523,images/nih_chestxray14/NIH_00028523_005.png,NIH ChestX-ray14,23077,9,13,0.0476190476190476,0.9559431773509453,1.0,1.0379497036337852,0.08200652628284
val:23078,val,nih_chestx_ray14:patient:00028523,images/nih_chestxray14/NIH_00028523_005.png,NIH ChestX-ray14,23078,10,13,0.0476190476190476,0.8876449824350112,0.9619482404906575,0.9693633712251012,0.08171838879008997
val:23079,val,nih_chestx_ray14:patient:00028523,images/nih_chestxray14/NIH_00028523_005.png,NIH ChestX-ray14,23079,11,13,0.0476190476190476,1.0746019397779358,1.0000000000000002,1.0293346010148527,0.04526733876308309
val:23084,val,nih_chestx_ray14:patient:00028523,images/nih_chestxray14/NIH_00028523_006.png,NIH ChestX-ray14,23084,3,11,0.0476190476190476,0.9433446339530942,1.0500077149334444,1.031325749165107,0.0879811152120129
val:23085,val,nih_chestx_ray14:patient:00028523,images/nih_chestxray14/NIH_00028523_006.png,NIH ChestX-ray14,23085,4,11,0.0476190476190476,1.0911461932958768,0.9861014184105666,1.0283152346062931,0.06283095868958366
val:23086,val,nih_chestx_ray14:patient:00028523,images/nih_chestxray14/NIH_00028523_006.png,NIH ChestX-ray14,23086,5,11,0.0476190476190476,0.942898408990004,0.9999999999999998,1.0024089759681372,0.05951056697813317
val:23087,val,nih_chestx_ray14:patient:00028523,images/nih_chestxray14/NIH_00028523_006.png,NIH ChestX-ray14,23087,6,11,0.0476190476190476,0.9237075739358169,0.9760348717333214,0.9954823325039284,0.07177475856811144
val:23088,val,nih_chestx_ray14:patient:00028523,images/nih_chestxray14/NIH_00028523_006.png,NIH ChestX-ray14,23088,7,11,0.0476190476190476,1.0864626701376343,1.0000000000000002,1.0224321484565737,0.0640305216810606
val:23089,val,nih_chestx_ray14:patient:00028523,images/nih_chestxray14/NIH_00028523_006.png,NIH ChestX-ray14,23089,8,11,0.0476190476190476,0.94593026567046,1.0,0.9947319515049458,0.04880168583448574
val:23090,val,nih_chestx_ray14:patient:00028523,images/nih_chestxray14/NIH_00028523_006.png,NIH ChestX-ray14,23090,9,11,0.0476190476190476,0.9605462281746837,0.9801754955393028,1.0063662029993488,0.045819974824665044
val:23095,val,nih_chestx_ray14:patient:00028523,images/nih_chestxray14/NIH_00028523_007.png,NIH ChestX-ray14,23095,3,9,0.0476190476190476,1.0671420221395742,1.0730537389135333,1.0012031634068461,0.06593885873272809
val:23096,val,nih_chestx_ray14:patient:00028523,images/nih_chestxray14/NIH_00028523_007.png,NIH ChestX-ray14,23096,4,9,0.0476190476190476,1.0004043279460149,0.9591135839970211,0.8854382793457607,0.11496604860025417
val:23097,val,nih_chestx_ray14:patient:00028523,images/nih_chestxray14/NIH_00028523_007.png,NIH ChestX-ray14,23097,5,9,0.0476190476190476,0.9096084581587185,1.0,1.0114857945591211,0.10187733640040264
val:23098,val,nih_chestx_ray14:patient:00028523,images/nih_chestxray14/NIH_00028523_007.png,NIH ChestX-ray14,23098,6,9,0.0476190476190476,1.0592582132262414,0.9670581224358078,1.0418091866171357,0.017449026609105633
val:23099,val,nih_chestx_ray14:patient:00028523,images/nih_chestxray14/NIH_00028523_007.png,NIH ChestX-ray14,23099,7,9,0.0476190476190476,0.9222673266476433,1.0,1.0254484936594963,0.10318116701185298
val:23104,val,nih_chestx_ray14:patient:00028544,images/nih_chestxray14/NIH_00028544_007.png,NIH ChestX-ray14,23104,3,12,0.0666666666666666,1.0513920808413502,1.121532589271979,1.1100481786582037,0.05865609781685355
val:23105,val,nih_chestx_ray14:patient:00028544,images/nih_chestxray14/NIH_00028544_007.png,NIH ChestX-ray14,23105,4,12,0.0666666666666666,1.2155700399222737,1.0,1.056298866868019,0.15927117305425464
val:23106,val,nih_chestx_ray14:patient:00028544,images/nih_chestxray14/NIH_00028544_007.png,NIH ChestX-ray14,23106,5,12,0.0666666666666666,0.8268942079092936,1.0,0.9431418143212795,0.11624760641198595
val:23107,val,nih_chestx_ray14:patient:00028544,images/nih_chestxray14/NIH_00028544_007.png,NIH ChestX-ray14,23107,6,12,0.0666666666666666,0.9486925715856271,0.9030426720775047,0.9675320888555923,0.018839517269965134
val:23108,val,nih_chestx_ray14:patient:00028544,images/nih_chestxray14/NIH_00028544_007.png,NIH ChestX-ray14,23108,7,12,0.0666666666666666,0.980989878544068,1.0198102692500073,1.0135850861095208,0.032595207565452755
val:23109,val,nih_chestx_ray14:patient:00028544,images/nih_chestxray14/NIH_00028544_007.png,NIH ChestX-ray14,23109,8,12,0.0666666666666666,1.082026457475021,1.0,0.9985873516416177,0.0834391058334032
val:23110,val,nih_chestx_ray14:patient:00028544,images/nih_chestxray14/NIH_00028544_007.png,NIH ChestX-ray14,23110,9,12,0.0666666666666666,0.9498759607264455,1.0,0.9956588698551059,0.04578290912866034
val:23111,val,nih_chestx_ray14:patient:00028544,images/nih_chestxray14/NIH_00028544_007.png,NIH ChestX-ray14,23111,10,12,0.0666666666666666,1.0490855724881252,1.0500818211521632,1.0252656657185084,0.02381990676961676
val:23116,val,nih_chestx_ray14:patient:00028544,images/nih_chestxray14/NIH_00028544_008.png,NIH ChestX-ray14,23116,3,11,0.0666666666666666,0.9476077053685874,1.1378521357554439,0.9367013607996943,0.010906344568893056
val:23117,val,nih_chestx_ray14:patient:00028544,images/nih_chestxray14/NIH_00028544_008.png,NIH ChestX-ray14,23117,4,11,0.0666666666666666,1.3389074378618668,0.9999999999999999,1.131313756108284,0.20759368175358284
val:23118,val,nih_chestx_ray14:patient:00028544,images/nih_chestxray14/NIH_00028544_008.png,NIH ChestX-ray14,23118,5,11,0.0666666666666666,0.8871055473080477,1.0564654083853264,0.879192760766079,0.007912786541968697
val:23119,val,nih_chestx_ray14:patient:00028544,images/nih_chestxray14/NIH_00028544_008.png,NIH ChestX-ray14,23119,6,11,0.0666666666666666,1.0007487390554475,0.9436419798295717,0.9301218638431052,0.07062687521234223
val:23120,val,nih_chestx_ray14:patient:00028544,images/nih_chestxray14/NIH_00028544_008.png,NIH ChestX-ray14,23120,7,11,0.0666666666666666,0.999466155959425,0.9999999999999999,1.0005721774650738,0.0011060215056487577
val:23121,val,nih_chestx_ray14:patient:00028544,images/nih_chestxray14/NIH_00028544_008.png,NIH ChestX-ray14,23121,8,11,0.0666666666666666,0.9844847590930104,0.9995790754011151,1.0067459034299728,0.02226114433696247
val:23122,val,nih_chestx_ray14:patient:00028544,images/nih_chestxray14/NIH_00028544_008.png,NIH ChestX-ray14,23122,9,11,0.0666666666666666,1.0309870685070228,1.0713517459278017,1.0741714423690945,0.043184373862071634
val:23127,val,nih_chestx_ray14:patient:00028890,images/nih_chestxray14/NIH_00028890_012.png,NIH ChestX-ray14,23127,3,5,1.0,0.8603977782355717,1.0,0.9351235628128052,0.07472578457723345
val:23132,val,nih_chestx_ray14:patient:00029357,images/nih_chestxray14/NIH_00029357_000.png,NIH ChestX-ray14,23132,3,11,0.1428571428571428,0.980075024162272,1.0142357472121128,0.9228213850199589,0.05725363914231307
val:23133,val,nih_chestx_ray14:patient:00029357,images/nih_chestxray14/NIH_00029357_000.png,NIH ChestX-ray14,23133,4,11,0.1428571428571428,0.9981741303132128,1.0,0.9892156319692731,0.008958498343939691
val:23134,val,nih_chestx_ray14:patient:00029357,images/nih_chestxray14/NIH_00029357_000.png,NIH ChestX-ray14,23134,5,11,0.1428571428571428,0.9940460196857157,0.9692229934377938,1.0238534331662923,0.029807413480576583
val:23135,val,nih_chestx_ray14:patient:00029357,images/nih_chestxray14/NIH_00029357_000.png,NIH ChestX-ray14,23135,6,11,0.1428571428571428,0.9241343254343138,0.9986487310104404,1.0267861056797538,0.10265178024543997
val:23136,val,nih_chestx_ray14:patient:00029357,images/nih_chestxray14/NIH_00029357_000.png,NIH ChestX-ray14,23136,7,11,0.1428571428571428,0.997949937565584,0.9748859777692622,0.9997417721543378,0.0017918345887537601
val:23137,val,nih_chestx_ray14:patient:00029357,images/nih_chestxray14/NIH_00029357_000.png,NIH ChestX-ray14,23137,8,11,0.1428571428571428,1.0183472423186866,1.0000000000000002,0.97773121483624,0.040616027482446526
val:23138,val,nih_chestx_ray14:patient:00029357,images/nih_chestxray14/NIH_00029357_000.png,NIH ChestX-ray14,23138,9,11,0.1428571428571428,1.03527678198469,1.0431351032507528,1.0339012820673097,0.001375499917380285
val:23143,val,nih_chestx_ray14:patient:00029650,images/nih_chestxray14/NIH_00029650_001.png,NIH ChestX-ray14,23143,3,13,0.1111111111111111,1.1362369738676037,0.9481250081302254,0.9432020817042915,0.19303489216331216
val:23144,val,nih_chestx_ray14:patient:00029650,images/nih_chestxray14/NIH_00029650_001.png,NIH ChestX-ray14,23144,4,13,0.1111111111111111,0.9302522125977812,1.0,0.9533866755664349,0.023134462968653624
val:23145,val,nih_chestx_ray14:patient:00029650,images/nih_chestxray14/NIH_00029650_001.png,NIH ChestX-ray14,23145,5,13,0.1111111111111111,0.9845752104315704,0.978456937788318,0.9839745360298856,0.0006006744016847643
val:23146,val,nih_chestx_ray14:patient:00029650,images/nih_chestxray14/NIH_00029650_001.png,NIH ChestX-ray14,23146,6,13,0.1111111111111111,1.0220285072101891,1.0,0.9943930367007852,0.02763547050940396
val:23147,val,nih_chestx_ray14:patient:00029650,images/nih_chestxray14/NIH_00029650_001.png,NIH ChestX-ray14,23147,7,13,0.1111111111111111,0.991644306571508,1.0,0.985396396368742,0.006247910202766049
val:23148,val,nih_chestx_ray14:patient:00029650,images/nih_chestxray14/NIH_00029650_001.png,NIH ChestX-ray14,23148,8,13,0.1111111111111111,1.0427180560698504,1.0365255886558842,1.0254686336834382,0.01724942238641214
val:23149,val,nih_chestx_ray14:patient:00029650,images/nih_chestxray14/NIH_00029650_001.png,NIH ChestX-ray14,23149,9,13,0.1111111111111111,1.0769717368656586,1.02331930781187,1.0175258550833304,0.059445881782328236
val:23150,val,nih_chestx_ray14:patient:00029650,images/nih_chestxray14/NIH_00029650_001.png,NIH ChestX-ray14,23150,10,13,0.1111111111111111,1.0066190181867363,0.973058892234105,0.9608713759173335,0.045747642269402755
val:23151,val,nih_chestx_ray14:patient:00029650,images/nih_chestxray14/NIH_00029650_001.png,NIH ChestX-ray14,23151,11,13,0.1111111111111111,0.8303448112955035,0.939904999881737,0.8051856131849215,0.025159198110581982
val:23156,val,nih_chestx_ray14:patient:00029824,images/nih_chestxray14/NIH_00029824_000.png,NIH ChestX-ray14,23156,3,5,1.0,0.9646910187091692,0.9623797969165064,0.9330835961940505,0.03160742251511872
val:23161,val,nih_chestx_ray14:patient:00029919,images/nih_chestxray14/NIH_00029919_006.png,NIH ChestX-ray14,23161,3,10,0.1666666666666666,1.1896974199226547,1.0334765259788035,0.9483784381911753,0.24131898173147937
val:23162,val,nih_chestx_ray14:patient:00029919,images/nih_chestxray14/NIH_00029919_006.png,NIH ChestX-ray14,23162,4,10,0.1666666666666666,0.8468224098585788,1.0049497093485495,0.9963916660697958,0.14956925621121697
val:23163,val,nih_chestx_ray14:patient:00029919,images/nih_chestxray14/NIH_00029919_006.png,NIH ChestX-ray14,23163,5,10,0.1666666666666666,0.9586736943037028,0.9357184896656336,1.0173357258030238,0.05866203149932103
val:23164,val,nih_chestx_ray14:patient:00029919,images/nih_chestxray14/NIH_00029919_006.png,NIH ChestX-ray14,23164,6,10,0.1666666666666666,1.0321153813228472,1.0,1.0062512117438018,0.02586416957904536
val:23165,val,nih_chestx_ray14:patient:00029919,images/nih_chestxray14/NIH_00029919_006.png,NIH ChestX-ray14,23165,7,10,0.1666666666666666,0.9542911658064117,1.0000000000000002,0.9914858620613816,0.03719469625496985
val:23166,val,nih_chestx_ray14:patient:00029919,images/nih_chestxray14/NIH_00029919_006.png,NIH ChestX-ray14,23166,8,10,0.1666666666666666,1.026957032185566,1.017956133885555,1.0164055118339732,0.010551520351592902
val:23171,val,nih_chestx_ray14:patient:00030483,images/nih_chestxray14/NIH_00030483_000.png,NIH ChestX-ray14,23171,3,13,0.1111111111111111,0.9315695353562461,1.0018302495795866,0.9831276792306085,0.051558143874362417
val:23172,val,nih_chestx_ray14:patient:00030483,images/nih_chestxray14/NIH_00030483_000.png,NIH ChestX-ray14,23172,4,13,0.1111111111111111,1.101787237574321,1.0,1.0179454926401377,0.08384174493418328
val:23173,val,nih_chestx_ray14:patient:00030483,images/nih_chestxray14/NIH_00030483_000.png,NIH ChestX-ray14,23173,5,13,0.1111111111111111,0.9682554681077481,1.007496145289267,0.9974253044611463,0.029169836353398204
val:23174,val,nih_chestx_ray14:patient:00030483,images/nih_chestxray14/NIH_00030483_000.png,NIH ChestX-ray14,23174,6,13,0.1111111111111111,1.0436128637062225,0.9984380206177184,1.035206717819924,0.00840614588629851
val:23175,val,nih_chestx_ray14:patient:00030483,images/nih_chestxray14/NIH_00030483_000.png,NIH ChestX-ray14,23175,7,13,0.1111111111111111,0.9704165792239978,0.9999999999999999,0.9953086860477923,0.024892106823794502
val:23176,val,nih_chestx_ray14:patient:00030483,images/nih_chestxray14/NIH_00030483_000.png,NIH ChestX-ray14,23176,8,13,0.1111111111111111,0.9804432838947306,0.9931717496452919,0.9797983961267462,0.0006448877679843257
val:23177,val,nih_chestx_ray14:patient:00030483,images/nih_chestxray14/NIH_00030483_000.png,NIH ChestX-ray14,23177,9,13,0.1111111111111111,0.9943867753368695,1.0000000000000002,0.9261995106935503,0.06818726464331915
val:23178,val,nih_chestx_ray14:patient:00030483,images/nih_chestxray14/NIH_00030483_000.png,NIH ChestX-ray14,23178,10,13,0.1111111111111111,1.0168133269794382,1.0000000000000002,0.9580140039324763,0.05879932304696189
val:23179,val,nih_chestx_ray14:patient:00030483,images/nih_chestxray14/NIH_00030483_000.png,NIH ChestX-ray14,23179,11,13,0.1111111111111111,1.0379192915028401,1.023044638264111,1.0205222667875948,0.01739702471524529
val:23188,val,lumos_ap:case:106,images/lumos_ap/lumos_AP_106.png,Lumos AP,23188,3,9,0.2,1.088347285047639,1.0,0.9577311538159847,0.13061613123165428
val:23187,val,lumos_ap:case:106,images/lumos_ap/lumos_AP_106.png,Lumos AP,23187,4,9,0.2,1.0133127327960367,1.0202192391199931,0.9838511670870647,0.02946156570897207
val:23182,val,lumos_ap:case:106,images/lumos_ap/lumos_AP_106.png,Lumos AP,23182,5,9,0.2,1.0003692673021058,0.9801342088888508,0.9647838000367505,0.035585467265355386
val:23183,val,lumos_ap:case:106,images/lumos_ap/lumos_AP_106.png,Lumos AP,23183,6,9,0.2,0.9426210204679575,0.9999999999999998,0.9931082781404255,0.05048725767246798
val:23184,val,lumos_ap:case:106,images/lumos_ap/lumos_AP_106.png,Lumos AP,23184,7,9,0.2,1.0239568911623609,1.0096395693363562,1.0342634662629977,0.010306575100636817
val:23191,val,lumos_ap:case:118,images/lumos_ap/lumos_AP_118.png,Lumos AP,23191,3,7,0.3333333333333333,0.8288100773388538,1.0,0.9502797424793243,0.12146966514047053
val:23192,val,lumos_ap:case:118,images/lumos_ap/lumos_AP_118.png,Lumos AP,23192,4,7,0.3333333333333333,1.042951736081166,0.973795608149567,1.0187340755925565,0.024217660488609516
val:23193,val,lumos_ap:case:118,images/lumos_ap/lumos_AP_118.png,Lumos AP,23193,5,7,0.3333333333333333,1.0843440716182675,1.0072018147387478,1.0286191233375046,0.05572494828076291
val:23198,val,lumos_ap:case:130,images/lumos_ap/lumos_AP_130.png,Lumos AP,23198,3,8,0.25,0.9541742085657662,1.0681829906019185,1.0459875545414898,0.09181334597572366
val:23199,val,lumos_ap:case:130,images/lumos_ap/lumos_AP_130.png,Lumos AP,23199,4,8,0.25,1.1466338224255337,0.9995792946450899,1.0277282382034252,0.1189055842221085
val:23200,val,lumos_ap:case:130,images/lumos_ap/lumos_AP_130.png,Lumos AP,23200,5,8,0.25,0.9378211155103908,1.0000000000000002,0.918429493904114,0.019391621606276832
val:23201,val,lumos_ap:case:130,images/lumos_ap/lumos_AP_130.png,Lumos AP,23201,6,8,0.25,0.9255869586127373,1.032712311289347,1.0500535059637197,0.12446654735098239
val:23206,val,lumos_ap:case:136,images/lumos_ap/lumos_AP_136.png,Lumos AP,23206,3,7,0.3333333333333333,0.8037440767944776,1.0,0.9697749093174934,0.16603083252301587
val:23207,val,lumos_ap:case:136,images/lumos_ap/lumos_AP_136.png,Lumos AP,23207,4,7,0.3333333333333333,0.9615704461194798,0.8984586075174811,0.9486944750177863,0.012875971101693584
val:23208,val,lumos_ap:case:136,images/lumos_ap/lumos_AP_136.png,Lumos AP,23208,5,7,0.3333333333333333,1.080691402184553,1.0687054169071608,1.0768278470901542,0.0038635550943988406
val:23213,val,lumos_ap:case:139,images/lumos_ap/lumos_AP_139.png,Lumos AP,23213,3,8,0.25,1.0150088689980077,1.0,1.010337677784264,0.004671191213743597
val:23214,val,lumos_ap:case:139,images/lumos_ap/lumos_AP_139.png,Lumos AP,23214,4,8,0.25,0.9700964194766759,1.0,1.0065563670359552,0.03645994755927928
val:23215,val,lumos_ap:case:139,images/lumos_ap/lumos_AP_139.png,Lumos AP,23215,5,8,0.25,0.9348287321735715,0.9886127030511218,1.014571120034607,0.07974238786103549
val:23216,val,lumos_ap:case:139,images/lumos_ap/lumos_AP_139.png,Lumos AP,23216,6,8,0.25,1.0868351054717968,1.0260293368100126,1.0575762946008642,0.029258810870932628
val:23226,val,lumos_ap:case:144,images/lumos_ap/lumos_AP_144.png,Lumos AP,23226,3,8,0.25,1.002807421160745,1.0779496658482202,1.0416527133323796,0.03884529217163468
val:23221,val,lumos_ap:case:144,images/lumos_ap/lumos_AP_144.png,Lumos AP,23221,4,8,0.25,1.1842773968986253,1.0,0.9730868116021156,0.2111905852965097
val:23222,val,lumos_ap:case:144,images/lumos_ap/lumos_AP_144.png,Lumos AP,23222,5,8,0.25,0.8889422189887782,1.0,0.9349738582968712,0.04603163930809295
val:23223,val,lumos_ap:case:144,images/lumos_ap/lumos_AP_144.png,Lumos AP,23223,6,8,0.25,1.0091259027158808,1.018992151463474,1.0585981079880846,0.04947220527220386
val:23229,val,lumos_ap:case:160,images/lumos_ap/lumos_AP_160.png,Lumos AP,23229,3,9,0.2,1.1730118235665508,0.9932589967528755,1.019959960950392,0.15305186261615877
val:23230,val,lumos_ap:case:160,images/lumos_ap/lumos_AP_160.png,Lumos AP,23230,4,9,0.2,0.9411161062774246,1.0692578177681697,0.9503774937024845,0.009261387425059886
val:23231,val,lumos_ap:case:160,images/lumos_ap/lumos_AP_160.png,Lumos AP,23231,5,9,0.2,0.9185145460669348,0.8988229007845675,0.9476547063713824,0.02914016030444755
val:23232,val,lumos_ap:case:160,images/lumos_ap/lumos_AP_160.png,Lumos AP,23232,6,9,0.2,0.9031292446851527,1.0153892975764658,1.0087454597929801,0.10561621510782748
val:23233,val,lumos_ap:case:160,images/lumos_ap/lumos_AP_160.png,Lumos AP,23233,7,9,0.2,1.1258422595061597,0.9990964545191903,1.0542816458524842,0.0715606136536755
val:23246,val,lumos_ap:case:163,images/lumos_ap/lumos_AP_163.png,Lumos AP,23246,3,11,0.1428571428571428,1.0598173514935851,1.0,0.928533211350441,0.13128414014314416
val:23245,val,lumos_ap:case:163,images/lumos_ap/lumos_AP_163.png,Lumos AP,23245,4,11,0.1428571428571428,0.9685402910088208,1.0,0.928503729403019,0.040036561605801824
val:23244,val,lumos_ap:case:163,images/lumos_ap/lumos_AP_163.png,Lumos AP,23244,5,11,0.1428571428571428,0.9636286334916535,0.9913577194161745,0.9914019856219793,0.027773352130325835
val:23243,val,lumos_ap:case:163,images/lumos_ap/lumos_AP_163.png,Lumos AP,23243,6,11,0.1428571428571428,1.03938386864703,0.9999999999999998,0.971429072320461,0.06795479632656898
val:23238,val,lumos_ap:case:163,images/lumos_ap/lumos_AP_163.png,Lumos AP,23238,7,11,0.1428571428571428,0.9571663983357099,1.0,0.9583248049020767,0.0011584065663667875
val:23239,val,lumos_ap:case:163,images/lumos_ap/lumos_AP_163.png,Lumos AP,23239,8,11,0.1428571428571428,1.043679290520701,1.0,1.0328973457217216,0.010781944798979426
val:23240,val,lumos_ap:case:163,images/lumos_ap/lumos_AP_163.png,Lumos AP,23240,9,11,0.1428571428571428,1.0627765811335133,1.079516221433122,1.0719418722569833,0.009165291123470087
val:23254,val,lumos_ap:case:182,images/lumos_ap/lumos_AP_182.png,Lumos AP,23254,3,11,0.1428571428571428,1.1129827164887622,1.0000000000000002,1.0466468408703806,0.06633587561838161
val:23255,val,lumos_ap:case:182,images/lumos_ap/lumos_AP_182.png,Lumos AP,23255,4,11,0.1428571428571428,0.8583244285075704,1.0,0.9764981959015131,0.1181737673939427
val:23249,val,lumos_ap:case:182,images/lumos_ap/lumos_AP_182.png,Lumos AP,23249,5,11,0.1428571428571428,1.0515609665933199,0.9583644178413748,0.9887842946403622,0.06277667195295766
val:23256,val,lumos_ap:case:182,images/lumos_ap/lumos_AP_182.png,Lumos AP,23256,6,11,0.1428571428571428,1.1167394474200378,1.123822245798503,1.0739789568404303,0.04276049057960751
val:23250,val,lumos_ap:case:182,images/lumos_ap/lumos_AP_182.png,Lumos AP,23250,7,11,0.1428571428571428,1.0297606370175139,0.9007577809839418,0.9059208829290142,0.12383975408849968
val:23257,val,lumos_ap:case:182,images/lumos_ap/lumos_AP_182.png,Lumos AP,23257,8,11,0.1428571428571428,0.76677585497019,1.0,0.9343362078070641,0.1675603528368741
val:23251,val,lumos_ap:case:182,images/lumos_ap/lumos_AP_182.png,Lumos AP,23251,9,11,0.1428571428571428,0.943063975268661,0.8945599064045038,0.9681409835629549,0.025077008294293823
val:23261,val,lumos_ap:case:195,images/lumos_ap/lumos_AP_195.png,Lumos AP,23261,3,5,1.0,1.0116455542823335,1.0474994150629238,0.9752251548400119,0.03642039944232156
val:23265,val,lumos_ap:case:215,images/lumos_ap/lumos_AP_215.png,Lumos AP,23265,3,7,0.3333333333333333,1.104239022020523,1.062923368085582,1.0161219388436864,0.08811708317683653
val:23266,val,lumos_ap:case:215,images/lumos_ap/lumos_AP_215.png,Lumos AP,23266,4,7,0.3333333333333333,1.1038666118629417,1.0164585073281227,1.0079211636249124,0.09594544823802931
val:23267,val,lumos_ap:case:215,images/lumos_ap/lumos_AP_215.png,Lumos AP,23267,5,7,0.3333333333333333,0.9534512422129751,1.0264672419065688,1.033635030129001,0.08018378791602587
val:23272,val,lumos_ap:case:224,images/lumos_ap/lumos_AP_224.png,Lumos AP,23272,3,9,0.2,1.1101124956252657,0.9801713103409392,1.011921609377442,0.0981908862478238
val:23273,val,lumos_ap:case:224,images/lumos_ap/lumos_AP_224.png,Lumos AP,23273,4,9,0.2,0.9352892075538682,1.0145822550853267,0.9775583270689026,0.042269119515034315
val:23274,val,lumos_ap:case:224,images/lumos_ap/lumos_AP_224.png,Lumos AP,23274,5,9,0.2,1.0563474687462444,0.9812360830647298,1.0078473497224398,0.04850011902380458
val:23275,val,lumos_ap:case:224,images/lumos_ap/lumos_AP_224.png,Lumos AP,23275,6,9,0.2,0.9603955938879172,1.0,0.9833494704216719,0.02295387653375469
val:23276,val,lumos_ap:case:224,images/lumos_ap/lumos_AP_224.png,Lumos AP,23276,7,9,0.2,1.039327813255542,1.0257544109280756,1.025301692114172,0.014026121141369918
val:23286,val,lumos_ap:case:240,images/lumos_ap/lumos_AP_240.png,Lumos AP,23286,3,8,0.25,0.9795627833186371,1.1139256755557,1.0871486241664827,0.10758584084784562
val:23281,val,lumos_ap:case:240,images/lumos_ap/lumos_AP_240.png,Lumos AP,23281,4,8,0.25,1.2916578974979265,1.0,1.1603243201971054,0.13133357730082107
val:23282,val,lumos_ap:case:240,images/lumos_ap/lumos_AP_240.png,Lumos AP,23282,5,8,0.25,0.8066582292522635,1.0,0.9456066340208054,0.13894840476854187
val:23283,val,lumos_ap:case:240,images/lumos_ap/lumos_AP_240.png,Lumos AP,23283,6,8,0.25,0.9905849717995296,0.9074631029481504,0.9654828043396089,0.025102167459920777
val:23291,val,lumos_ap:case:269,images/lumos_ap/lumos_AP_269.png,Lumos AP,23291,3,8,0.25,0.9682185229069897,1.0,0.9479863680899143,0.02023215481707541
val:23292,val,lumos_ap:case:269,images/lumos_ap/lumos_AP_269.png,Lumos AP,23292,4,8,0.25,1.0006147016613154,1.0603811773752896,1.0535244257470695,0.05290972408575412
val:23293,val,lumos_ap:case:269,images/lumos_ap/lumos_AP_269.png,Lumos AP,23293,5,8,0.25,1.167184588683403,0.9914412986120853,1.0365000594041023,0.13068452927930063
val:23294,val,lumos_ap:case:269,images/lumos_ap/lumos_AP_269.png,Lumos AP,23294,6,8,0.25,0.8884918526724552,1.0025085921883408,1.054428592652065,0.16593673997960967
val:23299,val,lumos_ap:case:270,images/lumos_ap/lumos_AP_270.png,Lumos AP,23299,3,5,1.0,1.0212069521953206,0.989440311326409,0.9687290681737906,0.052477884021530086
val:23304,val,lumos_ap:case:276,images/lumos_ap/lumos_AP_276.png,Lumos AP,23304,3,6,0.5,0.9832016079591563,0.8883818401655992,0.9252532473466237,0.05794836061253261
val:23305,val,lumos_ap:case:276,images/lumos_ap/lumos_AP_276.png,Lumos AP,23305,4,6,0.5,1.1875972027679995,1.1610653095189427,1.1690663399416898,0.01853086282630967
val:23310,val,nih_chestx_ray14:patient:00006647,images/nih_chestxray14/NIH_00006647_002.png,NIH ChestX-ray14,23310,3,10,0.1666666666666666,1.0378431585918402,1.0,1.0011043313425034,0.03673882724933675
val:23311,val,nih_chestx_ray14:patient:00006647,images/nih_chestxray14/NIH_00006647_002.png,NIH ChestX-ray14,23311,4,10,0.1666666666666666,1.0096183203515863,0.9999999999999999,1.0404595136642456,0.030841193312659332
val:23312,val,nih_chestx_ray14:patient:00006647,images/nih_chestxray14/NIH_00006647_002.png,NIH ChestX-ray14,23312,5,10,0.1666666666666666,1.0278274322437162,1.0,1.072412133216858,0.04458470097314171
val:23313,val,nih_chestx_ray14:patient:00006647,images/nih_chestxray14/NIH_00006647_002.png,NIH ChestX-ray14,23313,6,10,0.1666666666666666,0.9763649330349727,1.0,0.9749431945383549,0.0014217384966178637
val:23314,val,nih_chestx_ray14:patient:00006647,images/nih_chestxray14/NIH_00006647_002.png,NIH ChestX-ray14,23314,7,10,0.1666666666666666,1.0380882481891756,1.028927322504431,0.9930562451755107,0.045032003013664834
val:23315,val,nih_chestx_ray14:patient:00006647,images/nih_chestxray14/NIH_00006647_002.png,NIH ChestX-ray14,23315,8,10,0.1666666666666666,1.0584958987882653,1.0140788033135226,1.0128010498123234,0.04569484897594189
val:23320,val,nih_chestx_ray14:patient:00006933,images/nih_chestxray14/NIH_00006933_000.png,NIH ChestX-ray14,23320,3,11,0.1428571428571428,1.0512599608803708,1.0,1.006205799523741,0.04505416135662976
val:23321,val,nih_chestx_ray14:patient:00006933,images/nih_chestxray14/NIH_00006933_000.png,NIH ChestX-ray14,23321,4,11,0.1428571428571428,1.0055194837674397,1.0,1.0264046844094992,0.020885200642059454
val:23322,val,nih_chestx_ray14:patient:00006933,images/nih_chestxray14/NIH_00006933_000.png,NIH ChestX-ray14,23322,5,11,0.1428571428571428,1.062451597859953,1.1297848593025712,1.187761451634696,0.12530985377474302
val:23323,val,nih_chestx_ray14:patient:00006933,images/nih_chestxray14/NIH_00006933_000.png,NIH ChestX-ray14,23323,6,11,0.1428571428571428,1.2226107641244157,1.0,1.0203378275036812,0.20227293662073453
val:23324,val,nih_chestx_ray14:patient:00006933,images/nih_chestxray14/NIH_00006933_000.png,NIH ChestX-ray14,23324,7,11,0.1428571428571428,0.840553376573165,1.0,0.888537585735321,0.047984209162156066
val:23325,val,nih_chestx_ray14:patient:00006933,images/nih_chestxray14/NIH_00006933_000.png,NIH ChestX-ray14,23325,8,11,0.1428571428571428,0.8294006998599947,0.9110924804068565,0.9009702659628749,0.07156956610288023
val:23326,val,nih_chestx_ray14:patient:00006933,images/nih_chestxray14/NIH_00006933_000.png,NIH ChestX-ray14,23326,9,11,0.1428571428571428,1.2199651067285833,1.0698121368196416,1.0760731335040736,0.14389197322450964
val:23331,val,nih_chestx_ray14:patient:00007620,images/nih_chestxray14/NIH_00007620_016.png,NIH ChestX-ray14,23331,3,11,0.1428571428571428,0.9194914409075956,1.0,1.0277285426855087,0.10823710177791313
val:23332,val,nih_chestx_ray14:patient:00007620,images/nih_chestxray14/NIH_00007620_016.png,NIH ChestX-ray14,23332,4,11,0.1428571428571428,0.9750856789205735,0.9756406307363619,0.9789610772071142,0.00387539828654071
val:23333,val,nih_chestx_ray14:patient:00007620,images/nih_chestxray14/NIH_00007620_016.png,NIH ChestX-ray14,23333,5,11,0.1428571428571428,1.0541760666879962,1.0,1.0255311075598001,0.02864495912819609
val:23334,val,nih_chestx_ray14:patient:00007620,images/nih_chestxray14/NIH_00007620_016.png,NIH ChestX-ray14,23334,6,11,0.1428571428571428,0.9455745215573862,1.02503633449628,0.983438603084823,0.03786408152743681
val:23335,val,nih_chestx_ray14:patient:00007620,images/nih_chestxray14/NIH_00007620_016.png,NIH ChestX-ray14,23335,7,11,0.1428571428571428,1.0810625754798777,0.988282214022352,0.9920761101982729,0.08898646528160481
val:23336,val,nih_chestx_ray14:patient:00007620,images/nih_chestxray14/NIH_00007620_016.png,NIH ChestX-ray14,23336,8,11,0.1428571428571428,0.9397024498896254,1.0201917792930542,0.978650038994783,0.03894758910515761
val:23337,val,nih_chestx_ray14:patient:00007620,images/nih_chestxray14/NIH_00007620_016.png,NIH ChestX-ray14,23337,9,11,0.1428571428571428,1.0550420491589012,0.977180470231209,0.9945819140255787,0.06046013513332249
val:23342,val,nih_chestx_ray14:patient:00008342,images/nih_chestxray14/NIH_00008342_020.png,NIH ChestX-ray14,23342,3,14,0.1,0.8706807668876382,1.0,0.9530818983912468,0.08240113150360862
val:23343,val,nih_chestx_ray14:patient:00008342,images/nih_chestxray14/NIH_00008342_020.png,NIH ChestX-ray14,23343,4,14,0.1,1.0188544419048515,0.9761784740678912,0.9590945218644982,0.059759920040353354
val:23344,val,nih_chestx_ray14:patient:00008342,images/nih_chestxray14/NIH_00008342_020.png,NIH ChestX-ray14,23344,5,14,0.1,1.040566156867344,1.0,1.016384245827794,0.02418191103955003
val:23345,val,nih_chestx_ray14:patient:00008342,images/nih_chestxray14/NIH_00008342_020.png,NIH ChestX-ray14,23345,6,14,0.1,0.9934245278045288,1.0,1.02929462864995,0.03587010084542119
val:23346,val,nih_chestx_ray14:patient:00008342,images/nih_chestxray14/NIH_00008342_020.png,NIH ChestX-ray14,23346,7,14,0.1,0.9764212585824409,1.0369267585290136,0.9890588047517004,0.012637546169259495
val:23347,val,nih_chestx_ray14:patient:00008342,images/nih_chestxray14/NIH_00008342_020.png,NIH ChestX-ray14,23347,8,14,0.1,1.1114146948940433,1.0,0.9831945095211267,0.12822018537291657
val:23348,val,nih_chestx_ray14:patient:00008342,images/nih_chestxray14/NIH_00008342_020.png,NIH ChestX-ray14,23348,9,14,0.1,0.9635201935685788,1.0049229326284017,0.9558877150154199,0.00763247855315885
val:23349,val,nih_chestx_ray14:patient:00008342,images/nih_chestxray14/NIH_00008342_020.png,NIH ChestX-ray14,23349,10,14,0.1,0.9540327069021386,0.9671327685818538,0.953676254476653,0.0003564524254855428
val:23350,val,nih_chestx_ray14:patient:00008342,images/nih_chestxray14/NIH_00008342_020.png,NIH ChestX-ray14,23350,11,14,0.1,1.0126381984128732,1.028852906743131,0.9913538552020409,0.02128434321083228
val:23351,val,nih_chestx_ray14:patient:00008342,images/nih_chestxray14/NIH_00008342_020.png,NIH ChestX-ray14,23351,12,14,0.1,1.0814064818456484,1.0157307275037717,1.00661777615803,0.07478870568761842
val:23356,val,nih_chestx_ray14:patient:00009645,images/nih_chestxray14/NIH_00009645_000.png,NIH ChestX-ray14,23356,3,11,0.1428571428571428,1.0053949306198855,0.9971068485096859,1.0044186396912502,0.0009762909286352706
val:23357,val,nih_chestx_ray14:patient:00009645,images/nih_chestxray14/NIH_00009645_000.png,NIH ChestX-ray14,23357,4,11,0.1428571428571428,0.9077963431366662,1.0,0.9407081753015518,0.03291183216488558
val:23358,val,nih_chestx_ray14:patient:00009645,images/nih_chestxray14/NIH_00009645_000.png,NIH ChestX-ray14,23358,5,11,0.1428571428571428,1.1097871292365402,1.0000000000000002,1.0114252781495454,0.0983618510869948
val:23359,val,nih_chestx_ray14:patient:00009645,images/nih_chestxray14/NIH_00009645_000.png,NIH ChestX-ray14,23359,6,11,0.1428571428571428,0.9379415762341894,1.0,0.9382595047354698,0.00031792850128042893
val:23360,val,nih_chestx_ray14:patient:00009645,images/nih_chestxray14/NIH_00009645_000.png,NIH ChestX-ray14,23360,7,11,0.1428571428571428,1.0667508368881262,1.0213132030876295,0.9990073773624317,0.0677434595256945
val:23361,val,nih_chestx_ray14:patient:00009645,images/nih_chestxray14/NIH_00009645_000.png,NIH ChestX-ray14,23361,8,11,0.1428571428571428,1.0427946547570566,1.0,0.9626441635191441,0.08015049123791251
val:23362,val,nih_chestx_ray14:patient:00009645,images/nih_chestxray14/NIH_00009645_000.png,NIH ChestX-ray14,23362,9,11,0.1428571428571428,0.9641368486805744,1.0,0.9784663636237383,0.014329514943163923
val:23367,val,nih_chestx_ray14:patient:00009675,images/nih_chestxray14/NIH_00009675_000.png,NIH ChestX-ray14,23367,3,11,0.1428571428571428,1.1315061815509133,1.0,1.1833452880382538,0.05183910648734047
val:23368,val,nih_chestx_ray14:patient:00009675,images/nih_chestxray14/NIH_00009675_000.png,NIH ChestX-ray14,23368,4,11,0.1428571428571428,0.9338112975378037,1.0,1.0596567764878273,0.12584547895002363
val:23369,val,nih_chestx_ray14:patient:00009675,images/nih_chestxray14/NIH_00009675_000.png,NIH ChestX-ray14,23369,5,11,0.1428571428571428,0.9174523371568055,0.9690347080647828,0.946393988054979,0.028941650898173465
val:23370,val,nih_chestx_ray14:patient:00009675,images/nih_chestxray14/NIH_00009675_000.png,NIH ChestX-ray14,23370,6,11,0.1428571428571428,1.050250601218385,1.0131658318103411,0.9600589389563658,0.09019166226201913
val:23371,val,nih_chestx_ray14:patient:00009675,images/nih_chestxray14/NIH_00009675_000.png,NIH ChestX-ray14,23371,7,11,0.1428571428571428,1.051183003879661,1.0000000000000002,0.9972407957538965,0.05394220812576456
val:23372,val,nih_chestx_ray14:patient:00009675,images/nih_chestxray14/NIH_00009675_000.png,NIH ChestX-ray14,23372,8,11,0.1428571428571428,0.9816440343794943,1.0,1.0154589898884296,0.03381495550893532
val:23373,val,nih_chestx_ray14:patient:00009675,images/nih_chestxray14/NIH_00009675_000.png,NIH ChestX-ray14,23373,9,11,0.1428571428571428,0.9758417729312847,0.9885610903886155,0.9854934628394441,0.009651689908159344
val:23378,val,nih_chestx_ray14:patient:00009682,images/nih_chestxray14/NIH_00009682_000.png,NIH ChestX-ray14,23378,3,11,0.1428571428571428,1.0733914373581857,1.0,1.0028709324542433,0.07052050490394235
val:23379,val,nih_chestx_ray14:patient:00009682,images/nih_chestxray14/NIH_00009682_000.png,NIH ChestX-ray14,23379,4,11,0.1428571428571428,0.9500237268445306,1.0167601894663694,0.9933018427418592,0.04327811589732855
val:23380,val,nih_chestx_ray14:patient:00009682,images/nih_chestxray14/NIH_00009682_000.png,NIH ChestX-ray14,23380,5,11,0.1428571428571428,1.09006019138527,1.0,1.050425000488758,0.03963519089651202
val:23381,val,nih_chestx_ray14:patient:00009682,images/nih_chestxray14/NIH_00009682_000.png,NIH ChestX-ray14,23381,6,11,0.1428571428571428,1.0027215703057824,1.0188128234982585,0.9748950110912418,0.02782655921454058
val:23382,val,nih_chestx_ray14:patient:00009682,images/nih_chestxray14/NIH_00009682_000.png,NIH ChestX-ray14,23382,7,11,0.1428571428571428,0.9850916065817845,0.981529082862258,0.9650941730864049,0.019997433495379635
val:23383,val,nih_chestx_ray14:patient:00009682,images/nih_chestxray14/NIH_00009682_000.png,NIH ChestX-ray14,23383,8,11,0.1428571428571428,0.9640892353330909,0.9999999999999999,0.9844926623627542,0.020403427029663357
val:23384,val,nih_chestx_ray14:patient:00009682,images/nih_chestxray14/NIH_00009682_000.png,NIH ChestX-ray14,23384,9,11,0.1428571428571428,1.039762935617735,1.0456015481818592,1.0269776410628235,0.012785294554911397
val:23389,val,nih_chestx_ray14:patient:00009688,images/nih_chestxray14/NIH_00009688_000.png,NIH ChestX-ray14,23389,3,14,0.1,1.0850343879172382,1.01907147526963,1.0264690249621713,0.05856536295506687
val:23390,val,nih_chestx_ray14:patient:00009688,images/nih_chestxray14/NIH_00009688_000.png,NIH ChestX-ray14,23390,4,14,0.1,1.070745635773576,1.0000000000000002,0.9970422931946816,0.07370334257889444
val:23391,val,nih_chestx_ray14:patient:00009688,images/nih_chestxray14/NIH_00009688_000.png,NIH ChestX-ray14,23391,5,14,0.1,0.9685566617048513,1.0,1.046343557536602,0.07778689583175069
val:23392,val,nih_chestx_ray14:patient:00009688,images/nih_chestxray14/NIH_00009688_000.png,NIH ChestX-ray14,23392,6,14,0.1,0.9937082701273181,1.0011615325783982,1.0187980533664718,0.025089783239153673
val:23393,val,nih_chestx_ray14:patient:00009688,images/nih_chestxray14/NIH_00009688_000.png,NIH ChestX-ray14,23393,7,14,0.1,1.0398732261579986,1.0,0.9817056767642498,0.058167549393748796
val:23394,val,nih_chestx_ray14:patient:00009688,images/nih_chestxray14/NIH_00009688_000.png,NIH ChestX-ray14,23394,8,14,0.1,0.9278118728190508,0.9999999999999999,0.9943127734586595,0.06650090063960878
val:23395,val,nih_chestx_ray14:patient:00009688,images/nih_chestxray14/NIH_00009688_000.png,NIH ChestX-ray14,23395,9,14,0.1,1.0196346346490313,0.9847532044349858,0.9944171234219024,0.025217511227128897
val:23396,val,nih_chestx_ray14:patient:00009688,images/nih_chestxray14/NIH_00009688_000.png,NIH ChestX-ray14,23396,10,14,0.1,1.0022862807316393,1.028759977946309,0.9979830320722141,0.004303248659425218
val:23397,val,nih_chestx_ray14:patient:00009688,images/nih_chestxray14/NIH_00009688_000.png,NIH ChestX-ray14,23397,11,14,0.1,1.0732497481798642,1.0,0.983317393809557,0.08993235437030722
val:23398,val,nih_chestx_ray14:patient:00009688,images/nih_chestxray14/NIH_00009688_000.png,NIH ChestX-ray14,23398,12,14,0.1,0.9889274886281043,1.0490672522378477,1.0236002643746647,0.03467277574656036
val:23403,val,nih_chestx_ray14:patient:00009702,images/nih_chestxray14/NIH_00009702_000.png,NIH ChestX-ray14,23403,3,14,0.1,1.0133682324772986,1.0,1.0185641255229712,0.005195893045672584
val:23404,val,nih_chestx_ray14:patient:00009702,images/nih_chestxray14/NIH_00009702_000.png,NIH ChestX-ray14,23404,4,14,0.1,0.8437331647226383,0.9938898681227681,0.996752106913608,0.1530189421909698
val:23405,val,nih_chestx_ray14:patient:00009702,images/nih_chestxray14/NIH_00009702_000.png,NIH ChestX-ray14,23405,5,14,0.1,1.0905865232613565,0.9825804627030295,1.032331722089569,0.05825480117178761
val:23406,val,nih_chestx_ray14:patient:00009702,images/nih_chestxray14/NIH_00009702_000.png,NIH ChestX-ray14,23406,6,14,0.1,0.9540214775715838,1.0,0.9009465649724007,0.05307491259918318
val:23407,val,nih_chestx_ray14:patient:00009702,images/nih_chestxray14/NIH_00009702_000.png,NIH ChestX-ray14,23407,7,14,0.1,1.0552492470765589,1.0,0.9693863801658154,0.08586286691074352
val:23408,val,nih_chestx_ray14:patient:00009702,images/nih_chestxray14/NIH_00009702_000.png,NIH ChestX-ray14,23408,8,14,0.1,1.0631004271858824,1.0559646514936392,1.020310583500475,0.04278984368540728
val:23409,val,nih_chestx_ray14:patient:00009702,images/nih_chestxray14/NIH_00009702_000.png,NIH ChestX-ray14,23409,9,14,0.1,1.0084230224478796,0.9548411669296596,0.9324103949678514,0.07601262748002824
val:23410,val,nih_chestx_ray14:patient:00009702,images/nih_chestxray14/NIH_00009702_000.png,NIH ChestX-ray14,23410,10,14,0.1,0.8625196671227022,1.0,0.9670313037931919,0.10451163667048968
val:23411,val,nih_chestx_ray14:patient:00009702,images/nih_chestxray14/NIH_00009702_000.png,NIH ChestX-ray14,23411,11,14,0.1,1.0129237727332838,0.9504478481873933,0.9574769014768365,0.055446871256447317
val:23412,val,nih_chestx_ray14:patient:00009702,images/nih_chestxray14/NIH_00009702_000.png,NIH ChestX-ray14,23412,12,14,0.1,0.9371835056932551,1.0083075522297908,0.8883567138427784,0.04882679185047678
val:23417,val,nih_chestx_ray14:patient:00009705,images/nih_chestxray14/NIH_00009705_000.png,NIH ChestX-ray14,23417,3,14,0.1,0.8528541640595523,1.0,1.0280305538326502,0.1751763897730979
val:23418,val,nih_chestx_ray14:patient:00009705,images/nih_chestxray14/NIH_00009705_000.png,NIH ChestX-ray14,23418,4,14,0.1,1.0071224361542805,0.9649083594693969,0.9570289905085395,0.05009344564574103
val:23419,val,nih_chestx_ray14:patient:00009705,images/nih_chestxray14/NIH_00009705_000.png,NIH ChestX-ray14,23419,5,14,0.1,0.9878836279554756,1.0,0.9718669578433037,0.016016670112171894
val:23420,val,nih_chestx_ray14:patient:00009705,images/nih_chestxray14/NIH_00009705_000.png,NIH ChestX-ray14,23420,6,14,0.1,1.0980913727247477,1.0375125418347806,1.0859744670731515,0.012116905651596177
val:23421,val,nih_chestx_ray14:patient:00009705,images/nih_chestxray14/NIH_00009705_000.png,NIH ChestX-ray14,23421,7,14,0.1,1.0386437933561967,1.0,0.9807926025241613,0.05785119083203538
val:23422,val,nih_chestx_ray14:patient:00009705,images/nih_chestxray14/NIH_00009705_000.png,NIH ChestX-ray14,23422,8,14,0.1,0.910739700825977,1.0,0.9528015926480293,0.04206189182205233
val:23423,val,nih_chestx_ray14:patient:00009705,images/nih_chestxray14/NIH_00009705_000.png,NIH ChestX-ray14,23423,9,14,0.1,0.9881722686127079,0.9679673055978838,0.9806172310235325,0.007555037589175417
val:23424,val,nih_chestx_ray14:patient:00009705,images/nih_chestxray14/NIH_00009705_000.png,NIH ChestX-ray14,23424,10,14,0.1,0.99218792032574,1.0078905256608268,0.9493764037409564,0.04281151658478355
val:23425,val,nih_chestx_ray14:patient:00009705,images/nih_chestxray14/NIH_00009705_000.png,NIH ChestX-ray14,23425,11,14,0.1,1.0538054838952293,1.0,1.0077327163890004,0.04607276750622891
val:23426,val,nih_chestx_ray14:patient:00009705,images/nih_chestxray14/NIH_00009705_000.png,NIH ChestX-ray14,23426,12,14,0.1,0.976516792235629,1.0077709347685055,1.0174608143721895,0.040944022136560454
val:23431,val,nih_chestx_ray14:patient:00009719,images/nih_chestxray14/NIH_00009719_000.png,NIH ChestX-ray14,23431,3,9,0.2,1.0611569034578956,1.0,0.9897736962884665,0.07138320716942914
val:23432,val,nih_chestx_ray14:patient:00009719,images/nih_chestxray14/NIH_00009719_000.png,NIH ChestX-ray14,23432,4,9,0.2,0.8563995174779162,1.0146136555370608,0.7983199927505771,0.05807952472733913
val:23433,val,nih_chestx_ray14:patient:00009719,images/nih_chestxray14/NIH_00009719_000.png,NIH ChestX-ray14,23433,5,9,0.2,1.1269903254646287,0.9770812659342119,1.0270239195604154,0.09996640590421335
val:23434,val,nih_chestx_ray14:patient:00009719,images/nih_chestxray14/NIH_00009719_000.png,NIH ChestX-ray14,23434,6,9,0.2,1.0273879350044655,1.0458538342488453,1.111413228906457,0.08402529390199165
val:23435,val,nih_chestx_ray14:patient:00009719,images/nih_chestxray14/NIH_00009719_000.png,NIH ChestX-ray14,23435,7,9,0.2,0.9988143853122227,0.9585954196021271,0.8850701398417664,0.11374424547045625
val:23440,val,nih_chestx_ray14:patient:00009731,images/nih_chestxray14/NIH_00009731_000.png,NIH ChestX-ray14,23440,3,13,0.1111111111111111,1.0047099696006239,0.9486451072050153,0.9820120369447289,0.022697932655894926
val:23441,val,nih_chestx_ray14:patient:00009731,images/nih_chestxray14/NIH_00009731_000.png,NIH ChestX-ray14,23441,4,13,0.1111111111111111,0.9013418391117072,1.0,1.0035566394217312,0.10221480031002406
val:23442,val,nih_chestx_ray14:patient:00009731,images/nih_chestxray14/NIH_00009731_000.png,NIH ChestX-ray14,23442,5,13,0.1111111111111111,1.086137152365807,1.0133658252511561,0.9670255161676944,0.1191116361981126
val:23443,val,nih_chestx_ray14:patient:00009731,images/nih_chestxray14/NIH_00009731_000.png,NIH ChestX-ray14,23443,6,13,0.1111111111111111,1.0511521414189078,1.0,0.956701472401619,0.09445066901728882
val:23444,val,nih_chestx_ray14:patient:00009731,images/nih_chestxray14/NIH_00009731_000.png,NIH ChestX-ray14,23444,7,13,0.1111111111111111,0.9787015049378391,0.9999999999999999,0.9693892337381839,0.009312271199655275
val:23445,val,nih_chestx_ray14:patient:00009731,images/nih_chestxray14/NIH_00009731_000.png,NIH ChestX-ray14,23445,8,13,0.1111111111111111,0.97836469921127,0.9888241803208848,0.971128043712165,0.007236655499105016
val:23446,val,nih_chestx_ray14:patient:00009731,images/nih_chestxray14/NIH_00009731_000.png,NIH ChestX-ray14,23446,9,13,0.1111111111111111,0.9853351361609894,0.9999999999999998,0.9733338523656128,0.012001283795376683
val:23447,val,nih_chestx_ray14:patient:00009731,images/nih_chestxray14/NIH_00009731_000.png,NIH ChestX-ray14,23447,10,13,0.1111111111111111,1.0243398939879345,1.0000000000000002,0.9784410633146765,0.04589883067325795
val:23448,val,nih_chestx_ray14:patient:00009731,images/nih_chestxray14/NIH_00009731_000.png,NIH ChestX-ray14,23448,11,13,0.1111111111111111,1.0488792613003088,1.0433160639418384,1.04742097808552,0.0014582832147889135
val:23453,val,nih_chestx_ray14:patient:00030153,images/nih_chestxray14/NIH_00030153_003.png,NIH ChestX-ray14,23453,3,12,0.125,1.0588279685351152,1.076709760006933,1.0963866297420548,0.037558661206939625
val:23454,val,nih_chestx_ray14:patient:00030153,images/nih_chestxray14/NIH_00030153_003.png,NIH ChestX-ray14,23454,4,12,0.125,1.1349164023605147,1.0201624254408816,1.0845395023647288,0.05037689999578587
val:23455,val,nih_chestx_ray14:patient:00030153,images/nih_chestxray14/NIH_00030153_003.png,NIH ChestX-ray14,23455,5,12,0.125,0.8948142685794676,0.9097298453441178,1.0704606692185914,0.17564640063912385
val:23456,val,nih_chestx_ray14:patient:00030153,images/nih_chestxray14/NIH_00030153_003.png,NIH ChestX-ray14,23456,6,12,0.125,0.7031775736335737,0.93733656147388,0.8798497293320038,0.1766721556984301
val:23457,val,nih_chestx_ray14:patient:00030153,images/nih_chestxray14/NIH_00030153_003.png,NIH ChestX-ray14,23457,7,12,0.125,1.1075451671892234,0.990625368990472,0.9798173695807368,0.12772779760848652
val:23458,val,nih_chestx_ray14:patient:00030153,images/nih_chestxray14/NIH_00030153_003.png,NIH ChestX-ray14,23458,8,12,0.125,1.1012564928899997,1.0,1.0046789678744972,0.09657752501550254
val:23459,val,nih_chestx_ray14:patient:00030153,images/nih_chestxray14/NIH_00030153_003.png,NIH ChestX-ray14,23459,9,12,0.125,0.9586619291590657,1.0152037391773416,0.9774302641264154,0.018768334967349753
val:23460,val,nih_chestx_ray14:patient:00030153,images/nih_chestxray14/NIH_00030153_003.png,NIH ChestX-ray14,23460,10,12,0.125,0.9925744686718874,0.9664319207705525,0.981528492067006,0.01104597660488138
test:48,test,buu_ap:image:BUU-AP-00010,images/buu_ap/BUU-AP-00010.jpg,BUU AP,48,3,5,1.0,1.0343253184202552,0.9709579616928629,1.0397615924621157,0.005436274041860534
test:63,test,buu_ap:image:BUU-AP-00013,images/buu_ap/BUU-AP-00013.jpg,BUU AP,63,3,5,1.0,0.9996767424038155,0.9797924453996952,1.0011056973271901,0.0014289549233745813
test:98,test,buu_ap:image:BUU-AP-00020,images/buu_ap/BUU-AP-00020.jpg,BUU AP,98,3,5,1.0,1.0445564999349872,1.044799051938506,1.0233467591385563,0.021209740796430898
test:113,test,buu_ap:image:BUU-AP-00023,images/buu_ap/BUU-AP-00023.jpg,BUU AP,113,3,5,1.0,1.020057447183162,1.0058787957700273,0.9944749082373758,0.025582538945786215
test:343,test,buu_ap:image:BUU-AP-00069,images/buu_ap/BUU-AP-00069.jpg,BUU AP,343,3,5,1.0,0.9929924829354811,1.0000000000000002,1.0133884325623514,0.020395949626870302
test:388,test,buu_ap:image:BUU-AP-00078,images/buu_ap/BUU-AP-00078.jpg,BUU AP,388,3,5,1.0,1.089221978057885,0.9963830513773548,1.074832002621709,0.014389975436175817
test:393,test,buu_ap:image:BUU-AP-00079,images/buu_ap/BUU-AP-00079.jpg,BUU AP,393,3,5,1.0,1.1082639188142482,0.9510703101791764,1.0506901979483987,0.057573720865849554
test:408,test,buu_ap:image:BUU-AP-00082,images/buu_ap/BUU-AP-00082.jpg,BUU AP,408,3,5,1.0,0.988668494047,1.1723112007425325,1.168351525888701,0.17968303184170098
test:413,test,buu_ap:image:BUU-AP-00083,images/buu_ap/BUU-AP-00083.jpg,BUU AP,413,3,5,1.0,1.11903391022668,1.0882907285427872,1.101581251162869,0.017452659063810883
test:433,test,buu_ap:image:BUU-AP-00087,images/buu_ap/BUU-AP-00087.jpg,BUU AP,433,3,5,1.0,1.0395851028908674,1.0624821821470247,1.0824078211803423,0.042822718289474926
test:508,test,buu_ap:image:BUU-AP-00102,images/buu_ap/BUU-AP-00102.jpg,BUU AP,508,3,5,1.0,1.0720846619143525,0.953189747884962,0.9920028657765121,0.08008179613784039
test:528,test,buu_ap:image:BUU-AP-00106,images/buu_ap/BUU-AP-00106.jpg,BUU AP,528,3,5,1.0,1.1530740152410583,1.0247413942741401,1.0722934769617565,0.08078053827930187
test:553,test,buu_ap:image:BUU-AP-00111,images/buu_ap/BUU-AP-00111.jpg,BUU AP,553,3,5,1.0,1.0486729341868253,0.9960156081041225,1.007605992051018,0.041066942135807194
test:558,test,buu_ap:image:BUU-AP-00112,images/buu_ap/BUU-AP-00112.jpg,BUU AP,558,3,5,1.0,1.0306718362441862,1.1793052346320496,1.125832901975666,0.09516106573147987
test:708,test,buu_ap:image:BUU-AP-00142,images/buu_ap/BUU-AP-00142.jpg,BUU AP,708,3,5,1.0,0.9682125961913933,0.9925010089265502,0.9856301836172439,0.017417587425850534
test:743,test,buu_ap:image:BUU-AP-00149,images/buu_ap/BUU-AP-00149.jpg,BUU AP,743,3,5,1.0,1.0709926309145392,1.071186749197444,1.0812161936684457,0.010223562753906457
test:748,test,buu_ap:image:BUU-AP-00150,images/buu_ap/BUU-AP-00150.jpg,BUU AP,748,3,5,1.0,1.1356583027075873,0.8865382621190075,1.0106743523976331,0.12498395030995413
test:778,test,buu_ap:image:BUU-AP-00156,images/buu_ap/BUU-AP-00156.jpg,BUU AP,778,3,5,1.0,0.9405296591577104,0.9546608388700015,1.0099738262869842,0.06944416712927381
test:833,test,buu_ap:image:BUU-AP-00167,images/buu_ap/BUU-AP-00167.jpg,BUU AP,833,3,5,1.0,0.9982868736759116,1.0,0.9927274058572948,0.005559467818616826
test:1028,test,buu_ap:image:BUU-AP-00206,images/buu_ap/BUU-AP-00206.jpg,BUU AP,1028,3,5,1.0,0.958997282275839,0.9908681233024179,1.0032511996647298,0.04425391738889073
test:1098,test,buu_ap:image:BUU-AP-00220,images/buu_ap/BUU-AP-00220.jpg,BUU AP,1098,3,5,1.0,1.122682675663245,1.1577494382978228,1.156040315039344,0.03335763937609881
test:1218,test,buu_ap:image:BUU-AP-00244,images/buu_ap/BUU-AP-00244.jpg,BUU AP,1218,3,5,1.0,1.0468377541240295,1.0041264172833664,1.0069492727708322,0.039888481353197225
test:1238,test,buu_ap:image:BUU-AP-00248,images/buu_ap/BUU-AP-00248.jpg,BUU AP,1238,3,5,1.0,1.0354771018502196,1.0663897453034679,1.082283601366953,0.046806499516733435
test:1253,test,buu_ap:image:BUU-AP-00251,images/buu_ap/BUU-AP-00251.jpg,BUU AP,1253,3,5,1.0,1.0295250595303298,0.9933578039662689,1.0200227092163414,0.009502350313988384
test:1328,test,buu_ap:image:BUU-AP-00266,images/buu_ap/BUU-AP-00266.jpg,BUU AP,1328,3,5,1.0,1.0545411141176362,1.0514896121067072,1.0360473711234595,0.01849374299417672
test:1393,test,buu_ap:image:BUU-AP-00279,images/buu_ap/BUU-AP-00279.jpg,BUU AP,1393,3,5,1.0,1.1657154180787086,1.1185426066826114,1.1325799196223745,0.03313549845633412
test:1463,test,buu_ap:image:BUU-AP-00293,images/buu_ap/BUU-AP-00293.jpg,BUU AP,1463,3,5,1.0,0.9745536399050698,1.0,1.003928650636226,0.029375010731156115
test:1483,test,buu_ap:image:BUU-AP-00297,images/buu_ap/BUU-AP-00297.jpg,BUU AP,1483,3,5,1.0,1.1175050028316837,1.0774179813205291,1.1045952723114778,0.012909730520205942
test:1503,test,buu_ap:image:BUU-AP-00301,images/buu_ap/BUU-AP-00301.jpg,BUU AP,1503,3,5,1.0,0.966536997144391,0.9658358492959478,0.9727830137197115,0.006246016575320534
test:1553,test,buu_ap:image:BUU-AP-00311,images/buu_ap/BUU-AP-00311.jpg,BUU AP,1553,3,5,1.0,1.044692411082909,1.0515634761647008,1.0502439031366877,0.005551492053778695
test:1648,test,buu_ap:image:BUU-AP-00330,images/buu_ap/BUU-AP-00330.jpg,BUU AP,1648,3,5,1.0,1.0427234646792267,1.0227101395140399,1.014473821618687,0.028249643060539675
test:1658,test,buu_ap:image:BUU-AP-00332,images/buu_ap/BUU-AP-00332.jpg,BUU AP,1658,3,5,1.0,1.0128583620414653,0.9826187607423171,0.9644639440403089,0.0483944180011564
test:1683,test,buu_ap:image:BUU-AP-00337,images/buu_ap/BUU-AP-00337.jpg,BUU AP,1683,3,5,1.0,0.9913045148727118,1.0112733416605924,1.027431440015528,0.036126925142816235
test:1718,test,buu_ap:image:BUU-AP-00344,images/buu_ap/BUU-AP-00344.jpg,BUU AP,1718,3,5,1.0,1.0196379391560497,1.0187658373720077,0.9924893886304524,0.02714855052559728
test:1733,test,buu_ap:image:BUU-AP-00347,images/buu_ap/BUU-AP-00347.jpg,BUU AP,1733,3,5,1.0,0.9792607320524049,1.0216047491475666,1.009085084085139,0.029824352032734147
test:1768,test,buu_ap:image:BUU-AP-00354,images/buu_ap/BUU-AP-00354.jpg,BUU AP,1768,3,5,1.0,1.0699678489463822,1.0,0.985918428748846,0.08404942019753614
test:1818,test,buu_ap:image:BUU-AP-00364,images/buu_ap/BUU-AP-00364.jpg,BUU AP,1818,3,5,1.0,0.9029507217405401,0.8384483079586029,0.9285832713518143,0.025632549611274147
test:1868,test,buu_ap:image:BUU-AP-00374,images/buu_ap/BUU-AP-00374.jpg,BUU AP,1868,3,5,1.0,1.0182007306110297,0.9860789349142732,0.9957195615235986,0.02248116908743103
test:1888,test,buu_ap:image:BUU-AP-00378,images/buu_ap/BUU-AP-00378.jpg,BUU AP,1888,3,5,1.0,0.9457262955305488,1.0062081196669312,1.0127626445468338,0.06703634901628508
test:1978,test,buu_ap:image:BUU-AP-00396,images/buu_ap/BUU-AP-00396.jpg,BUU AP,1978,3,5,1.0,1.066856127961949,1.0,1.0257301237434149,0.041126004218534185
test:2034,test,mendeley_pa:image:MENDE-PA-00003,images/mendeley_pa/MENDE-PA-00003.jpg,Mendeley PA,2034,3,18,0.0714285714285714,1.0778790894776167,1.0,1.0313659086823463,0.04651318079527034
test:2035,test,mendeley_pa:image:MENDE-PA-00003,images/mendeley_pa/MENDE-PA-00003.jpg,Mendeley PA,2035,4,18,0.0714285714285714,0.957633676636074,1.0105478072648624,1.0293938050156215,0.07176012837954748
test:2036,test,mendeley_pa:image:MENDE-PA-00003,images/mendeley_pa/MENDE-PA-00003.jpg,Mendeley PA,2036,5,18,0.0714285714285714,0.9905881224645485,0.9688418439273621,0.9980766649042154,0.007488542439666901
test:2037,test,mendeley_pa:image:MENDE-PA-00003,images/mendeley_pa/MENDE-PA-00003.jpg,Mendeley PA,2037,6,18,0.0714285714285714,0.9752170271609989,1.0324513446154406,1.033814759770069,0.0585977326090702
test:2038,test,mendeley_pa:image:MENDE-PA-00003,images/mendeley_pa/MENDE-PA-00003.jpg,Mendeley PA,2038,7,18,0.0714285714285714,1.0886693891243926,0.9994918635272549,1.0549652619444894,0.03370412717990323
test:2039,test,mendeley_pa:image:MENDE-PA-00003,images/mendeley_pa/MENDE-PA-00003.jpg,Mendeley PA,2039,8,18,0.0714285714285714,0.9460482118046933,1.0,0.9916856838390231,0.045637472034329774
test:2040,test,mendeley_pa:image:MENDE-PA-00003,images/mendeley_pa/MENDE-PA-00003.jpg,Mendeley PA,2040,9,18,0.0714285714285714,0.9641768646379678,0.9789052669915697,0.9704520096096536,0.006275144971685798
test:2041,test,mendeley_pa:image:MENDE-PA-00003,images/mendeley_pa/MENDE-PA-00003.jpg,Mendeley PA,2041,10,18,0.0714285714285714,1.0462381720216627,1.0,1.0281257703900337,0.01811240163162897
test:2042,test,mendeley_pa:image:MENDE-PA-00003,images/mendeley_pa/MENDE-PA-00003.jpg,Mendeley PA,2042,11,18,0.0714285714285714,0.9181038630028677,1.0,0.9711932092905045,0.05308934628763673
test:2043,test,mendeley_pa:image:MENDE-PA-00003,images/mendeley_pa/MENDE-PA-00003.jpg,Mendeley PA,2043,12,18,0.0714285714285714,1.0455278990753745,0.9929815153006554,0.9862008718188942,0.059327027256480314
test:2044,test,mendeley_pa:image:MENDE-PA-00003,images/mendeley_pa/MENDE-PA-00003.jpg,Mendeley PA,2044,13,18,0.0714285714285714,1.019725198081959,1.0419644288489431,1.002552541322431,0.01717265675952806
test:2045,test,mendeley_pa:image:MENDE-PA-00003,images/mendeley_pa/MENDE-PA-00003.jpg,Mendeley PA,2045,14,18,0.0714285714285714,1.0819827019676647,0.9999999999999999,1.0008819894865155,0.08110071248114914
test:2046,test,mendeley_pa:image:MENDE-PA-00003,images/mendeley_pa/MENDE-PA-00003.jpg,Mendeley PA,2046,15,18,0.0714285714285714,0.983313256199118,1.0246937087763675,1.018705630584491,0.035392374385373015
test:2047,test,mendeley_pa:image:MENDE-PA-00003,images/mendeley_pa/MENDE-PA-00003.jpg,Mendeley PA,2047,16,18,0.0714285714285714,0.98595883595551,1.0,0.9824811685830355,0.003477667372474569
test:2082,test,mendeley_pa:image:MENDE-PA-00006,images/mendeley_pa/MENDE-PA-00006.jpg,Mendeley PA,2082,3,18,0.0714285714285714,1.00822562310147,0.938135619786859,0.9922031793271308,0.016022443774339146
test:2083,test,mendeley_pa:image:MENDE-PA-00006,images/mendeley_pa/MENDE-PA-00006.jpg,Mendeley PA,2083,4,18,0.0714285714285714,0.9164538713133059,1.0389816224591375,0.9833249099568964,0.06687103864359045
test:2084,test,mendeley_pa:image:MENDE-PA-00006,images/mendeley_pa/MENDE-PA-00006.jpg,Mendeley PA,2084,5,18,0.0714285714285714,1.1630515964914796,1.0,1.0034774048253894,0.15957419166609021
test:2085,test,mendeley_pa:image:MENDE-PA-00006,images/mendeley_pa/MENDE-PA-00006.jpg,Mendeley PA,2085,6,18,0.0714285714285714,0.9591772438246209,1.0133993019101089,0.9433137465950912,0.015863497229529733
test:2086,test,mendeley_pa:image:MENDE-PA-00006,images/mendeley_pa/MENDE-PA-00006.jpg,Mendeley PA,2086,7,18,0.0714285714285714,0.9845075158079064,0.9661031302221245,0.9681407499283677,0.01636676587953867
test:2087,test,mendeley_pa:image:MENDE-PA-00006,images/mendeley_pa/MENDE-PA-00006.jpg,Mendeley PA,2087,8,18,0.0714285714285714,0.9642105628067823,0.9999999999999999,0.9232719615101813,0.040938601296600985
test:2088,test,mendeley_pa:image:MENDE-PA-00006,images/mendeley_pa/MENDE-PA-00006.jpg,Mendeley PA,2088,9,18,0.0714285714285714,1.0352234629184283,1.0,0.9544921517372131,0.08073131118121513
test:2089,test,mendeley_pa:image:MENDE-PA-00006,images/mendeley_pa/MENDE-PA-00006.jpg,Mendeley PA,2089,10,18,0.0714285714285714,0.9578355695249382,1.0,0.9385424703359604,0.019293099188977814
test:2090,test,mendeley_pa:image:MENDE-PA-00006,images/mendeley_pa/MENDE-PA-00006.jpg,Mendeley PA,2090,11,18,0.0714285714285714,0.9919262605161452,1.0319434459138368,0.9620990956950639,0.029827164821081276
test:2091,test,mendeley_pa:image:MENDE-PA-00006,images/mendeley_pa/MENDE-PA-00006.jpg,Mendeley PA,2091,12,18,0.0714285714285714,1.124401109260996,1.014016374323309,1.0123556878713673,0.1120454213896287
test:2092,test,mendeley_pa:image:MENDE-PA-00006,images/mendeley_pa/MENDE-PA-00006.jpg,Mendeley PA,2092,13,18,0.0714285714285714,0.9841682172412789,1.0000000000000002,0.9193186759948733,0.06484954124640563
test:2093,test,mendeley_pa:image:MENDE-PA-00006,images/mendeley_pa/MENDE-PA-00006.jpg,Mendeley PA,2093,14,18,0.0714285714285714,0.917893496766992,0.9723935457371284,0.9135432871483375,0.004350209618654399
test:2094,test,mendeley_pa:image:MENDE-PA-00006,images/mendeley_pa/MENDE-PA-00006.jpg,Mendeley PA,2094,15,18,0.0714285714285714,1.077045931160817,1.1445809879562723,1.110433386381613,0.033387455220796
test:2095,test,mendeley_pa:image:MENDE-PA-00006,images/mendeley_pa/MENDE-PA-00006.jpg,Mendeley PA,2095,16,18,0.0714285714285714,1.490275813436548,1.0517252676558,1.1964262865852815,0.2938495268512664
test:2232,test,mendeley_pa:image:MENDE-PA-00016,images/mendeley_pa/MENDE-PA-00016.jpg,Mendeley PA,2232,3,18,0.0714285714285714,1.113840452996869,1.0,1.0176252368837595,0.09621521611310957
test:2233,test,mendeley_pa:image:MENDE-PA-00016,images/mendeley_pa/MENDE-PA-00016.jpg,Mendeley PA,2233,4,18,0.0714285714285714,0.9649760245334462,1.0082244494894486,0.949910479966734,0.015065544566712274
test:2234,test,mendeley_pa:image:MENDE-PA-00016,images/mendeley_pa/MENDE-PA-00016.jpg,Mendeley PA,2234,5,18,0.0714285714285714,0.9825514830309522,1.0,0.978240605443716,0.004310877587236139
test:2235,test,mendeley_pa:image:MENDE-PA-00016,images/mendeley_pa/MENDE-PA-00016.jpg,Mendeley PA,2235,6,18,0.0714285714285714,1.0539410406275687,0.9979257523947099,1.0330226957731585,0.02091834485441013
test:2236,test,mendeley_pa:image:MENDE-PA-00016,images/mendeley_pa/MENDE-PA-00016.jpg,Mendeley PA,2236,7,18,0.0714285714285714,0.9122335166249396,1.0032261542666998,0.955369301854476,0.04313578522953643
test:2237,test,mendeley_pa:image:MENDE-PA-00016,images/mendeley_pa/MENDE-PA-00016.jpg,Mendeley PA,2237,8,18,0.0714285714285714,1.0350864839607519,0.9704338460261459,0.9667093976432914,0.06837708631746042
test:2238,test,mendeley_pa:image:MENDE-PA-00016,images/mendeley_pa/MENDE-PA-00016.jpg,Mendeley PA,2238,9,18,0.0714285714285714,0.9565620502751173,1.0,0.9351440444588661,0.021418005816251195
test:2239,test,mendeley_pa:image:MENDE-PA-00016,images/mendeley_pa/MENDE-PA-00016.jpg,Mendeley PA,2239,10,18,0.0714285714285714,1.081157396036641,1.0645169970770016,1.0560967560116783,0.025060640024962666
test:2240,test,mendeley_pa:image:MENDE-PA-00016,images/mendeley_pa/MENDE-PA-00016.jpg,Mendeley PA,2240,11,18,0.0714285714285714,1.0896474740666524,0.9936895999897313,1.0289787534464192,0.06066872062023321
test:2241,test,mendeley_pa:image:MENDE-PA-00016,images/mendeley_pa/MENDE-PA-00016.jpg,Mendeley PA,2241,12,18,0.0714285714285714,0.8528407419959396,1.0195365490479533,0.9993316641165082,0.14649092212056858
test:2242,test,mendeley_pa:image:MENDE-PA-00016,images/mendeley_pa/MENDE-PA-00016.jpg,Mendeley PA,2242,13,18,0.0714285714285714,1.0575812874862565,0.9356744656931444,1.022287740803866,0.035293546682390486
test:2243,test,mendeley_pa:image:MENDE-PA-00016,images/mendeley_pa/MENDE-PA-00016.jpg,Mendeley PA,2243,14,18,0.0714285714285714,0.9232528257918768,1.0,1.0165040958672762,0.09325127007539935
test:2244,test,mendeley_pa:image:MENDE-PA-00016,images/mendeley_pa/MENDE-PA-00016.jpg,Mendeley PA,2244,15,18,0.0714285714285714,0.9881887549871182,0.9831943164391419,1.0131896703315875,0.025000915344469243
test:2245,test,mendeley_pa:image:MENDE-PA-00016,images/mendeley_pa/MENDE-PA-00016.jpg,Mendeley PA,2245,16,18,0.0714285714285714,1.0149896575323476,1.0,0.9856040989980102,0.02938555853433744
test:2328,test,mendeley_pa:image:MENDE-PA-00023,images/mendeley_pa/MENDE-PA-00023.jpg,Mendeley PA,2328,3,18,0.0714285714285714,1.0162294760639723,1.0,1.0490810982882977,0.03285162222432536
test:2329,test,mendeley_pa:image:MENDE-PA-00023,images/mendeley_pa/MENDE-PA-00023.jpg,Mendeley PA,2329,4,18,0.0714285714285714,0.9232685498558018,1.0000000000000002,1.0561738573014738,0.13290530744567208
test:2330,test,mendeley_pa:image:MENDE-PA-00023,images/mendeley_pa/MENDE-PA-00023.jpg,Mendeley PA,2330,5,18,0.0714285714285714,0.9923937583394775,0.9960158606990581,1.0754520585759884,0.08305830023651084
test:2331,test,mendeley_pa:image:MENDE-PA-00023,images/mendeley_pa/MENDE-PA-00023.jpg,Mendeley PA,2331,6,18,0.0714285714285714,1.0387462324758965,1.0450171215253428,1.0383581860716,0.0003880464042964604
test:2332,test,mendeley_pa:image:MENDE-PA-00023,images/mendeley_pa/MENDE-PA-00023.jpg,Mendeley PA,2332,7,18,0.0714285714285714,1.1095324296034048,1.00034200230753,0.9930390447205859,0.1164933848828189
test:2333,test,mendeley_pa:image:MENDE-PA-00023,images/mendeley_pa/MENDE-PA-00023.jpg,Mendeley PA,2333,8,18,0.0714285714285714,1.0249607593874401,1.0669045921878926,1.0252017405347935,0.00024098114735338072
test:2334,test,mendeley_pa:image:MENDE-PA-00023,images/mendeley_pa/MENDE-PA-00023.jpg,Mendeley PA,2334,9,18,0.0714285714285714,0.959737665180035,0.9369112615213494,0.9559185811058383,0.0038190840741967325
test:2335,test,mendeley_pa:image:MENDE-PA-00023,images/mendeley_pa/MENDE-PA-00023.jpg,Mendeley PA,2335,10,18,0.0714285714285714,0.8739368224952783,0.9996934068889468,0.9734232594759314,0.09948643698065318
test:2336,test,mendeley_pa:image:MENDE-PA-00023,images/mendeley_pa/MENDE-PA-00023.jpg,Mendeley PA,2336,11,18,0.0714285714285714,1.0554429162907284,0.9783810035180605,0.9730638556968725,0.08237906059385591
test:2337,test,mendeley_pa:image:MENDE-PA-00023,images/mendeley_pa/MENDE-PA-00023.jpg,Mendeley PA,2337,12,18,0.0714285714285714,0.986017946856914,1.0,0.956548273563385,0.02946967329352901
test:2338,test,mendeley_pa:image:MENDE-PA-00023,images/mendeley_pa/MENDE-PA-00023.jpg,Mendeley PA,2338,13,18,0.0714285714285714,1.0827610695814374,1.0853475411885507,0.9931674381249673,0.08959363145647004
test:2339,test,mendeley_pa:image:MENDE-PA-00023,images/mendeley_pa/MENDE-PA-00023.jpg,Mendeley PA,2339,14,18,0.0714285714285714,1.160663720431355,1.0363648538178456,0.9986637239045155,0.1619999965268395
test:2340,test,mendeley_pa:image:MENDE-PA-00023,images/mendeley_pa/MENDE-PA-00023.jpg,Mendeley PA,2340,15,18,0.0714285714285714,0.9421468386705407,0.9931787553992659,0.9316147122350127,0.010532126435528033
test:2341,test,mendeley_pa:image:MENDE-PA-00023,images/mendeley_pa/MENDE-PA-00023.jpg,Mendeley PA,2341,16,18,0.0714285714285714,0.9224939555214622,0.9999999999999999,0.9773155376315116,0.054821582110049394
test:2346,test,mendeley_pa:image:MENDE-PA-00024,images/mendeley_pa/MENDE-PA-00024.jpg,Mendeley PA,2346,3,17,0.0769230769230769,0.9091849873832539,1.0000000000000002,1.0028467664960774,0.09366177911282347
test:2347,test,mendeley_pa:image:MENDE-PA-00024,images/mendeley_pa/MENDE-PA-00024.jpg,Mendeley PA,2347,4,17,0.0769230769230769,1.018752370335955,1.1200666706900444,0.9651300590376701,0.053622311298284764
test:2348,test,mendeley_pa:image:MENDE-PA-00024,images/mendeley_pa/MENDE-PA-00024.jpg,Mendeley PA,2348,5,17,0.0769230769230769,1.3148733341722623,1.014005579697356,1.0843661508433673,0.23050718332889497
test:2349,test,mendeley_pa:image:MENDE-PA-00024,images/mendeley_pa/MENDE-PA-00024.jpg,Mendeley PA,2349,6,17,0.0769230769230769,0.9283774575498931,1.0391913293464352,1.0365185441518445,0.10814108660195143
test:2350,test,mendeley_pa:image:MENDE-PA-00024,images/mendeley_pa/MENDE-PA-00024.jpg,Mendeley PA,2350,7,17,0.0769230769230769,0.8077541424040157,0.9053726187613799,0.9200648014140321,0.11231065901001647
test:2351,test,mendeley_pa:image:MENDE-PA-00024,images/mendeley_pa/MENDE-PA-00024.jpg,Mendeley PA,2351,8,17,0.0769230769230769,1.0999282897879232,1.0247368992476555,1.0041097396223637,0.09581855016555951
test:2352,test,mendeley_pa:image:MENDE-PA-00024,images/mendeley_pa/MENDE-PA-00024.jpg,Mendeley PA,2352,9,17,0.0769230769230769,1.054447410165185,1.0,1.0092599149793386,0.045187495185846416
test:2353,test,mendeley_pa:image:MENDE-PA-00024,images/mendeley_pa/MENDE-PA-00024.jpg,Mendeley PA,2353,10,17,0.0769230769230769,0.9308390824440956,1.0000000000000002,1.0097858253866436,0.078946742942548
test:2354,test,mendeley_pa:image:MENDE-PA-00024,images/mendeley_pa/MENDE-PA-00024.jpg,Mendeley PA,2354,11,17,0.0769230769230769,0.9595796963192643,0.968967964911875,1.0032720175031988,0.04369232118393451
test:2355,test,mendeley_pa:image:MENDE-PA-00024,images/mendeley_pa/MENDE-PA-00024.jpg,Mendeley PA,2355,12,17,0.0769230769230769,1.0598610023246136,1.0744815387897346,1.1036785722844455,0.04381756995983199
test:2356,test,mendeley_pa:image:MENDE-PA-00024,images/mendeley_pa/MENDE-PA-00024.jpg,Mendeley PA,2356,13,17,0.0769230769230769,1.1282659524005765,0.9999999999999999,1.0994868129491806,0.028779139451395874
test:2357,test,mendeley_pa:image:MENDE-PA-00024,images/mendeley_pa/MENDE-PA-00024.jpg,Mendeley PA,2357,14,17,0.0769230769230769,0.809166148587977,1.0,0.9915019944310188,0.18233584584304185
test:2358,test,mendeley_pa:image:MENDE-PA-00024,images/mendeley_pa/MENDE-PA-00024.jpg,Mendeley PA,2358,15,17,0.0769230769230769,1.0869124479935874,0.978580561988457,0.9826902510229786,0.10422219697060886
test:2469,test,mendeley_pa:image:MENDE-PA-00034,images/mendeley_pa/MENDE-PA-00034.jpg,Mendeley PA,2469,3,18,0.0714285714285714,0.909051064689286,1.0,0.9738811608403921,0.06483009615110613
test:2470,test,mendeley_pa:image:MENDE-PA-00034,images/mendeley_pa/MENDE-PA-00034.jpg,Mendeley PA,2470,4,18,0.0714285714285714,1.2074551697716709,1.1239244382635882,1.1722523759857943,0.03520279378587654
test:2471,test,mendeley_pa:image:MENDE-PA-00034,images/mendeley_pa/MENDE-PA-00034.jpg,Mendeley PA,2471,5,18,0.0714285714285714,1.1273190954229224,0.9900160715304032,1.194208173485817,0.06688907806289457
test:2472,test,mendeley_pa:image:MENDE-PA-00034,images/mendeley_pa/MENDE-PA-00034.jpg,Mendeley PA,2472,6,18,0.0714285714285714,0.769632929944897,1.0166290288758408,1.0728671213579308,0.30323419141303387
test:2473,test,mendeley_pa:image:MENDE-PA-00034,images/mendeley_pa/MENDE-PA-00034.jpg,Mendeley PA,2473,7,18,0.0714285714285714,1.0553156891650133,0.8958452806791143,0.9470180586894826,0.10829763047553065
test:2474,test,mendeley_pa:image:MENDE-PA-00034,images/mendeley_pa/MENDE-PA-00034.jpg,Mendeley PA,2474,8,18,0.0714285714285714,0.922001646283036,1.0,0.9614215791225433,0.03941993283950729
test:2475,test,mendeley_pa:image:MENDE-PA-00034,images/mendeley_pa/MENDE-PA-00034.jpg,Mendeley PA,2475,9,18,0.0714285714285714,1.0410937701727037,1.046787089251723,1.027555572383847,0.013538197788856676
test:2476,test,mendeley_pa:image:MENDE-PA-00034,images/mendeley_pa/MENDE-PA-00034.jpg,Mendeley PA,2476,10,18,0.0714285714285714,1.124050321159533,1.0,1.0026481742970645,0.12140214686246842
test:2477,test,mendeley_pa:image:MENDE-PA-00034,images/mendeley_pa/MENDE-PA-00034.jpg,Mendeley PA,2477,11,18,0.0714285714285714,0.9279011310459157,1.0080881800605608,0.9904297210379196,0.06252858999200395
test:2478,test,mendeley_pa:image:MENDE-PA-00034,images/mendeley_pa/MENDE-PA-00034.jpg,Mendeley PA,2478,12,18,0.0714285714285714,0.9526268252480093,0.9472043260197794,0.9781112547229683,0.02548442947495899
test:2479,test,mendeley_pa:image:MENDE-PA-00034,images/mendeley_pa/MENDE-PA-00034.jpg,Mendeley PA,2479,13,18,0.0714285714285714,0.9843182692939296,1.0,1.0192391481250525,0.034920878831122826
test:2480,test,mendeley_pa:image:MENDE-PA-00034,images/mendeley_pa/MENDE-PA-00034.jpg,Mendeley PA,2480,14,18,0.0714285714285714,0.9841074472525442,1.0219239286459172,1.0076954608163917,0.023588013563847543
test:2481,test,mendeley_pa:image:MENDE-PA-00034,images/mendeley_pa/MENDE-PA-00034.jpg,Mendeley PA,2481,15,18,0.0714285714285714,1.0897013789447199,1.0,1.0398229248821735,0.04987845406254632
test:2482,test,mendeley_pa:image:MENDE-PA-00034,images/mendeley_pa/MENDE-PA-00034.jpg,Mendeley PA,2482,16,18,0.0714285714285714,0.9228489840665264,1.0,0.9831197429448366,0.06027075887831024
test:2589,test,mendeley_pa:image:MENDE-PA-00044,images/mendeley_pa/MENDE-PA-00044.jpg,Mendeley PA,2589,3,17,0.0769230769230769,0.9778141023083535,0.902726250717286,0.954431853273753,0.02338224903460051
test:2590,test,mendeley_pa:image:MENDE-PA-00044,images/mendeley_pa/MENDE-PA-00044.jpg,Mendeley PA,2590,4,17,0.0769230769230769,0.9360770516920318,1.0,1.0106284450739622,0.0745513933819304
test:2591,test,mendeley_pa:image:MENDE-PA-00044,images/mendeley_pa/MENDE-PA-00044.jpg,Mendeley PA,2591,5,17,0.0769230769230769,1.051774406421318,1.0,1.009700228460133,0.042074177961184844
test:2592,test,mendeley_pa:image:MENDE-PA-00044,images/mendeley_pa/MENDE-PA-00044.jpg,Mendeley PA,2592,6,17,0.0769230769230769,1.0228373221811597,1.0821131399736124,1.0033988735542017,0.019438448626958094
test:2593,test,mendeley_pa:image:MENDE-PA-00044,images/mendeley_pa/MENDE-PA-00044.jpg,Mendeley PA,2593,7,17,0.0769230769230769,1.1593374906693583,1.0067401654362527,1.0376050970792619,0.12173239359009647
test:2594,test,mendeley_pa:image:MENDE-PA-00044,images/mendeley_pa/MENDE-PA-00044.jpg,Mendeley PA,2594,8,17,0.0769230769230769,0.9150515073568404,0.9938074196125026,0.9943186080800015,0.07926710072316112
test:2595,test,mendeley_pa:image:MENDE-PA-00044,images/mendeley_pa/MENDE-PA-00044.jpg,Mendeley PA,2595,9,17,0.0769230769230769,0.8412916998783906,0.9635835749532331,0.9619131497775439,0.12062144989915335
test:2596,test,mendeley_pa:image:MENDE-PA-00044,images/mendeley_pa/MENDE-PA-00044.jpg,Mendeley PA,2596,10,17,0.0769230769230769,1.1686761536773926,0.9999999999999999,1.0304326880723238,0.13824346560506884
test:2597,test,mendeley_pa:image:MENDE-PA-00044,images/mendeley_pa/MENDE-PA-00044.jpg,Mendeley PA,2597,11,17,0.0769230769230769,0.9066801501142763,1.0008690951890322,0.9822606610632512,0.07558051094897489
test:2598,test,mendeley_pa:image:MENDE-PA-00044,images/mendeley_pa/MENDE-PA-00044.jpg,Mendeley PA,2598,12,17,0.0769230769230769,1.0385915055644384,0.9717667326503252,0.992730608227179,0.0458608973372594
test:2599,test,mendeley_pa:image:MENDE-PA-00044,images/mendeley_pa/MENDE-PA-00044.jpg,Mendeley PA,2599,13,17,0.0769230769230769,0.9573978996308627,0.9999999999999999,0.9981777311768382,0.04077983154597542
test:2600,test,mendeley_pa:image:MENDE-PA-00044,images/mendeley_pa/MENDE-PA-00044.jpg,Mendeley PA,2600,14,17,0.0769230769230769,1.061623827401259,1.032864236411715,1.0270131734656935,0.034610653935565505
test:2601,test,mendeley_pa:image:MENDE-PA-00044,images/mendeley_pa/MENDE-PA-00044.jpg,Mendeley PA,2601,15,17,0.0769230769230769,1.0902525811327337,1.042662753582203,1.0345792312624094,0.05567334987032435
test:2621,test,mendeley_pa:image:MENDE-PA-00047,images/mendeley_pa/MENDE-PA-00047.jpg,Mendeley PA,2621,3,18,0.0714285714285714,1.1162164785368431,0.9972266346836827,1.0525753513599179,0.06364112717692527
test:2622,test,mendeley_pa:image:MENDE-PA-00047,images/mendeley_pa/MENDE-PA-00047.jpg,Mendeley PA,2622,4,18,0.0714285714285714,0.915698787067397,1.0388177162353953,1.0103443967496117,0.09464560968221469
test:2623,test,mendeley_pa:image:MENDE-PA-00047,images/mendeley_pa/MENDE-PA-00047.jpg,Mendeley PA,2623,5,18,0.0714285714285714,1.1182704814870084,0.9781669180418073,1.0280546012843668,0.0902158802026416
test:2624,test,mendeley_pa:image:MENDE-PA-00047,images/mendeley_pa/MENDE-PA-00047.jpg,Mendeley PA,2624,6,18,0.0714285714285714,0.9210275526693812,1.0400985522295547,0.9996228931571556,0.07859534048777439
test:2625,test,mendeley_pa:image:MENDE-PA-00047,images/mendeley_pa/MENDE-PA-00047.jpg,Mendeley PA,2625,7,18,0.0714285714285714,1.0904573049395005,0.965643876574886,0.9785355640276792,0.11192174091182139
test:2626,test,mendeley_pa:image:MENDE-PA-00047,images/mendeley_pa/MENDE-PA-00047.jpg,Mendeley PA,2626,8,18,0.0714285714285714,0.9449654755041641,1.0123998092667832,0.9759240875201001,0.03095861201593597
test:2627,test,mendeley_pa:image:MENDE-PA-00047,images/mendeley_pa/MENDE-PA-00047.jpg,Mendeley PA,2627,9,18,0.0714285714285714,1.0358197112485379,0.9999999999999999,1.0221958458423615,0.013623865406176439
test:2628,test,mendeley_pa:image:MENDE-PA-00047,images/mendeley_pa/MENDE-PA-00047.jpg,Mendeley PA,2628,10,18,0.0714285714285714,1.0208092651054823,0.9905166935189824,1.0191762812449794,0.0016329838605029234
test:2629,test,mendeley_pa:image:MENDE-PA-00047,images/mendeley_pa/MENDE-PA-00047.jpg,Mendeley PA,2629,11,18,0.0714285714285714,0.9214767273661035,0.9952057004449768,1.014907414141099,0.09343068677499544
test:2630,test,mendeley_pa:image:MENDE-PA-00047,images/mendeley_pa/MENDE-PA-00047.jpg,Mendeley PA,2630,12,18,0.0714285714285714,0.9248189261663311,0.977750748792447,0.9791800136917903,0.054361087525459206
test:2631,test,mendeley_pa:image:MENDE-PA-00047,images/mendeley_pa/MENDE-PA-00047.jpg,Mendeley PA,2631,13,18,0.0714285714285714,1.098337237474643,1.0,1.0308019686490297,0.06753526882561323
test:2632,test,mendeley_pa:image:MENDE-PA-00047,images/mendeley_pa/MENDE-PA-00047.jpg,Mendeley PA,2632,14,18,0.0714285714285714,0.9544244886452606,0.9999999999999998,1.0016461714403702,0.04722168279510952
test:2633,test,mendeley_pa:image:MENDE-PA-00047,images/mendeley_pa/MENDE-PA-00047.jpg,Mendeley PA,2633,15,18,0.0714285714285714,1.0152738293667276,1.0010401530937247,0.9983803998959206,0.016893429470806964
test:2634,test,mendeley_pa:image:MENDE-PA-00047,images/mendeley_pa/MENDE-PA-00047.jpg,Mendeley PA,2634,16,18,0.0714285714285714,1.0308785323773715,1.0,0.9605182781815529,0.0703602541958186
test:2673,test,mendeley_pa:image:MENDE-PA-00051,images/mendeley_pa/MENDE-PA-00051.jpg,Mendeley PA,2673,3,18,0.0714285714285714,1.0339013866543225,1.0544710160555328,1.0428168188171472,0.008915432162824644
test:2674,test,mendeley_pa:image:MENDE-PA-00051,images/mendeley_pa/MENDE-PA-00051.jpg,Mendeley PA,2674,4,18,0.0714285714285714,1.14128298604614,0.9999999999999999,1.0536509230732918,0.0876320629728482
test:2675,test,mendeley_pa:image:MENDE-PA-00051,images/mendeley_pa/MENDE-PA-00051.jpg,Mendeley PA,2675,5,18,0.0714285714285714,0.9211108070357612,1.0537816468559766,0.954898420342114,0.033787613306352826
test:2676,test,mendeley_pa:image:MENDE-PA-00051,images/mendeley_pa/MENDE-PA-00051.jpg,Mendeley PA,2676,6,18,0.0714285714285714,1.096886788022476,0.955217150673142,0.9618240861965923,0.13506270182588365
test:2677,test,mendeley_pa:image:MENDE-PA-00051,images/mendeley_pa/MENDE-PA-00051.jpg,Mendeley PA,2677,7,18,0.0714285714285714,0.955945709346934,1.0218473219062705,0.9461315639998336,0.009814145347100456
test:2678,test,mendeley_pa:image:MENDE-PA-00051,images/mendeley_pa/MENDE-PA-00051.jpg,Mendeley PA,2678,8,18,0.0714285714285714,0.9493392121673803,0.9515112731876068,0.9423972517522268,0.006941960415153492
test:2679,test,mendeley_pa:image:MENDE-PA-00051,images/mendeley_pa/MENDE-PA-00051.jpg,Mendeley PA,2679,9,18,0.0714285714285714,1.0082691481233936,1.012182792751266,1.0205827170146242,0.012313568891230586
test:2680,test,mendeley_pa:image:MENDE-PA-00051,images/mendeley_pa/MENDE-PA-00051.jpg,Mendeley PA,2680,10,18,0.0714285714285714,1.0316475038621404,1.0,0.9926659888587892,0.03898151500335123
test:2681,test,mendeley_pa:image:MENDE-PA-00051,images/mendeley_pa/MENDE-PA-00051.jpg,Mendeley PA,2681,11,18,0.0714285714285714,0.9616416091795333,1.0,0.9820068310946226,0.02036522191508927
test:2682,test,mendeley_pa:image:MENDE-PA-00051,images/mendeley_pa/MENDE-PA-00051.jpg,Mendeley PA,2682,12,18,0.0714285714285714,0.9724590418240437,1.008999977968837,0.999093279019202,0.026634237195158228
test:2683,test,mendeley_pa:image:MENDE-PA-00051,images/mendeley_pa/MENDE-PA-00051.jpg,Mendeley PA,2683,13,18,0.0714285714285714,1.081073164961066,1.0,1.0203364882618189,0.060736676699247205
test:2684,test,mendeley_pa:image:MENDE-PA-00051,images/mendeley_pa/MENDE-PA-00051.jpg,Mendeley PA,2684,14,18,0.0714285714285714,0.9545824320962332,1.0,1.0043625817634165,0.04978014966718336
test:2685,test,mendeley_pa:image:MENDE-PA-00051,images/mendeley_pa/MENDE-PA-00051.jpg,Mendeley PA,2685,15,18,0.0714285714285714,0.9744076655857303,0.982603257073821,0.9698003423575177,0.0046073232282126675
test:2686,test,mendeley_pa:image:MENDE-PA-00051,images/mendeley_pa/MENDE-PA-00051.jpg,Mendeley PA,2686,16,18,0.0714285714285714,1.0136687428862352,1.0302628518522423,1.0248029145852369,0.01113417169900166
test:3016,test,mendeley_pa:image:MENDE-PA-00078,images/mendeley_pa/MENDE-PA-00078.jpg,Mendeley PA,3016,3,17,0.0769230769230769,0.9762108931691169,0.9773649768144808,0.9753841028255394,0.000826790343577466
test:3017,test,mendeley_pa:image:MENDE-PA-00078,images/mendeley_pa/MENDE-PA-00078.jpg,Mendeley PA,3017,4,17,0.0769230769230769,1.0459926309047953,1.0,1.0054520010016859,0.04054062990310947
test:3018,test,mendeley_pa:image:MENDE-PA-00078,images/mendeley_pa/MENDE-PA-00078.jpg,Mendeley PA,3018,5,17,0.0769230769230769,1.0389007194916138,1.0352937882676894,1.0425019609652633,0.0036012414736494858
test:3019,test,mendeley_pa:image:MENDE-PA-00078,images/mendeley_pa/MENDE-PA-00078.jpg,Mendeley PA,3019,6,17,0.0769230769230769,1.0302918650745507,0.9911710583577217,0.9866977395462156,0.04359412552833508
test:3020,test,mendeley_pa:image:MENDE-PA-00078,images/mendeley_pa/MENDE-PA-00078.jpg,Mendeley PA,3020,7,17,0.0769230769230769,0.9532957317486872,1.0043848499532806,1.0173846537124382,0.06408892196375104
test:3021,test,mendeley_pa:image:MENDE-PA-00078,images/mendeley_pa/MENDE-PA-00078.jpg,Mendeley PA,3021,8,17,0.0769230769230769,1.0109600358131496,0.953139885821982,0.9748599636644559,0.03610007214869371
test:3022,test,mendeley_pa:image:MENDE-PA-00078,images/mendeley_pa/MENDE-PA-00078.jpg,Mendeley PA,3022,9,17,0.0769230769230769,0.9138637685822344,1.0,1.0177363120019436,0.1038725434197092
test:3023,test,mendeley_pa:image:MENDE-PA-00078,images/mendeley_pa/MENDE-PA-00078.jpg,Mendeley PA,3023,10,17,0.0769230769230769,0.9524819238764125,0.962068950198751,1.0190780660139138,0.06659614213750131
test:3024,test,mendeley_pa:image:MENDE-PA-00078,images/mendeley_pa/MENDE-PA-00078.jpg,Mendeley PA,3024,11,17,0.0769230769230769,1.0226255050503483,1.0149581504479332,1.0101236582227333,0.012501846827615015
test:3025,test,mendeley_pa:image:MENDE-PA-00078,images/mendeley_pa/MENDE-PA-00078.jpg,Mendeley PA,3025,12,17,0.0769230769230769,1.0558091953908348,1.0,1.0139998262748122,0.04180936911602262
test:3026,test,mendeley_pa:image:MENDE-PA-00078,images/mendeley_pa/MENDE-PA-00078.jpg,Mendeley PA,3026,13,17,0.0769230769230769,0.929414396867853,0.9999999999999999,1.0088633047416806,0.07944890787382763
test:3027,test,mendeley_pa:image:MENDE-PA-00078,images/mendeley_pa/MENDE-PA-00078.jpg,Mendeley PA,3027,14,17,0.0769230769230769,0.993005249979537,0.9877678016259175,0.9812493519916039,0.011755897987933084
test:3028,test,mendeley_pa:image:MENDE-PA-00078,images/mendeley_pa/MENDE-PA-00078.jpg,Mendeley PA,3028,15,17,0.0769230769230769,1.0484132812839682,1.0191592824607687,1.0338780795186358,0.014535201765332406
test:3182,test,mendeley_pa:image:MENDE-PA-00091,images/mendeley_pa/MENDE-PA-00091.jpg,Mendeley PA,3182,3,17,0.0769230769230769,0.9662018985229843,1.0,0.9624486640095711,0.0037532345134132505
test:3183,test,mendeley_pa:image:MENDE-PA-00091,images/mendeley_pa/MENDE-PA-00091.jpg,Mendeley PA,3183,4,17,0.0769230769230769,0.9674333851371771,0.9808660014536672,0.9429350472059541,0.024498337931223024
test:3184,test,mendeley_pa:image:MENDE-PA-00091,images/mendeley_pa/MENDE-PA-00091.jpg,Mendeley PA,3184,5,17,0.0769230769230769,1.0573032367613604,1.0419849759459887,1.0223518616080676,0.03495137515329283
test:3185,test,mendeley_pa:image:MENDE-PA-00091,images/mendeley_pa/MENDE-PA-00091.jpg,Mendeley PA,3185,6,17,0.0769230769230769,1.0522082933105796,0.9989722714278356,1.0205633648190156,0.031644928491564084
test:3186,test,mendeley_pa:image:MENDE-PA-00091,images/mendeley_pa/MENDE-PA-00091.jpg,Mendeley PA,3186,7,17,0.0769230769230769,0.9088865698856837,0.9999999999999998,0.9675282277166841,0.05864165783100039
test:3187,test,mendeley_pa:image:MENDE-PA-00091,images/mendeley_pa/MENDE-PA-00091.jpg,Mendeley PA,3187,8,17,0.0769230769230769,1.0032614648204816,0.962231137110076,0.9686440422853149,0.03461742253516675
test:3188,test,mendeley_pa:image:MENDE-PA-00091,images/mendeley_pa/MENDE-PA-00091.jpg,Mendeley PA,3188,9,17,0.0769230769230769,0.9539998547799944,1.0,0.9623213745653629,0.008321519785368547
test:3189,test,mendeley_pa:image:MENDE-PA-00091,images/mendeley_pa/MENDE-PA-00091.jpg,Mendeley PA,3189,10,17,0.0769230769230769,1.044550542533465,1.0084410740952496,1.0082738473417028,0.03627669519176213
test:3190,test,mendeley_pa:image:MENDE-PA-00091,images/mendeley_pa/MENDE-PA-00091.jpg,Mendeley PA,3190,11,17,0.0769230769230769,1.0261906406128953,1.0,1.007243170402944,0.018947470209951245
test:3191,test,mendeley_pa:image:MENDE-PA-00091,images/mendeley_pa/MENDE-PA-00091.jpg,Mendeley PA,3191,12,17,0.0769230769230769,0.9658286037095746,0.9999999999999998,1.0030059525743125,0.03717734886473789
test:3192,test,mendeley_pa:image:MENDE-PA-00091,images/mendeley_pa/MENDE-PA-00091.jpg,Mendeley PA,3192,13,17,0.0769230769230769,1.014510474176343,0.9923853629958643,0.9888461260349317,0.025664348141411386
test:3193,test,mendeley_pa:image:MENDE-PA-00091,images/mendeley_pa/MENDE-PA-00091.jpg,Mendeley PA,3193,14,17,0.0769230769230769,0.9923463687570913,1.0,0.9630735740065575,0.029272794750533793
test:3194,test,mendeley_pa:image:MENDE-PA-00091,images/mendeley_pa/MENDE-PA-00091.jpg,Mendeley PA,3194,15,17,0.0769230769230769,1.0281086794453962,1.0595386307246732,1.0658425925791013,0.03773391313370511
test:3244,test,mendeley_pa:image:MENDE-PA-00097,images/mendeley_pa/MENDE-PA-00097.jpg,Mendeley PA,3244,3,17,0.0769230769230769,0.9957986904372091,1.0160524347329893,1.0492770881856242,0.05347839774841501
test:3245,test,mendeley_pa:image:MENDE-PA-00097,images/mendeley_pa/MENDE-PA-00097.jpg,Mendeley PA,3245,4,17,0.0769230769230769,1.0860700508277863,0.9999999999999998,1.0261517651379106,0.05991828568987567
test:3246,test,mendeley_pa:image:MENDE-PA-00097,images/mendeley_pa/MENDE-PA-00097.jpg,Mendeley PA,3246,5,17,0.0769230769230769,1.003432249902923,1.0867677449830606,1.0714498960994914,0.06801764619656847
test:3247,test,mendeley_pa:image:MENDE-PA-00097,images/mendeley_pa/MENDE-PA-00097.jpg,Mendeley PA,3247,6,17,0.0769230769230769,1.1210905539987925,0.9681954564028115,0.9941413005315394,0.12694925346725316
test:3248,test,mendeley_pa:image:MENDE-PA-00097,images/mendeley_pa/MENDE-PA-00097.jpg,Mendeley PA,3248,7,17,0.0769230769230769,0.9144555018536514,1.065080571274898,1.0229606174935317,0.1085051156398803
test:3249,test,mendeley_pa:image:MENDE-PA-00097,images/mendeley_pa/MENDE-PA-00097.jpg,Mendeley PA,3249,8,17,0.0769230769230769,1.180974110736977,0.8754474172957013,1.0519797752268385,0.1289943355101384
test:3250,test,mendeley_pa:image:MENDE-PA-00097,images/mendeley_pa/MENDE-PA-00097.jpg,Mendeley PA,3250,9,17,0.0769230769230769,0.7240409032294222,1.0770600896874984,0.8754409712354263,0.15140006800600414
test:3251,test,mendeley_pa:image:MENDE-PA-00097,images/mendeley_pa/MENDE-PA-00097.jpg,Mendeley PA,3251,10,17,0.0769230769230769,0.9223246285536866,0.7834648032447569,0.9864007969161741,0.06407616836248753
test:3252,test,mendeley_pa:image:MENDE-PA-00097,images/mendeley_pa/MENDE-PA-00097.jpg,Mendeley PA,3252,11,17,0.0769230769230769,0.8496302456089828,1.0,1.0160876754671335,0.1664574298581507
test:3253,test,mendeley_pa:image:MENDE-PA-00097,images/mendeley_pa/MENDE-PA-00097.jpg,Mendeley PA,3253,12,17,0.0769230769230769,1.0864185856623547,1.007414059729224,1.0193816721596773,0.06703691350267738
test:3254,test,mendeley_pa:image:MENDE-PA-00097,images/mendeley_pa/MENDE-PA-00097.jpg,Mendeley PA,3254,13,17,0.0769230769230769,1.0682007220233238,1.0,1.0320069268345833,0.03619379518874055
test:3255,test,mendeley_pa:image:MENDE-PA-00097,images/mendeley_pa/MENDE-PA-00097.jpg,Mendeley PA,3255,14,17,0.0769230769230769,0.9950412679362622,1.0556768100153642,1.0761595345478492,0.08111826661158694
test:3256,test,mendeley_pa:image:MENDE-PA-00097,images/mendeley_pa/MENDE-PA-00097.jpg,Mendeley PA,3256,15,17,0.0769230769230769,1.121009768227051,0.9382901123825365,1.0220009914699846,0.09900877675706643
test:3286,test,mendeley_pa:image:MENDE-PA-00100,images/mendeley_pa/MENDE-PA-00100.jpg,Mendeley PA,3286,3,19,0.0666666666666666,0.9441700275499653,1.0,1.0204167552292347,0.07624672767926943
test:3287,test,mendeley_pa:image:MENDE-PA-00100,images/mendeley_pa/MENDE-PA-00100.jpg,Mendeley PA,3287,4,19,0.0666666666666666,1.0042337386904838,1.055536158686047,1.0154409225336365,0.011207183843152668
test:3288,test,mendeley_pa:image:MENDE-PA-00100,images/mendeley_pa/MENDE-PA-00100.jpg,Mendeley PA,3288,5,19,0.0666666666666666,1.160511772586975,1.0,1.0777666196227074,0.08274515296426754
test:3289,test,mendeley_pa:image:MENDE-PA-00100,images/mendeley_pa/MENDE-PA-00100.jpg,Mendeley PA,3289,6,19,0.0666666666666666,0.9276926848005378,1.0347368859179427,0.9921648644335677,0.06447217963302987
test:3290,test,mendeley_pa:image:MENDE-PA-00100,images/mendeley_pa/MENDE-PA-00100.jpg,Mendeley PA,3290,7,19,0.0666666666666666,0.9666144924134741,0.9315299504621021,0.9345539353041045,0.032060557109369614
test:3291,test,mendeley_pa:image:MENDE-PA-00100,images/mendeley_pa/MENDE-PA-00100.jpg,Mendeley PA,3291,8,19,0.0666666666666666,1.0200111260486593,1.0899958512688341,1.1145236245299044,0.0945124984812451
test:3292,test,mendeley_pa:image:MENDE-PA-00100,images/mendeley_pa/MENDE-PA-00100.jpg,Mendeley PA,3292,9,19,0.0666666666666666,1.1369176951890614,0.9801884514521377,1.0188377049993294,0.11807999018973203
test:3293,test,mendeley_pa:image:MENDE-PA-00100,images/mendeley_pa/MENDE-PA-00100.jpg,Mendeley PA,3293,10,19,0.0666666666666666,0.8780134082971447,0.9999999999999998,1.014658713713288,0.1366453054161434
test:3294,test,mendeley_pa:image:MENDE-PA-00100,images/mendeley_pa/MENDE-PA-00100.jpg,Mendeley PA,3294,11,19,0.0666666666666666,0.8960287361823626,0.9247808326901978,0.9564931710185594,0.06046443483619679
test:3295,test,mendeley_pa:image:MENDE-PA-00100,images/mendeley_pa/MENDE-PA-00100.jpg,Mendeley PA,3295,12,19,0.0666666666666666,1.034878980065445,1.0,1.01460203807801,0.020276941987434904
test:3296,test,mendeley_pa:image:MENDE-PA-00100,images/mendeley_pa/MENDE-PA-00100.jpg,Mendeley PA,3296,13,19,0.0666666666666666,0.9568442019060497,0.9999999999999998,1.0162751730531452,0.0594309711470955
test:3297,test,mendeley_pa:image:MENDE-PA-00100,images/mendeley_pa/MENDE-PA-00100.jpg,Mendeley PA,3297,14,19,0.0666666666666666,1.0260936046912787,1.0,1.0048369844444096,0.02125662024686914
test:3298,test,mendeley_pa:image:MENDE-PA-00100,images/mendeley_pa/MENDE-PA-00100.jpg,Mendeley PA,3298,15,19,0.0666666666666666,1.1449367109802724,1.1188818585290177,1.1032321468158228,0.041704564164449565
test:3299,test,mendeley_pa:image:MENDE-PA-00100,images/mendeley_pa/MENDE-PA-00100.jpg,Mendeley PA,3299,16,19,0.0666666666666666,1.176962722053455,1.042067857987846,1.0618817401748548,0.11508098187860027
test:3300,test,mendeley_pa:image:MENDE-PA-00100,images/mendeley_pa/MENDE-PA-00100.jpg,Mendeley PA,3300,17,19,0.0666666666666666,0.8776691294513994,0.8602618066198455,0.8305775126046764,0.04709161684672303
test:3371,test,mendeley_pa:image:MENDE-PA-00106,images/mendeley_pa/MENDE-PA-00106.jpg,Mendeley PA,3371,3,18,0.0714285714285714,1.1671411535254168,1.072803032249805,1.0677053557155993,0.09943579780981748
test:3372,test,mendeley_pa:image:MENDE-PA-00106,images/mendeley_pa/MENDE-PA-00106.jpg,Mendeley PA,3372,4,18,0.0714285714285714,1.1999759117792617,1.0507102014592937,1.0578407665810636,0.14213514519819803
test:3373,test,mendeley_pa:image:MENDE-PA-00106,images/mendeley_pa/MENDE-PA-00106.jpg,Mendeley PA,3373,5,18,0.0714285714285714,0.8435769923494132,1.0161846412041944,0.9674963747778695,0.12391938242845635
test:3374,test,mendeley_pa:image:MENDE-PA-00106,images/mendeley_pa/MENDE-PA-00106.jpg,Mendeley PA,3374,6,18,0.0714285714285714,0.9382285425302284,0.884485171445659,0.9704897192204507,0.032261176690222326
test:3375,test,mendeley_pa:image:MENDE-PA-00106,images/mendeley_pa/MENDE-PA-00106.jpg,Mendeley PA,3375,7,18,0.0714285714285714,0.8696121103344935,1.0363803712355881,0.9989993592428952,0.1293872489084017
test:3376,test,mendeley_pa:image:MENDE-PA-00106,images/mendeley_pa/MENDE-PA-00106.jpg,Mendeley PA,3376,8,18,0.0714285714285714,1.2035270607468127,0.9999999999999999,1.0170131046324968,0.18651395611431587
test:3377,test,mendeley_pa:image:MENDE-PA-00106,images/mendeley_pa/MENDE-PA-00106.jpg,Mendeley PA,3377,9,18,0.0714285714285714,0.9499502487407225,1.0000000000000002,0.9397617727518084,0.010188475988914147
test:3378,test,mendeley_pa:image:MENDE-PA-00106,images/mendeley_pa/MENDE-PA-00106.jpg,Mendeley PA,3378,10,18,0.0714285714285714,0.970524967328068,0.9700217802788336,0.9562196924130637,0.014305274915004329
test:3379,test,mendeley_pa:image:MENDE-PA-00106,images/mendeley_pa/MENDE-PA-00106.jpg,Mendeley PA,3379,11,18,0.0714285714285714,1.0026567407418452,0.9999999999999999,1.0141233820468187,0.011466641304973546
test:3380,test,mendeley_pa:image:MENDE-PA-00106,images/mendeley_pa/MENDE-PA-00106.jpg,Mendeley PA,3380,12,18,0.0714285714285714,1.01171096182519,1.0211190817130955,1.0052892298622282,0.0064217319629618075
test:3381,test,mendeley_pa:image:MENDE-PA-00106,images/mendeley_pa/MENDE-PA-00106.jpg,Mendeley PA,3381,13,18,0.0714285714285714,1.0505172483625858,1.0049357227192952,1.0444890818701817,0.006028166492404008
test:3382,test,mendeley_pa:image:MENDE-PA-00106,images/mendeley_pa/MENDE-PA-00106.jpg,Mendeley PA,3382,14,18,0.0714285714285714,0.9833165603571261,0.9988774879245625,1.0483860968022214,0.06506953644509528
test:3383,test,mendeley_pa:image:MENDE-PA-00106,images/mendeley_pa/MENDE-PA-00106.jpg,Mendeley PA,3383,15,18,0.0714285714285714,0.8981544784196598,0.981208138397236,0.990620596563716,0.09246611814405625
test:3384,test,mendeley_pa:image:MENDE-PA-00106,images/mendeley_pa/MENDE-PA-00106.jpg,Mendeley PA,3384,16,18,0.0714285714285714,1.0395447961674669,0.9956284619310292,1.0123112469354065,0.02723354923206034
test:3624,test,mendeley_pa:image:MENDE-PA-00125,images/mendeley_pa/MENDE-PA-00125.jpg,Mendeley PA,3624,3,17,0.0769230769230769,0.9210746384117884,0.9855980612835038,0.9643349573513615,0.04326031893957316
test:3625,test,mendeley_pa:image:MENDE-PA-00125,images/mendeley_pa/MENDE-PA-00125.jpg,Mendeley PA,3625,4,17,0.0769230769230769,1.0049259897402614,0.9750363949803504,1.0180935200421009,0.01316753030183948
test:3626,test,mendeley_pa:image:MENDE-PA-00125,images/mendeley_pa/MENDE-PA-00125.jpg,Mendeley PA,3626,5,17,0.0769230769230769,1.000476817957857,1.0,1.025240795686841,0.024763977728984088
test:3627,test,mendeley_pa:image:MENDE-PA-00125,images/mendeley_pa/MENDE-PA-00125.jpg,Mendeley PA,3627,6,17,0.0769230769230769,0.9896338397092435,1.0,1.0233354270458221,0.03370158733657869
test:3628,test,mendeley_pa:image:MENDE-PA-00125,images/mendeley_pa/MENDE-PA-00125.jpg,Mendeley PA,3628,7,17,0.0769230769230769,1.0235416155176915,1.01964180686564,1.019545131653378,0.003996483864313616
test:3629,test,mendeley_pa:image:MENDE-PA-00125,images/mendeley_pa/MENDE-PA-00125.jpg,Mendeley PA,3629,8,17,0.0769230769230769,1.034337878723715,1.0,1.0372842848300934,0.0029464061063784186
test:3630,test,mendeley_pa:image:MENDE-PA-00125,images/mendeley_pa/MENDE-PA-00125.jpg,Mendeley PA,3630,9,17,0.0769230769230769,0.9024305827019365,1.0,1.0042831269092858,0.10185254420734924
test:3631,test,mendeley_pa:image:MENDE-PA-00125,images/mendeley_pa/MENDE-PA-00125.jpg,Mendeley PA,3631,10,17,0.0769230769230769,1.013746044639129,0.9833396835773394,1.0062815988957092,0.0074644457434198674
test:3632,test,mendeley_pa:image:MENDE-PA-00125,images/mendeley_pa/MENDE-PA-00125.jpg,Mendeley PA,3632,11,17,0.0769230769230769,1.0081778590156145,1.0,1.0096438266336918,0.0014659676180772685
test:3633,test,mendeley_pa:image:MENDE-PA-00125,images/mendeley_pa/MENDE-PA-00125.jpg,Mendeley PA,3633,12,17,0.0769230769230769,0.9848971081824063,1.0,0.9919400028884411,0.007042894706034808
test:3634,test,mendeley_pa:image:MENDE-PA-00125,images/mendeley_pa/MENDE-PA-00125.jpg,Mendeley PA,3634,13,17,0.0769230769230769,1.0411332898084904,0.9999999999999998,1.0045978622511027,0.0365354275573877
test:3635,test,mendeley_pa:image:MENDE-PA-00125,images/mendeley_pa/MENDE-PA-00125.jpg,Mendeley PA,3635,14,17,0.0769230769230769,0.9855126970479917,1.0,0.9726158585399389,0.012896838508052788
test:3636,test,mendeley_pa:image:MENDE-PA-00125,images/mendeley_pa/MENDE-PA-00125.jpg,Mendeley PA,3636,15,17,0.0769230769230769,1.023882830574139,1.0216607790718224,0.9995375074724104,0.024345323101728544
test:3683,test,mendeley_pa:image:MENDE-PA-00129,images/mendeley_pa/MENDE-PA-00129.jpg,Mendeley PA,3683,3,19,0.0666666666666666,0.9568270038541997,1.0408035490108238,1.0030017803800808,0.04617477652588109
test:3684,test,mendeley_pa:image:MENDE-PA-00129,images/mendeley_pa/MENDE-PA-00129.jpg,Mendeley PA,3684,4,19,0.0666666666666666,1.1237006661901228,0.99207585609144,1.0847830951828363,0.03891757100728643
test:3685,test,mendeley_pa:image:MENDE-PA-00129,images/mendeley_pa/MENDE-PA-00129.jpg,Mendeley PA,3685,5,19,0.0666666666666666,0.8672777278052941,1.0,1.0771461576223373,0.20986842981704323
test:3686,test,mendeley_pa:image:MENDE-PA-00129,images/mendeley_pa/MENDE-PA-00129.jpg,Mendeley PA,3686,6,19,0.0666666666666666,0.9868454699755851,1.0014001886409507,1.031731319711803,0.0448858497362179
test:3687,test,mendeley_pa:image:MENDE-PA-00129,images/mendeley_pa/MENDE-PA-00129.jpg,Mendeley PA,3687,7,19,0.0666666666666666,1.1367960612124002,1.0,1.0238644741475582,0.11293158706484197
test:3688,test,mendeley_pa:image:MENDE-PA-00129,images/mendeley_pa/MENDE-PA-00129.jpg,Mendeley PA,3688,8,19,0.0666666666666666,0.9484426608247223,1.004379054595569,0.9839749485895428,0.035532287764820536
test:3689,test,mendeley_pa:image:MENDE-PA-00129,images/mendeley_pa/MENDE-PA-00129.jpg,Mendeley PA,3689,9,19,0.0666666666666666,0.9970157790970144,1.0,0.9857662599533796,0.011249519143634812
test:3690,test,mendeley_pa:image:MENDE-PA-00129,images/mendeley_pa/MENDE-PA-00129.jpg,Mendeley PA,3690,10,19,0.0666666666666666,1.056490130487238,0.9723645629423745,0.975421839539621,0.08106829094761703
test:3691,test,mendeley_pa:image:MENDE-PA-00129,images/mendeley_pa/MENDE-PA-00129.jpg,Mendeley PA,3691,11,19,0.0666666666666666,0.8585252391348999,1.0203293781456657,0.9819715577838131,0.1234463186489132
test:3692,test,mendeley_pa:image:MENDE-PA-00129,images/mendeley_pa/MENDE-PA-00129.jpg,Mendeley PA,3692,12,19,0.0666666666666666,1.0631870132154149,0.9405267480294919,1.0126328262965894,0.05055418691882552
test:3693,test,mendeley_pa:image:MENDE-PA-00129,images/mendeley_pa/MENDE-PA-00129.jpg,Mendeley PA,3693,13,19,0.0666666666666666,0.9440966258895425,1.0148141937187076,1.0102322072578729,0.06613558136833042
test:3694,test,mendeley_pa:image:MENDE-PA-00129,images/mendeley_pa/MENDE-PA-00129.jpg,Mendeley PA,3694,14,19,0.0666666666666666,1.0479916795329451,0.9812299589925363,1.0122915524356917,0.03570012709725345
test:3695,test,mendeley_pa:image:MENDE-PA-00129,images/mendeley_pa/MENDE-PA-00129.jpg,Mendeley PA,3695,15,19,0.0666666666666666,0.8704336494559811,1.0,0.9745220299810171,0.104088380525036
test:3696,test,mendeley_pa:image:MENDE-PA-00129,images/mendeley_pa/MENDE-PA-00129.jpg,Mendeley PA,3696,16,19,0.0666666666666666,1.1326584183378137,1.016098375757103,1.019730206671049,0.1129282116667647
test:3697,test,mendeley_pa:image:MENDE-PA-00129,images/mendeley_pa/MENDE-PA-00129.jpg,Mendeley PA,3697,17,19,0.0666666666666666,1.059562252744401,1.029395333459993,0.9909983304947811,0.06856392224961994
test:3904,test,mendeley_pa:image:MENDE-PA-00143,images/mendeley_pa/MENDE-PA-00143.jpg,Mendeley PA,3904,3,18,0.0714285714285714,0.9119412893501373,0.9999999999999999,0.9878602568060159,0.07591896745587856
test:3905,test,mendeley_pa:image:MENDE-PA-00143,images/mendeley_pa/MENDE-PA-00143.jpg,Mendeley PA,3905,4,18,0.0714285714285714,1.0254718069583142,0.9745993391572059,1.0167603344617904,0.00871147249652382
test:3906,test,mendeley_pa:image:MENDE-PA-00143,images/mendeley_pa/MENDE-PA-00143.jpg,Mendeley PA,3906,5,18,0.0714285714285714,0.9708328780756905,1.0059707301449528,0.9936443461817255,0.02281146810603496
test:3907,test,mendeley_pa:image:MENDE-PA-00143,images/mendeley_pa/MENDE-PA-00143.jpg,Mendeley PA,3907,6,18,0.0714285714285714,1.0764396459530219,1.024553712238099,1.0299532304187375,0.04648641553428434
test:3908,test,mendeley_pa:image:MENDE-PA-00143,images/mendeley_pa/MENDE-PA-00143.jpg,Mendeley PA,3908,7,18,0.0714285714285714,1.0309917194097182,1.0130738542943087,1.049029018875846,0.018037299466127754
test:3909,test,mendeley_pa:image:MENDE-PA-00143,images/mendeley_pa/MENDE-PA-00143.jpg,Mendeley PA,3909,8,18,0.0714285714285714,0.956688436837043,0.9959535412309619,1.0162107348261329,0.05952229798908992
test:3910,test,mendeley_pa:image:MENDE-PA-00143,images/mendeley_pa/MENDE-PA-00143.jpg,Mendeley PA,3910,9,18,0.0714285714285714,0.9889424274222638,0.9768618908986916,0.9925681730077137,0.0036257455854499243
test:3911,test,mendeley_pa:image:MENDE-PA-00143,images/mendeley_pa/MENDE-PA-00143.jpg,Mendeley PA,3911,10,18,0.0714285714285714,0.9410333190056792,1.0,0.9739975202828646,0.03296420127718536
test:3912,test,mendeley_pa:image:MENDE-PA-00143,images/mendeley_pa/MENDE-PA-00143.jpg,Mendeley PA,3912,11,18,0.0714285714285714,1.0382058033382076,1.0,1.0034517771564424,0.03475402618176515
test:3913,test,mendeley_pa:image:MENDE-PA-00143,images/mendeley_pa/MENDE-PA-00143.jpg,Mendeley PA,3913,12,18,0.0714285714285714,0.9931811807950912,1.0,0.9600603356957436,0.03312084509934765
test:3914,test,mendeley_pa:image:MENDE-PA-00143,images/mendeley_pa/MENDE-PA-00143.jpg,Mendeley PA,3914,13,18,0.0714285714285714,1.064327578368619,1.0563078952644158,1.0326088780228186,0.03171870034580038
test:3915,test,mendeley_pa:image:MENDE-PA-00143,images/mendeley_pa/MENDE-PA-00143.jpg,Mendeley PA,3915,14,18,0.0714285714285714,1.0662269578521377,0.9923858047328633,1.0035518287546676,0.06267512909747008
test:3916,test,mendeley_pa:image:MENDE-PA-00143,images/mendeley_pa/MENDE-PA-00143.jpg,Mendeley PA,3916,15,18,0.0714285714285714,0.8973418968738613,1.0,1.0162892770022154,0.11894738012835404
test:3917,test,mendeley_pa:image:MENDE-PA-00143,images/mendeley_pa/MENDE-PA-00143.jpg,Mendeley PA,3917,16,18,0.0714285714285714,0.9699106361546482,0.9607952517408405,0.9840396773952518,0.014129041240603546
test:4074,test,mendeley_pa:image:MENDE-PA-00156,images/mendeley_pa/MENDE-PA-00156.jpg,Mendeley PA,4074,3,18,0.0714285714285714,0.9731877398315898,1.0,0.9644009359180927,0.008786803913497065
test:4075,test,mendeley_pa:image:MENDE-PA-00156,images/mendeley_pa/MENDE-PA-00156.jpg,Mendeley PA,4075,4,18,0.0714285714285714,1.0344665757463363,1.0006069010203302,1.0344487791960657,1.7796550270565703e-05
test:4076,test,mendeley_pa:image:MENDE-PA-00156,images/mendeley_pa/MENDE-PA-00156.jpg,Mendeley PA,4076,5,18,0.0714285714285714,1.0061593565991316,1.0,1.0502026192843914,0.04404326268525982
test:4077,test,mendeley_pa:image:MENDE-PA-00156,images/mendeley_pa/MENDE-PA-00156.jpg,Mendeley PA,4077,6,18,0.0714285714285714,0.9655999061251703,1.0,1.0556914806365967,0.09009157451142635
test:4078,test,mendeley_pa:image:MENDE-PA-00156,images/mendeley_pa/MENDE-PA-00156.jpg,Mendeley PA,4078,7,18,0.0714285714285714,1.0047459637606717,0.9994546169277949,1.0050211631555779,0.00027519939490616707
test:4079,test,mendeley_pa:image:MENDE-PA-00156,images/mendeley_pa/MENDE-PA-00156.jpg,Mendeley PA,4079,8,18,0.0714285714285714,1.0240530118193365,1.0,0.9780697431415319,0.045983268677804556
test:4080,test,mendeley_pa:image:MENDE-PA-00156,images/mendeley_pa/MENDE-PA-00156.jpg,Mendeley PA,4080,9,18,0.0714285714285714,1.0026311732870798,1.0336473536442548,1.0008444142292767,0.0017867590578031223
test:4081,test,mendeley_pa:image:MENDE-PA-00156,images/mendeley_pa/MENDE-PA-00156.jpg,Mendeley PA,4081,10,18,0.0714285714285714,1.06704879503916,1.0000000000000002,0.9728304482996466,0.09421834673951346
test:4082,test,mendeley_pa:image:MENDE-PA-00156,images/mendeley_pa/MENDE-PA-00156.jpg,Mendeley PA,4082,11,18,0.0714285714285714,0.9539174659981476,1.0,1.0110788559541106,0.05716138995596298
test:4083,test,mendeley_pa:image:MENDE-PA-00156,images/mendeley_pa/MENDE-PA-00156.jpg,Mendeley PA,4083,12,18,0.0714285714285714,0.9158005662066393,0.9701425104059547,0.995406626410064,0.07960606020342476
test:4084,test,mendeley_pa:image:MENDE-PA-00156,images/mendeley_pa/MENDE-PA-00156.jpg,Mendeley PA,4084,13,18,0.0714285714285714,1.0483429197208665,1.0,1.0317867994308472,0.016556120290019294
test:4085,test,mendeley_pa:image:MENDE-PA-00156,images/mendeley_pa/MENDE-PA-00156.jpg,Mendeley PA,4085,14,18,0.0714285714285714,1.0011096973505975,1.0,0.983348673209548,0.01776102414104952
test:4086,test,mendeley_pa:image:MENDE-PA-00156,images/mendeley_pa/MENDE-PA-00156.jpg,Mendeley PA,4086,15,18,0.0714285714285714,1.000673367173949,1.0,1.0134921092540026,0.012818742080053624
test:4087,test,mendeley_pa:image:MENDE-PA-00156,images/mendeley_pa/MENDE-PA-00156.jpg,Mendeley PA,4087,16,18,0.0714285714285714,0.9957887985604436,1.0414019335063234,1.0317161610351935,0.035927362474749924
test:4238,test,mendeley_pa:image:MENDE-PA-00169,images/mendeley_pa/MENDE-PA-00169.jpg,Mendeley PA,4238,3,18,0.0714285714285714,0.9716383149932682,1.0948076612520408,1.0081313616800498,0.03649304668678155
test:4239,test,mendeley_pa:image:MENDE-PA-00169,images/mendeley_pa/MENDE-PA-00169.jpg,Mendeley PA,4239,4,18,0.0714285714285714,1.146898450457413,0.9568699903613973,1.0563599325544286,0.09053851790298428
test:4240,test,mendeley_pa:image:MENDE-PA-00169,images/mendeley_pa/MENDE-PA-00169.jpg,Mendeley PA,4240,5,18,0.0714285714285714,0.7885425502866883,1.0494163484625507,0.9300504104547191,0.14150786016803085
test:4241,test,mendeley_pa:image:MENDE-PA-00169,images/mendeley_pa/MENDE-PA-00169.jpg,Mendeley PA,4241,6,18,0.0714285714285714,1.143349346992701,0.9165296001771442,1.0107222689727298,0.1326270780199712
test:4242,test,mendeley_pa:image:MENDE-PA-00169,images/mendeley_pa/MENDE-PA-00169.jpg,Mendeley PA,4242,7,18,0.0714285714285714,0.9575945784785422,1.026906926071634,0.9543335399389168,0.0032610385396254493
test:4243,test,mendeley_pa:image:MENDE-PA-00169,images/mendeley_pa/MENDE-PA-00169.jpg,Mendeley PA,4243,8,18,0.0714285714285714,1.0033696890842607,0.9738162188299389,0.922868340320179,0.08050134876408177
test:4244,test,mendeley_pa:image:MENDE-PA-00169,images/mendeley_pa/MENDE-PA-00169.jpg,Mendeley PA,4244,9,18,0.0714285714285714,0.9866484001300705,1.0,0.9737799968570471,0.01286840327302341
test:4245,test,mendeley_pa:image:MENDE-PA-00169,images/mendeley_pa/MENDE-PA-00169.jpg,Mendeley PA,4245,10,18,0.0714285714285714,0.9952163671171768,0.9944713781667306,0.9819952896875693,0.01322107742960743
test:4246,test,mendeley_pa:image:MENDE-PA-00169,images/mendeley_pa/MENDE-PA-00169.jpg,Mendeley PA,4246,11,18,0.0714285714285714,1.0077463937903253,1.0116612917073615,0.9988091258593448,0.008937267930980486
test:4247,test,mendeley_pa:image:MENDE-PA-00169,images/mendeley_pa/MENDE-PA-00169.jpg,Mendeley PA,4247,12,18,0.0714285714285714,1.0237469473683745,1.001322568252839,1.0294299450220241,0.005682997653649657
test:4248,test,mendeley_pa:image:MENDE-PA-00169,images/mendeley_pa/MENDE-PA-00169.jpg,Mendeley PA,4248,13,18,0.0714285714285714,0.9997881439193318,1.0108202405358129,1.0330268748188787,0.033238730899546876
test:4249,test,mendeley_pa:image:MENDE-PA-00169,images/mendeley_pa/MENDE-PA-00169.jpg,Mendeley PA,4249,14,18,0.0714285714285714,0.9874461572414648,0.8821369019712988,0.985024130102593,0.0024220271388717407
test:4250,test,mendeley_pa:image:MENDE-PA-00169,images/mendeley_pa/MENDE-PA-00169.jpg,Mendeley PA,4250,15,18,0.0714285714285714,0.7022825101758888,0.9995033349048268,0.9523486587356698,0.25006614855978093
test:4251,test,mendeley_pa:image:MENDE-PA-00169,images/mendeley_pa/MENDE-PA-00169.jpg,Mendeley PA,4251,16,18,0.0714285714285714,1.103640434399996,0.9132853959372116,1.0504276667406631,0.053212767659332805
test:4282,test,mendeley_pa:image:MENDE-PA-00172,images/mendeley_pa/MENDE-PA-00172.jpg,Mendeley PA,4282,3,18,0.0714285714285714,0.8682230045644741,0.9999999999999998,0.9723932910710571,0.104170286506583
test:4283,test,mendeley_pa:image:MENDE-PA-00172,images/mendeley_pa/MENDE-PA-00172.jpg,Mendeley PA,4283,4,18,0.0714285714285714,1.0005711670449888,0.9406058582615031,1.0594289022635592,0.058857735218570406
test:4284,test,mendeley_pa:image:MENDE-PA-00172,images/mendeley_pa/MENDE-PA-00172.jpg,Mendeley PA,4284,5,18,0.0714285714285714,0.9589786022085806,1.0030797163340879,1.0777097607347799,0.11873115852619931
test:4285,test,mendeley_pa:image:MENDE-PA-00172,images/mendeley_pa/MENDE-PA-00172.jpg,Mendeley PA,4285,6,18,0.0714285714285714,1.0568854544432282,1.0000000000000002,0.9945993083529177,0.06228614609031058
test:4286,test,mendeley_pa:image:MENDE-PA-00172,images/mendeley_pa/MENDE-PA-00172.jpg,Mendeley PA,4286,7,18,0.0714285714285714,0.9324826869808023,1.0,0.9470393061637878,0.014556619182985564
test:4287,test,mendeley_pa:image:MENDE-PA-00172,images/mendeley_pa/MENDE-PA-00172.jpg,Mendeley PA,4287,8,18,0.0714285714285714,1.1195427253004278,1.1136362155716464,1.0608922926526114,0.05865043264781633
test:4288,test,mendeley_pa:image:MENDE-PA-00172,images/mendeley_pa/MENDE-PA-00172.jpg,Mendeley PA,4288,9,18,0.0714285714285714,1.1679060884439363,1.0,1.0553497858345509,0.11255630260938543
test:4289,test,mendeley_pa:image:MENDE-PA-00172,images/mendeley_pa/MENDE-PA-00172.jpg,Mendeley PA,4289,10,18,0.0714285714285714,0.7849911076590843,1.0810922945400978,0.9479462171456123,0.16295510948652803
test:4290,test,mendeley_pa:image:MENDE-PA-00172,images/mendeley_pa/MENDE-PA-00172.jpg,Mendeley PA,4290,11,18,0.0714285714285714,1.1963692642801362,0.9095878914295124,0.9981161520181583,0.19825311226197795
test:4291,test,mendeley_pa:image:MENDE-PA-00172,images/mendeley_pa/MENDE-PA-00172.jpg,Mendeley PA,4291,12,18,0.0714285714285714,0.8609065173039019,1.0018885665023431,0.9196616419041261,0.05875512460022425
test:4292,test,mendeley_pa:image:MENDE-PA-00172,images/mendeley_pa/MENDE-PA-00172.jpg,Mendeley PA,4292,13,18,0.0714285714285714,1.0104459791721832,0.9348872404070279,0.9302143717640718,0.0802316074081113
test:4293,test,mendeley_pa:image:MENDE-PA-00172,images/mendeley_pa/MENDE-PA-00172.jpg,Mendeley PA,4293,14,18,0.0714285714285714,1.0395625890998978,1.0388683503154876,1.0447273825887802,0.005164793488882324
test:4294,test,mendeley_pa:image:MENDE-PA-00172,images/mendeley_pa/MENDE-PA-00172.jpg,Mendeley PA,4294,15,18,0.0714285714285714,0.9930348038976462,0.9626810535492778,0.9922159727367044,0.0008188311609418353
test:4295,test,mendeley_pa:image:MENDE-PA-00172,images/mendeley_pa/MENDE-PA-00172.jpg,Mendeley PA,4295,16,18,0.0714285714285714,0.8660852080117075,0.9976238590718192,0.9788787924737614,0.1127935844620539
test:4332,test,mendeley_pa:image:MENDE-PA-00175,images/mendeley_pa/MENDE-PA-00175.jpg,Mendeley PA,4332,3,18,0.0714285714285714,0.8695475534300812,0.9530204824882043,0.9886586807446969,0.1191111273146157
test:4333,test,mendeley_pa:image:MENDE-PA-00175,images/mendeley_pa/MENDE-PA-00175.jpg,Mendeley PA,4333,4,18,0.0714285714285714,1.1964780239675774,1.0000000000000002,1.0670995041728022,0.12937851979477522
test:4334,test,mendeley_pa:image:MENDE-PA-00175,images/mendeley_pa/MENDE-PA-00175.jpg,Mendeley PA,4334,5,18,0.0714285714285714,1.0096487456272485,1.1468074018480587,1.0133229786875058,0.0036742330602572704
test:4335,test,mendeley_pa:image:MENDE-PA-00175,images/mendeley_pa/MENDE-PA-00175.jpg,Mendeley PA,4335,6,18,0.0714285714285714,1.2175252842911295,0.9766127909191809,0.9801068254404626,0.23741845885066692
test:4336,test,mendeley_pa:image:MENDE-PA-00175,images/mendeley_pa/MENDE-PA-00175.jpg,Mendeley PA,4336,7,18,0.0714285714285714,0.8866954315645854,1.0553766947231786,0.9408150177441137,0.05411958617952828
test:4337,test,mendeley_pa:image:MENDE-PA-00175,images/mendeley_pa/MENDE-PA-00175.jpg,Mendeley PA,4337,8,18,0.0714285714285714,0.8709018775358476,0.8794862899901532,0.9085719000520371,0.03767002251618956
test:4338,test,mendeley_pa:image:MENDE-PA-00175,images/mendeley_pa/MENDE-PA-00175.jpg,Mendeley PA,4338,9,18,0.0714285714285714,1.068328280292693,1.1141074420866426,1.0979580255207475,0.029629745228054505
test:4339,test,mendeley_pa:image:MENDE-PA-00175,images/mendeley_pa/MENDE-PA-00175.jpg,Mendeley PA,4339,10,18,0.0714285714285714,1.2123153537002964,1.0207841388845909,1.0869780696893203,0.1253372840109761
test:4340,test,mendeley_pa:image:MENDE-PA-00175,images/mendeley_pa/MENDE-PA-00175.jpg,Mendeley PA,4340,11,18,0.0714285714285714,0.8708631983665744,0.981643059507809,0.9611411944337704,0.090277996067196
test:4341,test,mendeley_pa:image:MENDE-PA-00175,images/mendeley_pa/MENDE-PA-00175.jpg,Mendeley PA,4341,12,18,0.0714285714285714,0.8642721150523891,1.040245092421641,0.981725457072129,0.11745334201973989
test:4342,test,mendeley_pa:image:MENDE-PA-00175,images/mendeley_pa/MENDE-PA-00175.jpg,Mendeley PA,4342,13,18,0.0714285714285714,1.3534201706385929,1.0,1.079692281782627,0.2737278888559658
test:4343,test,mendeley_pa:image:MENDE-PA-00175,images/mendeley_pa/MENDE-PA-00175.jpg,Mendeley PA,4343,14,18,0.0714285714285714,0.857922188381258,1.0208317220624918,0.9356143951829905,0.0776922068017325
test:4344,test,mendeley_pa:image:MENDE-PA-00175,images/mendeley_pa/MENDE-PA-00175.jpg,Mendeley PA,4344,15,18,0.0714285714285714,0.8722058057064569,0.8877625271400644,0.881733021857424,0.009527216150967077
test:4345,test,mendeley_pa:image:MENDE-PA-00175,images/mendeley_pa/MENDE-PA-00175.jpg,Mendeley PA,4345,16,18,0.0714285714285714,1.0009809195078405,0.9999999999999999,1.044109657406807,0.04312873789896643
test:4350,test,mendeley_pa:image:MENDE-PA-00176,images/mendeley_pa/MENDE-PA-00176.jpg,Mendeley PA,4350,3,18,0.0714285714285714,1.2211603949449006,1.0,1.049742680042982,0.17141771490191848
test:4351,test,mendeley_pa:image:MENDE-PA-00176,images/mendeley_pa/MENDE-PA-00176.jpg,Mendeley PA,4351,4,18,0.0714285714285714,0.9065059631159714,1.0617459741613855,1.0059825246415128,0.09947656152554141
test:4352,test,mendeley_pa:image:MENDE-PA-00176,images/mendeley_pa/MENDE-PA-00176.jpg,Mendeley PA,4352,5,18,0.0714285714285714,0.9624453297144314,0.9020367484233477,0.9337384696743586,0.028706860040072835
test:4353,test,mendeley_pa:image:MENDE-PA-00176,images/mendeley_pa/MENDE-PA-00176.jpg,Mendeley PA,4353,6,18,0.0714285714285714,0.968906638637525,1.0504449637775863,1.0561532647518064,0.08724662611428136
test:4354,test,mendeley_pa:image:MENDE-PA-00176,images/mendeley_pa/MENDE-PA-00176.jpg,Mendeley PA,4354,7,18,0.0714285714285714,1.1101419385408497,0.9890793248116012,1.0461383110879894,0.06400362745286037
test:4355,test,mendeley_pa:image:MENDE-PA-00176,images/mendeley_pa/MENDE-PA-00176.jpg,Mendeley PA,4355,8,18,0.0714285714285714,0.914913533726151,1.0,0.9283841401338577,0.013470606407706698
test:4356,test,mendeley_pa:image:MENDE-PA-00176,images/mendeley_pa/MENDE-PA-00176.jpg,Mendeley PA,4356,9,18,0.0714285714285714,0.9834026651055072,0.9612851923545129,0.9579433797140844,0.025459285391422837
test:4357,test,mendeley_pa:image:MENDE-PA-00176,images/mendeley_pa/MENDE-PA-00176.jpg,Mendeley PA,4357,10,18,0.0714285714285714,1.023527038895049,1.0,1.0334654711186886,0.009938432223639548
test:4358,test,mendeley_pa:image:MENDE-PA-00176,images/mendeley_pa/MENDE-PA-00176.jpg,Mendeley PA,4358,11,18,0.0714285714285714,0.9273336395803848,1.0163567980418031,1.0092840298676913,0.08195039028730644
test:4359,test,mendeley_pa:image:MENDE-PA-00176,images/mendeley_pa/MENDE-PA-00176.jpg,Mendeley PA,4359,12,18,0.0714285714285714,1.0932905641392496,0.9939553038180141,1.021775378748801,0.07151518539044854
test:4360,test,mendeley_pa:image:MENDE-PA-00176,images/mendeley_pa/MENDE-PA-00176.jpg,Mendeley PA,4360,13,18,0.0714285714285714,0.9561107259764718,0.9999999999999999,0.9785512443631886,0.02244051838671679
test:4361,test,mendeley_pa:image:MENDE-PA-00176,images/mendeley_pa/MENDE-PA-00176.jpg,Mendeley PA,4361,14,18,0.0714285714285714,0.9651334694319416,0.9859704641121982,0.9832789786588012,0.018145509226859646
test:4362,test,mendeley_pa:image:MENDE-PA-00176,images/mendeley_pa/MENDE-PA-00176.jpg,Mendeley PA,4362,15,18,0.0714285714285714,1.0360007634334774,1.0,0.9853305434808135,0.05067021995266385
test:4363,test,mendeley_pa:image:MENDE-PA-00176,images/mendeley_pa/MENDE-PA-00176.jpg,Mendeley PA,4363,16,18,0.0714285714285714,1.0144238205430174,1.0550565873326496,1.0427814745398,0.028357653996782695
test:4384,test,mendeley_pa:image:MENDE-PA-00178,images/mendeley_pa/MENDE-PA-00178.jpg,Mendeley PA,4384,3,18,0.0714285714285714,1.2276046575768236,1.0184406445642409,1.2615687654634413,0.033964107886617745
test:4385,test,mendeley_pa:image:MENDE-PA-00178,images/mendeley_pa/MENDE-PA-00178.jpg,Mendeley PA,4385,4,18,0.0714285714285714,0.5856575880361039,0.80396312999089,0.8304413516308808,0.24478376359477694
test:4386,test,mendeley_pa:image:MENDE-PA-00178,images/mendeley_pa/MENDE-PA-00178.jpg,Mendeley PA,4386,5,18,0.0714285714285714,0.5988978106362182,0.8178249771877456,0.838910306541555,0.2400124959053368
test:4387,test,mendeley_pa:image:MENDE-PA-00178,images/mendeley_pa/MENDE-PA-00178.jpg,Mendeley PA,4387,6,18,0.0714285714285714,1.2055948405106682,1.0147978014130188,1.0644801876325203,0.14111465287814795
test:4388,test,mendeley_pa:image:MENDE-PA-00178,images/mendeley_pa/MENDE-PA-00178.jpg,Mendeley PA,4388,7,18,0.0714285714285714,1.0737967002578532,0.9999999999999999,1.0366523191332817,0.037144381124571524
test:4389,test,mendeley_pa:image:MENDE-PA-00178,images/mendeley_pa/MENDE-PA-00178.jpg,Mendeley PA,4389,8,18,0.0714285714285714,1.0383856042994037,1.1280786032009207,1.101894975655087,0.06350937135568335
test:4390,test,mendeley_pa:image:MENDE-PA-00178,images/mendeley_pa/MENDE-PA-00178.jpg,Mendeley PA,4390,9,18,0.0714285714285714,1.2529776729992217,0.9949381471406904,1.0289092556368795,0.22406841736234218
test:4391,test,mendeley_pa:image:MENDE-PA-00178,images/mendeley_pa/MENDE-PA-00178.jpg,Mendeley PA,4391,10,18,0.0714285714285714,0.8604523103718986,1.0334446912454691,1.1071349864648905,0.24668267609299188
test:4392,test,mendeley_pa:image:MENDE-PA-00178,images/mendeley_pa/MENDE-PA-00178.jpg,Mendeley PA,4392,11,18,0.0714285714285714,0.8128029727982682,0.8501927248536778,0.9365722827016545,0.1237693099033863
test:4393,test,mendeley_pa:image:MENDE-PA-00178,images/mendeley_pa/MENDE-PA-00178.jpg,Mendeley PA,4393,12,18,0.0714285714285714,0.9358320550469292,1.0,1.0233860071748495,0.08755395212792028
test:4394,test,mendeley_pa:image:MENDE-PA-00178,images/mendeley_pa/MENDE-PA-00178.jpg,Mendeley PA,4394,13,18,0.0714285714285714,1.1003008003178874,1.0359012068654998,1.057694641261886,0.0426061590560014
test:4395,test,mendeley_pa:image:MENDE-PA-00178,images/mendeley_pa/MENDE-PA-00178.jpg,Mendeley PA,4395,14,18,0.0714285714285714,1.0676256572369611,1.0,1.0206414423882961,0.046984214848664996
test:4396,test,mendeley_pa:image:MENDE-PA-00178,images/mendeley_pa/MENDE-PA-00178.jpg,Mendeley PA,4396,15,18,0.0714285714285714,0.9138466666294933,1.0,0.9846078371629119,0.07076117053341857
test:4397,test,mendeley_pa:image:MENDE-PA-00178,images/mendeley_pa/MENDE-PA-00178.jpg,Mendeley PA,4397,16,18,0.0714285714285714,1.0347004675863447,1.009561452368587,1.0199010663724837,0.01479940121386103
test:4495,test,mendeley_pa:image:MENDE-PA-00185,images/mendeley_pa/MENDE-PA-00185.jpg,Mendeley PA,4495,3,18,0.0714285714285714,0.9620070165628845,0.9668703153872518,1.018694844111207,0.05668782754832247
test:4496,test,mendeley_pa:image:MENDE-PA-00185,images/mendeley_pa/MENDE-PA-00185.jpg,Mendeley PA,4496,4,18,0.0714285714285714,0.9769934893927128,1.0,0.9745446443557739,0.0024488450369388737
test:4497,test,mendeley_pa:image:MENDE-PA-00185,images/mendeley_pa/MENDE-PA-00185.jpg,Mendeley PA,4497,5,18,0.0714285714285714,1.0286756608212984,1.0,1.010810298845172,0.017865361976126426
test:4498,test,mendeley_pa:image:MENDE-PA-00185,images/mendeley_pa/MENDE-PA-00185.jpg,Mendeley PA,4498,6,18,0.0714285714285714,1.0042336184635996,1.0000000000000002,1.027108892798424,0.02287527433482439
test:4499,test,mendeley_pa:image:MENDE-PA-00185,images/mendeley_pa/MENDE-PA-00185.jpg,Mendeley PA,4499,7,18,0.0714285714285714,0.9955266881979866,1.0,1.0380034185945988,0.04247673039661215
test:4500,test,mendeley_pa:image:MENDE-PA-00185,images/mendeley_pa/MENDE-PA-00185.jpg,Mendeley PA,4500,8,18,0.0714285714285714,1.0183283758495194,1.0117077174228286,1.0260480426815008,0.007719666831981442
test:4501,test,mendeley_pa:image:MENDE-PA-00185,images/mendeley_pa/MENDE-PA-00185.jpg,Mendeley PA,4501,9,18,0.0714285714285714,1.0169794705899724,1.0,1.006901575718075,0.010077894871897364
test:4502,test,mendeley_pa:image:MENDE-PA-00185,images/mendeley_pa/MENDE-PA-00185.jpg,Mendeley PA,4502,10,18,0.0714285714285714,0.8521838005624263,1.0,0.9531422518193722,0.10095845125694591
test:4503,test,mendeley_pa:image:MENDE-PA-00185,images/mendeley_pa/MENDE-PA-00185.jpg,Mendeley PA,4503,11,18,0.0714285714285714,1.1074067060999393,0.9902619675925453,1.0138149627676685,0.09359174333227083
test:4504,test,mendeley_pa:image:MENDE-PA-00185,images/mendeley_pa/MENDE-PA-00185.jpg,Mendeley PA,4504,12,18,0.0714285714285714,1.0028974772148067,0.9999999999999998,1.0567672960460184,0.05386981883121167
test:4505,test,mendeley_pa:image:MENDE-PA-00185,images/mendeley_pa/MENDE-PA-00185.jpg,Mendeley PA,4505,13,18,0.0714285714285714,0.9156206439197494,1.0233289730325916,1.0158028430827537,0.1001821991630043
test:4506,test,mendeley_pa:image:MENDE-PA-00185,images/mendeley_pa/MENDE-PA-00185.jpg,Mendeley PA,4506,14,18,0.0714285714285714,1.276959051742282,1.1191154775314809,1.1579118278913976,0.1190472238508844
test:4507,test,mendeley_pa:image:MENDE-PA-00185,images/mendeley_pa/MENDE-PA-00185.jpg,Mendeley PA,4507,15,18,0.0714285714285714,1.3977428254057986,1.150613057607398,1.2627207294046736,0.13502209600112502
test:4508,test,mendeley_pa:image:MENDE-PA-00185,images/mendeley_pa/MENDE-PA-00185.jpg,Mendeley PA,4508,16,18,0.0714285714285714,0.7515902638896168,0.9710253887412743,0.8624567278263764,0.11086646393675958
test:4540,test,mendeley_pa:image:MENDE-PA-00189,images/mendeley_pa/MENDE-PA-00189.jpg,Mendeley PA,4540,3,18,0.0714285714285714,1.058247384471271,0.9997672808300098,1.0035401964038004,0.05470718806747055
test:4541,test,mendeley_pa:image:MENDE-PA-00189,images/mendeley_pa/MENDE-PA-00189.jpg,Mendeley PA,4541,4,18,0.0714285714285714,1.0023157560358242,1.089675709161964,1.0174164693095356,0.01510071327371132
test:4542,test,mendeley_pa:image:MENDE-PA-00189,images/mendeley_pa/MENDE-PA-00189.jpg,Mendeley PA,4542,5,18,0.0714285714285714,1.1854583402482284,0.9999999999999999,1.043600220233202,0.1418581200150264
test:4543,test,mendeley_pa:image:MENDE-PA-00189,images/mendeley_pa/MENDE-PA-00189.jpg,Mendeley PA,4543,6,18,0.0714285714285714,0.9142592264893653,1.0440014783555203,0.9517083574348622,0.037449130945496845
test:4544,test,mendeley_pa:image:MENDE-PA-00189,images/mendeley_pa/MENDE-PA-00189.jpg,Mendeley PA,4544,7,18,0.0714285714285714,1.0245030494754832,0.9618215104102247,0.9301707883833997,0.09433226109208348
test:4545,test,mendeley_pa:image:MENDE-PA-00189,images/mendeley_pa/MENDE-PA-00189.jpg,Mendeley PA,4545,8,18,0.0714285714285714,0.9877542425432297,1.001720989688893,0.9808423413034875,0.00691190123974228
test:4546,test,mendeley_pa:image:MENDE-PA-00189,images/mendeley_pa/MENDE-PA-00189.jpg,Mendeley PA,4546,9,18,0.0714285714285714,0.9789631245549653,0.9874114467089112,0.9972035464157398,0.01824042186077457
test:4547,test,mendeley_pa:image:MENDE-PA-00189,images/mendeley_pa/MENDE-PA-00189.jpg,Mendeley PA,4547,10,18,0.0714285714285714,0.985128624569143,1.0,1.0069274795241654,0.02179885495502243
test:4548,test,mendeley_pa:image:MENDE-PA-00189,images/mendeley_pa/MENDE-PA-00189.jpg,Mendeley PA,4548,11,18,0.0714285714285714,0.9820547682166629,1.0027738783077957,0.9700257937924626,0.012028974424200367
test:4549,test,mendeley_pa:image:MENDE-PA-00189,images/mendeley_pa/MENDE-PA-00189.jpg,Mendeley PA,4549,12,18,0.0714285714285714,1.0456214716594703,0.9999999999999999,0.989856308326125,0.05576516333334525
test:4550,test,mendeley_pa:image:MENDE-PA-00189,images/mendeley_pa/MENDE-PA-00189.jpg,Mendeley PA,4550,13,18,0.0714285714285714,0.9670586393000167,1.0000000000000002,0.9491113126277926,0.017947326672224095
test:4551,test,mendeley_pa:image:MENDE-PA-00189,images/mendeley_pa/MENDE-PA-00189.jpg,Mendeley PA,4551,14,18,0.0714285714285714,1.060151394844596,1.039067078631994,1.0630033726512162,0.002851977806620276
test:4552,test,mendeley_pa:image:MENDE-PA-00189,images/mendeley_pa/MENDE-PA-00189.jpg,Mendeley PA,4552,15,18,0.0714285714285714,1.0505043611735783,0.9207720077317629,0.9838087922614489,0.06669556891212935
test:4553,test,mendeley_pa:image:MENDE-PA-00189,images/mendeley_pa/MENDE-PA-00189.jpg,Mendeley PA,4553,16,18,0.0714285714285714,0.7311782327720413,1.0,0.8952783420681953,0.16410010929615404
test:4606,test,mendeley_pa:image:MENDE-PA-00195,images/mendeley_pa/MENDE-PA-00195.jpg,Mendeley PA,4606,3,18,0.0714285714285714,0.8528622756087427,1.232062598768839,1.1779512372652379,0.32508896165649515
test:4607,test,mendeley_pa:image:MENDE-PA-00195,images/mendeley_pa/MENDE-PA-00195.jpg,Mendeley PA,4607,4,18,0.0714285714285714,0.8797252347196239,0.9605364961541403,0.9808704009271372,0.10114516620751324
test:4608,test,mendeley_pa:image:MENDE-PA-00195,images/mendeley_pa/MENDE-PA-00195.jpg,Mendeley PA,4608,5,18,0.0714285714285714,1.1220635360154687,0.997459983186284,1.0456463859541807,0.07641715006128802
test:4609,test,mendeley_pa:image:MENDE-PA-00195,images/mendeley_pa/MENDE-PA-00195.jpg,Mendeley PA,4609,6,18,0.0714285714285714,0.9149241073795404,1.0,1.0234532169997692,0.10852910962022877
test:4610,test,mendeley_pa:image:MENDE-PA-00195,images/mendeley_pa/MENDE-PA-00195.jpg,Mendeley PA,4610,7,18,0.0714285714285714,1.030007134319988,0.9889345122010473,1.064292880657411,0.034285746337423095
test:4611,test,mendeley_pa:image:MENDE-PA-00195,images/mendeley_pa/MENDE-PA-00195.jpg,Mendeley PA,4611,8,18,0.0714285714285714,1.033630145092585,1.0,1.0594987869262695,0.025868641833684425
test:4612,test,mendeley_pa:image:MENDE-PA-00195,images/mendeley_pa/MENDE-PA-00195.jpg,Mendeley PA,4612,9,18,0.0714285714285714,0.9085418287974181,1.0,1.0003245367552154,0.0917827079577973
test:4613,test,mendeley_pa:image:MENDE-PA-00195,images/mendeley_pa/MENDE-PA-00195.jpg,Mendeley PA,4613,10,18,0.0714285714285714,1.0811678039034802,1.0460592608833006,1.033842604414492,0.04732519948898828
test:4614,test,mendeley_pa:image:MENDE-PA-00195,images/mendeley_pa/MENDE-PA-00195.jpg,Mendeley PA,4614,11,18,0.0714285714285714,1.1798028722899512,1.0721270278650281,1.0440016709822175,0.13580120130773365
test:4615,test,mendeley_pa:image:MENDE-PA-00195,images/mendeley_pa/MENDE-PA-00195.jpg,Mendeley PA,4615,12,18,0.0714285714285714,0.9625184811801539,0.991271613309212,1.0967866984699444,0.13426821728979044
test:4616,test,mendeley_pa:image:MENDE-PA-00195,images/mendeley_pa/MENDE-PA-00195.jpg,Mendeley PA,4616,13,18,0.0714285714285714,0.8600504807994016,0.9370847632938812,1.0441124504262398,0.18406196962683818
test:4617,test,mendeley_pa:image:MENDE-PA-00195,images/mendeley_pa/MENDE-PA-00195.jpg,Mendeley PA,4617,14,18,0.0714285714285714,0.9502904893733679,0.96463649597846,1.0558748605557535,0.10558437118238562
test:4618,test,mendeley_pa:image:MENDE-PA-00195,images/mendeley_pa/MENDE-PA-00195.jpg,Mendeley PA,4618,15,18,0.0714285714285714,0.9715599987709662,1.0,1.0857331901788712,0.11417319140790494
test:4619,test,mendeley_pa:image:MENDE-PA-00195,images/mendeley_pa/MENDE-PA-00195.jpg,Mendeley PA,4619,16,18,0.0714285714285714,1.0149941576792905,1.0000000000000002,1.0886588245630267,0.07366466688373619
test:4624,test,mendeley_pa:image:MENDE-PA-00196,images/mendeley_pa/MENDE-PA-00196.jpg,Mendeley PA,4624,3,17,0.0769230769230769,1.180724763481644,1.0712647200574126,1.1505005867232527,0.030224176758391286
test:4625,test,mendeley_pa:image:MENDE-PA-00196,images/mendeley_pa/MENDE-PA-00196.jpg,Mendeley PA,4625,4,17,0.0769230769230769,0.8401934175809214,0.9390941599972205,0.9351621263317422,0.09496870875082086
test:4626,test,mendeley_pa:image:MENDE-PA-00196,images/mendeley_pa/MENDE-PA-00196.jpg,Mendeley PA,4626,5,17,0.0769230769230769,0.8514795890548698,0.9423062076988729,0.9205984680178674,0.06911887896299762
test:4627,test,mendeley_pa:image:MENDE-PA-00196,images/mendeley_pa/MENDE-PA-00196.jpg,Mendeley PA,4627,6,17,0.0769230769230769,1.1583236087105009,1.0164263238286968,1.0721825090324875,0.08614109967801342
test:4628,test,mendeley_pa:image:MENDE-PA-00196,images/mendeley_pa/MENDE-PA-00196.jpg,Mendeley PA,4628,7,17,0.0769230769230769,1.0586409493410391,1.0691025689634162,1.0451146107556897,0.013526338585349462
test:4629,test,mendeley_pa:image:MENDE-PA-00196,images/mendeley_pa/MENDE-PA-00196.jpg,Mendeley PA,4629,8,17,0.0769230769230769,0.9467851949006492,0.9363027116125489,1.0230802124207878,0.07629501752013867
test:4630,test,mendeley_pa:image:MENDE-PA-00196,images/mendeley_pa/MENDE-PA-00196.jpg,Mendeley PA,4630,9,17,0.0769230769230769,0.8634624574378852,0.9860156444588033,1.001747320009145,0.13828486257125971
test:4631,test,mendeley_pa:image:MENDE-PA-00196,images/mendeley_pa/MENDE-PA-00196.jpg,Mendeley PA,4631,10,17,0.0769230769230769,1.0118293502503208,0.9770256743961334,0.9896955301248789,0.02213382012544196
test:4632,test,mendeley_pa:image:MENDE-PA-00196,images/mendeley_pa/MENDE-PA-00196.jpg,Mendeley PA,4632,11,17,0.0769230769230769,1.0375855632141262,0.9999999999999999,1.0106359487399459,0.026949614474180317
test:4633,test,mendeley_pa:image:MENDE-PA-00196,images/mendeley_pa/MENDE-PA-00196.jpg,Mendeley PA,4633,12,17,0.0769230769230769,1.008461633416896,1.0,1.024329036474228,0.015867403057331808
test:4634,test,mendeley_pa:image:MENDE-PA-00196,images/mendeley_pa/MENDE-PA-00196.jpg,Mendeley PA,4634,13,17,0.0769230769230769,0.95820395854461,1.0,1.0331508219242096,0.07494686337959955
test:4635,test,mendeley_pa:image:MENDE-PA-00196,images/mendeley_pa/MENDE-PA-00196.jpg,Mendeley PA,4635,14,17,0.0769230769230769,0.9931164818925813,1.0175271661904053,1.0117990829933778,0.01868260110079656
test:4636,test,mendeley_pa:image:MENDE-PA-00196,images/mendeley_pa/MENDE-PA-00196.jpg,Mendeley PA,4636,15,17,0.0769230769230769,1.1074090544940627,1.0217330173746815,1.0287831115693917,0.07862594292467096
test:4851,test,mendeley_pa:image:MENDE-PA-00216,images/mendeley_pa/MENDE-PA-00216.jpg,Mendeley PA,4851,3,18,0.0714285714285714,0.9980167388426631,1.086578389700902,1.0750708208199864,0.07705408197732333
test:4852,test,mendeley_pa:image:MENDE-PA-00216,images/mendeley_pa/MENDE-PA-00216.jpg,Mendeley PA,4852,4,18,0.0714285714285714,1.1826816765839205,0.9999999999999999,1.0394775532186031,0.1432041233653174
test:4853,test,mendeley_pa:image:MENDE-PA-00216,images/mendeley_pa/MENDE-PA-00216.jpg,Mendeley PA,4853,5,18,0.0714285714285714,0.9575120413987438,1.0699171470733537,1.0208889143796815,0.06337687298093775
test:4854,test,mendeley_pa:image:MENDE-PA-00216,images/mendeley_pa/MENDE-PA-00216.jpg,Mendeley PA,4854,6,18,0.0714285714285714,0.9712109752398213,0.9226345000655805,0.9795610597224389,0.008350084482617648
test:4855,test,mendeley_pa:image:MENDE-PA-00216,images/mendeley_pa/MENDE-PA-00216.jpg,Mendeley PA,4855,7,18,0.0714285714285714,0.9913814893489203,1.104961297454186,1.0658594695645052,0.07447798021558483
test:4856,test,mendeley_pa:image:MENDE-PA-00216,images/mendeley_pa/MENDE-PA-00216.jpg,Mendeley PA,4856,8,18,0.0714285714285714,1.165057820636119,0.9584497002237287,1.0468673569434133,0.1181904636927058
test:4857,test,mendeley_pa:image:MENDE-PA-00216,images/mendeley_pa/MENDE-PA-00216.jpg,Mendeley PA,4857,9,18,0.0714285714285714,0.7982872440104396,1.0,0.9838350489735603,0.18554780496312073
test:4858,test,mendeley_pa:image:MENDE-PA-00216,images/mendeley_pa/MENDE-PA-00216.jpg,Mendeley PA,4858,10,18,0.0714285714285714,0.9636467262707935,0.9069170807815347,0.9598782589054856,0.0037684673653078926
test:4859,test,mendeley_pa:image:MENDE-PA-00216,images/mendeley_pa/MENDE-PA-00216.jpg,Mendeley PA,4859,11,18,0.0714285714285714,1.0386207942799648,1.0000000000000002,0.9936477239243688,0.044973070355595945
test:4860,test,mendeley_pa:image:MENDE-PA-00216,images/mendeley_pa/MENDE-PA-00216.jpg,Mendeley PA,4860,12,18,0.0714285714285714,0.9382924442689551,1.0128827002379057,0.9857688807430622,0.04747643647410715
test:4861,test,mendeley_pa:image:MENDE-PA-00216,images/mendeley_pa/MENDE-PA-00216.jpg,Mendeley PA,4861,13,18,0.0714285714285714,1.090813114069042,1.0,1.0609032101929188,0.029909903876123245
test:4862,test,mendeley_pa:image:MENDE-PA-00216,images/mendeley_pa/MENDE-PA-00216.jpg,Mendeley PA,4862,14,18,0.0714285714285714,0.9506718893410471,1.0254135374008975,0.9900681916653475,0.03939630232430047
test:4863,test,mendeley_pa:image:MENDE-PA-00216,images/mendeley_pa/MENDE-PA-00216.jpg,Mendeley PA,4863,15,18,0.0714285714285714,1.077242950792767,0.9885438826660098,0.9680595208684386,0.10918342992432839
test:4864,test,mendeley_pa:image:MENDE-PA-00216,images/mendeley_pa/MENDE-PA-00216.jpg,Mendeley PA,4864,16,18,0.0714285714285714,1.0228192841589356,1.06306377633934,1.0227977505279062,2.1533631029413414e-05
test:4941,test,mendeley_pa:image:MENDE-PA-00224,images/mendeley_pa/MENDE-PA-00224.jpg,Mendeley PA,4941,3,18,0.0714285714285714,0.9552687257360428,1.0000000000000002,1.0430456772446635,0.08777695150862064
test:4942,test,mendeley_pa:image:MENDE-PA-00224,images/mendeley_pa/MENDE-PA-00224.jpg,Mendeley PA,4942,4,18,0.0714285714285714,0.9841865155598442,1.0093503031551956,1.0627329717993854,0.07854645623954126
test:4943,test,mendeley_pa:image:MENDE-PA-00224,images/mendeley_pa/MENDE-PA-00224.jpg,Mendeley PA,4943,5,18,0.0714285714285714,1.1095246332153115,1.0331292340250484,1.0304122342912279,0.07911239892408362
test:4944,test,mendeley_pa:image:MENDE-PA-00224,images/mendeley_pa/MENDE-PA-00224.jpg,Mendeley PA,4944,6,18,0.0714285714285714,1.0206892585140839,0.9999999999999998,0.9781598541885612,0.04252940432552266
test:4945,test,mendeley_pa:image:MENDE-PA-00224,images/mendeley_pa/MENDE-PA-00224.jpg,Mendeley PA,4945,7,18,0.0714285714285714,0.916671053534958,0.9900451230221099,0.9851765872315175,0.06850553369655943
test:4946,test,mendeley_pa:image:MENDE-PA-00224,images/mendeley_pa/MENDE-PA-00224.jpg,Mendeley PA,4946,8,18,0.0714285714285714,0.9919864996703465,0.9706126045513661,0.9607881823632629,0.031198317307083556
test:4947,test,mendeley_pa:image:MENDE-PA-00224,images/mendeley_pa/MENDE-PA-00224.jpg,Mendeley PA,4947,9,18,0.0714285714285714,1.0087357019725944,1.023288218407616,0.9715118427860587,0.0372238591865357
test:4948,test,mendeley_pa:image:MENDE-PA-00224,images/mendeley_pa/MENDE-PA-00224.jpg,Mendeley PA,4948,10,18,0.0714285714285714,1.0577949627453958,1.0,1.0103743560612202,0.04742060668417558
test:4949,test,mendeley_pa:image:MENDE-PA-00224,images/mendeley_pa/MENDE-PA-00224.jpg,Mendeley PA,4949,11,18,0.0714285714285714,0.9563200240399787,1.0,0.9962505486328155,0.03993052459283675
test:4950,test,mendeley_pa:image:MENDE-PA-00224,images/mendeley_pa/MENDE-PA-00224.jpg,Mendeley PA,4950,12,18,0.0714285714285714,0.9426838697549954,0.9797003010951426,0.9618553205125477,0.019171450757552333
test:4951,test,mendeley_pa:image:MENDE-PA-00224,images/mendeley_pa/MENDE-PA-00224.jpg,Mendeley PA,4951,13,18,0.0714285714285714,1.0656320658312897,1.0101085478167207,1.0243887226755888,0.041243343155700884
test:4952,test,mendeley_pa:image:MENDE-PA-00224,images/mendeley_pa/MENDE-PA-00224.jpg,Mendeley PA,4952,14,18,0.0714285714285714,1.0121408726159857,0.9999999999999999,0.9864197028800844,0.025721169735901328
test:4953,test,mendeley_pa:image:MENDE-PA-00224,images/mendeley_pa/MENDE-PA-00224.jpg,Mendeley PA,4953,15,18,0.0714285714285714,0.9681790445343229,1.0355491621503568,1.0089425260284877,0.040763481494164755
test:4954,test,mendeley_pa:image:MENDE-PA-00224,images/mendeley_pa/MENDE-PA-00224.jpg,Mendeley PA,4954,16,18,0.0714285714285714,1.0842934604413759,0.9906870903374926,1.029697924286343,0.054595536155032764
test:5354,test,mendeley_pa:image:MENDE-PA-00255,images/mendeley_pa/MENDE-PA-00255.jpg,Mendeley PA,5354,3,19,0.0666666666666666,0.9635068015460655,1.0,1.1288112699985504,0.16530446845248492
test:5355,test,mendeley_pa:image:MENDE-PA-00255,images/mendeley_pa/MENDE-PA-00255.jpg,Mendeley PA,5355,4,19,0.0666666666666666,0.957486688812988,0.9915324201612834,1.050690994951046,0.09320430613805786
test:5356,test,mendeley_pa:image:MENDE-PA-00255,images/mendeley_pa/MENDE-PA-00255.jpg,Mendeley PA,5356,5,19,0.0666666666666666,0.9730342034035733,1.0,1.0042217611335218,0.031187557729948523
test:5357,test,mendeley_pa:image:MENDE-PA-00255,images/mendeley_pa/MENDE-PA-00255.jpg,Mendeley PA,5357,6,19,0.0666666666666666,1.0412169333592112,1.0,0.9875047048553824,0.05371222850382873
test:5358,test,mendeley_pa:image:MENDE-PA-00255,images/mendeley_pa/MENDE-PA-00255.jpg,Mendeley PA,5358,7,19,0.0666666666666666,1.0173108688860446,0.9999999999999998,0.9958510790020225,0.021459789884022085
test:5359,test,mendeley_pa:image:MENDE-PA-00255,images/mendeley_pa/MENDE-PA-00255.jpg,Mendeley PA,5359,8,19,0.0666666666666666,1.0574389604188907,1.061573365035506,1.017318834814282,0.04012012560460865
test:5360,test,mendeley_pa:image:MENDE-PA-00255,images/mendeley_pa/MENDE-PA-00255.jpg,Mendeley PA,5360,9,19,0.0666666666666666,1.0764802543830854,0.9571697410346849,0.9639623203465624,0.11251793403652299
test:5361,test,mendeley_pa:image:MENDE-PA-00255,images/mendeley_pa/MENDE-PA-00255.jpg,Mendeley PA,5361,10,19,0.0666666666666666,0.8298879440878131,0.9802824272661711,1.014035613730481,0.18414766964266782
test:5362,test,mendeley_pa:image:MENDE-PA-00255,images/mendeley_pa/MENDE-PA-00255.jpg,Mendeley PA,5362,11,19,0.0666666666666666,0.9212716193643333,0.9043904167516795,0.9762303602798549,0.05495874091552155
test:5363,test,mendeley_pa:image:MENDE-PA-00255,images/mendeley_pa/MENDE-PA-00255.jpg,Mendeley PA,5363,12,19,0.0666666666666666,1.0272641304060213,1.0,1.0622785352170467,0.03501440481102547
test:5364,test,mendeley_pa:image:MENDE-PA-00255,images/mendeley_pa/MENDE-PA-00255.jpg,Mendeley PA,5364,13,19,0.0666666666666666,0.9225856523103522,1.0000000000000002,1.0010989017318936,0.07851324942154148
test:5365,test,mendeley_pa:image:MENDE-PA-00255,images/mendeley_pa/MENDE-PA-00255.jpg,Mendeley PA,5365,14,19,0.0666666666666666,0.976546584141252,1.0391181792089246,0.9625345627733968,0.014012021367855176
test:5366,test,mendeley_pa:image:MENDE-PA-00255,images/mendeley_pa/MENDE-PA-00255.jpg,Mendeley PA,5366,15,19,0.0666666666666666,1.1723842961922808,1.0058491130361604,1.0076353273356604,0.16474896885662038
test:5367,test,mendeley_pa:image:MENDE-PA-00255,images/mendeley_pa/MENDE-PA-00255.jpg,Mendeley PA,5367,16,19,0.0666666666666666,0.9825984243963859,1.0100396535308342,0.9921319018067103,0.009533477410324398
test:5368,test,mendeley_pa:image:MENDE-PA-00255,images/mendeley_pa/MENDE-PA-00255.jpg,Mendeley PA,5368,17,19,0.0666666666666666,0.9565426990515817,0.9890980770534348,0.9588882563358616,0.0023455572842798755
test:5556,test,mendeley_pa:image:MENDE-PA-00269,images/mendeley_pa/MENDE-PA-00269.jpg,Mendeley PA,5556,3,18,0.0714285714285714,1.1839389998635035,1.0,1.0305366702377796,0.15340232962572387
test:5557,test,mendeley_pa:image:MENDE-PA-00269,images/mendeley_pa/MENDE-PA-00269.jpg,Mendeley PA,5557,4,18,0.0714285714285714,0.8847285050290723,1.0687636288138673,0.9823544772597597,0.09762597223068736
test:5558,test,mendeley_pa:image:MENDE-PA-00269,images/mendeley_pa/MENDE-PA-00269.jpg,Mendeley PA,5558,5,18,0.0714285714285714,1.1929727766586677,1.0,1.0619850978255272,0.13098767883314055
test:5559,test,mendeley_pa:image:MENDE-PA-00269,images/mendeley_pa/MENDE-PA-00269.jpg,Mendeley PA,5559,6,18,0.0714285714285714,1.097575316335211,1.1235141126516714,1.1424211604598418,0.04484584412463066
test:5560,test,mendeley_pa:image:MENDE-PA-00269,images/mendeley_pa/MENDE-PA-00269.jpg,Mendeley PA,5560,7,18,0.0714285714285714,0.9289449538270798,0.9788247507709782,1.0996197026867192,0.1706747488596394
test:5561,test,mendeley_pa:image:MENDE-PA-00269,images/mendeley_pa/MENDE-PA-00269.jpg,Mendeley PA,5561,8,18,0.0714285714285714,0.9312436213809966,0.9512695368330599,1.069800622383845,0.1385570010028484
test:5562,test,mendeley_pa:image:MENDE-PA-00269,images/mendeley_pa/MENDE-PA-00269.jpg,Mendeley PA,5562,9,18,0.0714285714285714,0.9590791519681494,0.9999999999999998,1.078764535486698,0.11968538351854852
test:5563,test,mendeley_pa:image:MENDE-PA-00269,images/mendeley_pa/MENDE-PA-00269.jpg,Mendeley PA,5563,10,18,0.0714285714285714,1.0112264046016461,1.0,1.0200163703411818,0.00878996573953561
test:5564,test,mendeley_pa:image:MENDE-PA-00269,images/mendeley_pa/MENDE-PA-00269.jpg,Mendeley PA,5564,11,18,0.0714285714285714,0.983608512176323,1.0088628950349556,0.9773170771829354,0.006291434993387579
test:5565,test,mendeley_pa:image:MENDE-PA-00269,images/mendeley_pa/MENDE-PA-00269.jpg,Mendeley PA,5565,12,18,0.0714285714285714,1.0725181653335785,1.0,1.0089921075850725,0.06352605774850595
test:5566,test,mendeley_pa:image:MENDE-PA-00269,images/mendeley_pa/MENDE-PA-00269.jpg,Mendeley PA,5566,13,18,0.0714285714285714,0.9811315652730793,0.9999999999999998,0.9958477835170922,0.014716218244012924
test:5567,test,mendeley_pa:image:MENDE-PA-00269,images/mendeley_pa/MENDE-PA-00269.jpg,Mendeley PA,5567,14,18,0.0714285714285714,0.9369052871039278,1.014482168188746,1.0164248106875073,0.0795195235835795
test:5568,test,mendeley_pa:image:MENDE-PA-00269,images/mendeley_pa/MENDE-PA-00269.jpg,Mendeley PA,5568,15,18,0.0714285714285714,1.1093720507103728,1.0,1.0440203957259655,0.06535165498440731
test:5569,test,mendeley_pa:image:MENDE-PA-00269,images/mendeley_pa/MENDE-PA-00269.jpg,Mendeley PA,5569,16,18,0.0714285714285714,0.8960903331781831,0.9999999999999999,0.9972173119895159,0.10112697881133281
test:5646,test,mendeley_pa:image:MENDE-PA-00276,images/mendeley_pa/MENDE-PA-00276.jpg,Mendeley PA,5646,3,18,0.0714285714285714,0.9981493164322801,0.9431768680290928,1.0150132054762593,0.016863889043979174
test:5647,test,mendeley_pa:image:MENDE-PA-00276,images/mendeley_pa/MENDE-PA-00276.jpg,Mendeley PA,5647,4,18,0.0714285714285714,0.9721967639432788,1.0000000000000002,1.0265238732099535,0.05432710926667472
test:5648,test,mendeley_pa:image:MENDE-PA-00276,images/mendeley_pa/MENDE-PA-00276.jpg,Mendeley PA,5648,5,18,0.0714285714285714,0.9632775593711331,1.0407838616816325,1.0179850198624654,0.05470746049133224
test:5649,test,mendeley_pa:image:MENDE-PA-00276,images/mendeley_pa/MENDE-PA-00276.jpg,Mendeley PA,5649,6,18,0.0714285714285714,1.1433606406760797,1.0000000000000002,1.054620232433081,0.08874040824299878
test:5650,test,mendeley_pa:image:MENDE-PA-00276,images/mendeley_pa/MENDE-PA-00276.jpg,Mendeley PA,5650,7,18,0.0714285714285714,0.9343310474170097,1.0,0.9663588777184486,0.032027830301438964
test:5651,test,mendeley_pa:image:MENDE-PA-00276,images/mendeley_pa/MENDE-PA-00276.jpg,Mendeley PA,5651,8,18,0.0714285714285714,0.9255581046799497,0.9590087569620778,0.9728039297577311,0.04724582507778141
test:5652,test,mendeley_pa:image:MENDE-PA-00276,images/mendeley_pa/MENDE-PA-00276.jpg,Mendeley PA,5652,9,18,0.0714285714285714,1.0622797527754895,1.031240756530705,1.054363769386354,0.007915983389135572
test:5653,test,mendeley_pa:image:MENDE-PA-00276,images/mendeley_pa/MENDE-PA-00276.jpg,Mendeley PA,5653,10,18,0.0714285714285714,1.053224004421636,1.0,1.00764031521976,0.045583689201876165
test:5654,test,mendeley_pa:image:MENDE-PA-00276,images/mendeley_pa/MENDE-PA-00276.jpg,Mendeley PA,5654,11,18,0.0714285714285714,0.9501166429881499,1.0,1.069214329123497,0.1190976861353471
test:5655,test,mendeley_pa:image:MENDE-PA-00276,images/mendeley_pa/MENDE-PA-00276.jpg,Mendeley PA,5655,12,18,0.0714285714285714,0.9238021841559183,0.9737029185451932,0.9367514511503644,0.012949266994446096
test:5656,test,mendeley_pa:image:MENDE-PA-00276,images/mendeley_pa/MENDE-PA-00276.jpg,Mendeley PA,5656,13,18,0.0714285714285714,1.0300691157868505,1.0,0.95282232016325,0.07724679562360048
test:5657,test,mendeley_pa:image:MENDE-PA-00276,images/mendeley_pa/MENDE-PA-00276.jpg,Mendeley PA,5657,14,18,0.0714285714285714,0.7926398613412814,1.0,0.7782852798700333,0.014354581471248129
test:5658,test,mendeley_pa:image:MENDE-PA-00276,images/mendeley_pa/MENDE-PA-00276.jpg,Mendeley PA,5658,15,18,0.0714285714285714,1.190820798963967,1.0,1.0561880581080914,0.13463274085587562
test:5659,test,mendeley_pa:image:MENDE-PA-00276,images/mendeley_pa/MENDE-PA-00276.jpg,Mendeley PA,5659,16,18,0.0714285714285714,1.2910489415231194,1.3141540830312104,1.3701387887177796,0.07908984719466017
test:5736,test,mendeley_pa:image:MENDE-PA-00285,images/mendeley_pa/MENDE-PA-00285.jpg,Mendeley PA,5736,3,18,0.0714285714285714,0.9195476012543308,1.0,0.9842465873807669,0.0646989861264361
test:5737,test,mendeley_pa:image:MENDE-PA-00285,images/mendeley_pa/MENDE-PA-00285.jpg,Mendeley PA,5737,4,18,0.0714285714285714,1.0458939474333544,1.0014978779298576,0.9988152980157496,0.047078649417604757
test:5738,test,mendeley_pa:image:MENDE-PA-00285,images/mendeley_pa/MENDE-PA-00285.jpg,Mendeley PA,5738,5,18,0.0714285714285714,1.0377642454990603,1.0,1.0176854506134987,0.020078794885561635
test:5739,test,mendeley_pa:image:MENDE-PA-00285,images/mendeley_pa/MENDE-PA-00285.jpg,Mendeley PA,5739,6,18,0.0714285714285714,0.9582877293889696,1.0415481828942421,1.01570501149143,0.057417282102460554
test:5740,test,mendeley_pa:image:MENDE-PA-00285,images/mendeley_pa/MENDE-PA-00285.jpg,Mendeley PA,5740,7,18,0.0714285714285714,1.0894228861816615,0.9647116931033054,1.010464952315084,0.07895793386657757
test:5741,test,mendeley_pa:image:MENDE-PA-00285,images/mendeley_pa/MENDE-PA-00285.jpg,Mendeley PA,5741,8,18,0.0714285714285714,0.8676292539507421,1.0,1.0065421732142568,0.13891291926351468
test:5742,test,mendeley_pa:image:MENDE-PA-00285,images/mendeley_pa/MENDE-PA-00285.jpg,Mendeley PA,5742,9,18,0.0714285714285714,1.0041759268803088,0.9933580054903169,1.026604068186297,0.022428141305988136
test:5743,test,mendeley_pa:image:MENDE-PA-00285,images/mendeley_pa/MENDE-PA-00285.jpg,Mendeley PA,5743,10,18,0.0714285714285714,1.1127182611328148,1.0,1.015717327594757,0.09700093353805772
test:5744,test,mendeley_pa:image:MENDE-PA-00285,images/mendeley_pa/MENDE-PA-00285.jpg,Mendeley PA,5744,11,18,0.0714285714285714,0.8969612905954403,1.0,0.9920852491632104,0.09512395856777012
test:5745,test,mendeley_pa:image:MENDE-PA-00285,images/mendeley_pa/MENDE-PA-00285.jpg,Mendeley PA,5745,12,18,0.0714285714285714,0.9802611089008944,0.9542248867280041,0.9884519599206005,0.00819085101970618
test:5746,test,mendeley_pa:image:MENDE-PA-00285,images/mendeley_pa/MENDE-PA-00285.jpg,Mendeley PA,5746,13,18,0.0714285714285714,0.9970724168874632,1.020934500090027,1.0251195168226899,0.028047099935226694
test:5747,test,mendeley_pa:image:MENDE-PA-00285,images/mendeley_pa/MENDE-PA-00285.jpg,Mendeley PA,5747,14,18,0.0714285714285714,1.0701113048080404,1.0,0.9927382697351277,0.07737303507291271
test:5748,test,mendeley_pa:image:MENDE-PA-00285,images/mendeley_pa/MENDE-PA-00285.jpg,Mendeley PA,5748,15,18,0.0714285714285714,0.9442022195293371,0.9999999999999999,1.0078396573662758,0.06363743783693865
test:5749,test,mendeley_pa:image:MENDE-PA-00285,images/mendeley_pa/MENDE-PA-00285.jpg,Mendeley PA,5749,16,18,0.0714285714285714,0.9261492750949716,0.9829996782547479,0.988740728721643,0.0625914536266714
test:5818,test,mendeley_pa:image:MENDE-PA-00294,images/mendeley_pa/MENDE-PA-00294.jpg,Mendeley PA,5818,3,19,0.0666666666666666,0.9814641211572936,0.9704812950103363,1.0160186550228676,0.034554533865573944
test:5819,test,mendeley_pa:image:MENDE-PA-00294,images/mendeley_pa/MENDE-PA-00294.jpg,Mendeley PA,5819,4,19,0.0666666666666666,1.0327215089467237,1.0,1.0214852634817362,0.011236245464987471
test:5820,test,mendeley_pa:image:MENDE-PA-00294,images/mendeley_pa/MENDE-PA-00294.jpg,Mendeley PA,5820,5,19,0.0666666666666666,1.008023934488748,1.0228481525809436,0.9476844156415134,0.06033951884723465
test:5821,test,mendeley_pa:image:MENDE-PA-00294,images/mendeley_pa/MENDE-PA-00294.jpg,Mendeley PA,5821,6,19,0.0666666666666666,1.0778469227827756,1.0125333709139606,0.9963087295610686,0.08153819322170697
test:5822,test,mendeley_pa:image:MENDE-PA-00294,images/mendeley_pa/MENDE-PA-00294.jpg,Mendeley PA,5822,7,19,0.0666666666666666,1.032868014781608,1.0428240978682313,0.9895409876072678,0.04332702717434023
test:5823,test,mendeley_pa:image:MENDE-PA-00294,images/mendeley_pa/MENDE-PA-00294.jpg,Mendeley PA,5823,8,19,0.0666666666666666,1.1543878548353823,1.0,1.0888314247131348,0.06555643012224754
test:5824,test,mendeley_pa:image:MENDE-PA-00294,images/mendeley_pa/MENDE-PA-00294.jpg,Mendeley PA,5824,9,19,0.0666666666666666,0.7282719751036342,0.8057469295182396,0.7722398431816269,0.04396786807799269
test:5825,test,mendeley_pa:image:MENDE-PA-00294,images/mendeley_pa/MENDE-PA-00294.jpg,Mendeley PA,5825,10,19,0.0666666666666666,0.5823483800441258,0.8495632480556404,0.8075553621823227,0.2252069821381969
test:5826,test,mendeley_pa:image:MENDE-PA-00294,images/mendeley_pa/MENDE-PA-00294.jpg,Mendeley PA,5826,11,19,0.0666666666666666,1.009907115349737,0.924103316326396,0.9399187457158727,0.06998836963386423
test:5827,test,mendeley_pa:image:MENDE-PA-00294,images/mendeley_pa/MENDE-PA-00294.jpg,Mendeley PA,5827,12,19,0.0666666666666666,1.065186549134992,1.0474449559558914,1.082612184386401,0.017425635251409055
test:5828,test,mendeley_pa:image:MENDE-PA-00294,images/mendeley_pa/MENDE-PA-00294.jpg,Mendeley PA,5828,13,19,0.0666666666666666,1.1176529689216408,1.0,0.9934936296194792,0.12415933930216161
test:5829,test,mendeley_pa:image:MENDE-PA-00294,images/mendeley_pa/MENDE-PA-00294.jpg,Mendeley PA,5829,14,19,0.0666666666666666,0.9596034533093933,1.023182240295675,0.9358286531451012,0.02377480016429212
test:5830,test,mendeley_pa:image:MENDE-PA-00294,images/mendeley_pa/MENDE-PA-00294.jpg,Mendeley PA,5830,15,19,0.0666666666666666,1.030630074141912,1.0,0.9686827771365643,0.061947297005347846
test:5831,test,mendeley_pa:image:MENDE-PA-00294,images/mendeley_pa/MENDE-PA-00294.jpg,Mendeley PA,5831,16,19,0.0666666666666666,1.064040763413265,1.0250996758313309,1.0167408089236747,0.047299954489590235
test:5832,test,mendeley_pa:image:MENDE-PA-00294,images/mendeley_pa/MENDE-PA-00294.jpg,Mendeley PA,5832,17,19,0.0666666666666666,0.9868054714316339,1.0,1.0982744470238686,0.11146897559223468
test:5854,test,mendeley_pa:image:MENDE-PA-00298,images/mendeley_pa/MENDE-PA-00298.jpg,Mendeley PA,5854,3,19,0.0666666666666666,1.202997287635735,1.0391312960844201,1.1167915735702676,0.08620571406546751
test:5855,test,mendeley_pa:image:MENDE-PA-00298,images/mendeley_pa/MENDE-PA-00298.jpg,Mendeley PA,5855,4,19,0.0666666666666666,0.9266971618945262,1.0195265652906087,0.9552114399444249,0.0285142780498987
test:5856,test,mendeley_pa:image:MENDE-PA-00298,images/mendeley_pa/MENDE-PA-00298.jpg,Mendeley PA,5856,5,19,0.0666666666666666,0.9591798814090486,1.0000000000000002,0.9651889912784102,0.00600910986936154
test:5857,test,mendeley_pa:image:MENDE-PA-00298,images/mendeley_pa/MENDE-PA-00298.jpg,Mendeley PA,5857,6,19,0.0666666666666666,1.082557485995593,0.9668087083674316,1.1004682946778184,0.017910808682225277
test:5858,test,mendeley_pa:image:MENDE-PA-00298,images/mendeley_pa/MENDE-PA-00298.jpg,Mendeley PA,5858,7,19,0.0666666666666666,0.7754915516407194,1.0000000000000002,0.9356676340103152,0.1601760823695958
test:5859,test,mendeley_pa:image:MENDE-PA-00298,images/mendeley_pa/MENDE-PA-00298.jpg,Mendeley PA,5859,8,19,0.0666666666666666,1.098232854466314,0.9430524875590004,1.0411352683970132,0.05709758606930082
test:5860,test,mendeley_pa:image:MENDE-PA-00298,images/mendeley_pa/MENDE-PA-00298.jpg,Mendeley PA,5860,9,19,0.0666666666666666,1.010620349314895,1.0,1.0739938765764236,0.06337352726152856
test:5861,test,mendeley_pa:image:MENDE-PA-00298,images/mendeley_pa/MENDE-PA-00298.jpg,Mendeley PA,5861,10,19,0.0666666666666666,0.9438610644140855,1.0,1.0008760577766225,0.057014993362537014
test:5862,test,mendeley_pa:image:MENDE-PA-00298,images/mendeley_pa/MENDE-PA-00298.jpg,Mendeley PA,5862,11,19,0.0666666666666666,1.0173320396277812,0.9964155217576866,1.0065100163165575,0.010822023311223727
test:5863,test,mendeley_pa:image:MENDE-PA-00298,images/mendeley_pa/MENDE-PA-00298.jpg,Mendeley PA,5863,12,19,0.0666666666666666,0.9824782005321653,1.0,0.9915299033746123,0.009051702842447051
test:5864,test,mendeley_pa:image:MENDE-PA-00298,images/mendeley_pa/MENDE-PA-00298.jpg,Mendeley PA,5864,13,19,0.0666666666666666,0.9876334139939713,1.004001701238235,1.0133544495204887,0.02572103552651739
test:5865,test,mendeley_pa:image:MENDE-PA-00298,images/mendeley_pa/MENDE-PA-00298.jpg,Mendeley PA,5865,14,19,0.0666666666666666,1.0592306386195467,0.9999999999999998,1.0253430306911466,0.033887607928400065
test:5866,test,mendeley_pa:image:MENDE-PA-00298,images/mendeley_pa/MENDE-PA-00298.jpg,Mendeley PA,5866,15,19,0.0666666666666666,0.9510370060143708,1.0333152701588955,0.9940170971187439,0.042980091104373064
test:5867,test,mendeley_pa:image:MENDE-PA-00298,images/mendeley_pa/MENDE-PA-00298.jpg,Mendeley PA,5867,16,19,0.0666666666666666,1.1297932422160648,1.0155363353560747,1.0050385213117183,0.12475472090434647
test:5868,test,mendeley_pa:image:MENDE-PA-00298,images/mendeley_pa/MENDE-PA-00298.jpg,Mendeley PA,5868,17,19,0.0666666666666666,0.9891958757140951,1.0030502982570573,1.0066791135485067,0.017483237834411636
test:6037,test,mendeley_pa:image:MENDE-PA-00313,images/mendeley_pa/MENDE-PA-00313.jpg,Mendeley PA,6037,3,17,0.0769230769230769,1.1280169751090026,1.057844720776275,1.1293094903184921,0.0012925152094895864
test:6038,test,mendeley_pa:image:MENDE-PA-00313,images/mendeley_pa/MENDE-PA-00313.jpg,Mendeley PA,6038,4,17,0.0769230769230769,1.101450546853187,1.05688904020482,1.019761292073068,0.0816892547801189
test:6039,test,mendeley_pa:image:MENDE-PA-00313,images/mendeley_pa/MENDE-PA-00313.jpg,Mendeley PA,6039,5,17,0.0769230769230769,0.9038304373252977,0.9322761853225802,1.0326972042210674,0.1288667668957697
test:6040,test,mendeley_pa:image:MENDE-PA-00313,images/mendeley_pa/MENDE-PA-00313.jpg,Mendeley PA,6040,6,17,0.0769230769230769,0.8828707200960845,0.9782342896126215,1.0085881449542944,0.12571742485820991
test:6041,test,mendeley_pa:image:MENDE-PA-00313,images/mendeley_pa/MENDE-PA-00313.jpg,Mendeley PA,6041,7,17,0.0769230769230769,1.0704888749930328,0.9734119904463383,1.1077209544603916,0.03723207946735885
test:6042,test,mendeley_pa:image:MENDE-PA-00313,images/mendeley_pa/MENDE-PA-00313.jpg,Mendeley PA,6042,8,17,0.0769230769230769,0.8957269856661181,1.0226972952538618,0.9842939853721746,0.08856699970605653
test:6043,test,mendeley_pa:image:MENDE-PA-00313,images/mendeley_pa/MENDE-PA-00313.jpg,Mendeley PA,6043,9,17,0.0769230769230769,1.1078859670931354,0.9791091811257648,0.9993227124559927,0.10856325463714267
test:6044,test,mendeley_pa:image:MENDE-PA-00313,images/mendeley_pa/MENDE-PA-00313.jpg,Mendeley PA,6044,10,17,0.0769230769230769,0.9414292728010366,1.0,1.0383529849350452,0.09692371213400863
test:6045,test,mendeley_pa:image:MENDE-PA-00313,images/mendeley_pa/MENDE-PA-00313.jpg,Mendeley PA,6045,11,17,0.0769230769230769,0.9873059220912866,0.980501925919391,0.99299923644606,0.005693314354773382
test:6046,test,mendeley_pa:image:MENDE-PA-00313,images/mendeley_pa/MENDE-PA-00313.jpg,Mendeley PA,6046,12,17,0.0769230769230769,0.9898338383294907,0.9999999999999999,1.0179617758840322,0.02812793755454157
test:6047,test,mendeley_pa:image:MENDE-PA-00313,images/mendeley_pa/MENDE-PA-00313.jpg,Mendeley PA,6047,13,17,0.0769230769230769,1.0157861232015772,1.0335705112320799,1.0119057874781507,0.003880335723426498
test:6048,test,mendeley_pa:image:MENDE-PA-00313,images/mendeley_pa/MENDE-PA-00313.jpg,Mendeley PA,6048,14,17,0.0769230769230769,1.085250943091049,1.0,0.98800896294415,0.09724198014689911
test:6049,test,mendeley_pa:image:MENDE-PA-00313,images/mendeley_pa/MENDE-PA-00313.jpg,Mendeley PA,6049,15,17,0.0769230769230769,0.9588533347897392,1.0,1.0106530664488673,0.0517997316591281
test:6136,test,mendeley_pa:image:MENDE-PA-00320,images/mendeley_pa/MENDE-PA-00320.jpg,Mendeley PA,6136,3,18,0.0714285714285714,1.0282516480892097,0.8743761751987571,0.9661985013820762,0.062053146707133466
test:6137,test,mendeley_pa:image:MENDE-PA-00320,images/mendeley_pa/MENDE-PA-00320.jpg,Mendeley PA,6137,4,18,0.0714285714285714,0.7008821967999057,0.9726542597487742,0.9425250263735825,0.24164282957367678
test:6138,test,mendeley_pa:image:MENDE-PA-00320,images/mendeley_pa/MENDE-PA-00320.jpg,Mendeley PA,6138,5,18,0.0714285714285714,0.9588915106482672,1.087008912538095,0.9465431910500961,0.012348319598171065
test:6139,test,mendeley_pa:image:MENDE-PA-00320,images/mendeley_pa/MENDE-PA-00320.jpg,Mendeley PA,6139,6,18,0.0714285714285714,1.5376663398247887,1.0217992894142982,1.135215774902713,0.40245056492207576
test:6140,test,mendeley_pa:image:MENDE-PA-00320,images/mendeley_pa/MENDE-PA-00320.jpg,Mendeley PA,6140,7,18,0.0714285714285714,0.8138165355461423,0.9938562689137231,0.9951137590475898,0.1812972235014475
test:6141,test,mendeley_pa:image:MENDE-PA-00320,images/mendeley_pa/MENDE-PA-00320.jpg,Mendeley PA,6141,8,18,0.0714285714285714,0.6411809705420357,0.8378316975548735,0.8186639502063265,0.17748297966429083
test:6142,test,mendeley_pa:image:MENDE-PA-00320,images/mendeley_pa/MENDE-PA-00320.jpg,Mendeley PA,6142,9,18,0.0714285714285714,1.1815113141446565,0.9834598521820226,1.0379173527589955,0.14359396138566094
test:6143,test,mendeley_pa:image:MENDE-PA-00320,images/mendeley_pa/MENDE-PA-00320.jpg,Mendeley PA,6143,10,18,0.0714285714285714,0.975857889680267,1.0,0.9821992591023445,0.006341369422077525
test:6144,test,mendeley_pa:image:MENDE-PA-00320,images/mendeley_pa/MENDE-PA-00320.jpg,Mendeley PA,6144,11,18,0.0714285714285714,1.0091006126575883,1.0023372276047051,1.0197858987668336,0.01068528610924524
test:6145,test,mendeley_pa:image:MENDE-PA-00320,images/mendeley_pa/MENDE-PA-00320.jpg,Mendeley PA,6145,12,18,0.0714285714285714,1.0302698027453796,0.9999999999999999,1.0279375966638327,0.002332206081546939
test:6146,test,mendeley_pa:image:MENDE-PA-00320,images/mendeley_pa/MENDE-PA-00320.jpg,Mendeley PA,6146,13,18,0.0714285714285714,0.9694836998925098,1.0,0.9757418744266033,0.006258174534093497
test:6147,test,mendeley_pa:image:MENDE-PA-00320,images/mendeley_pa/MENDE-PA-00320.jpg,Mendeley PA,6147,14,18,0.0714285714285714,0.9932676819430817,0.997935842808202,0.9754720517358334,0.01779563020724828
test:6148,test,mendeley_pa:image:MENDE-PA-00320,images/mendeley_pa/MENDE-PA-00320.jpg,Mendeley PA,6148,15,18,0.0714285714285714,0.9525703065868605,1.0,0.9431337006390095,0.009436605947851007
test:6149,test,mendeley_pa:image:MENDE-PA-00320,images/mendeley_pa/MENDE-PA-00320.jpg,Mendeley PA,6149,16,18,0.0714285714285714,1.1601270653368356,1.1065670814864017,1.0975264044977404,0.06260066083909521
test:6217,test,mendeley_pa:image:MENDE-PA-00325,images/mendeley_pa/MENDE-PA-00325.jpg,Mendeley PA,6217,3,17,0.0769230769230769,1.058325184621891,1.0,1.1339014917612076,0.07557630713931651
test:6218,test,mendeley_pa:image:MENDE-PA-00325,images/mendeley_pa/MENDE-PA-00325.jpg,Mendeley PA,6218,4,17,0.0769230769230769,0.9649580843134254,1.0000000000000002,1.0454284809529784,0.08047039663955291
test:6219,test,mendeley_pa:image:MENDE-PA-00325,images/mendeley_pa/MENDE-PA-00325.jpg,Mendeley PA,6219,5,17,0.0769230769230769,1.004122023636166,1.0532561199844226,1.0412860926345333,0.03716406899836722
test:6220,test,mendeley_pa:image:MENDE-PA-00325,images/mendeley_pa/MENDE-PA-00325.jpg,Mendeley PA,6220,6,17,0.0769230769230769,1.1582309576020335,1.0186330410209021,0.9957580952462277,0.16247286235580582
test:6221,test,mendeley_pa:image:MENDE-PA-00325,images/mendeley_pa/MENDE-PA-00325.jpg,Mendeley PA,6221,7,17,0.0769230769230769,1.0023290278808188,1.0342090628818605,0.9858912057952021,0.016437822085616727
test:6222,test,mendeley_pa:image:MENDE-PA-00325,images/mendeley_pa/MENDE-PA-00325.jpg,Mendeley PA,6222,8,17,0.0769230769230769,0.9500515244830434,1.0,1.0262845735996962,0.07623304911665274
test:6223,test,mendeley_pa:image:MENDE-PA-00325,images/mendeley_pa/MENDE-PA-00325.jpg,Mendeley PA,6223,9,17,0.0769230769230769,1.04926282449618,0.978208345955832,0.9847238139609229,0.06453901053525701
test:6224,test,mendeley_pa:image:MENDE-PA-00325,images/mendeley_pa/MENDE-PA-00325.jpg,Mendeley PA,6224,10,17,0.0769230769230769,0.9257505959127039,1.0,1.0610793940722942,0.1353287981595903
test:6225,test,mendeley_pa:image:MENDE-PA-00325,images/mendeley_pa/MENDE-PA-00325.jpg,Mendeley PA,6225,11,17,0.0769230769230769,0.9472033778683191,1.027971381890279,1.0304036562896042,0.08320027842128508
test:6226,test,mendeley_pa:image:MENDE-PA-00325,images/mendeley_pa/MENDE-PA-00325.jpg,Mendeley PA,6226,12,17,0.0769230769230769,1.1783200114142747,1.0,1.0315058343112469,0.1468141771030278
test:6227,test,mendeley_pa:image:MENDE-PA-00325,images/mendeley_pa/MENDE-PA-00325.jpg,Mendeley PA,6227,13,17,0.0769230769230769,0.867124968232956,1.0309484119137915,1.011058185490051,0.14393321725709507
test:6228,test,mendeley_pa:image:MENDE-PA-00325,images/mendeley_pa/MENDE-PA-00325.jpg,Mendeley PA,6228,14,17,0.0769230769230769,1.0939595652887328,0.9495938548470526,0.998029263469079,0.09593030181965378
test:6229,test,mendeley_pa:image:MENDE-PA-00325,images/mendeley_pa/MENDE-PA-00325.jpg,Mendeley PA,6229,15,17,0.0769230769230769,0.936526117250571,1.0715540232295822,1.0604864884326886,0.12396037118211756
test:6282,test,mendeley_pa:image:MENDE-PA-00329,images/mendeley_pa/MENDE-PA-00329.jpg,Mendeley PA,6282,3,18,0.0714285714285714,0.6512356756028659,1.0029856707262959,0.9542312319683994,0.30299555636553355
test:6283,test,mendeley_pa:image:MENDE-PA-00329,images/mendeley_pa/MENDE-PA-00329.jpg,Mendeley PA,6283,4,18,0.0714285714285714,1.303703708904613,0.9744840215274435,0.9468158788361889,0.35688783006842417
test:6284,test,mendeley_pa:image:MENDE-PA-00329,images/mendeley_pa/MENDE-PA-00329.jpg,Mendeley PA,6284,5,18,0.0714285714285714,1.2196009651641937,1.2708271601994308,1.0455608228047164,0.1740401423594773
test:6285,test,mendeley_pa:image:MENDE-PA-00329,images/mendeley_pa/MENDE-PA-00329.jpg,Mendeley PA,6285,6,18,0.0714285714285714,1.2628047627779408,0.9565646600364863,0.9592280891644924,0.3035766736134484
test:6286,test,mendeley_pa:image:MENDE-PA-00329,images/mendeley_pa/MENDE-PA-00329.jpg,Mendeley PA,6286,7,18,0.0714285714285714,0.743219469687123,1.0464474561960455,0.9169464561493155,0.17372698646219242
test:6287,test,mendeley_pa:image:MENDE-PA-00329,images/mendeley_pa/MENDE-PA-00329.jpg,Mendeley PA,6287,8,18,0.0714285714285714,0.9637898243493742,0.8508906301070824,0.8997901726473942,0.06399965170197996
test:6288,test,mendeley_pa:image:MENDE-PA-00329,images/mendeley_pa/MENDE-PA-00329.jpg,Mendeley PA,6288,9,18,0.0714285714285714,0.798580597447327,1.0,0.9591150917112827,0.16053449426395572
test:6289,test,mendeley_pa:image:MENDE-PA-00329,images/mendeley_pa/MENDE-PA-00329.jpg,Mendeley PA,6289,10,18,0.0714285714285714,1.0656445536545258,0.9414562077853179,0.9727427081796622,0.09290184547486358
test:6290,test,mendeley_pa:image:MENDE-PA-00329,images/mendeley_pa/MENDE-PA-00329.jpg,Mendeley PA,6290,11,18,0.0714285714285714,0.9770959979042737,1.028288668707049,1.0207839205265403,0.04368792262226662
test:6291,test,mendeley_pa:image:MENDE-PA-00329,images/mendeley_pa/MENDE-PA-00329.jpg,Mendeley PA,6291,12,18,0.0714285714285714,1.1039768368357483,1.0109095524957978,1.0033004030546748,0.1006764337810735
test:6292,test,mendeley_pa:image:MENDE-PA-00329,images/mendeley_pa/MENDE-PA-00329.jpg,Mendeley PA,6292,13,18,0.0714285714285714,0.9837566878773227,1.0,1.0135501390323043,0.029793451154981554
test:6293,test,mendeley_pa:image:MENDE-PA-00329,images/mendeley_pa/MENDE-PA-00329.jpg,Mendeley PA,6293,14,18,0.0714285714285714,0.8978260968252016,0.9930452845572518,0.9954052329110937,0.09757913608589208
test:6294,test,mendeley_pa:image:MENDE-PA-00329,images/mendeley_pa/MENDE-PA-00329.jpg,Mendeley PA,6294,15,18,0.0714285714285714,1.102861861083199,0.9961987295956645,0.9579463237733874,0.14491553730981166
test:6295,test,mendeley_pa:image:MENDE-PA-00329,images/mendeley_pa/MENDE-PA-00329.jpg,Mendeley PA,6295,16,18,0.0714285714285714,1.054075467024504,1.0661796872354614,1.0383650698549616,0.015710397169542478
test:6516,test,mendeley_pa:image:MENDE-PA-00348,images/mendeley_pa/MENDE-PA-00348.jpg,Mendeley PA,6516,3,17,0.0769230769230769,0.9018968251069786,0.9654446935825403,1.02150180028606,0.11960497517908153
test:6517,test,mendeley_pa:image:MENDE-PA-00348,images/mendeley_pa/MENDE-PA-00348.jpg,Mendeley PA,6517,4,17,0.0769230769230769,1.0679035434894444,1.0,1.047051265835762,0.02085227765368236
test:6518,test,mendeley_pa:image:MENDE-PA-00348,images/mendeley_pa/MENDE-PA-00348.jpg,Mendeley PA,6518,5,17,0.0769230769230769,0.9591557067185397,1.0631542554691449,1.0299030481472626,0.07074734142872297
test:6519,test,mendeley_pa:image:MENDE-PA-00348,images/mendeley_pa/MENDE-PA-00348.jpg,Mendeley PA,6519,6,17,0.0769230769230769,1.16817305636893,1.0,1.0518743768334389,0.11629867953549122
test:6520,test,mendeley_pa:image:MENDE-PA-00348,images/mendeley_pa/MENDE-PA-00348.jpg,Mendeley PA,6520,7,17,0.0769230769230769,0.9332352863925852,1.0286229816335326,1.0254115341301149,0.09217624773752964
test:6521,test,mendeley_pa:image:MENDE-PA-00348,images/mendeley_pa/MENDE-PA-00348.jpg,Mendeley PA,6521,8,17,0.0769230769230769,0.9935446248843476,0.9444850063525578,0.9457590304889223,0.04778559439542529
test:6522,test,mendeley_pa:image:MENDE-PA-00348,images/mendeley_pa/MENDE-PA-00348.jpg,Mendeley PA,6522,9,17,0.0769230769230769,0.8925813302121621,0.9999999999999999,1.0020690390374511,0.10948770882528902
test:6523,test,mendeley_pa:image:MENDE-PA-00348,images/mendeley_pa/MENDE-PA-00348.jpg,Mendeley PA,6523,10,17,0.0769230769230769,1.045291388547955,0.9904341505897698,1.0203921379578766,0.024899250590078248
test:6524,test,mendeley_pa:image:MENDE-PA-00348,images/mendeley_pa/MENDE-PA-00348.jpg,Mendeley PA,6524,11,17,0.0769230769230769,1.0130997889778501,1.0,0.9659064002335072,0.04719338874434298
test:6525,test,mendeley_pa:image:MENDE-PA-00348,images/mendeley_pa/MENDE-PA-00348.jpg,Mendeley PA,6525,12,17,0.0769230769230769,1.0075433809514847,1.0,0.9879461610689759,0.019597219882508732
test:6526,test,mendeley_pa:image:MENDE-PA-00348,images/mendeley_pa/MENDE-PA-00348.jpg,Mendeley PA,6526,13,17,0.0769230769230769,1.0311590995142934,1.0341381953382598,1.0474207085842,0.01626160906990659
test:6527,test,mendeley_pa:image:MENDE-PA-00348,images/mendeley_pa/MENDE-PA-00348.jpg,Mendeley PA,6527,14,17,0.0769230769230769,1.0451104267733244,0.9955581498441551,1.00869870997195,0.03641171680137445
test:6528,test,mendeley_pa:image:MENDE-PA-00348,images/mendeley_pa/MENDE-PA-00348.jpg,Mendeley PA,6528,15,17,0.0769230769230769,0.9513690051868897,1.0155759264335027,1.032559118847548,0.08119011366065831
test:6549,test,mendeley_pa:image:MENDE-PA-00350,images/mendeley_pa/MENDE-PA-00350.jpg,Mendeley PA,6549,3,18,0.0714285714285714,0.979315334457688,1.0562721472943697,1.0942357611621294,0.11492042670444136
test:6550,test,mendeley_pa:image:MENDE-PA-00350,images/mendeley_pa/MENDE-PA-00350.jpg,Mendeley PA,6550,4,18,0.0714285714285714,1.121773828691659,0.9942724342803038,1.0331413868228472,0.0886324418688118
test:6551,test,mendeley_pa:image:MENDE-PA-00350,images/mendeley_pa/MENDE-PA-00350.jpg,Mendeley PA,6551,5,18,0.0714285714285714,0.9789544618634634,1.0361383632330643,0.977230746349548,0.0017237155139153693
test:6552,test,mendeley_pa:image:MENDE-PA-00350,images/mendeley_pa/MENDE-PA-00350.jpg,Mendeley PA,6552,6,18,0.0714285714285714,0.984769138228087,0.9980235023466912,1.0339677183000413,0.04919858007195432
test:6553,test,mendeley_pa:image:MENDE-PA-00350,images/mendeley_pa/MENDE-PA-00350.jpg,Mendeley PA,6553,7,18,0.0714285714285714,1.0328575396761264,1.0,1.0511307790875435,0.01827323941141712
test:6554,test,mendeley_pa:image:MENDE-PA-00350,images/mendeley_pa/MENDE-PA-00350.jpg,Mendeley PA,6554,8,18,0.0714285714285714,0.9485912953257201,1.056236097438824,1.0095922330753921,0.06100093774967208
test:6555,test,mendeley_pa:image:MENDE-PA-00350,images/mendeley_pa/MENDE-PA-00350.jpg,Mendeley PA,6555,9,18,0.0714285714285714,1.1540448278919297,1.0031894813844757,1.0099608353892164,0.1440839925027133
test:6556,test,mendeley_pa:image:MENDE-PA-00350,images/mendeley_pa/MENDE-PA-00350.jpg,Mendeley PA,6556,10,18,0.0714285714285714,0.9757193090567373,1.0113290246217044,1.0276279259114058,0.05190861685466852
test:6557,test,mendeley_pa:image:MENDE-PA-00350,images/mendeley_pa/MENDE-PA-00350.jpg,Mendeley PA,6557,11,18,0.0714285714285714,0.876204549604974,0.9498004595722866,1.004226198324175,0.12802164871920096
test:6558,test,mendeley_pa:image:MENDE-PA-00350,images/mendeley_pa/MENDE-PA-00350.jpg,Mendeley PA,6558,12,18,0.0714285714285714,0.9670079300978922,0.9834027319126779,1.0148340678685361,0.04782613777064393
test:6559,test,mendeley_pa:image:MENDE-PA-00350,images/mendeley_pa/MENDE-PA-00350.jpg,Mendeley PA,6559,13,18,0.0714285714285714,1.0176615336568675,1.0,1.015569026581943,0.0020925070749244767
test:6560,test,mendeley_pa:image:MENDE-PA-00350,images/mendeley_pa/MENDE-PA-00350.jpg,Mendeley PA,6560,14,18,0.0714285714285714,1.043216190150311,1.0,1.0373788177967072,0.00583737235360382
test:6561,test,mendeley_pa:image:MENDE-PA-00350,images/mendeley_pa/MENDE-PA-00350.jpg,Mendeley PA,6561,15,18,0.0714285714285714,0.9237568979135546,0.9999999999999999,0.9894465915858744,0.0656896936723198
test:6562,test,mendeley_pa:image:MENDE-PA-00350,images/mendeley_pa/MENDE-PA-00350.jpg,Mendeley PA,6562,16,18,0.0714285714285714,1.0381581122538317,1.0,0.9986526367720217,0.03950547548181005
test:7161,test,mendeley_pa:image:MENDE-PA-00395,images/mendeley_pa/MENDE-PA-00395.jpg,Mendeley PA,7161,3,17,0.0769230769230769,1.1980651143671808,1.0,0.9671472534537315,0.23091786091344924
test:7162,test,mendeley_pa:image:MENDE-PA-00395,images/mendeley_pa/MENDE-PA-00395.jpg,Mendeley PA,7162,4,17,0.0769230769230769,1.023597998069818,1.1149746367182054,0.9549189546551027,0.06867904341471531
test:7163,test,mendeley_pa:image:MENDE-PA-00395,images/mendeley_pa/MENDE-PA-00395.jpg,Mendeley PA,7163,5,17,0.0769230769230769,1.0788994902284257,1.0,0.9465070255100727,0.13239246471835298
test:7164,test,mendeley_pa:image:MENDE-PA-00395,images/mendeley_pa/MENDE-PA-00395.jpg,Mendeley PA,7164,6,17,0.0769230769230769,1.0838792345226627,1.0122774206048744,0.9825336076266067,0.10134562689605597
test:7165,test,mendeley_pa:image:MENDE-PA-00395,images/mendeley_pa/MENDE-PA-00395.jpg,Mendeley PA,7165,7,17,0.0769230769230769,0.7066800209000013,0.8399405361455257,0.7998716415208156,0.09319162062081432
test:7166,test,mendeley_pa:image:MENDE-PA-00395,images/mendeley_pa/MENDE-PA-00395.jpg,Mendeley PA,7166,8,17,0.0769230769230769,0.7025869231259467,0.8646929358674486,0.8419068010134895,0.13931987788754274
test:7167,test,mendeley_pa:image:MENDE-PA-00395,images/mendeley_pa/MENDE-PA-00395.jpg,Mendeley PA,7167,9,17,0.0769230769230769,1.1230030895511163,1.0588495668997115,1.0518167603802926,0.07118632917082368
test:7168,test,mendeley_pa:image:MENDE-PA-00395,images/mendeley_pa/MENDE-PA-00395.jpg,Mendeley PA,7168,10,17,0.0769230769230769,1.1471653159279214,1.0,1.0532027892768383,0.09396252665108307
test:7169,test,mendeley_pa:image:MENDE-PA-00395,images/mendeley_pa/MENDE-PA-00395.jpg,Mendeley PA,7169,11,17,0.0769230769230769,0.9314055450349379,1.0,0.9576388485729694,0.02623330353803155
test:7170,test,mendeley_pa:image:MENDE-PA-00395,images/mendeley_pa/MENDE-PA-00395.jpg,Mendeley PA,7170,12,17,0.0769230769230769,0.9394016238114189,0.9552343771687517,0.9441003720170627,0.004698748205643755
test:7171,test,mendeley_pa:image:MENDE-PA-00395,images/mendeley_pa/MENDE-PA-00395.jpg,Mendeley PA,7171,13,17,0.0769230769230769,1.0364635851821917,1.0000000000000002,1.0006499307346532,0.03581365444753848
test:7172,test,mendeley_pa:image:MENDE-PA-00395,images/mendeley_pa/MENDE-PA-00395.jpg,Mendeley PA,7172,14,17,0.0769230769230769,0.9189248155553689,1.0,0.9830980319529772,0.06417321639760831
test:7173,test,mendeley_pa:image:MENDE-PA-00395,images/mendeley_pa/MENDE-PA-00395.jpg,Mendeley PA,7173,15,17,0.0769230769230769,1.1810105194360965,1.1968839693008255,1.1776995475529026,0.0033109718831938473
test:7345,test,mendeley_pa:image:MENDE-PA-00409,images/mendeley_pa/MENDE-PA-00409.jpg,Mendeley PA,7345,3,19,0.0666666666666666,0.9280811327544376,0.9300749235170747,1.0242024891394044,0.09612135638496677
test:7346,test,mendeley_pa:image:MENDE-PA-00409,images/mendeley_pa/MENDE-PA-00409.jpg,Mendeley PA,7346,4,19,0.0666666666666666,1.0149991027415806,1.0594719961423924,0.9860717445750287,0.028927358166551898
test:7347,test,mendeley_pa:image:MENDE-PA-00409,images/mendeley_pa/MENDE-PA-00409.jpg,Mendeley PA,7347,5,19,0.0666666666666666,1.1904383017822529,1.0128417757140764,1.0167711835155555,0.17366711826669734
test:7348,test,mendeley_pa:image:MENDE-PA-00409,images/mendeley_pa/MENDE-PA-00409.jpg,Mendeley PA,7348,6,19,0.0666666666666666,0.9620426729880632,1.0,1.0098438765853643,0.04780120359730111
test:7349,test,mendeley_pa:image:MENDE-PA-00409,images/mendeley_pa/MENDE-PA-00409.jpg,Mendeley PA,7349,7,19,0.0666666666666666,0.9285291838332479,1.106527057304127,0.9967294305703471,0.06820024673709923
test:7350,test,mendeley_pa:image:MENDE-PA-00409,images/mendeley_pa/MENDE-PA-00409.jpg,Mendeley PA,7350,8,19,0.0666666666666666,1.3426664081308703,0.971113380998842,1.0020411806409282,0.3406252274899422
test:7351,test,mendeley_pa:image:MENDE-PA-00409,images/mendeley_pa/MENDE-PA-00409.jpg,Mendeley PA,7351,9,19,0.0666666666666666,0.9050696276501162,1.1325565812145442,1.0497032341514796,0.14463360650136337
test:7352,test,mendeley_pa:image:MENDE-PA-00409,images/mendeley_pa/MENDE-PA-00409.jpg,Mendeley PA,7352,10,19,0.0666666666666666,0.9503199862983858,0.9168138456884769,0.9924740520659832,0.04215406576759739
test:7353,test,mendeley_pa:image:MENDE-PA-00409,images/mendeley_pa/MENDE-PA-00409.jpg,Mendeley PA,7353,11,19,0.0666666666666666,0.9936625653340276,1.0201109351093327,1.015674244749025,0.022011679414997376
test:7354,test,mendeley_pa:image:MENDE-PA-00409,images/mendeley_pa/MENDE-PA-00409.jpg,Mendeley PA,7354,12,19,0.0666666666666666,1.0543260536587713,1.0,1.0072181932628155,0.047107860395955825
test:7355,test,mendeley_pa:image:MENDE-PA-00409,images/mendeley_pa/MENDE-PA-00409.jpg,Mendeley PA,7355,13,19,0.0666666666666666,0.9164285993221788,1.0200347115054114,1.0123946915149076,0.09596609219272878
test:7356,test,mendeley_pa:image:MENDE-PA-00409,images/mendeley_pa/MENDE-PA-00409.jpg,Mendeley PA,7356,14,19,0.0666666666666666,1.0876007421063403,0.9819799592088483,1.016355094064357,0.07124564804198319
test:7357,test,mendeley_pa:image:MENDE-PA-00409,images/mendeley_pa/MENDE-PA-00409.jpg,Mendeley PA,7357,15,19,0.0666666666666666,0.9161230858283431,0.9999999999999998,0.990764790214598,0.07464170438625484
test:7358,test,mendeley_pa:image:MENDE-PA-00409,images/mendeley_pa/MENDE-PA-00409.jpg,Mendeley PA,7358,16,19,0.0666666666666666,1.0530710066536746,1.0235050272914767,0.9990832143250108,0.0539877923286638
test:7359,test,mendeley_pa:image:MENDE-PA-00409,images/mendeley_pa/MENDE-PA-00409.jpg,Mendeley PA,7359,17,19,0.0666666666666666,1.1024906076993055,1.0260480991445724,1.0558609547905866,0.0466296529087189
test:7535,test,mendeley_pa:image:MENDE-PA-00421,images/mendeley_pa/MENDE-PA-00421.jpg,Mendeley PA,7535,3,18,0.0714285714285714,0.9990464389060137,1.043538174128173,0.9824076355453712,0.016638803360642496
test:7536,test,mendeley_pa:image:MENDE-PA-00421,images/mendeley_pa/MENDE-PA-00421.jpg,Mendeley PA,7536,4,18,0.0714285714285714,1.0747018918540978,0.9507181198366874,0.9590277868353718,0.11567410501872599
test:7537,test,mendeley_pa:image:MENDE-PA-00421,images/mendeley_pa/MENDE-PA-00421.jpg,Mendeley PA,7537,5,18,0.0714285714285714,0.8754247500445537,1.0584883316308216,0.9950988440662578,0.11967409402170415
test:7538,test,mendeley_pa:image:MENDE-PA-00421,images/mendeley_pa/MENDE-PA-00421.jpg,Mendeley PA,7538,6,18,0.0714285714285714,1.2836026519210852,1.0,1.1752121448516846,0.10839050706940068
test:7539,test,mendeley_pa:image:MENDE-PA-00421,images/mendeley_pa/MENDE-PA-00421.jpg,Mendeley PA,7539,7,18,0.0714285714285714,0.9806917938173487,1.0863330785830736,1.0443478946288347,0.06365610081148598
test:7540,test,mendeley_pa:image:MENDE-PA-00421,images/mendeley_pa/MENDE-PA-00421.jpg,Mendeley PA,7540,8,18,0.0714285714285714,0.811247185217328,0.9040626741833084,0.9482407614476078,0.13699357623027986
test:7541,test,mendeley_pa:image:MENDE-PA-00421,images/mendeley_pa/MENDE-PA-00421.jpg,Mendeley PA,7541,9,18,0.0714285714285714,0.8819245801618649,0.9425232085062882,0.9494205546228907,0.06749597446102573
test:7542,test,mendeley_pa:image:MENDE-PA-00421,images/mendeley_pa/MENDE-PA-00421.jpg,Mendeley PA,7542,10,18,0.0714285714285714,0.9505415184616837,1.0,0.971842871978879,0.02130135351719531
test:7543,test,mendeley_pa:image:MENDE-PA-00421,images/mendeley_pa/MENDE-PA-00421.jpg,Mendeley PA,7543,11,18,0.0714285714285714,1.1163966319241365,1.0,1.0047123953700066,0.11168423655412996
test:7544,test,mendeley_pa:image:MENDE-PA-00421,images/mendeley_pa/MENDE-PA-00421.jpg,Mendeley PA,7544,12,18,0.0714285714285714,0.9719760130509327,1.0,0.9905661288648844,0.018590115813951646
test:7545,test,mendeley_pa:image:MENDE-PA-00421,images/mendeley_pa/MENDE-PA-00421.jpg,Mendeley PA,7545,13,18,0.0714285714285714,0.9748366877275294,1.0,0.9945021169260144,0.019665429198485018
test:7546,test,mendeley_pa:image:MENDE-PA-00421,images/mendeley_pa/MENDE-PA-00421.jpg,Mendeley PA,7546,14,18,0.0714285714285714,1.0026630339346772,1.0,0.9547283910214901,0.04793464291318705
test:7547,test,mendeley_pa:image:MENDE-PA-00421,images/mendeley_pa/MENDE-PA-00421.jpg,Mendeley PA,7547,15,18,0.0714285714285714,0.9909504183417577,0.9999999999999999,0.936277687549591,0.054672730792166724
test:7548,test,mendeley_pa:image:MENDE-PA-00421,images/mendeley_pa/MENDE-PA-00421.jpg,Mendeley PA,7548,16,18,0.0714285714285714,1.0812331879944725,1.0355287572247955,1.0036640209956142,0.0775691669988583
test:7584,test,mendeley_pa:image:MENDE-PA-00424,images/mendeley_pa/MENDE-PA-00424.jpg,Mendeley PA,7584,3,18,0.0714285714285714,1.0742303615616953,1.0000000000000002,0.9910610290244224,0.08316933253727288
test:7585,test,mendeley_pa:image:MENDE-PA-00424,images/mendeley_pa/MENDE-PA-00424.jpg,Mendeley PA,7585,4,18,0.0714285714285714,0.9123281088430418,1.0133771833276493,1.0295949142670375,0.1172668054239957
test:7586,test,mendeley_pa:image:MENDE-PA-00424,images/mendeley_pa/MENDE-PA-00424.jpg,Mendeley PA,7586,5,18,0.0714285714285714,1.0286322036193223,0.9760638538555735,1.0353901598410242,0.006757956221701944
test:7587,test,mendeley_pa:image:MENDE-PA-00424,images/mendeley_pa/MENDE-PA-00424.jpg,Mendeley PA,7587,6,18,0.0714285714285714,1.0131598717532238,1.0,1.0148260034620762,0.0016661317088524363
test:7588,test,mendeley_pa:image:MENDE-PA-00424,images/mendeley_pa/MENDE-PA-00424.jpg,Mendeley PA,7588,7,18,0.0714285714285714,0.9044846854479944,0.9955794012161144,0.9825273605050692,0.07804267505707474
test:7589,test,mendeley_pa:image:MENDE-PA-00424,images/mendeley_pa/MENDE-PA-00424.jpg,Mendeley PA,7589,8,18,0.0714285714285714,1.0663867990114655,0.9909417932065071,1.0062581240342796,0.06012867497718588
test:7590,test,mendeley_pa:image:MENDE-PA-00424,images/mendeley_pa/MENDE-PA-00424.jpg,Mendeley PA,7590,9,18,0.0714285714285714,1.0498390633474572,1.0421910488330763,0.9767789819561881,0.07306008139126918
test:7591,test,mendeley_pa:image:MENDE-PA-00424,images/mendeley_pa/MENDE-PA-00424.jpg,Mendeley PA,7591,10,18,0.0714285714285714,0.9845487363712893,0.9598237536497858,0.9598623413053669,0.024686395065922406
test:7592,test,mendeley_pa:image:MENDE-PA-00424,images/mendeley_pa/MENDE-PA-00424.jpg,Mendeley PA,7592,11,18,0.0714285714285714,0.9124630983186297,0.9924835958131162,0.995991183406165,0.08352808508753529
test:7593,test,mendeley_pa:image:MENDE-PA-00424,images/mendeley_pa/MENDE-PA-00424.jpg,Mendeley PA,7593,12,18,0.0714285714285714,0.957040550587225,0.9873238210902047,1.0029105996117424,0.04587004902451741
test:7594,test,mendeley_pa:image:MENDE-PA-00424,images/mendeley_pa/MENDE-PA-00424.jpg,Mendeley PA,7594,13,18,0.0714285714285714,1.0921561543813891,0.9999999999999998,1.0142146870493887,0.07794146733200047
test:7595,test,mendeley_pa:image:MENDE-PA-00424,images/mendeley_pa/MENDE-PA-00424.jpg,Mendeley PA,7595,14,18,0.0714285714285714,0.949366698109983,0.9999999999999999,0.973682889714837,0.024316191604853987
test:7596,test,mendeley_pa:image:MENDE-PA-00424,images/mendeley_pa/MENDE-PA-00424.jpg,Mendeley PA,7596,15,18,0.0714285714285714,0.9944281314303558,0.9846967778146879,1.0024787376613036,0.008050606230947777
test:7597,test,mendeley_pa:image:MENDE-PA-00424,images/mendeley_pa/MENDE-PA-00424.jpg,Mendeley PA,7597,16,18,0.0714285714285714,0.9922489534210788,0.9999999999999998,0.9969225998502222,0.004673646429143474
test:7629,test,mendeley_pa:image:MENDE-PA-00428,images/mendeley_pa/MENDE-PA-00428.jpg,Mendeley PA,7629,3,18,0.0714285714285714,1.0675688739479803,0.9867552797151686,0.9989667645497204,0.06860210939825984
test:7630,test,mendeley_pa:image:MENDE-PA-00428,images/mendeley_pa/MENDE-PA-00428.jpg,Mendeley PA,7630,4,18,0.0714285714285714,1.068924426352702,1.0075954517096637,1.056201594111359,0.012722832241343074
test:7631,test,mendeley_pa:image:MENDE-PA-00428,images/mendeley_pa/MENDE-PA-00428.jpg,Mendeley PA,7631,5,18,0.0714285714285714,0.9265687866659317,0.9927925484240003,1.009354241004581,0.08278545433864937
test:7632,test,mendeley_pa:image:MENDE-PA-00428,images/mendeley_pa/MENDE-PA-00428.jpg,Mendeley PA,7632,6,18,0.0714285714285714,0.980163389800686,1.0015329799197423,1.0766309654854047,0.09646757568471875
test:7633,test,mendeley_pa:image:MENDE-PA-00428,images/mendeley_pa/MENDE-PA-00428.jpg,Mendeley PA,7633,7,18,0.0714285714285714,1.091725810596973,1.0000000000000002,1.0158095397055151,0.0759162708914578
test:7634,test,mendeley_pa:image:MENDE-PA-00428,images/mendeley_pa/MENDE-PA-00428.jpg,Mendeley PA,7634,8,18,0.0714285714285714,0.9725806223898736,1.040616331614915,1.010868556790415,0.038287934400541346
test:7635,test,mendeley_pa:image:MENDE-PA-00428,images/mendeley_pa/MENDE-PA-00428.jpg,Mendeley PA,7635,9,18,0.0714285714285714,0.994291694991998,0.9554037464873983,0.9601490883248045,0.03414260666719349
test:7636,test,mendeley_pa:image:MENDE-PA-00428,images/mendeley_pa/MENDE-PA-00428.jpg,Mendeley PA,7636,10,18,0.0714285714285714,0.6559612101392357,1.0129818922539615,0.9057383990546131,0.24977718891537737
test:7637,test,mendeley_pa:image:MENDE-PA-00428,images/mendeley_pa/MENDE-PA-00428.jpg,Mendeley PA,7637,11,18,0.0714285714285714,1.3565686335385516,0.9955707085507712,0.9777599671113095,0.3788086664272421
test:7638,test,mendeley_pa:image:MENDE-PA-00428,images/mendeley_pa/MENDE-PA-00428.jpg,Mendeley PA,7638,12,18,0.0714285714285714,1.2407753091695526,1.2461972655343496,1.2102439263450586,0.03053138282449397
test:7639,test,mendeley_pa:image:MENDE-PA-00428,images/mendeley_pa/MENDE-PA-00428.jpg,Mendeley PA,7639,13,18,0.0714285714285714,1.212287482083097,0.9945157241513203,1.0927924287011097,0.11949505338198718
test:7640,test,mendeley_pa:image:MENDE-PA-00428,images/mendeley_pa/MENDE-PA-00428.jpg,Mendeley PA,7640,14,18,0.0714285714285714,0.7590774791144379,0.987733430247801,0.8264340674691374,0.06735658835469949
test:7641,test,mendeley_pa:image:MENDE-PA-00428,images/mendeley_pa/MENDE-PA-00428.jpg,Mendeley PA,7641,15,18,0.0714285714285714,0.7699844597017846,0.7767975391603101,0.7501614695197929,0.01982299018199174
test:7642,test,mendeley_pa:image:MENDE-PA-00428,images/mendeley_pa/MENDE-PA-00428.jpg,Mendeley PA,7642,16,18,0.0714285714285714,0.7587570490887046,1.0,1.0597201697528362,0.30096312066413167
test:8285,test,mendeley_pa:image:MENDE-PA-00481,images/mendeley_pa/MENDE-PA-00481.jpg,Mendeley PA,8285,3,18,0.0714285714285714,0.9844328647488367,1.0,0.9949547462165356,0.010521881467698835
test:8286,test,mendeley_pa:image:MENDE-PA-00481,images/mendeley_pa/MENDE-PA-00481.jpg,Mendeley PA,8286,4,18,0.0714285714285714,1.0042248492449948,0.9996584574943395,1.0273291259324164,0.023104276687421654
test:8287,test,mendeley_pa:image:MENDE-PA-00481,images/mendeley_pa/MENDE-PA-00481.jpg,Mendeley PA,8287,5,18,0.0714285714285714,0.9994871034116167,1.0409328217250773,1.0556732161534497,0.05618611274183294
test:8288,test,mendeley_pa:image:MENDE-PA-00481,images/mendeley_pa/MENDE-PA-00481.jpg,Mendeley PA,8288,6,18,0.0714285714285714,1.0916729088147235,1.0,1.098087765276432,0.006414856461708585
test:8289,test,mendeley_pa:image:MENDE-PA-00481,images/mendeley_pa/MENDE-PA-00481.jpg,Mendeley PA,8289,7,18,0.0714285714285714,0.8932538830913901,1.0010984658314759,1.0213383573158556,0.12808447422446556
test:8290,test,mendeley_pa:image:MENDE-PA-00481,images/mendeley_pa/MENDE-PA-00481.jpg,Mendeley PA,8290,8,18,0.0714285714285714,1.068406107695814,0.9930835484495689,1.0141353073498536,0.054270800345960435
test:8291,test,mendeley_pa:image:MENDE-PA-00481,images/mendeley_pa/MENDE-PA-00481.jpg,Mendeley PA,8291,9,18,0.0714285714285714,1.0278004433259391,1.0,1.0168954990804195,0.010904944245519577
test:8292,test,mendeley_pa:image:MENDE-PA-00481,images/mendeley_pa/MENDE-PA-00481.jpg,Mendeley PA,8292,10,18,0.0714285714285714,0.9409910693615511,0.9989419418856157,1.014866417972709,0.07387534861115785
test:8293,test,mendeley_pa:image:MENDE-PA-00481,images/mendeley_pa/MENDE-PA-00481.jpg,Mendeley PA,8293,11,18,0.0714285714285714,0.9463048608506954,0.9735005482944947,0.9748005076690864,0.028495646818391007
test:8294,test,mendeley_pa:image:MENDE-PA-00481,images/mendeley_pa/MENDE-PA-00481.jpg,Mendeley PA,8294,12,18,0.0714285714285714,1.0232668883633171,1.012825542824149,0.9857338441030978,0.037533044260219306
test:8295,test,mendeley_pa:image:MENDE-PA-00481,images/mendeley_pa/MENDE-PA-00481.jpg,Mendeley PA,8295,13,18,0.0714285714285714,1.05322966277362,1.0000000000000002,0.9885705234482887,0.0646591393253313
test:8296,test,mendeley_pa:image:MENDE-PA-00481,images/mendeley_pa/MENDE-PA-00481.jpg,Mendeley PA,8296,14,18,0.0714285714285714,0.9760538592050635,0.9999999999999999,0.9749654382467269,0.0010884209583366111
test:8297,test,mendeley_pa:image:MENDE-PA-00481,images/mendeley_pa/MENDE-PA-00481.jpg,Mendeley PA,8297,15,18,0.0714285714285714,0.9661689864970465,0.9938252218474717,0.978012876998362,0.011843890501315513
test:8298,test,mendeley_pa:image:MENDE-PA-00481,images/mendeley_pa/MENDE-PA-00481.jpg,Mendeley PA,8298,16,18,0.0714285714285714,1.0445611015172112,0.9999999999999998,1.0078989723697303,0.036662129147480904
test:8388,test,mendeley_pa:image:MENDE-PA-00490,images/mendeley_pa/MENDE-PA-00490.jpg,Mendeley PA,8388,3,19,0.0666666666666666,0.9146058596727641,0.9801210557382537,1.0053387937407923,0.09073293406802818
test:8389,test,mendeley_pa:image:MENDE-PA-00490,images/mendeley_pa/MENDE-PA-00490.jpg,Mendeley PA,8389,4,19,0.0666666666666666,1.050375868840837,1.0151635780263404,1.0392124521810273,0.011163416659809577
test:8390,test,mendeley_pa:image:MENDE-PA-00490,images/mendeley_pa/MENDE-PA-00490.jpg,Mendeley PA,8390,5,19,0.0666666666666666,1.0756511752744153,1.0259176492680564,1.0468652769912734,0.02878589828314193
test:8391,test,mendeley_pa:image:MENDE-PA-00490,images/mendeley_pa/MENDE-PA-00490.jpg,Mendeley PA,8391,6,19,0.0666666666666666,0.9259917336914683,0.9757521485224364,0.9918964744791386,0.06590474078767039
test:8392,test,mendeley_pa:image:MENDE-PA-00490,images/mendeley_pa/MENDE-PA-00490.jpg,Mendeley PA,8392,7,19,0.0666666666666666,0.8985814557195118,0.9618006374589261,0.9844540718845185,0.08587261616500674
test:8393,test,mendeley_pa:image:MENDE-PA-00490,images/mendeley_pa/MENDE-PA-00490.jpg,Mendeley PA,8393,8,19,0.0666666666666666,1.0134305993354427,1.0538950535424956,1.062888332731367,0.0494577333959243
test:8394,test,mendeley_pa:image:MENDE-PA-00490,images/mendeley_pa/MENDE-PA-00490.jpg,Mendeley PA,8394,9,19,0.0666666666666666,1.2252152585356835,1.0618828276724939,1.0843873212666635,0.14082793726902
test:8395,test,mendeley_pa:image:MENDE-PA-00490,images/mendeley_pa/MENDE-PA-00490.jpg,Mendeley PA,8395,10,19,0.0666666666666666,1.0026117887234878,0.995071856048415,1.0124784426060418,0.009866653882554033
test:8396,test,mendeley_pa:image:MENDE-PA-00490,images/mendeley_pa/MENDE-PA-00490.jpg,Mendeley PA,8396,11,19,0.0666666666666666,0.8039527307474359,0.9567725344319458,0.9795134237725849,0.17556069302514898
test:8397,test,mendeley_pa:image:MENDE-PA-00490,images/mendeley_pa/MENDE-PA-00490.jpg,Mendeley PA,8397,12,19,0.0666666666666666,0.9973799417325426,0.9505767585944283,1.0008352162551033,0.0034552745225606696
test:8398,test,mendeley_pa:image:MENDE-PA-00490,images/mendeley_pa/MENDE-PA-00490.jpg,Mendeley PA,8398,13,19,0.0666666666666666,0.9799685256743864,1.0246520042361817,0.9349046125950418,0.04506391307934465
test:8399,test,mendeley_pa:image:MENDE-PA-00490,images/mendeley_pa/MENDE-PA-00490.jpg,Mendeley PA,8399,14,19,0.0666666666666666,1.140005650092153,1.0248501225090698,1.0228178763012514,0.1171877737909015
test:8400,test,mendeley_pa:image:MENDE-PA-00490,images/mendeley_pa/MENDE-PA-00490.jpg,Mendeley PA,8400,15,19,0.0666666666666666,1.0086402459321024,1.0079440702278246,0.9721579928476443,0.03648225308445818
test:8401,test,mendeley_pa:image:MENDE-PA-00490,images/mendeley_pa/MENDE-PA-00490.jpg,Mendeley PA,8401,16,19,0.0666666666666666,0.9306460019955993,0.9888699853570952,0.9280297325702205,0.0026162694253788477
test:8402,test,mendeley_pa:image:MENDE-PA-00490,images/mendeley_pa/MENDE-PA-00490.jpg,Mendeley PA,8402,17,19,0.0666666666666666,1.016781784167829,0.9774964500210028,0.9886277981093865,0.02815398605844255
test:8434,test,mendeley_pa:image:MENDE-PA-00494,images/mendeley_pa/MENDE-PA-00494.jpg,Mendeley PA,8434,3,17,0.0769230769230769,0.9274482559218398,1.0649891393747812,0.9964650692906862,0.06901681336884646
test:8435,test,mendeley_pa:image:MENDE-PA-00494,images/mendeley_pa/MENDE-PA-00494.jpg,Mendeley PA,8435,4,17,0.0769230769230769,1.2786205209312158,1.0343001535649905,1.2222821018214831,0.056338419109732696
test:8436,test,mendeley_pa:image:MENDE-PA-00494,images/mendeley_pa/MENDE-PA-00494.jpg,Mendeley PA,8436,5,17,0.0769230769230769,1.0194719775883743,1.0532658062900122,1.1294089369500693,0.10993695936169501
test:8437,test,mendeley_pa:image:MENDE-PA-00494,images/mendeley_pa/MENDE-PA-00494.jpg,Mendeley PA,8437,6,17,0.0769230769230769,0.8868087561279605,0.9543690143993928,0.9866824357679918,0.09987367964003124
test:8438,test,mendeley_pa:image:MENDE-PA-00494,images/mendeley_pa/MENDE-PA-00494.jpg,Mendeley PA,8438,7,17,0.0769230769230769,0.975110573336688,0.9711678243254891,1.0028895429348221,0.027778969598134085
test:8439,test,mendeley_pa:image:MENDE-PA-00494,images/mendeley_pa/MENDE-PA-00494.jpg,Mendeley PA,8439,8,17,0.0769230769230769,1.0151177336767008,1.0400289314058444,1.047863538209798,0.03274580453309728
test:8440,test,mendeley_pa:image:MENDE-PA-00494,images/mendeley_pa/MENDE-PA-00494.jpg,Mendeley PA,8440,9,17,0.0769230769230769,1.0960804925213101,1.0,1.0650966167449951,0.030983875776315006
test:8441,test,mendeley_pa:image:MENDE-PA-00494,images/mendeley_pa/MENDE-PA-00494.jpg,Mendeley PA,8441,10,17,0.0769230769230769,0.88405420735384,1.0000000000000002,1.009001595899463,0.12494738854562293
test:8442,test,mendeley_pa:image:MENDE-PA-00494,images/mendeley_pa/MENDE-PA-00494.jpg,Mendeley PA,8442,11,17,0.0769230769230769,1.0237998191762303,0.9672183131238294,0.9757146702518535,0.048085148924376764
test:8443,test,mendeley_pa:image:MENDE-PA-00494,images/mendeley_pa/MENDE-PA-00494.jpg,Mendeley PA,8443,12,17,0.0769230769230769,1.0372412092933059,1.0303170072241887,0.9768420743151769,0.06039913497812899
test:8444,test,mendeley_pa:image:MENDE-PA-00494,images/mendeley_pa/MENDE-PA-00494.jpg,Mendeley PA,8444,13,17,0.0769230769230769,1.045406069137989,1.0,0.9680391289293766,0.07736694020861234
test:8445,test,mendeley_pa:image:MENDE-PA-00494,images/mendeley_pa/MENDE-PA-00494.jpg,Mendeley PA,8445,14,17,0.0769230769230769,0.9629780823423753,1.0154019889474395,0.9858603623748305,0.022882280032455293
test:8446,test,mendeley_pa:image:MENDE-PA-00494,images/mendeley_pa/MENDE-PA-00494.jpg,Mendeley PA,8446,15,17,0.0769230769230769,1.0370778302430397,1.0,1.0205947253853083,0.016483104857731412
test:8494,test,mendeley_pa:image:MENDE-PA-00501,images/mendeley_pa/MENDE-PA-00501.jpg,Mendeley PA,8494,3,20,0.0625,0.9736849050643391,1.0133754071637746,1.036499235857999,0.06281433079365983
test:8495,test,mendeley_pa:image:MENDE-PA-00501,images/mendeley_pa/MENDE-PA-00501.jpg,Mendeley PA,8495,4,20,0.0625,1.0210385148990575,0.9824156228163967,1.11746961508782,0.09643110018876255
test:8496,test,mendeley_pa:image:MENDE-PA-00501,images/mendeley_pa/MENDE-PA-00501.jpg,Mendeley PA,8496,5,20,0.0625,0.9627327616357414,0.9999999999999999,1.1918632984161377,0.2291305367803963
test:8497,test,mendeley_pa:image:MENDE-PA-00501,images/mendeley_pa/MENDE-PA-00501.jpg,Mendeley PA,8497,6,20,0.0625,0.8762515874834154,0.9824286028373199,1.0436649806427913,0.16741339315937598
test:8498,test,mendeley_pa:image:MENDE-PA-00501,images/mendeley_pa/MENDE-PA-00501.jpg,Mendeley PA,8498,7,20,0.0625,1.0403906528372602,1.0123548780520812,1.000965689583625,0.039424963253635203
test:8499,test,mendeley_pa:image:MENDE-PA-00501,images/mendeley_pa/MENDE-PA-00501.jpg,Mendeley PA,8499,8,20,0.0625,1.1032841255617214,1.0147012280804009,0.9510823371392578,0.15220178842246357
test:8500,test,mendeley_pa:image:MENDE-PA-00501,images/mendeley_pa/MENDE-PA-00501.jpg,Mendeley PA,8500,9,20,0.0625,1.0581828665185573,1.0548188185980596,1.0011699518850126,0.05701291463354474
test:8501,test,mendeley_pa:image:MENDE-PA-00501,images/mendeley_pa/MENDE-PA-00501.jpg,Mendeley PA,8501,10,20,0.0625,0.9984804945416348,0.9839307281441936,1.0273084665901908,0.028827972048556028
test:8502,test,mendeley_pa:image:MENDE-PA-00501,images/mendeley_pa/MENDE-PA-00501.jpg,Mendeley PA,8502,11,20,0.0625,0.9298870440225988,0.9739201365678742,1.0037156938283875,0.07382864980578874
test:8503,test,mendeley_pa:image:MENDE-PA-00501,images/mendeley_pa/MENDE-PA-00501.jpg,Mendeley PA,8503,12,20,0.0625,0.9399760690355562,1.0648973695724122,1.0145713127939813,0.07459524375842508
test:8504,test,mendeley_pa:image:MENDE-PA-00501,images/mendeley_pa/MENDE-PA-00501.jpg,Mendeley PA,8504,13,20,0.0625,1.2356915088768334,1.0,1.0247107595205307,0.21098074935630273
test:8505,test,mendeley_pa:image:MENDE-PA-00501,images/mendeley_pa/MENDE-PA-00501.jpg,Mendeley PA,8505,14,20,0.0625,0.8318419822954675,1.0077545485217139,0.9498219406921431,0.11797995839667563
test:8506,test,mendeley_pa:image:MENDE-PA-00501,images/mendeley_pa/MENDE-PA-00501.jpg,Mendeley PA,8506,15,20,0.0625,1.0352448811148054,0.9257888831834225,0.9424366430084137,0.09280823810639172
test:8507,test,mendeley_pa:image:MENDE-PA-00501,images/mendeley_pa/MENDE-PA-00501.jpg,Mendeley PA,8507,16,20,0.0625,0.9397025685025187,1.0,0.9890527641400695,0.04935019563755083
test:8508,test,mendeley_pa:image:MENDE-PA-00501,images/mendeley_pa/MENDE-PA-00501.jpg,Mendeley PA,8508,17,20,0.0625,1.0387724970801249,1.0204041371615942,1.02040911154464,0.018363385535484777
test:8509,test,mendeley_pa:image:MENDE-PA-00501,images/mendeley_pa/MENDE-PA-00501.jpg,Mendeley PA,8509,18,20,0.0625,1.0997994533214452,1.038319462328992,1.0417116509059734,0.058087802415471845
test:8705,test,mendeley_pa:image:MENDE-PA-00516,images/mendeley_pa/MENDE-PA-00516.jpg,Mendeley PA,8705,3,18,0.0714285714285714,1.0953834699654288,1.0000000000000002,1.079226575791836,0.016156894173592784
test:8706,test,mendeley_pa:image:MENDE-PA-00516,images/mendeley_pa/MENDE-PA-00516.jpg,Mendeley PA,8706,4,18,0.0714285714285714,0.9090753644462122,1.0,0.9652446210384369,0.056169256592224714
test:8707,test,mendeley_pa:image:MENDE-PA-00516,images/mendeley_pa/MENDE-PA-00516.jpg,Mendeley PA,8707,5,18,0.0714285714285714,1.0193329915968765,0.9691476278517275,1.0146277785811453,0.0047052130157312355
test:8708,test,mendeley_pa:image:MENDE-PA-00516,images/mendeley_pa/MENDE-PA-00516.jpg,Mendeley PA,8708,6,18,0.0714285714285714,0.9853155502629541,1.0000000000000002,1.0047506294213238,0.019435079158369617
test:8709,test,mendeley_pa:image:MENDE-PA-00516,images/mendeley_pa/MENDE-PA-00516.jpg,Mendeley PA,8709,7,18,0.0714285714285714,1.0123738983628254,1.0104920523730005,1.0485893445578303,0.03621544619500483
test:8710,test,mendeley_pa:image:MENDE-PA-00516,images/mendeley_pa/MENDE-PA-00516.jpg,Mendeley PA,8710,8,18,0.0714285714285714,1.0307584307878255,1.0,1.0392816588282585,0.00852322804043304
test:8711,test,mendeley_pa:image:MENDE-PA-00516,images/mendeley_pa/MENDE-PA-00516.jpg,Mendeley PA,8711,9,18,0.0714285714285714,0.9596945408827514,1.0,0.9650809392333031,0.005386398350551658
test:8712,test,mendeley_pa:image:MENDE-PA-00516,images/mendeley_pa/MENDE-PA-00516.jpg,Mendeley PA,8712,10,18,0.0714285714285714,0.987434491567367,0.9913778428466447,0.980836108560992,0.006598383006374942
test:8713,test,mendeley_pa:image:MENDE-PA-00516,images/mendeley_pa/MENDE-PA-00516.jpg,Mendeley PA,8713,11,18,0.0714285714285714,1.03363140766537,1.0000000000000002,0.9981002116110178,0.03553119605435229
test:8714,test,mendeley_pa:image:MENDE-PA-00516,images/mendeley_pa/MENDE-PA-00516.jpg,Mendeley PA,8714,12,18,0.0714285714285714,0.9597980101966421,0.9999999999999999,0.986897651106119,0.02709964090947692
test:8715,test,mendeley_pa:image:MENDE-PA-00516,images/mendeley_pa/MENDE-PA-00516.jpg,Mendeley PA,8715,13,18,0.0714285714285714,1.025947831183093,0.9992764444374322,1.0261923001431703,0.00024446896007734864
test:8716,test,mendeley_pa:image:MENDE-PA-00516,images/mendeley_pa/MENDE-PA-00516.jpg,Mendeley PA,8716,14,18,0.0714285714285714,0.9421134243167222,1.0,1.0027491815853864,0.060635757268664214
test:8717,test,mendeley_pa:image:MENDE-PA-00516,images/mendeley_pa/MENDE-PA-00516.jpg,Mendeley PA,8717,15,18,0.0714285714285714,1.0531522359259955,1.0344075768884493,1.036333859425619,0.01681837650037643
test:8718,test,mendeley_pa:image:MENDE-PA-00516,images/mendeley_pa/MENDE-PA-00516.jpg,Mendeley PA,8718,16,18,0.0714285714285714,1.0776590469754157,1.0,0.9836091939359903,0.09404985303942537
test:9156,test,mendeley_pa:image:MENDE-PA-00549,images/mendeley_pa/MENDE-PA-00549.jpg,Mendeley PA,9156,3,17,0.0769230769230769,1.0443726689429418,1.0,1.0333974324166775,0.01097523652626431
test:9157,test,mendeley_pa:image:MENDE-PA-00549,images/mendeley_pa/MENDE-PA-00549.jpg,Mendeley PA,9157,4,17,0.0769230769230769,0.9755627258589827,1.0359562967876639,1.0016058606068339,0.026043134747851138
test:9158,test,mendeley_pa:image:MENDE-PA-00549,images/mendeley_pa/MENDE-PA-00549.jpg,Mendeley PA,9158,5,17,0.0769230769230769,1.0676857848920762,0.9856679585878654,0.9864672107738359,0.0812185741182403
test:9159,test,mendeley_pa:image:MENDE-PA-00549,images/mendeley_pa/MENDE-PA-00549.jpg,Mendeley PA,9159,6,17,0.0769230769230769,0.912309612297682,1.0,0.9451833143830299,0.0328737020853479
test:9160,test,mendeley_pa:image:MENDE-PA-00549,images/mendeley_pa/MENDE-PA-00549.jpg,Mendeley PA,9160,7,17,0.0769230769230769,1.0168400842811558,0.9672175610242536,0.976460966448312,0.04037911783284376
test:9161,test,mendeley_pa:image:MENDE-PA-00549,images/mendeley_pa/MENDE-PA-00549.jpg,Mendeley PA,9161,8,17,0.0769230769230769,0.9927806716162554,1.0,0.973799416795373,0.01898125482088242
test:9162,test,mendeley_pa:image:MENDE-PA-00549,images/mendeley_pa/MENDE-PA-00549.jpg,Mendeley PA,9162,9,17,0.0769230769230769,1.0113795974970239,1.0,1.006611395161599,0.004768202335424965
test:9163,test,mendeley_pa:image:MENDE-PA-00549,images/mendeley_pa/MENDE-PA-00549.jpg,Mendeley PA,9163,10,17,0.0769230769230769,0.9829125715935243,1.0000000000000002,1.0015635769814255,0.01865100538790121
test:9164,test,mendeley_pa:image:MENDE-PA-00549,images/mendeley_pa/MENDE-PA-00549.jpg,Mendeley PA,9164,11,17,0.0769230769230769,0.9766111354310107,1.0,0.9982154285535216,0.021604293122510887
test:9165,test,mendeley_pa:image:MENDE-PA-00549,images/mendeley_pa/MENDE-PA-00549.jpg,Mendeley PA,9165,12,17,0.0769230769230769,1.0023317634055822,1.0,1.0052689900621772,0.0029372266565950156
test:9166,test,mendeley_pa:image:MENDE-PA-00549,images/mendeley_pa/MENDE-PA-00549.jpg,Mendeley PA,9166,13,17,0.0769230769230769,1.0092450815752176,1.0,0.998781849979423,0.010463231595794653
test:9167,test,mendeley_pa:image:MENDE-PA-00549,images/mendeley_pa/MENDE-PA-00549.jpg,Mendeley PA,9167,14,17,0.0769230769230769,0.99928628419816,1.0071877050550904,0.9926774544047441,0.006608829793415927
test:9168,test,mendeley_pa:image:MENDE-PA-00549,images/mendeley_pa/MENDE-PA-00549.jpg,Mendeley PA,9168,15,17,0.0769230769230769,1.037282566130552,1.0,1.0177743453532457,0.019508220777306295
test:9378,test,mendeley_pa:image:MENDE-PA-00564,images/mendeley_pa/MENDE-PA-00564.jpg,Mendeley PA,9378,3,18,0.0714285714285714,0.9025698906456672,1.0035981440200508,1.069242706264466,0.16667281561879888
test:9379,test,mendeley_pa:image:MENDE-PA-00564,images/mendeley_pa/MENDE-PA-00564.jpg,Mendeley PA,9379,4,18,0.0714285714285714,0.9262834452379395,0.9321411452765427,1.0207818053240738,0.09449836008613433
test:9380,test,mendeley_pa:image:MENDE-PA-00564,images/mendeley_pa/MENDE-PA-00564.jpg,Mendeley PA,9380,5,18,0.0714285714285714,1.0083670809039553,1.0,1.0596566870808601,0.05128960617690481
test:9381,test,mendeley_pa:image:MENDE-PA-00564,images/mendeley_pa/MENDE-PA-00564.jpg,Mendeley PA,9381,6,18,0.0714285714285714,0.9744749544069391,1.0128469878419752,1.002636845371079,0.028161890964139902
test:9382,test,mendeley_pa:image:MENDE-PA-00564,images/mendeley_pa/MENDE-PA-00564.jpg,Mendeley PA,9382,7,18,0.0714285714285714,1.0929543763783225,1.0173744915950134,1.0289610999601915,0.06399327641813102
test:9383,test,mendeley_pa:image:MENDE-PA-00564,images/mendeley_pa/MENDE-PA-00564.jpg,Mendeley PA,9383,8,18,0.0714285714285714,1.0043488739978823,1.0,0.975539967417717,0.028808906580165328
test:9384,test,mendeley_pa:image:MENDE-PA-00564,images/mendeley_pa/MENDE-PA-00564.jpg,Mendeley PA,9384,9,18,0.0714285714285714,0.9560254725814861,1.0275487016531524,0.9678668427857455,0.01184137020425946
test:9385,test,mendeley_pa:image:MENDE-PA-00564,images/mendeley_pa/MENDE-PA-00564.jpg,Mendeley PA,9385,10,18,0.0714285714285714,1.0973520109521995,0.9834564702812445,1.0223653169575941,0.07498669399460534
test:9386,test,mendeley_pa:image:MENDE-PA-00564,images/mendeley_pa/MENDE-PA-00564.jpg,Mendeley PA,9386,11,18,0.0714285714285714,0.8588660029908377,1.0,0.991107284091413,0.13224128110057531
test:9387,test,mendeley_pa:image:MENDE-PA-00564,images/mendeley_pa/MENDE-PA-00564.jpg,Mendeley PA,9387,12,18,0.0714285714285714,0.9927630700615883,1.0021130862285246,1.0358236218442072,0.04306055178261892
test:9388,test,mendeley_pa:image:MENDE-PA-00564,images/mendeley_pa/MENDE-PA-00564.jpg,Mendeley PA,9388,13,18,0.0714285714285714,1.1403605039802303,0.9999999999999999,1.0579731240868568,0.08238737989337341
test:9389,test,mendeley_pa:image:MENDE-PA-00564,images/mendeley_pa/MENDE-PA-00564.jpg,Mendeley PA,9389,14,18,0.0714285714285714,0.9992446284917107,1.088730294605202,1.062985016380853,0.06374038788914227
test:9390,test,mendeley_pa:image:MENDE-PA-00564,images/mendeley_pa/MENDE-PA-00564.jpg,Mendeley PA,9390,15,18,0.0714285714285714,1.2439969975402296,0.9563805247933408,1.1014486636311551,0.1425483339090745
test:9391,test,mendeley_pa:image:MENDE-PA-00564,images/mendeley_pa/MENDE-PA-00564.jpg,Mendeley PA,9391,16,18,0.0714285714285714,0.6863646349026494,0.9368665634968463,0.8900045796611491,0.20363994475849967
test:9412,test,mendeley_pa:image:MENDE-PA-00566,images/mendeley_pa/MENDE-PA-00566.jpg,Mendeley PA,9412,3,18,0.0714285714285714,1.073927421833854,1.052277873022447,0.99563666315187,0.07829075868198387
test:9413,test,mendeley_pa:image:MENDE-PA-00566,images/mendeley_pa/MENDE-PA-00566.jpg,Mendeley PA,9413,4,18,0.0714285714285714,1.176796749955931,1.0349933584462465,1.0707735126148523,0.10602323734107877
test:9414,test,mendeley_pa:image:MENDE-PA-00566,images/mendeley_pa/MENDE-PA-00566.jpg,Mendeley PA,9414,5,18,0.0714285714285714,0.9977465864837196,1.0442188498310148,1.0479417259085326,0.05019513942481302
test:9415,test,mendeley_pa:image:MENDE-PA-00566,images/mendeley_pa/MENDE-PA-00566.jpg,Mendeley PA,9415,6,18,0.0714285714285714,0.9009989367641648,0.945865139550619,0.9736351652062463,0.07263622844208151
test:9416,test,mendeley_pa:image:MENDE-PA-00566,images/mendeley_pa/MENDE-PA-00566.jpg,Mendeley PA,9416,7,18,0.0714285714285714,0.9882649617992604,1.0243115361944501,1.009514489413864,0.021249527614603525
test:9417,test,mendeley_pa:image:MENDE-PA-00566,images/mendeley_pa/MENDE-PA-00566.jpg,Mendeley PA,9417,8,18,0.0714285714285714,1.1080877875657331,1.0,1.0480278581380844,0.060059929427648706
test:9418,test,mendeley_pa:image:MENDE-PA-00566,images/mendeley_pa/MENDE-PA-00566.jpg,Mendeley PA,9418,9,18,0.0714285714285714,0.9380265884971148,1.0108386372165623,1.02128473119306,0.08325814269594511
test:9419,test,mendeley_pa:image:MENDE-PA-00566,images/mendeley_pa/MENDE-PA-00566.jpg,Mendeley PA,9419,10,18,0.0714285714285714,0.9673970349785472,0.9535786195013162,0.992811678192341,0.02541464321379372
test:9420,test,mendeley_pa:image:MENDE-PA-00566,images/mendeley_pa/MENDE-PA-00566.jpg,Mendeley PA,9420,11,18,0.0714285714285714,0.9639598013447064,0.9999999999999999,1.0290000587701797,0.06504025742547337
test:9421,test,mendeley_pa:image:MENDE-PA-00566,images/mendeley_pa/MENDE-PA-00566.jpg,Mendeley PA,9421,12,18,0.0714285714285714,0.965884616647679,0.9999999999999999,0.9963973234407603,0.030512706793081268
test:9422,test,mendeley_pa:image:MENDE-PA-00566,images/mendeley_pa/MENDE-PA-00566.jpg,Mendeley PA,9422,13,18,0.0714285714285714,1.0715413311749087,1.0,1.0169023368507624,0.05463899432414632
test:9423,test,mendeley_pa:image:MENDE-PA-00566,images/mendeley_pa/MENDE-PA-00566.jpg,Mendeley PA,9423,14,18,0.0714285714285714,0.9782390568486753,0.9999999999999999,0.9987640228355302,0.020524965986854937
test:9424,test,mendeley_pa:image:MENDE-PA-00566,images/mendeley_pa/MENDE-PA-00566.jpg,Mendeley PA,9424,15,18,0.0714285714285714,0.9810813603965897,1.0,1.000809866527561,0.019728506130971435
test:9425,test,mendeley_pa:image:MENDE-PA-00566,images/mendeley_pa/MENDE-PA-00566.jpg,Mendeley PA,9425,16,18,0.0714285714285714,1.0018410653954746,1.0,1.00618019932881,0.004339133933335404
test:9430,test,mendeley_pa:image:MENDE-PA-00567,images/mendeley_pa/MENDE-PA-00567.jpg,Mendeley PA,9430,3,18,0.0714285714285714,1.004181057093386,0.9999999999999999,0.9933231216855346,0.010857935407851405
test:9431,test,mendeley_pa:image:MENDE-PA-00567,images/mendeley_pa/MENDE-PA-00567.jpg,Mendeley PA,9431,4,18,0.0714285714285714,1.0014768752208334,1.0,1.0248587522655725,0.023381877044739152
test:9432,test,mendeley_pa:image:MENDE-PA-00567,images/mendeley_pa/MENDE-PA-00567.jpg,Mendeley PA,9432,5,18,0.0714285714285714,1.0330396718805903,1.0,1.0398348905146122,0.006795218634021882
test:9433,test,mendeley_pa:image:MENDE-PA-00567,images/mendeley_pa/MENDE-PA-00567.jpg,Mendeley PA,9433,6,18,0.0714285714285714,0.9867344505338569,1.0316512518429621,1.0148897160643204,0.028155265530463547
test:9434,test,mendeley_pa:image:MENDE-PA-00567,images/mendeley_pa/MENDE-PA-00567.jpg,Mendeley PA,9434,7,18,0.0714285714285714,1.0773331902785634,1.0,1.0262226928025484,0.05111049747601504
test:9435,test,mendeley_pa:image:MENDE-PA-00567,images/mendeley_pa/MENDE-PA-00567.jpg,Mendeley PA,9435,8,18,0.0714285714285714,0.925778023478427,0.9999999999999999,1.0016313361702487,0.07585331269182172
test:9436,test,mendeley_pa:image:MENDE-PA-00567,images/mendeley_pa/MENDE-PA-00567.jpg,Mendeley PA,9436,9,18,0.0714285714285714,0.9934689116561919,0.9775646213868726,0.9797548382969666,0.013714073359225254
test:9437,test,mendeley_pa:image:MENDE-PA-00567,images/mendeley_pa/MENDE-PA-00567.jpg,Mendeley PA,9437,10,18,0.0714285714285714,1.033659946427736,1.0,0.9824690092355013,0.051190937192234776
test:9438,test,mendeley_pa:image:MENDE-PA-00567,images/mendeley_pa/MENDE-PA-00567.jpg,Mendeley PA,9438,11,18,0.0714285714285714,0.9766019051882362,0.9999999999999999,0.9825673103332518,0.005965405145015645
test:9439,test,mendeley_pa:image:MENDE-PA-00567,images/mendeley_pa/MENDE-PA-00567.jpg,Mendeley PA,9439,12,18,0.0714285714285714,1.0057263529627702,1.0265357041753076,1.0350087754449986,0.029282422482228343
test:9440,test,mendeley_pa:image:MENDE-PA-00567,images/mendeley_pa/MENDE-PA-00567.jpg,Mendeley PA,9440,13,18,0.0714285714285714,1.0697186321654046,0.9999999999999998,1.0062592201866207,0.06345941197878391
test:9441,test,mendeley_pa:image:MENDE-PA-00567,images/mendeley_pa/MENDE-PA-00567.jpg,Mendeley PA,9441,14,18,0.0714285714285714,0.9325544523141183,1.0,0.9960633087903261,0.06350885647620785
test:9442,test,mendeley_pa:image:MENDE-PA-00567,images/mendeley_pa/MENDE-PA-00567.jpg,Mendeley PA,9442,15,18,0.0714285714285714,0.9757900022613542,0.9806717717840726,0.9784226626909728,0.0026326604296186273
test:9443,test,mendeley_pa:image:MENDE-PA-00567,images/mendeley_pa/MENDE-PA-00567.jpg,Mendeley PA,9443,16,18,0.0714285714285714,1.059147381329808,1.0083844754266147,0.9976732069047693,0.061474174425038663
test:10085,test,mendeley_pa:image:MENDE-PA-00627,images/mendeley_pa/MENDE-PA-00627.jpg,Mendeley PA,10085,3,18,0.0714285714285714,1.0881341398575968,1.0,0.9233503639698029,0.16478377588779392
test:10086,test,mendeley_pa:image:MENDE-PA-00627,images/mendeley_pa/MENDE-PA-00627.jpg,Mendeley PA,10086,4,18,0.0714285714285714,0.9635614523974159,1.0381205684921468,1.0031609467646803,0.0395994943672644
test:10087,test,mendeley_pa:image:MENDE-PA-00627,images/mendeley_pa/MENDE-PA-00627.jpg,Mendeley PA,10087,5,18,0.0714285714285714,1.041829187893697,0.9564077725577442,0.9758325798380463,0.06599660805565066
test:10088,test,mendeley_pa:image:MENDE-PA-00627,images/mendeley_pa/MENDE-PA-00627.jpg,Mendeley PA,10088,6,18,0.0714285714285714,0.9197734833309057,1.0205281101101253,0.9786027617686603,0.05882927843775465
test:10089,test,mendeley_pa:image:MENDE-PA-00627,images/mendeley_pa/MENDE-PA-00627.jpg,Mendeley PA,10089,7,18,0.0714285714285714,0.9923028246948644,0.943341789752161,0.9247439931928272,0.06755883150203723
test:10090,test,mendeley_pa:image:MENDE-PA-00627,images/mendeley_pa/MENDE-PA-00627.jpg,Mendeley PA,10090,8,18,0.0714285714285714,0.9608339542956346,1.0,0.9177644923329353,0.04306946196269923
test:10091,test,mendeley_pa:image:MENDE-PA-00627,images/mendeley_pa/MENDE-PA-00627.jpg,Mendeley PA,10091,9,18,0.0714285714285714,1.0267918818765567,0.9938494964559117,0.9878252103049794,0.038966671571577294
test:10092,test,mendeley_pa:image:MENDE-PA-00627,images/mendeley_pa/MENDE-PA-00627.jpg,Mendeley PA,10092,10,18,0.0714285714285714,0.9783647205989554,1.0,0.9498441331088543,0.028520587490101112
test:10093,test,mendeley_pa:image:MENDE-PA-00627,images/mendeley_pa/MENDE-PA-00627.jpg,Mendeley PA,10093,11,18,0.0714285714285714,0.9838315915994247,1.0,0.9656492620706558,0.01818232952876886
test:10094,test,mendeley_pa:image:MENDE-PA-00627,images/mendeley_pa/MENDE-PA-00627.jpg,Mendeley PA,10094,12,18,0.0714285714285714,1.0078237941223798,1.0,1.0503911972045898,0.042567403082210076
test:10095,test,mendeley_pa:image:MENDE-PA-00627,images/mendeley_pa/MENDE-PA-00627.jpg,Mendeley PA,10095,13,18,0.0714285714285714,0.9615204668092191,1.0000000000000002,1.019142169505358,0.057621702696138866
test:10096,test,mendeley_pa:image:MENDE-PA-00627,images/mendeley_pa/MENDE-PA-00627.jpg,Mendeley PA,10096,14,18,0.0714285714285714,1.0131427472725831,0.9999999999999999,1.0049619115889072,0.008180835683675891
test:10097,test,mendeley_pa:image:MENDE-PA-00627,images/mendeley_pa/MENDE-PA-00627.jpg,Mendeley PA,10097,15,18,0.0714285714285714,1.0060439244706079,1.0,1.0244599618017673,0.018416037331159485
test:10098,test,mendeley_pa:image:MENDE-PA-00627,images/mendeley_pa/MENDE-PA-00627.jpg,Mendeley PA,10098,16,18,0.0714285714285714,1.0123631010280933,1.0,1.0135411778464913,0.0011780768183979884
test:10103,test,mendeley_pa:image:MENDE-PA-00628,images/mendeley_pa/MENDE-PA-00628.jpg,Mendeley PA,10103,3,18,0.0714285714285714,1.0161496713347231,1.0767445897122203,1.0156768446226894,0.00047282671203374704
test:10104,test,mendeley_pa:image:MENDE-PA-00628,images/mendeley_pa/MENDE-PA-00628.jpg,Mendeley PA,10104,4,18,0.0714285714285714,1.0025119258221713,0.9273019556161484,1.0075796593185982,0.005067733496426863
test:10105,test,mendeley_pa:image:MENDE-PA-00628,images/mendeley_pa/MENDE-PA-00628.jpg,Mendeley PA,10105,5,18,0.0714285714285714,0.8952965120317153,1.0750186585465,1.029750156460099,0.1344536444283837
test:10106,test,mendeley_pa:image:MENDE-PA-00628,images/mendeley_pa/MENDE-PA-00628.jpg,Mendeley PA,10106,6,18,0.0714285714285714,1.14385792233786,0.9445585586382879,1.0848420240237249,0.05901589831413512
test:10107,test,mendeley_pa:image:MENDE-PA-00628,images/mendeley_pa/MENDE-PA-00628.jpg,Mendeley PA,10107,7,18,0.0714285714285714,0.873883747969878,0.9999999999999998,1.0412224195897577,0.1673386716198797
test:10108,test,mendeley_pa:image:MENDE-PA-00628,images/mendeley_pa/MENDE-PA-00628.jpg,Mendeley PA,10108,8,18,0.0714285714285714,0.9113267016257585,0.9395325733416018,0.9281414551727709,0.01681475354701245
test:10109,test,mendeley_pa:image:MENDE-PA-00628,images/mendeley_pa/MENDE-PA-00628.jpg,Mendeley PA,10109,9,18,0.0714285714285714,1.1547311912425036,1.0691399829995727,1.0512076722991561,0.10352351894334744
test:10110,test,mendeley_pa:image:MENDE-PA-00628,images/mendeley_pa/MENDE-PA-00628.jpg,Mendeley PA,10110,10,18,0.0714285714285714,1.0739423540760378,1.0066430691548622,0.9800014376559294,0.09394091642010838
test:10111,test,mendeley_pa:image:MENDE-PA-00628,images/mendeley_pa/MENDE-PA-00628.jpg,Mendeley PA,10111,11,18,0.0714285714285714,0.8838099314410433,0.9937946449861774,0.9870055963181803,0.10319566487713705
test:10112,test,mendeley_pa:image:MENDE-PA-00628,images/mendeley_pa/MENDE-PA-00628.jpg,Mendeley PA,10112,12,18,0.0714285714285714,1.0170122529672987,0.9770943544587252,0.9980492166957018,0.0189630362715969
test:10113,test,mendeley_pa:image:MENDE-PA-00628,images/mendeley_pa/MENDE-PA-00628.jpg,Mendeley PA,10113,13,18,0.0714285714285714,1.0513012005004811,1.0,1.077665388584137,0.026364188083655815
test:10114,test,mendeley_pa:image:MENDE-PA-00628,images/mendeley_pa/MENDE-PA-00628.jpg,Mendeley PA,10114,14,18,0.0714285714285714,0.8533857635956419,1.0,1.0111573161557317,0.1577715525600898
test:10115,test,mendeley_pa:image:MENDE-PA-00628,images/mendeley_pa/MENDE-PA-00628.jpg,Mendeley PA,10115,15,18,0.0714285714285714,1.0737182206905076,0.9658118958996693,1.010426218383209,0.0632920023072987
test:10116,test,mendeley_pa:image:MENDE-PA-00628,images/mendeley_pa/MENDE-PA-00628.jpg,Mendeley PA,10116,16,18,0.0714285714285714,0.921585714993344,0.9999999999999999,0.9444229267537593,0.02283721176041531
test:10137,test,mendeley_pa:image:MENDE-PA-00630,images/mendeley_pa/MENDE-PA-00630.jpg,Mendeley PA,10137,3,17,0.0769230769230769,1.0457221902679577,1.0,0.9873297857120633,0.05839240455589434
test:10138,test,mendeley_pa:image:MENDE-PA-00630,images/mendeley_pa/MENDE-PA-00630.jpg,Mendeley PA,10138,4,17,0.0769230769230769,0.9051948723235753,1.0045266229062655,0.948811866655884,0.0436169943323087
test:10139,test,mendeley_pa:image:MENDE-PA-00630,images/mendeley_pa/MENDE-PA-00630.jpg,Mendeley PA,10139,5,17,0.0769230769230769,1.038594637036793,0.9526285846912201,0.9690306336813506,0.06956400335544233
test:10140,test,mendeley_pa:image:MENDE-PA-00630,images/mendeley_pa/MENDE-PA-00630.jpg,Mendeley PA,10140,6,17,0.0769230769230769,0.9333041995274292,1.0,0.943412009626627,0.010107810099197811
test:10141,test,mendeley_pa:image:MENDE-PA-00630,images/mendeley_pa/MENDE-PA-00630.jpg,Mendeley PA,10141,7,17,0.0769230769230769,1.001434617409236,0.9701727275892478,0.9775680518864971,0.023866565522738803
test:10142,test,mendeley_pa:image:MENDE-PA-00630,images/mendeley_pa/MENDE-PA-00630.jpg,Mendeley PA,10142,8,17,0.0769230769230769,0.9715719135169516,1.0,0.9328510463237762,0.03872086719317536
test:10143,test,mendeley_pa:image:MENDE-PA-00630,images/mendeley_pa/MENDE-PA-00630.jpg,Mendeley PA,10143,9,17,0.0769230769230769,1.015970875773378,0.9999999999999998,0.9483866617083547,0.06758421406502335
test:10144,test,mendeley_pa:image:MENDE-PA-00630,images/mendeley_pa/MENDE-PA-00630.jpg,Mendeley PA,10144,10,17,0.0769230769230769,0.9800945233955224,0.9999999999999999,0.9672802165150641,0.01281430688045826
test:10145,test,mendeley_pa:image:MENDE-PA-00630,images/mendeley_pa/MENDE-PA-00630.jpg,Mendeley PA,10145,11,17,0.0769230769230769,1.0093948029445359,0.9999999999999999,0.9936479218304156,0.01574688111412026
test:10146,test,mendeley_pa:image:MENDE-PA-00630,images/mendeley_pa/MENDE-PA-00630.jpg,Mendeley PA,10146,12,17,0.0769230769230769,0.9756078732905724,1.0,1.0022180911619216,0.026610217871349207
test:10147,test,mendeley_pa:image:MENDE-PA-00630,images/mendeley_pa/MENDE-PA-00630.jpg,Mendeley PA,10147,13,17,0.0769230769230769,0.9997125962053037,1.0,0.995955262798816,0.0037573334064877617
test:10148,test,mendeley_pa:image:MENDE-PA-00630,images/mendeley_pa/MENDE-PA-00630.jpg,Mendeley PA,10148,14,17,0.0769230769230769,1.0274849571095563,0.9999999999999998,0.9871444422751663,0.04034051483439005
test:10149,test,mendeley_pa:image:MENDE-PA-00630,images/mendeley_pa/MENDE-PA-00630.jpg,Mendeley PA,10149,15,17,0.0769230769230769,1.014572581004836,1.0055166786367848,1.0036364261357889,0.010936154869047199
test:10257,test,mendeley_pa:image:MENDE-PA-00641,images/mendeley_pa/MENDE-PA-00641.jpg,Mendeley PA,10257,3,20,0.0625,0.8317429666834717,1.3812780986321442,1.1002109358799927,0.26846796919652105
test:10258,test,mendeley_pa:image:MENDE-PA-00641,images/mendeley_pa/MENDE-PA-00641.jpg,Mendeley PA,10258,4,20,0.0625,1.0432998892799015,0.9187150936711641,0.9301383331555935,0.113161556124308
test:10259,test,mendeley_pa:image:MENDE-PA-00641,images/mendeley_pa/MENDE-PA-00641.jpg,Mendeley PA,10259,5,20,0.0625,1.068881938651237,1.1062998044345027,1.0088266971561557,0.060055241495081235
test:10260,test,mendeley_pa:image:MENDE-PA-00641,images/mendeley_pa/MENDE-PA-00641.jpg,Mendeley PA,10260,6,20,0.0625,1.0817216436893324,0.980545551147497,0.9533508742267254,0.12837076946260706
test:10261,test,mendeley_pa:image:MENDE-PA-00641,images/mendeley_pa/MENDE-PA-00641.jpg,Mendeley PA,10261,7,20,0.0625,0.861987132798046,0.9688191697029863,0.9796708993642126,0.11768376656616664
test:10262,test,mendeley_pa:image:MENDE-PA-00641,images/mendeley_pa/MENDE-PA-00641.jpg,Mendeley PA,10262,8,20,0.0625,0.8913507682595054,0.9126241571729614,0.8822985749220087,0.009052193337496739
test:10263,test,mendeley_pa:image:MENDE-PA-00641,images/mendeley_pa/MENDE-PA-00641.jpg,Mendeley PA,10263,9,20,0.0625,0.9958055947066162,1.0276272516435432,1.002211348686223,0.006405753979606743
test:10264,test,mendeley_pa:image:MENDE-PA-00641,images/mendeley_pa/MENDE-PA-00641.jpg,Mendeley PA,10264,10,20,0.0625,1.0963200719598978,0.9999999999999998,1.0541435442864893,0.042176527673408515
test:10265,test,mendeley_pa:image:MENDE-PA-00641,images/mendeley_pa/MENDE-PA-00641.jpg,Mendeley PA,10265,11,20,0.0625,0.9936442544266127,1.080446636742181,1.0244043827710811,0.030760128344468396
test:10266,test,mendeley_pa:image:MENDE-PA-00641,images/mendeley_pa/MENDE-PA-00641.jpg,Mendeley PA,10266,12,20,0.0625,1.0959413895272523,0.9566119308017752,0.9575034749012067,0.1384379146260456
test:10267,test,mendeley_pa:image:MENDE-PA-00641,images/mendeley_pa/MENDE-PA-00641.jpg,Mendeley PA,10267,13,20,0.0625,0.9179749441631972,1.0590858476769824,1.0651186940793593,0.14714374991616208
test:10268,test,mendeley_pa:image:MENDE-PA-00641,images/mendeley_pa/MENDE-PA-00641.jpg,Mendeley PA,10268,14,20,0.0625,1.0506717554773797,0.7997549209661721,0.856941740579152,0.19373001489822772
test:10269,test,mendeley_pa:image:MENDE-PA-00641,images/mendeley_pa/MENDE-PA-00641.jpg,Mendeley PA,10269,15,20,0.0625,0.5956788511640769,1.4114763760736038,1.0520018959214736,0.4563230447573967
test:10270,test,mendeley_pa:image:MENDE-PA-00641,images/mendeley_pa/MENDE-PA-00641.jpg,Mendeley PA,10270,16,20,0.0625,2.0792817823957805,0.9151950375896434,0.8760725678664187,1.2032092145293618
test:10271,test,mendeley_pa:image:MENDE-PA-00641,images/mendeley_pa/MENDE-PA-00641.jpg,Mendeley PA,10271,17,20,0.0625,1.1000585743581306,1.4320201322339328,1.3934132575891764,0.29335468323104585
test:10272,test,mendeley_pa:image:MENDE-PA-00641,images/mendeley_pa/MENDE-PA-00641.jpg,Mendeley PA,10272,18,20,0.0625,0.799812073263248,0.9440973430627605,0.8614540204161426,0.061641947152894616
test:10508,test,mendeley_pa:image:MENDE-PA-00663,images/mendeley_pa/MENDE-PA-00663.jpg,Mendeley PA,10508,3,17,0.0769230769230769,1.08549909622692,1.0,1.0009441102738492,0.08455498595307076
test:10509,test,mendeley_pa:image:MENDE-PA-00663,images/mendeley_pa/MENDE-PA-00663.jpg,Mendeley PA,10509,4,17,0.0769230769230769,0.9721789373839151,1.0189897231156189,0.9980834721917469,0.025904534807831725
test:10510,test,mendeley_pa:image:MENDE-PA-00663,images/mendeley_pa/MENDE-PA-00663.jpg,Mendeley PA,10510,5,17,0.0769230769230769,0.9572630616471904,0.9620236592806588,0.9896857632763396,0.032422701629149175
test:10511,test,mendeley_pa:image:MENDE-PA-00663,images/mendeley_pa/MENDE-PA-00663.jpg,Mendeley PA,10511,6,17,0.0769230769230769,0.9384912480243949,1.032369064836896,1.007038428186572,0.0685471801621772
test:10512,test,mendeley_pa:image:MENDE-PA-00663,images/mendeley_pa/MENDE-PA-00663.jpg,Mendeley PA,10512,7,17,0.0769230769230769,1.1622438217884463,1.0228393670484945,1.0321430802658722,0.13010074152257411
test:10513,test,mendeley_pa:image:MENDE-PA-00663,images/mendeley_pa/MENDE-PA-00663.jpg,Mendeley PA,10513,8,17,0.0769230769230769,1.0228820235647782,1.0321040722153785,0.9887988577209117,0.0340831658438665
test:10514,test,mendeley_pa:image:MENDE-PA-00663,images/mendeley_pa/MENDE-PA-00663.jpg,Mendeley PA,10514,9,17,0.0769230769230769,0.9305840157744676,0.9695235073302875,0.9526425722722898,0.02205855649782218
test:10515,test,mendeley_pa:image:MENDE-PA-00663,images/mendeley_pa/MENDE-PA-00663.jpg,Mendeley PA,10515,10,17,0.0769230769230769,0.980535577597194,0.9965965376496881,0.9954149880242169,0.014879410427022899
test:10516,test,mendeley_pa:image:MENDE-PA-00663,images/mendeley_pa/MENDE-PA-00663.jpg,Mendeley PA,10516,11,17,0.0769230769230769,1.052179717331991,1.0,1.0283746868371964,0.023805030494794543
test:10517,test,mendeley_pa:image:MENDE-PA-00663,images/mendeley_pa/MENDE-PA-00663.jpg,Mendeley PA,10517,12,17,0.0769230769230769,0.9408767980390761,1.0,1.0094902319833636,0.06861343394428754
test:10518,test,mendeley_pa:image:MENDE-PA-00663,images/mendeley_pa/MENDE-PA-00663.jpg,Mendeley PA,10518,13,17,0.0769230769230769,0.9925986817920436,0.9847280071881932,0.9977703006771725,0.005171618885128959
test:10519,test,mendeley_pa:image:MENDE-PA-00663,images/mendeley_pa/MENDE-PA-00663.jpg,Mendeley PA,10519,14,17,0.0769230769230769,1.0053930039139698,0.9999999999999999,0.9693171996623277,0.03607580425164214
test:10520,test,mendeley_pa:image:MENDE-PA-00663,images/mendeley_pa/MENDE-PA-00663.jpg,Mendeley PA,10520,15,17,0.0769230769230769,1.0298917479220997,1.0163215956177345,0.9975323619778982,0.03235938594420151
test:11039,test,mendeley_pa:image:MENDE-PA-00706,images/mendeley_pa/MENDE-PA-00706.jpg,Mendeley PA,11039,3,18,0.0714285714285714,1.105340658203382,0.952172327757547,1.00176911053128,0.10357154767210197
test:11040,test,mendeley_pa:image:MENDE-PA-00706,images/mendeley_pa/MENDE-PA-00706.jpg,Mendeley PA,11040,4,18,0.0714285714285714,0.9085012609833933,1.0098064102943631,1.0550988026674482,0.1465975416840548
test:11041,test,mendeley_pa:image:MENDE-PA-00706,images/mendeley_pa/MENDE-PA-00706.jpg,Mendeley PA,11041,5,18,0.0714285714285714,0.9910305320387469,0.9555726356136812,1.0288585580217853,0.03782802598303836
test:11042,test,mendeley_pa:image:MENDE-PA-00706,images/mendeley_pa/MENDE-PA-00706.jpg,Mendeley PA,11042,6,18,0.0714285714285714,1.05885660343694,1.046825880352752,1.0835021233003304,0.024645519863390364
test:11043,test,mendeley_pa:image:MENDE-PA-00706,images/mendeley_pa/MENDE-PA-00706.jpg,Mendeley PA,11043,7,18,0.0714285714285714,0.9975496537060919,0.9336826150534226,1.0837753062365127,0.0862256525304208
test:11044,test,mendeley_pa:image:MENDE-PA-00706,images/mendeley_pa/MENDE-PA-00706.jpg,Mendeley PA,11044,8,18,0.0714285714285714,0.8101431830860983,0.9956413230145262,0.976842291861205,0.16669910877510663
test:11045,test,mendeley_pa:image:MENDE-PA-00706,images/mendeley_pa/MENDE-PA-00706.jpg,Mendeley PA,11045,9,18,0.0714285714285714,1.0565048390103113,0.9352500916065377,1.0020076588334246,0.05449718017688676
test:11046,test,mendeley_pa:image:MENDE-PA-00706,images/mendeley_pa/MENDE-PA-00706.jpg,Mendeley PA,11046,10,18,0.0714285714285714,0.9130331165931479,1.0013964027053426,1.0082296547366987,0.09519653814355078
test:11047,test,mendeley_pa:image:MENDE-PA-00706,images/mendeley_pa/MENDE-PA-00706.jpg,Mendeley PA,11047,11,18,0.0714285714285714,1.0899621524439476,1.0000000000000002,1.0627055615186694,0.027256590925278212
test:11048,test,mendeley_pa:image:MENDE-PA-00706,images/mendeley_pa/MENDE-PA-00706.jpg,Mendeley PA,11048,12,18,0.0714285714285714,0.9268017481141082,1.0,0.9889438422396779,0.0621420941255697
test:11049,test,mendeley_pa:image:MENDE-PA-00706,images/mendeley_pa/MENDE-PA-00706.jpg,Mendeley PA,11049,13,18,0.0714285714285714,1.0649437349826838,1.0030669960601706,1.0289266146196503,0.036017120363033506
test:11050,test,mendeley_pa:image:MENDE-PA-00706,images/mendeley_pa/MENDE-PA-00706.jpg,Mendeley PA,11050,14,18,0.0714285714285714,1.0130666844593073,1.0,0.9935475811362267,0.0195191033230806
test:11051,test,mendeley_pa:image:MENDE-PA-00706,images/mendeley_pa/MENDE-PA-00706.jpg,Mendeley PA,11051,15,18,0.0714285714285714,0.9579699116617728,1.0192547897271924,0.9909938024751954,0.03302389081342261
test:11052,test,mendeley_pa:image:MENDE-PA-00706,images/mendeley_pa/MENDE-PA-00706.jpg,Mendeley PA,11052,16,18,0.0714285714285714,1.0729703572675753,0.9962153447374816,0.9933917784180607,0.07957857884951458
test:11103,test,mendeley_pa:image:MENDE-PA-00710,images/mendeley_pa/MENDE-PA-00710.jpg,Mendeley PA,11103,3,18,0.0714285714285714,0.9315910499727664,1.0069532724835029,0.9484448949612727,0.016853844988506284
test:11104,test,mendeley_pa:image:MENDE-PA-00710,images/mendeley_pa/MENDE-PA-00710.jpg,Mendeley PA,11104,4,18,0.0714285714285714,1.0377226116948075,1.0,1.0153448209166527,0.022377790778154827
test:11105,test,mendeley_pa:image:MENDE-PA-00710,images/mendeley_pa/MENDE-PA-00710.jpg,Mendeley PA,11105,5,18,0.0714285714285714,1.0331126005447202,0.9878388755252565,1.033367589139005,0.0002549885942848551
test:11106,test,mendeley_pa:image:MENDE-PA-00710,images/mendeley_pa/MENDE-PA-00710.jpg,Mendeley PA,11106,6,18,0.0714285714285714,0.8976813233629861,0.9985500086510022,0.9327635575496991,0.03508223418671297
test:11107,test,mendeley_pa:image:MENDE-PA-00710,images/mendeley_pa/MENDE-PA-00710.jpg,Mendeley PA,11107,7,18,0.0714285714285714,1.0340091792225437,0.9962579593982561,1.0045277648594244,0.02948141436311924
test:11108,test,mendeley_pa:image:MENDE-PA-00710,images/mendeley_pa/MENDE-PA-00710.jpg,Mendeley PA,11108,8,18,0.0714285714285714,1.0610567753689106,1.0,1.0813269838690758,0.020270208500165143
test:11109,test,mendeley_pa:image:MENDE-PA-00710,images/mendeley_pa/MENDE-PA-00710.jpg,Mendeley PA,11109,9,18,0.0714285714285714,0.9389704452765073,1.1681537314674264,1.0796959384700662,0.14072549319355887
test:11110,test,mendeley_pa:image:MENDE-PA-00710,images/mendeley_pa/MENDE-PA-00710.jpg,Mendeley PA,11110,10,18,0.0714285714285714,1.3460325610834571,0.907585143212079,1.0585625759398927,0.2874699851435645
test:11111,test,mendeley_pa:image:MENDE-PA-00710,images/mendeley_pa/MENDE-PA-00710.jpg,Mendeley PA,11111,11,18,0.0714285714285714,0.7389456068396314,1.0623830101780807,0.9524078584604179,0.21346225162078647
test:11112,test,mendeley_pa:image:MENDE-PA-00710,images/mendeley_pa/MENDE-PA-00710.jpg,Mendeley PA,11112,12,18,0.0714285714285714,0.908041692952662,0.8377212900548974,1.0050534326463738,0.0970117396937118
test:11113,test,mendeley_pa:image:MENDE-PA-00710,images/mendeley_pa/MENDE-PA-00710.jpg,Mendeley PA,11113,13,18,0.0714285714285714,1.014135501134048,1.0,1.0187659338116646,0.004630432677616536
test:11114,test,mendeley_pa:image:MENDE-PA-00710,images/mendeley_pa/MENDE-PA-00710.jpg,Mendeley PA,11114,14,18,0.0714285714285714,0.9909794001628998,0.9999999999999999,1.0179461035877466,0.02696670342484686
test:11115,test,mendeley_pa:image:MENDE-PA-00710,images/mendeley_pa/MENDE-PA-00710.jpg,Mendeley PA,11115,15,18,0.0714285714285714,0.9676740269190947,1.0,1.0024891374632716,0.034815110544176964
test:11116,test,mendeley_pa:image:MENDE-PA-00710,images/mendeley_pa/MENDE-PA-00710.jpg,Mendeley PA,11116,16,18,0.0714285714285714,1.1096986122043,1.107983146431783,1.0653608745065721,0.044337737697727864
test:11238,test,mendeley_pa:image:MENDE-PA-00721,images/mendeley_pa/MENDE-PA-00721.jpg,Mendeley PA,11238,3,18,0.0714285714285714,1.0857321420855992,0.9987211354474926,1.0371164955596828,0.048615646525916434
test:11239,test,mendeley_pa:image:MENDE-PA-00721,images/mendeley_pa/MENDE-PA-00721.jpg,Mendeley PA,11239,4,18,0.0714285714285714,0.9424027978323062,0.9999999999999998,1.0212783701717851,0.07887557233947895
test:11240,test,mendeley_pa:image:MENDE-PA-00721,images/mendeley_pa/MENDE-PA-00721.jpg,Mendeley PA,11240,5,18,0.0714285714285714,1.0224102357445934,1.0152339246725015,0.9975100234751872,0.024900212269406197
test:11241,test,mendeley_pa:image:MENDE-PA-00721,images/mendeley_pa/MENDE-PA-00721.jpg,Mendeley PA,11241,6,18,0.0714285714285714,1.0668011421225447,0.9999999999999998,1.0722119957208631,0.005410853598318388
test:11242,test,mendeley_pa:image:MENDE-PA-00721,images/mendeley_pa/MENDE-PA-00721.jpg,Mendeley PA,11242,7,18,0.0714285714285714,0.8759095341554671,1.041989872596528,1.028782477966811,0.15287294381134398
test:11243,test,mendeley_pa:image:MENDE-PA-00721,images/mendeley_pa/MENDE-PA-00721.jpg,Mendeley PA,11243,8,18,0.0714285714285714,1.129295784259514,0.9606127866109626,1.011936930616738,0.11735885364277587
test:11244,test,mendeley_pa:image:MENDE-PA-00721,images/mendeley_pa/MENDE-PA-00721.jpg,Mendeley PA,11244,9,18,0.0714285714285714,0.9444121506445553,1.0,0.9689703714102507,0.02455822076569536
test:11245,test,mendeley_pa:image:MENDE-PA-00721,images/mendeley_pa/MENDE-PA-00721.jpg,Mendeley PA,11245,10,18,0.0714285714285714,0.9505319405391206,0.9631934060753402,0.9590822739564893,0.00855033341736866
test:11246,test,mendeley_pa:image:MENDE-PA-00721,images/mendeley_pa/MENDE-PA-00721.jpg,Mendeley PA,11246,11,18,0.0714285714285714,0.9970795373942689,0.9999999999999999,1.0135490726679564,0.01646953527368744
test:11247,test,mendeley_pa:image:MENDE-PA-00721,images/mendeley_pa/MENDE-PA-00721.jpg,Mendeley PA,11247,12,18,0.0714285714285714,0.9766367948237673,1.0,0.9939695885404944,0.017332793716727135
test:11248,test,mendeley_pa:image:MENDE-PA-00721,images/mendeley_pa/MENDE-PA-00721.jpg,Mendeley PA,11248,13,18,0.0714285714285714,1.0344895355776889,1.0203135628902311,1.016689051938891,0.017800483638797937
test:11249,test,mendeley_pa:image:MENDE-PA-00721,images/mendeley_pa/MENDE-PA-00721.jpg,Mendeley PA,11249,14,18,0.0714285714285714,1.054118120287512,1.0,1.0085311429575086,0.0455869773300035
test:11250,test,mendeley_pa:image:MENDE-PA-00721,images/mendeley_pa/MENDE-PA-00721.jpg,Mendeley PA,11250,15,18,0.0714285714285714,0.9864697751600318,1.0153170128627287,1.0136335074943097,0.027163732334277935
test:11251,test,mendeley_pa:image:MENDE-PA-00721,images/mendeley_pa/MENDE-PA-00721.jpg,Mendeley PA,11251,16,18,0.0714285714285714,1.014565727049684,0.9977656636227237,0.9888673038993345,0.025698423150349425
test:11355,test,mendeley_pa:image:MENDE-PA-00728,images/mendeley_pa/MENDE-PA-00728.jpg,Mendeley PA,11355,3,18,0.0714285714285714,1.1557374820609534,1.0,1.1222017258405685,0.03353575622038485
test:11356,test,mendeley_pa:image:MENDE-PA-00728,images/mendeley_pa/MENDE-PA-00728.jpg,Mendeley PA,11356,4,18,0.0714285714285714,0.8625851524722774,1.0217321884288046,1.0013550945027325,0.13876994203045512
test:11357,test,mendeley_pa:image:MENDE-PA-00728,images/mendeley_pa/MENDE-PA-00728.jpg,Mendeley PA,11357,5,18,0.0714285714285714,1.0637161930664256,0.9414184843405466,0.9799562846525889,0.08375990841383674
test:11358,test,mendeley_pa:image:MENDE-PA-00728,images/mendeley_pa/MENDE-PA-00728.jpg,Mendeley PA,11358,6,18,0.0714285714285714,0.9405742743435943,1.0,1.0881808251142502,0.14760655077065588
test:11359,test,mendeley_pa:image:MENDE-PA-00728,images/mendeley_pa/MENDE-PA-00728.jpg,Mendeley PA,11359,7,18,0.0714285714285714,0.97122461386553,0.9809110039259978,1.0099002314146348,0.03867561754910476
test:11360,test,mendeley_pa:image:MENDE-PA-00728,images/mendeley_pa/MENDE-PA-00728.jpg,Mendeley PA,11360,8,18,0.0714285714285714,1.0697182505265284,1.0522336238726537,0.9527529054984014,0.11696534502812694
test:11361,test,mendeley_pa:image:MENDE-PA-00728,images/mendeley_pa/MENDE-PA-00728.jpg,Mendeley PA,11361,9,18,0.0714285714285714,1.0985037296047082,1.0186150132781222,0.992041414893265,0.10646231471144318
test:11362,test,mendeley_pa:image:MENDE-PA-00728,images/mendeley_pa/MENDE-PA-00728.jpg,Mendeley PA,11362,10,18,0.0714285714285714,0.9322001321659945,0.9825932465448831,0.993908820483074,0.06170868831707954
test:11363,test,mendeley_pa:image:MENDE-PA-00728,images/mendeley_pa/MENDE-PA-00728.jpg,Mendeley PA,11363,11,18,0.0714285714285714,0.8587432103146564,0.9565118349826475,0.9811480588948865,0.12240484858023015
test:11364,test,mendeley_pa:image:MENDE-PA-00728,images/mendeley_pa/MENDE-PA-00728.jpg,Mendeley PA,11364,12,18,0.0714285714285714,1.0686266728718428,0.9999999999999998,0.9951947848312555,0.07343188804058731
test:11365,test,mendeley_pa:image:MENDE-PA-00728,images/mendeley_pa/MENDE-PA-00728.jpg,Mendeley PA,11365,13,18,0.0714285714285714,1.024049485453184,0.9999999999999999,0.9756863471120595,0.0483631383411246
test:11366,test,mendeley_pa:image:MENDE-PA-00728,images/mendeley_pa/MENDE-PA-00728.jpg,Mendeley PA,11366,14,18,0.0714285714285714,0.9642983906337328,1.0142879578279134,0.9981550200836535,0.03385662944992074
test:11367,test,mendeley_pa:image:MENDE-PA-00728,images/mendeley_pa/MENDE-PA-00728.jpg,Mendeley PA,11367,15,18,0.0714285714285714,1.0689918788945794,1.0,1.0172376614063978,0.05175421748818154
test:11368,test,mendeley_pa:image:MENDE-PA-00728,images/mendeley_pa/MENDE-PA-00728.jpg,Mendeley PA,11368,16,18,0.0714285714285714,0.9421183764419582,1.0,0.9724825769662857,0.030364200524327534
test:11604,test,mendeley_pa:image:MENDE-PA-00747,images/mendeley_pa/MENDE-PA-00747.jpg,Mendeley PA,11604,3,18,0.0714285714285714,0.9540000274709279,1.0388205804583728,1.0727738187370002,0.11877379126607224
test:11605,test,mendeley_pa:image:MENDE-PA-00747,images/mendeley_pa/MENDE-PA-00747.jpg,Mendeley PA,11605,4,18,0.0714285714285714,1.0975787920018045,0.9869688292779936,1.10028136426592,0.0027025722641154104
test:11606,test,mendeley_pa:image:MENDE-PA-00747,images/mendeley_pa/MENDE-PA-00747.jpg,Mendeley PA,11606,5,18,0.0714285714285714,0.8806044229433212,1.0,1.0204505696892738,0.13984614674595264
test:11607,test,mendeley_pa:image:MENDE-PA-00747,images/mendeley_pa/MENDE-PA-00747.jpg,Mendeley PA,11607,6,18,0.0714285714285714,1.0638285088128407,0.9831244311291,1.0041839088308833,0.05964459998195748
test:11608,test,mendeley_pa:image:MENDE-PA-00747,images/mendeley_pa/MENDE-PA-00747.jpg,Mendeley PA,11608,7,18,0.0714285714285714,1.0219548782562922,1.0,0.9858545567840338,0.03610032147225839
test:11609,test,mendeley_pa:image:MENDE-PA-00747,images/mendeley_pa/MENDE-PA-00747.jpg,Mendeley PA,11609,8,18,0.0714285714285714,0.8705768769391538,1.0002472628791903,0.9694190402467822,0.0988421633076284
test:11610,test,mendeley_pa:image:MENDE-PA-00747,images/mendeley_pa/MENDE-PA-00747.jpg,Mendeley PA,11610,9,18,0.0714285714285714,1.101500374359031,0.985791362769902,0.9519896134212615,0.1495107609377695
test:11611,test,mendeley_pa:image:MENDE-PA-00747,images/mendeley_pa/MENDE-PA-00747.jpg,Mendeley PA,11611,10,18,0.0714285714285714,1.0137342911570628,1.0322936455828553,0.9790653008145696,0.03466899034249327
test:11612,test,mendeley_pa:image:MENDE-PA-00747,images/mendeley_pa/MENDE-PA-00747.jpg,Mendeley PA,11612,11,18,0.0714285714285714,1.0359340093029235,0.9860057686403902,0.9881900476705792,0.04774396163234429
test:11613,test,mendeley_pa:image:MENDE-PA-00747,images/mendeley_pa/MENDE-PA-00747.jpg,Mendeley PA,11613,12,18,0.0714285714285714,0.9150769229241529,1.0,0.9979099361225963,0.08283301319844338
test:11614,test,mendeley_pa:image:MENDE-PA-00747,images/mendeley_pa/MENDE-PA-00747.jpg,Mendeley PA,11614,13,18,0.0714285714285714,0.9571296074106055,0.9720703947308837,0.990580151504594,0.03345054409398851
test:11615,test,mendeley_pa:image:MENDE-PA-00747,images/mendeley_pa/MENDE-PA-00747.jpg,Mendeley PA,11615,14,18,0.0714285714285714,1.1203812486316505,1.052196419088287,1.0111775009316633,0.1092037476999872
test:11616,test,mendeley_pa:image:MENDE-PA-00747,images/mendeley_pa/MENDE-PA-00747.jpg,Mendeley PA,11616,15,18,0.0714285714285714,1.1202520167904066,1.0681202136227415,1.0405203424641416,0.07973167432626505
test:11617,test,mendeley_pa:image:MENDE-PA-00747,images/mendeley_pa/MENDE-PA-00747.jpg,Mendeley PA,11617,16,18,0.0714285714285714,0.9190413552137788,0.9237259600433121,1.0126451898487816,0.09360383463500277
test:11949,test,mendeley_pa:image:MENDE-PA-00775,images/mendeley_pa/MENDE-PA-00775.jpg,Mendeley PA,11949,3,18,0.0714285714285714,1.0918527069206796,1.0,1.0445818826556206,0.04727082426505902
test:11950,test,mendeley_pa:image:MENDE-PA-00775,images/mendeley_pa/MENDE-PA-00775.jpg,Mendeley PA,11950,4,18,0.0714285714285714,0.9815400270696174,0.9999999999999998,1.041840489953756,0.060300462884138706
test:11951,test,mendeley_pa:image:MENDE-PA-00775,images/mendeley_pa/MENDE-PA-00775.jpg,Mendeley PA,11951,5,18,0.0714285714285714,0.9592871509747232,0.9983874657405121,1.01304408490933,0.0537569339346069
test:11952,test,mendeley_pa:image:MENDE-PA-00775,images/mendeley_pa/MENDE-PA-00775.jpg,Mendeley PA,11952,6,18,0.0714285714285714,1.0464832766123067,1.0,1.0255943816155195,0.020888894996787144
test:11953,test,mendeley_pa:image:MENDE-PA-00775,images/mendeley_pa/MENDE-PA-00775.jpg,Mendeley PA,11953,7,18,0.0714285714285714,0.9757839014288796,1.000861280469684,0.9858287729904931,0.010044871561613489
test:11954,test,mendeley_pa:image:MENDE-PA-00775,images/mendeley_pa/MENDE-PA-00775.jpg,Mendeley PA,11954,8,18,0.0714285714285714,1.059947161235902,1.0266612800639843,1.0312684476245915,0.02867871361131047
test:11955,test,mendeley_pa:image:MENDE-PA-00775,images/mendeley_pa/MENDE-PA-00775.jpg,Mendeley PA,11955,9,18,0.0714285714285714,1.0249735896202041,0.9999999999999999,0.993177915457636,0.03179567416256812
test:11956,test,mendeley_pa:image:MENDE-PA-00775,images/mendeley_pa/MENDE-PA-00775.jpg,Mendeley PA,11956,10,18,0.0714285714285714,0.945941294612404,0.9991731496566427,0.9816018568390501,0.03566056222664615
test:11957,test,mendeley_pa:image:MENDE-PA-00775,images/mendeley_pa/MENDE-PA-00775.jpg,Mendeley PA,11957,11,18,0.0714285714285714,0.9724701435519292,0.9756469115441762,0.9873687730928979,0.014898629540968766
test:11958,test,mendeley_pa:image:MENDE-PA-00775,images/mendeley_pa/MENDE-PA-00775.jpg,Mendeley PA,11958,12,18,0.0714285714285714,0.987134270763508,1.0000000000000002,0.9867117647081616,0.0004225060553464388
test:11959,test,mendeley_pa:image:MENDE-PA-00775,images/mendeley_pa/MENDE-PA-00775.jpg,Mendeley PA,11959,13,18,0.0714285714285714,1.026750028216894,1.0,1.0144679034128785,0.01228212480401547
test:11960,test,mendeley_pa:image:MENDE-PA-00775,images/mendeley_pa/MENDE-PA-00775.jpg,Mendeley PA,11960,14,18,0.0714285714285714,0.9550215772206876,1.0,1.0007919029449113,0.04577032572422368
test:11961,test,mendeley_pa:image:MENDE-PA-00775,images/mendeley_pa/MENDE-PA-00775.jpg,Mendeley PA,11961,15,18,0.0714285714285714,1.04713914236617,1.0,0.9952558800578117,0.05188326230835827
test:11962,test,mendeley_pa:image:MENDE-PA-00775,images/mendeley_pa/MENDE-PA-00775.jpg,Mendeley PA,11962,16,18,0.0714285714285714,0.9660177196021309,1.0,0.9667339399456978,0.0007162203435668868
test:12064,test,mendeley_pa:image:MENDE-PA-00784,images/mendeley_pa/MENDE-PA-00784.jpg,Mendeley PA,12064,3,17,0.0769230769230769,0.8651483059962479,0.9716822341755681,0.9609265741632037,0.09577826816695578
test:12065,test,mendeley_pa:image:MENDE-PA-00784,images/mendeley_pa/MENDE-PA-00784.jpg,Mendeley PA,12065,4,17,0.0769230769230769,1.068591097031344,0.968690118933042,1.0352052889707886,0.033385808060555355
test:12066,test,mendeley_pa:image:MENDE-PA-00784,images/mendeley_pa/MENDE-PA-00784.jpg,Mendeley PA,12066,5,17,0.0769230769230769,0.9221050276771057,1.0,1.0194794945418835,0.0973744668647778
test:12067,test,mendeley_pa:image:MENDE-PA-00784,images/mendeley_pa/MENDE-PA-00784.jpg,Mendeley PA,12067,6,17,0.0769230769230769,1.0611618234256763,1.0539584955509662,1.0942861637409687,0.03312434031529232
test:12068,test,mendeley_pa:image:MENDE-PA-00784,images/mendeley_pa/MENDE-PA-00784.jpg,Mendeley PA,12068,7,17,0.0769230769230769,1.1207107486063332,1.0,1.0799013078212738,0.040809440785059437
test:12069,test,mendeley_pa:image:MENDE-PA-00784,images/mendeley_pa/MENDE-PA-00784.jpg,Mendeley PA,12069,8,17,0.0769230769230769,0.907163862339603,1.0,0.9652184806764126,0.05805461833680958
test:12070,test,mendeley_pa:image:MENDE-PA-00784,images/mendeley_pa/MENDE-PA-00784.jpg,Mendeley PA,12070,9,17,0.0769230769230769,0.8924637206085717,0.9414927632451657,0.9380735334843997,0.04560981287582799
test:12071,test,mendeley_pa:image:MENDE-PA-00784,images/mendeley_pa/MENDE-PA-00784.jpg,Mendeley PA,12071,10,17,0.0769230769230769,1.1658268622591081,1.1626576046620378,1.1243034797881613,0.04152338247094689
test:12072,test,mendeley_pa:image:MENDE-PA-00784,images/mendeley_pa/MENDE-PA-00784.jpg,Mendeley PA,12072,11,17,0.0769230769230769,1.2254025007056701,1.0,1.0786973014473915,0.14670519925827863
test:12073,test,mendeley_pa:image:MENDE-PA-00784,images/mendeley_pa/MENDE-PA-00784.jpg,Mendeley PA,12073,12,17,0.0769230769230769,0.7506392597453015,1.04049217865632,0.9277381093876165,0.17709884964231493
test:12074,test,mendeley_pa:image:MENDE-PA-00784,images/mendeley_pa/MENDE-PA-00784.jpg,Mendeley PA,12074,13,17,0.0769230769230769,1.087211416932923,0.8784331596827923,0.9799355707502782,0.10727584618264485
test:12075,test,mendeley_pa:image:MENDE-PA-00784,images/mendeley_pa/MENDE-PA-00784.jpg,Mendeley PA,12075,14,17,0.0769230769230769,0.9045447804213129,1.0,1.0323185436427593,0.1277737632214464
test:12076,test,mendeley_pa:image:MENDE-PA-00784,images/mendeley_pa/MENDE-PA-00784.jpg,Mendeley PA,12076,15,17,0.0769230769230769,0.9959373390416671,0.964550650271,0.977800384687604,0.01813695435406315
test:12355,test,mendeley_pa:image:MENDE-PA-00806,images/mendeley_pa/MENDE-PA-00806.jpg,Mendeley PA,12355,3,18,0.0714285714285714,0.9997090753718179,0.977842423188148,1.0137159964615683,0.014006921089750435
test:12356,test,mendeley_pa:image:MENDE-PA-00806,images/mendeley_pa/MENDE-PA-00806.jpg,Mendeley PA,12356,4,18,0.0714285714285714,1.0570391080816186,0.9999999999999999,1.0857444405555725,0.028705332473953904
test:12357,test,mendeley_pa:image:MENDE-PA-00806,images/mendeley_pa/MENDE-PA-00806.jpg,Mendeley PA,12357,5,18,0.0714285714285714,0.9775164401680119,1.0,1.0108292801305652,0.0333128399625533
test:12358,test,mendeley_pa:image:MENDE-PA-00806,images/mendeley_pa/MENDE-PA-00806.jpg,Mendeley PA,12358,6,18,0.0714285714285714,0.9424003488023676,0.9858268174345605,0.9981630650351755,0.05576271623280793
test:12359,test,mendeley_pa:image:MENDE-PA-00806,images/mendeley_pa/MENDE-PA-00806.jpg,Mendeley PA,12359,7,18,0.0714285714285714,1.0286315699608526,1.0294648400352073,1.0347618996941221,0.006130329733269546
test:12360,test,mendeley_pa:image:MENDE-PA-00806,images/mendeley_pa/MENDE-PA-00806.jpg,Mendeley PA,12360,8,18,0.0714285714285714,1.0763631214781912,1.0,1.0158481616526842,0.06051495982550703
test:12361,test,mendeley_pa:image:MENDE-PA-00806,images/mendeley_pa/MENDE-PA-00806.jpg,Mendeley PA,12361,9,18,0.0714285714285714,0.951512844072884,1.0000000000000002,0.9961399976164105,0.04462715354352653
test:12362,test,mendeley_pa:image:MENDE-PA-00806,images/mendeley_pa/MENDE-PA-00806.jpg,Mendeley PA,12362,10,18,0.0714285714285714,0.9870620223503463,0.9740637286536485,0.9781506580270917,0.008911364323254678
test:12363,test,mendeley_pa:image:MENDE-PA-00806,images/mendeley_pa/MENDE-PA-00806.jpg,Mendeley PA,12363,11,18,0.0714285714285714,1.0094132841682717,1.0429869362264923,1.0217357308715633,0.012322446703291634
test:12364,test,mendeley_pa:image:MENDE-PA-00806,images/mendeley_pa/MENDE-PA-00806.jpg,Mendeley PA,12364,12,18,0.0714285714285714,1.0849318684108216,1.0,1.027899594977498,0.05703227343332351
test:12365,test,mendeley_pa:image:MENDE-PA-00806,images/mendeley_pa/MENDE-PA-00806.jpg,Mendeley PA,12365,13,18,0.0714285714285714,0.8868503934684749,1.0,1.0329884178936481,0.1461380244251732
test:12366,test,mendeley_pa:image:MENDE-PA-00806,images/mendeley_pa/MENDE-PA-00806.jpg,Mendeley PA,12366,14,18,0.0714285714285714,0.9824996532618824,0.9642184736869753,0.9866194694034279,0.004119816141545551
test:12367,test,mendeley_pa:image:MENDE-PA-00806,images/mendeley_pa/MENDE-PA-00806.jpg,Mendeley PA,12367,15,18,0.0714285714285714,1.00282631340151,1.0000000000000002,0.9975598577875646,0.005266455613945453
test:12368,test,mendeley_pa:image:MENDE-PA-00806,images/mendeley_pa/MENDE-PA-00806.jpg,Mendeley PA,12368,16,18,0.0714285714285714,1.0240592647918194,1.033487892911698,1.0052183374920145,0.01884092729980491
test:12495,test,mendeley_pa:image:MENDE-PA-00815,images/mendeley_pa/MENDE-PA-00815.jpg,Mendeley PA,12495,3,17,0.0769230769230769,0.8301696176221416,1.0,0.9487244188785553,0.11855480125641371
test:12496,test,mendeley_pa:image:MENDE-PA-00815,images/mendeley_pa/MENDE-PA-00815.jpg,Mendeley PA,12496,4,17,0.0769230769230769,0.8722237984962982,0.9300763897811548,0.9063863579397575,0.03416255944345936
test:12497,test,mendeley_pa:image:MENDE-PA-00815,images/mendeley_pa/MENDE-PA-00815.jpg,Mendeley PA,12497,5,17,0.0769230769230769,1.1213688446791552,1.0,1.0534283705055714,0.06794047417358384
test:12498,test,mendeley_pa:image:MENDE-PA-00815,images/mendeley_pa/MENDE-PA-00815.jpg,Mendeley PA,12498,6,17,0.0769230769230769,1.017576926512956,1.0447670224662846,1.053594358598811,0.03601743208585506
test:12499,test,mendeley_pa:image:MENDE-PA-00815,images/mendeley_pa/MENDE-PA-00815.jpg,Mendeley PA,12499,7,17,0.0769230769230769,1.0916393053859255,1.009841093483156,0.9903652534510554,0.10127405193487005
test:12500,test,mendeley_pa:image:MENDE-PA-00815,images/mendeley_pa/MENDE-PA-00815.jpg,Mendeley PA,12500,8,17,0.0769230769230769,0.9815126820387393,1.006906071204978,0.959616144646245,0.02189653739249431
test:12501,test,mendeley_pa:image:MENDE-PA-00815,images/mendeley_pa/MENDE-PA-00815.jpg,Mendeley PA,12501,9,17,0.0769230769230769,0.9312377477969723,0.9783789101563518,0.9496262888930862,0.018388541096113875
test:12502,test,mendeley_pa:image:MENDE-PA-00815,images/mendeley_pa/MENDE-PA-00815.jpg,Mendeley PA,12502,10,17,0.0769230769230769,1.010399891794803,0.9919275520996197,1.003556966844295,0.006842924950507978
test:12503,test,mendeley_pa:image:MENDE-PA-00815,images/mendeley_pa/MENDE-PA-00815.jpg,Mendeley PA,12503,11,17,0.0769230769230769,1.0213749863758026,1.0,1.026581121608615,0.005206135232812326
test:12504,test,mendeley_pa:image:MENDE-PA-00815,images/mendeley_pa/MENDE-PA-00815.jpg,Mendeley PA,12504,12,17,0.0769230769230769,0.9390089976343831,0.9999999999999998,1.0177118368446825,0.07870283921029941
test:12505,test,mendeley_pa:image:MENDE-PA-00815,images/mendeley_pa/MENDE-PA-00815.jpg,Mendeley PA,12505,13,17,0.0769230769230769,1.0223519026042158,0.9904219784599811,1.0302146837872534,0.007862781183037626
test:12506,test,mendeley_pa:image:MENDE-PA-00815,images/mendeley_pa/MENDE-PA-00815.jpg,Mendeley PA,12506,14,17,0.0769230769230769,0.9928227483578322,1.0,1.0066694738343358,0.013846725476503563
test:12507,test,mendeley_pa:image:MENDE-PA-00815,images/mendeley_pa/MENDE-PA-00815.jpg,Mendeley PA,12507,15,17,0.0769230769230769,1.0151054039312482,1.0,1.0219102930277586,0.006804889096510447
test:12992,test,mendeley_pa:image:MENDE-PA-00851,images/mendeley_pa/MENDE-PA-00851.jpg,Mendeley PA,12992,3,18,0.0714285714285714,1.0737650936457754,1.0,0.9980205863248557,0.07574450732091975
test:12993,test,mendeley_pa:image:MENDE-PA-00851,images/mendeley_pa/MENDE-PA-00851.jpg,Mendeley PA,12993,4,18,0.0714285714285714,1.0659721193709664,1.0771178730381399,1.100466780046907,0.03449466067594065
test:12994,test,mendeley_pa:image:MENDE-PA-00851,images/mendeley_pa/MENDE-PA-00851.jpg,Mendeley PA,12994,5,18,0.0714285714285714,1.1907278910135703,0.9562874748350114,1.2617766573072404,0.07104876629367007
test:12995,test,mendeley_pa:image:MENDE-PA-00851,images/mendeley_pa/MENDE-PA-00851.jpg,Mendeley PA,12995,6,18,0.0714285714285714,0.6271065510014705,0.8545646008159546,0.8452894168030052,0.21818286580153468
test:12996,test,mendeley_pa:image:MENDE-PA-00851,images/mendeley_pa/MENDE-PA-00851.jpg,Mendeley PA,12996,7,18,0.0714285714285714,0.6570640904317822,0.8215133491638308,0.7807217109683161,0.12365762053653395
test:12997,test,mendeley_pa:image:MENDE-PA-00851,images/mendeley_pa/MENDE-PA-00851.jpg,Mendeley PA,12997,8,18,0.0714285714285714,1.2292787308816302,0.9999999999999999,0.9922672044485806,0.23701152643304957
test:12998,test,mendeley_pa:image:MENDE-PA-00851,images/mendeley_pa/MENDE-PA-00851.jpg,Mendeley PA,12998,9,18,0.0714285714285714,0.9705117983781628,1.0249344406093353,0.9473587942684882,0.02315300410967458
test:12999,test,mendeley_pa:image:MENDE-PA-00851,images/mendeley_pa/MENDE-PA-00851.jpg,Mendeley PA,12999,10,18,0.0714285714285714,1.0812883756227467,1.0,1.0448645427823067,0.03642383284044004
test:13000,test,mendeley_pa:image:MENDE-PA-00851,images/mendeley_pa/MENDE-PA-00851.jpg,Mendeley PA,13000,11,18,0.0714285714285714,0.9375065337511342,1.0,1.0072424155659974,0.06973588181486312
test:13001,test,mendeley_pa:image:MENDE-PA-00851,images/mendeley_pa/MENDE-PA-00851.jpg,Mendeley PA,13001,12,18,0.0714285714285714,0.9723654611369451,0.9783838673150511,0.976273669640568,0.003908208503622945
test:13002,test,mendeley_pa:image:MENDE-PA-00851,images/mendeley_pa/MENDE-PA-00851.jpg,Mendeley PA,13002,13,18,0.0714285714285714,1.0504077760727533,1.025647706594866,1.020109452549916,0.030298323522837345
test:13003,test,mendeley_pa:image:MENDE-PA-00851,images/mendeley_pa/MENDE-PA-00851.jpg,Mendeley PA,13003,14,18,0.0714285714285714,1.0447771739121912,1.0019619382632423,0.9973211881419171,0.0474559857702741
test:13004,test,mendeley_pa:image:MENDE-PA-00851,images/mendeley_pa/MENDE-PA-00851.jpg,Mendeley PA,13004,15,18,0.0714285714285714,0.9697539817102434,0.9980888667426756,1.0000049849416812,0.030251003231437812
test:13005,test,mendeley_pa:image:MENDE-PA-00851,images/mendeley_pa/MENDE-PA-00851.jpg,Mendeley PA,13005,16,18,0.0714285714285714,0.945339945281212,0.9768275553497822,1.0008040545645507,0.05546410928333867
test:13188,test,mendeley_pa:image:MENDE-PA-00867,images/mendeley_pa/MENDE-PA-00867.jpg,Mendeley PA,13188,3,18,0.0714285714285714,1.143838230622105,0.9906070548855122,1.0453778113983925,0.09846041922371263
test:13189,test,mendeley_pa:image:MENDE-PA-00867,images/mendeley_pa/MENDE-PA-00867.jpg,Mendeley PA,13189,4,18,0.0714285714285714,0.9609274081457768,1.0049088197126004,0.9615161540283772,0.0005887458826003833
test:13190,test,mendeley_pa:image:MENDE-PA-00867,images/mendeley_pa/MENDE-PA-00867.jpg,Mendeley PA,13190,5,18,0.0714285714285714,0.9697922232967372,0.9696368139805833,0.9491843313547412,0.02060789194199597
test:13191,test,mendeley_pa:image:MENDE-PA-00867,images/mendeley_pa/MENDE-PA-00867.jpg,Mendeley PA,13191,6,18,0.0714285714285714,1.0187392783448976,1.0515082889573422,1.0553854463027563,0.03664616795785869
test:13192,test,mendeley_pa:image:MENDE-PA-00867,images/mendeley_pa/MENDE-PA-00867.jpg,Mendeley PA,13192,7,18,0.0714285714285714,1.0960226581866483,1.0,1.0170665606856346,0.07895609750101373
test:13193,test,mendeley_pa:image:MENDE-PA-00867,images/mendeley_pa/MENDE-PA-00867.jpg,Mendeley PA,13193,8,18,0.0714285714285714,0.9699659818030197,1.044068224873317,1.0205847827307113,0.050618800927691554
test:13194,test,mendeley_pa:image:MENDE-PA-00867,images/mendeley_pa/MENDE-PA-00867.jpg,Mendeley PA,13194,9,18,0.0714285714285714,0.9968070639835739,0.9514768641539016,0.962120781289796,0.03468628269377794
test:13195,test,mendeley_pa:image:MENDE-PA-00867,images/mendeley_pa/MENDE-PA-00867.jpg,Mendeley PA,13195,10,18,0.0714285714285714,0.916694586134783,1.0,0.9789523798972368,0.06225779376245377
test:13196,test,mendeley_pa:image:MENDE-PA-00867,images/mendeley_pa/MENDE-PA-00867.jpg,Mendeley PA,13196,11,18,0.0714285714285714,1.0041565676685968,0.9814197085431063,0.986891262196585,0.017265305472011883
test:13197,test,mendeley_pa:image:MENDE-PA-00867,images/mendeley_pa/MENDE-PA-00867.jpg,Mendeley PA,13197,12,18,0.0714285714285714,1.0374198152312957,1.0,0.9949698261916637,0.04244998903963193
test:13198,test,mendeley_pa:image:MENDE-PA-00867,images/mendeley_pa/MENDE-PA-00867.jpg,Mendeley PA,13198,13,18,0.0714285714285714,0.9962156244119369,1.0395995899674229,1.0104967280861668,0.014281103674229856
test:13199,test,mendeley_pa:image:MENDE-PA-00867,images/mendeley_pa/MENDE-PA-00867.jpg,Mendeley PA,13199,14,18,0.0714285714285714,1.080773519362351,0.998894981919721,1.0359614490260634,0.04481207033628776
test:13200,test,mendeley_pa:image:MENDE-PA-00867,images/mendeley_pa/MENDE-PA-00867.jpg,Mendeley PA,13200,15,18,0.0714285714285714,0.9351859524931223,1.0,0.9885128131136298,0.05332686062050751
test:13201,test,mendeley_pa:image:MENDE-PA-00867,images/mendeley_pa/MENDE-PA-00867.jpg,Mendeley PA,13201,16,18,0.0714285714285714,0.958614891261276,0.9642286465386811,0.9698186928289894,0.01120380156771339
test:13251,test,mendeley_pa:image:MENDE-PA-00872,images/mendeley_pa/MENDE-PA-00872.jpg,Mendeley PA,13251,3,17,0.0769230769230769,1.038165491436641,0.945843262156051,1.123439488490623,0.08527399705398198
test:13252,test,mendeley_pa:image:MENDE-PA-00872,images/mendeley_pa/MENDE-PA-00872.jpg,Mendeley PA,13252,4,17,0.0769230769230769,0.950269001434755,1.0447694536908199,1.0097861316664745,0.05951713023171945
test:13253,test,mendeley_pa:image:MENDE-PA-00872,images/mendeley_pa/MENDE-PA-00872.jpg,Mendeley PA,13253,5,17,0.0769230769230769,1.1538990126425626,0.9999999999999998,0.9826070684939621,0.1712919441486005
test:13254,test,mendeley_pa:image:MENDE-PA-00872,images/mendeley_pa/MENDE-PA-00872.jpg,Mendeley PA,13254,6,17,0.0769230769230769,0.9263152845040423,1.0,1.0126191470772028,0.08630386257316047
test:13255,test,mendeley_pa:image:MENDE-PA-00872,images/mendeley_pa/MENDE-PA-00872.jpg,Mendeley PA,13255,7,17,0.0769230769230769,0.9930712509746416,1.0079074034344917,1.0066509850200778,0.01357973404543622
test:13256,test,mendeley_pa:image:MENDE-PA-00872,images/mendeley_pa/MENDE-PA-00872.jpg,Mendeley PA,13256,8,17,0.0769230769230769,1.0963932339098124,1.0,1.0314375087618828,0.06495572514792958
test:13257,test,mendeley_pa:image:MENDE-PA-00872,images/mendeley_pa/MENDE-PA-00872.jpg,Mendeley PA,13257,9,17,0.0769230769230769,0.9393892605176091,1.0,0.9736781436949968,0.03428888317738776
test:13258,test,mendeley_pa:image:MENDE-PA-00872,images/mendeley_pa/MENDE-PA-00872.jpg,Mendeley PA,13258,10,17,0.0769230769230769,0.9497903134301509,0.957936074578955,0.9801200684102319,0.03032975498008106
test:13259,test,mendeley_pa:image:MENDE-PA-00872,images/mendeley_pa/MENDE-PA-00872.jpg,Mendeley PA,13259,11,17,0.0769230769230769,1.015534098914209,0.9999999999999999,1.0297035705298185,0.014169471615609552
test:13260,test,mendeley_pa:image:MENDE-PA-00872,images/mendeley_pa/MENDE-PA-00872.jpg,Mendeley PA,13260,12,17,0.0769230769230769,0.963555943255331,1.0043556651122985,0.9669226666934905,0.003366723438159469
test:13261,test,mendeley_pa:image:MENDE-PA-00872,images/mendeley_pa/MENDE-PA-00872.jpg,Mendeley PA,13261,13,17,0.0769230769230769,1.0539760506403468,0.9999999999999998,1.0573004856705663,0.003324435030219508
test:13262,test,mendeley_pa:image:MENDE-PA-00872,images/mendeley_pa/MENDE-PA-00872.jpg,Mendeley PA,13262,14,17,0.0769230769230769,0.8490796568255212,1.0,0.9294602200388908,0.08038056321336962
test:13263,test,mendeley_pa:image:MENDE-PA-00872,images/mendeley_pa/MENDE-PA-00872.jpg,Mendeley PA,13263,15,17,0.0769230769230769,1.1485209558823397,1.004596180993368,1.0085991097271936,0.13992184615514613
test:13317,test,mendeley_pa:image:MENDE-PA-00878,images/mendeley_pa/MENDE-PA-00878.jpg,Mendeley PA,13317,3,18,0.0714285714285714,0.7819267262496945,1.010079970175259,0.94567765813493,0.16375093188523548
test:13318,test,mendeley_pa:image:MENDE-PA-00878,images/mendeley_pa/MENDE-PA-00878.jpg,Mendeley PA,13318,4,18,0.0714285714285714,1.13735753438706,0.9638421034744817,0.9834299406341154,0.15392759375294474
test:13319,test,mendeley_pa:image:MENDE-PA-00878,images/mendeley_pa/MENDE-PA-00878.jpg,Mendeley PA,13319,5,18,0.0714285714285714,1.024815088306789,1.0,1.00103284814395,0.02378224016283892
test:13320,test,mendeley_pa:image:MENDE-PA-00878,images/mendeley_pa/MENDE-PA-00878.jpg,Mendeley PA,13320,6,18,0.0714285714285714,0.8776956231173997,1.0667833369943271,0.9788437244269024,0.10114810130950269
test:13321,test,mendeley_pa:image:MENDE-PA-00878,images/mendeley_pa/MENDE-PA-00878.jpg,Mendeley PA,13321,7,18,0.0714285714285714,1.2056001556737055,0.9699866439136361,1.0166172611447668,0.18898289452893868
test:13322,test,mendeley_pa:image:MENDE-PA-00878,images/mendeley_pa/MENDE-PA-00878.jpg,Mendeley PA,13322,8,18,0.0714285714285714,1.0193364936972558,1.091461487465502,1.050355583780409,0.03101909008315329
test:13323,test,mendeley_pa:image:MENDE-PA-00878,images/mendeley_pa/MENDE-PA-00878.jpg,Mendeley PA,13323,9,18,0.0714285714285714,0.9879860803958465,0.9746158103379013,0.9481870326133969,0.03979904778244958
test:13324,test,mendeley_pa:image:MENDE-PA-00878,images/mendeley_pa/MENDE-PA-00878.jpg,Mendeley PA,13324,10,18,0.0714285714285714,0.9576186623699724,0.9981865610450078,1.009528155204611,0.051909492834638526
test:13325,test,mendeley_pa:image:MENDE-PA-00878,images/mendeley_pa/MENDE-PA-00878.jpg,Mendeley PA,13325,11,18,0.0714285714285714,0.955274721459451,1.0103604380603672,1.0105729246317667,0.05529820317231571
test:13326,test,mendeley_pa:image:MENDE-PA-00878,images/mendeley_pa/MENDE-PA-00878.jpg,Mendeley PA,13326,12,18,0.0714285714285714,1.102883137063924,1.0,1.0473500937223434,0.0555330433415806
test:13327,test,mendeley_pa:image:MENDE-PA-00878,images/mendeley_pa/MENDE-PA-00878.jpg,Mendeley PA,13327,13,18,0.0714285714285714,0.9529636852961885,1.0,1.0049526770599186,0.051988991763730175
test:13328,test,mendeley_pa:image:MENDE-PA-00878,images/mendeley_pa/MENDE-PA-00878.jpg,Mendeley PA,13328,14,18,0.0714285714285714,1.028293214130337,1.023894054536892,1.0045147237379084,0.02377849039242852
test:13329,test,mendeley_pa:image:MENDE-PA-00878,images/mendeley_pa/MENDE-PA-00878.jpg,Mendeley PA,13329,15,18,0.0714285714285714,1.0675430968316073,0.9826909620383263,0.980052929378438,0.08749016745316929
test:13330,test,mendeley_pa:image:MENDE-PA-00878,images/mendeley_pa/MENDE-PA-00878.jpg,Mendeley PA,13330,16,18,0.0714285714285714,0.88689555530464,1.086807445751222,0.9861147116289457,0.09921915632430567
test:13656,test,mendeley_pa:image:MENDE-PA-00903,images/mendeley_pa/MENDE-PA-00903.jpg,Mendeley PA,13656,3,18,0.0714285714285714,0.9745290361943159,1.0000000000000002,0.9727501068264248,0.0017789293678910356
test:13657,test,mendeley_pa:image:MENDE-PA-00903,images/mendeley_pa/MENDE-PA-00903.jpg,Mendeley PA,13657,4,18,0.0714285714285714,0.9575783030814686,1.0,1.0451163426041603,0.08753803952269168
test:13658,test,mendeley_pa:image:MENDE-PA-00903,images/mendeley_pa/MENDE-PA-00903.jpg,Mendeley PA,13658,5,18,0.0714285714285714,0.9991492740282819,1.0024266642025401,0.9596970666638305,0.03945220736445143
test:13659,test,mendeley_pa:image:MENDE-PA-00903,images/mendeley_pa/MENDE-PA-00903.jpg,Mendeley PA,13659,6,18,0.0714285714285714,1.0654465105418076,1.0,0.9616748280823231,0.10377168245948454
test:13660,test,mendeley_pa:image:MENDE-PA-00903,images/mendeley_pa/MENDE-PA-00903.jpg,Mendeley PA,13660,7,18,0.0714285714285714,1.0584705745827996,1.093993513312729,1.1265116542843896,0.06804107970159001
test:13661,test,mendeley_pa:image:MENDE-PA-00903,images/mendeley_pa/MENDE-PA-00903.jpg,Mendeley PA,13661,8,18,0.0714285714285714,1.0688445375788769,0.9286102355819722,1.0151631609898586,0.05368137658901828
test:13662,test,mendeley_pa:image:MENDE-PA-00903,images/mendeley_pa/MENDE-PA-00903.jpg,Mendeley PA,13662,9,18,0.0714285714285714,0.8209674508955185,0.9945363770234521,0.9809774751770433,0.16001002428152478
test:13663,test,mendeley_pa:image:MENDE-PA-00903,images/mendeley_pa/MENDE-PA-00903.jpg,Mendeley PA,13663,10,18,0.0714285714285714,0.972734924548603,1.0051329787376169,1.0345778297188524,0.061842905170249374
test:13664,test,mendeley_pa:image:MENDE-PA-00903,images/mendeley_pa/MENDE-PA-00903.jpg,Mendeley PA,13664,11,18,0.0714285714285714,1.2217374509555854,1.0,1.0195923019200563,0.20214514903552905
test:13665,test,mendeley_pa:image:MENDE-PA-00903,images/mendeley_pa/MENDE-PA-00903.jpg,Mendeley PA,13665,12,18,0.0714285714285714,0.8210016542745102,1.0091199802111777,0.9463283719371947,0.12532671766268444
test:13666,test,mendeley_pa:image:MENDE-PA-00903,images/mendeley_pa/MENDE-PA-00903.jpg,Mendeley PA,13666,13,18,0.0714285714285714,1.0019563223011405,0.9044934265649686,0.9648785122073064,0.03707781009383415
test:13667,test,mendeley_pa:image:MENDE-PA-00903,images/mendeley_pa/MENDE-PA-00903.jpg,Mendeley PA,13667,14,18,0.0714285714285714,0.9588084841405448,1.0743300868219738,1.0986773418284064,0.13986885768786161
test:13668,test,mendeley_pa:image:MENDE-PA-00903,images/mendeley_pa/MENDE-PA-00903.jpg,Mendeley PA,13668,15,18,0.0714285714285714,1.1791657066808474,0.9946570085887222,1.0176027553681641,0.16156295131268328
test:13669,test,mendeley_pa:image:MENDE-PA-00903,images/mendeley_pa/MENDE-PA-00903.jpg,Mendeley PA,13669,16,18,0.0714285714285714,0.8957264346570594,1.0509634825312284,0.9814694586121229,0.0857430239550635
test:13734,test,mendeley_pa:image:MENDE-PA-00908,images/mendeley_pa/MENDE-PA-00908.jpg,Mendeley PA,13734,3,18,0.0714285714285714,0.9834733659286201,0.9991658863909052,0.9199401674158381,0.06353319851278205
test:13735,test,mendeley_pa:image:MENDE-PA-00908,images/mendeley_pa/MENDE-PA-00908.jpg,Mendeley PA,13735,4,18,0.0714285714285714,1.0826180924699587,0.9999999999999998,1.0248440671712158,0.05777402529874287
test:13736,test,mendeley_pa:image:MENDE-PA-00908,images/mendeley_pa/MENDE-PA-00908.jpg,Mendeley PA,13736,5,18,0.0714285714285714,1.0111542965411724,1.0640197384006513,1.060052598530723,0.048898301989550585
test:13737,test,mendeley_pa:image:MENDE-PA-00908,images/mendeley_pa/MENDE-PA-00908.jpg,Mendeley PA,13737,6,18,0.0714285714285714,1.0864826482482113,0.9860416994022446,0.986525207740465,0.09995744050774624
test:13738,test,mendeley_pa:image:MENDE-PA-00908,images/mendeley_pa/MENDE-PA-00908.jpg,Mendeley PA,13738,7,18,0.0714285714285714,0.9580827457423648,1.0362409975930436,1.0299124385780973,0.07182969283573248
test:13739,test,mendeley_pa:image:MENDE-PA-00908,images/mendeley_pa/MENDE-PA-00908.jpg,Mendeley PA,13739,8,18,0.0714285714285714,0.954777829155826,0.9378329303365778,0.982421686152799,0.027643856996973026
test:13740,test,mendeley_pa:image:MENDE-PA-00908,images/mendeley_pa/MENDE-PA-00908.jpg,Mendeley PA,13740,9,18,0.0714285714285714,0.932992340584885,1.0,0.9993333053425886,0.06634096475770357
test:13741,test,mendeley_pa:image:MENDE-PA-00908,images/mendeley_pa/MENDE-PA-00908.jpg,Mendeley PA,13741,10,18,0.0714285714285714,1.0380598240164989,0.9966960632511965,1.0289811388859145,0.009078685130584407
test:13742,test,mendeley_pa:image:MENDE-PA-00908,images/mendeley_pa/MENDE-PA-00908.jpg,Mendeley PA,13742,11,18,0.0714285714285714,0.9642360284732103,0.9999999999999998,1.0091284578666089,0.04489242939339855
test:13743,test,mendeley_pa:image:MENDE-PA-00908,images/mendeley_pa/MENDE-PA-00908.jpg,Mendeley PA,13743,12,18,0.0714285714285714,1.0319355455651391,1.0,1.016941610723734,0.01499393484140521
test:13744,test,mendeley_pa:image:MENDE-PA-00908,images/mendeley_pa/MENDE-PA-00908.jpg,Mendeley PA,13744,13,18,0.0714285714285714,0.9874482203398114,1.0,1.010120158083737,0.022671937743925508
test:13745,test,mendeley_pa:image:MENDE-PA-00908,images/mendeley_pa/MENDE-PA-00908.jpg,Mendeley PA,13745,14,18,0.0714285714285714,1.001205095651127,1.035877918777791,1.0243402635211023,0.02313516786997538
test:13746,test,mendeley_pa:image:MENDE-PA-00908,images/mendeley_pa/MENDE-PA-00908.jpg,Mendeley PA,13746,15,18,0.0714285714285714,1.097530377568762,0.9999999999999999,0.9866464547812938,0.11088392278746817
test:13747,test,mendeley_pa:image:MENDE-PA-00908,images/mendeley_pa/MENDE-PA-00908.jpg,Mendeley PA,13747,16,18,0.0714285714285714,0.9287072980328825,1.0156496788548997,0.9904301732021144,0.061722875169231806
test:13791,test,mendeley_pa:image:MENDE-PA-00913,images/mendeley_pa/MENDE-PA-00913.jpg,Mendeley PA,13791,3,17,0.0769230769230769,1.0024784315211561,1.0000000000000004,1.0151102915406232,0.012631860019467034
test:13792,test,mendeley_pa:image:MENDE-PA-00913,images/mendeley_pa/MENDE-PA-00913.jpg,Mendeley PA,13792,4,17,0.0769230769230769,1.0226865398293454,1.2471484297627837,1.042273347985211,0.019586808155865665
test:13793,test,mendeley_pa:image:MENDE-PA-00913,images/mendeley_pa/MENDE-PA-00913.jpg,Mendeley PA,13793,5,17,0.0769230769230769,1.606322648305238,1.0702223872029135,1.0433782861762593,0.5629443621289787
test:13794,test,mendeley_pa:image:MENDE-PA-00913,images/mendeley_pa/MENDE-PA-00913.jpg,Mendeley PA,13794,6,17,0.0769230769230769,1.0471323911840629,1.2170780905898764,1.1366862886961653,0.08955389751210241
test:13795,test,mendeley_pa:image:MENDE-PA-00913,images/mendeley_pa/MENDE-PA-00913.jpg,Mendeley PA,13795,7,17,0.0769230769230769,0.8361453850520312,0.9461123033494618,0.9324955151484278,0.09635013009639659
test:13796,test,mendeley_pa:image:MENDE-PA-00913,images/mendeley_pa/MENDE-PA-00913.jpg,Mendeley PA,13796,8,17,0.0769230769230769,0.9345412284337348,0.9392310033934211,0.9774333524899578,0.042892124056223
test:13797,test,mendeley_pa:image:MENDE-PA-00913,images/mendeley_pa/MENDE-PA-00913.jpg,Mendeley PA,13797,9,17,0.0769230769230769,0.9532097462548432,1.0,0.9542369358241558,0.001027189569312581
test:13798,test,mendeley_pa:image:MENDE-PA-00913,images/mendeley_pa/MENDE-PA-00913.jpg,Mendeley PA,13798,10,17,0.0769230769230769,1.2140236023006155,1.1495125861747937,1.0891511747523026,0.12487242754831285
test:13799,test,mendeley_pa:image:MENDE-PA-00913,images/mendeley_pa/MENDE-PA-00913.jpg,Mendeley PA,13799,11,17,0.0769230769230769,1.2021694792028492,1.0278768029970173,1.0076139711749796,0.19455550802786958
test:13800,test,mendeley_pa:image:MENDE-PA-00913,images/mendeley_pa/MENDE-PA-00913.jpg,Mendeley PA,13800,12,17,0.0769230769230769,0.8310721333248121,1.0170494023116938,0.9389185983094088,0.10784646498459671
test:13801,test,mendeley_pa:image:MENDE-PA-00913,images/mendeley_pa/MENDE-PA-00913.jpg,Mendeley PA,13801,13,17,0.0769230769230769,0.9737978651965987,0.9266078517665371,0.9554820497413382,0.01831581545526051
test:13802,test,mendeley_pa:image:MENDE-PA-00913,images/mendeley_pa/MENDE-PA-00913.jpg,Mendeley PA,13802,14,17,0.0769230769230769,1.0179188593870125,1.0,0.9688055757433176,0.04911328364369494
test:13803,test,mendeley_pa:image:MENDE-PA-00913,images/mendeley_pa/MENDE-PA-00913.jpg,Mendeley PA,13803,15,17,0.0769230769230769,1.0086453780648825,1.0386200494960247,1.0348238243151753,0.026178446250292753
test:13915,test,mendeley_pa:image:MENDE-PA-00921,images/mendeley_pa/MENDE-PA-00921.jpg,Mendeley PA,13915,3,18,0.0714285714285714,0.9836597820867371,1.0,1.0845565646886826,0.10089678260194546
test:13916,test,mendeley_pa:image:MENDE-PA-00921,images/mendeley_pa/MENDE-PA-00921.jpg,Mendeley PA,13916,4,18,0.0714285714285714,0.7856808543756875,0.9689174448220235,0.9794861855996948,0.19380533122400734
test:13917,test,mendeley_pa:image:MENDE-PA-00921,images/mendeley_pa/MENDE-PA-00921.jpg,Mendeley PA,13917,5,18,0.0714285714285714,1.1315257681002011,0.9536829882801112,0.9899376997292575,0.14158806837094362
test:13918,test,mendeley_pa:image:MENDE-PA-00921,images/mendeley_pa/MENDE-PA-00921.jpg,Mendeley PA,13918,6,18,0.0714285714285714,1.0126076012664575,1.0397887106074426,1.045298825206462,0.032691223940004344
test:13919,test,mendeley_pa:image:MENDE-PA-00921,images/mendeley_pa/MENDE-PA-00921.jpg,Mendeley PA,13919,7,18,0.0714285714285714,0.9673249126223873,0.9618179276569148,1.0430333912356158,0.07570847861322849
test:13920,test,mendeley_pa:image:MENDE-PA-00921,images/mendeley_pa/MENDE-PA-00921.jpg,Mendeley PA,13920,8,18,0.0714285714285714,0.9378945619615788,1.029939754580718,1.0388838925339399,0.10098933057236104
test:13921,test,mendeley_pa:image:MENDE-PA-00921,images/mendeley_pa/MENDE-PA-00921.jpg,Mendeley PA,13921,9,18,0.0714285714285714,1.1092048124926328,0.9923928547506216,1.052414195597637,0.05679061689499587
test:13922,test,mendeley_pa:image:MENDE-PA-00921,images/mendeley_pa/MENDE-PA-00921.jpg,Mendeley PA,13922,10,18,0.0714285714285714,0.9015314627193203,1.0,0.9880618751049042,0.0865304123855839
test:13923,test,mendeley_pa:image:MENDE-PA-00921,images/mendeley_pa/MENDE-PA-00921.jpg,Mendeley PA,13923,11,18,0.0714285714285714,1.0294261790316865,0.9725990704692149,0.9912786557770514,0.03814752325463511
test:13924,test,mendeley_pa:image:MENDE-PA-00921,images/mendeley_pa/MENDE-PA-00921.jpg,Mendeley PA,13924,12,18,0.0714285714285714,0.9903169300766901,1.0,1.0121328672394156,0.021815937162725563
test:13925,test,mendeley_pa:image:MENDE-PA-00921,images/mendeley_pa/MENDE-PA-00921.jpg,Mendeley PA,13925,13,18,0.0714285714285714,0.9989436921543229,1.0,0.9876836994662881,0.011259992688034792
test:13926,test,mendeley_pa:image:MENDE-PA-00921,images/mendeley_pa/MENDE-PA-00921.jpg,Mendeley PA,13926,14,18,0.0714285714285714,1.00555946598677,1.0,1.009552356787026,0.003992890800255999
test:13927,test,mendeley_pa:image:MENDE-PA-00921,images/mendeley_pa/MENDE-PA-00921.jpg,Mendeley PA,13927,15,18,0.0714285714285714,1.0014673913798406,1.0,0.990322221070528,0.011145170309312613
test:13928,test,mendeley_pa:image:MENDE-PA-00921,images/mendeley_pa/MENDE-PA-00921.jpg,Mendeley PA,13928,16,18,0.0714285714285714,0.9982059011099906,1.0,0.9911889238283038,0.00701697728168682
test:14101,test,mendeley_pa:image:MENDE-PA-00937,images/mendeley_pa/MENDE-PA-00937.jpg,Mendeley PA,14101,3,23,0.0526315789473684,0.9432576042825318,1.4144376160041539,1.2498831243650166,0.3066255200824848
test:14102,test,mendeley_pa:image:MENDE-PA-00937,images/mendeley_pa/MENDE-PA-00937.jpg,Mendeley PA,14102,4,23,0.0526315789473684,1.0791910470663946,0.933227815493958,1.0080001063794064,0.07119094068698817
test:14103,test,mendeley_pa:image:MENDE-PA-00937,images/mendeley_pa/MENDE-PA-00937.jpg,Mendeley PA,14103,5,23,0.0526315789473684,0.8884149643488921,1.0282135954429938,1.025593226014225,0.13717826166533298
test:14104,test,mendeley_pa:image:MENDE-PA-00937,images/mendeley_pa/MENDE-PA-00937.jpg,Mendeley PA,14104,6,23,0.0526315789473684,1.005790653268484,0.9253457006591446,1.0192441683786995,0.01345351511021553
test:14105,test,mendeley_pa:image:MENDE-PA-00937,images/mendeley_pa/MENDE-PA-00937.jpg,Mendeley PA,14105,7,23,0.0526315789473684,0.9969014947086746,1.0475928272900084,1.0857875954207876,0.088886100712113
test:14106,test,mendeley_pa:image:MENDE-PA-00937,images/mendeley_pa/MENDE-PA-00937.jpg,Mendeley PA,14106,8,23,0.0526315789473684,1.0824322615576665,0.9999999999999998,1.0708505585789678,0.01158170297869865
test:14107,test,mendeley_pa:image:MENDE-PA-00937,images/mendeley_pa/MENDE-PA-00937.jpg,Mendeley PA,14107,9,23,0.0526315789473684,0.9400472571867706,0.9728514543178096,0.9414771711828723,0.001429913996101706
test:14108,test,mendeley_pa:image:MENDE-PA-00937,images/mendeley_pa/MENDE-PA-00937.jpg,Mendeley PA,14108,10,23,0.0526315789473684,0.9260130511740146,1.0489028530258209,0.9644479738611251,0.03843492268711057
test:14109,test,mendeley_pa:image:MENDE-PA-00937,images/mendeley_pa/MENDE-PA-00937.jpg,Mendeley PA,14109,11,23,0.0526315789473684,1.2182387717268255,0.9769739333484877,1.060377043852638,0.1578617278741874
test:14110,test,mendeley_pa:image:MENDE-PA-00937,images/mendeley_pa/MENDE-PA-00937.jpg,Mendeley PA,14110,12,23,0.0526315789473684,0.7708561585232317,1.0,0.9024214670062065,0.13156530848297476
test:14111,test,mendeley_pa:image:MENDE-PA-00937,images/mendeley_pa/MENDE-PA-00937.jpg,Mendeley PA,14111,13,23,0.0526315789473684,0.9507432978296636,0.9082360783856744,0.90430808666017,0.04643521116949356
test:14112,test,mendeley_pa:image:MENDE-PA-00937,images/mendeley_pa/MENDE-PA-00937.jpg,Mendeley PA,14112,14,23,0.0526315789473684,1.0717002947904437,1.0000000000000002,0.9884772254154088,0.08322306937503487
test:14113,test,mendeley_pa:image:MENDE-PA-00937,images/mendeley_pa/MENDE-PA-00937.jpg,Mendeley PA,14113,15,23,0.0526315789473684,0.9588191385083726,0.9999999999999998,0.9772010762244461,0.018381937716073438
test:14114,test,mendeley_pa:image:MENDE-PA-00937,images/mendeley_pa/MENDE-PA-00937.jpg,Mendeley PA,14114,16,23,0.0526315789473684,0.9883146825319193,1.0399751250275264,1.006975408328403,0.0186607257964837
test:14115,test,mendeley_pa:image:MENDE-PA-00937,images/mendeley_pa/MENDE-PA-00937.jpg,Mendeley PA,14115,17,23,0.0526315789473684,1.127853471260217,1.0,1.025152012705803,0.10270145855441415
test:14116,test,mendeley_pa:image:MENDE-PA-00937,images/mendeley_pa/MENDE-PA-00937.jpg,Mendeley PA,14116,18,23,0.0526315789473684,1.0122399239034618,1.1398979139633139,1.0938369979269464,0.0815970740234846
test:14117,test,mendeley_pa:image:MENDE-PA-00937,images/mendeley_pa/MENDE-PA-00937.jpg,Mendeley PA,14117,19,23,0.0526315789473684,1.1668924623744563,0.9335315398539616,0.9727162964309766,0.19417616594347975
test:14118,test,mendeley_pa:image:MENDE-PA-00937,images/mendeley_pa/MENDE-PA-00937.jpg,Mendeley PA,14118,20,23,0.0526315789473684,0.8060322809968326,1.0000000000000002,0.951335493475199,0.14530321247836642
test:14119,test,mendeley_pa:image:MENDE-PA-00937,images/mendeley_pa/MENDE-PA-00937.jpg,Mendeley PA,14119,21,23,0.0526315789473684,0.8636320541964662,0.8786539632557508,0.9323851812361357,0.06875312703966951
test:14297,test,mendeley_pa:image:MENDE-PA-00952,images/mendeley_pa/MENDE-PA-00952.jpg,Mendeley PA,14297,3,18,0.0714285714285714,1.0482937501897938,1.0000000000000002,0.9970689332112672,0.051224816978526544
test:14298,test,mendeley_pa:image:MENDE-PA-00952,images/mendeley_pa/MENDE-PA-00952.jpg,Mendeley PA,14298,4,18,0.0714285714285714,0.9599968997723584,1.0,0.9812171701341867,0.021220270361828386
test:14299,test,mendeley_pa:image:MENDE-PA-00952,images/mendeley_pa/MENDE-PA-00952.jpg,Mendeley PA,14299,5,18,0.0714285714285714,1.0871927112214004,1.0795009190373297,1.0899639370076533,0.0027712257862528844
test:14300,test,mendeley_pa:image:MENDE-PA-00952,images/mendeley_pa/MENDE-PA-00952.jpg,Mendeley PA,14300,6,18,0.0714285714285714,1.1087233570728285,0.9980851151544634,1.0407435521978918,0.06797980487493671
test:14301,test,mendeley_pa:image:MENDE-PA-00952,images/mendeley_pa/MENDE-PA-00952.jpg,Mendeley PA,14301,7,18,0.0714285714285714,0.8961689276729277,1.0187384063709402,1.0389067611057186,0.1427378334327909
test:14302,test,mendeley_pa:image:MENDE-PA-00952,images/mendeley_pa/MENDE-PA-00952.jpg,Mendeley PA,14302,8,18,0.0714285714285714,1.0095613212980068,0.9614389261735856,0.9698755315078675,0.03968578979013926
test:14303,test,mendeley_pa:image:MENDE-PA-00952,images/mendeley_pa/MENDE-PA-00952.jpg,Mendeley PA,14303,9,18,0.0714285714285714,1.018502743385834,1.0,1.0147155923768878,0.0037871510089462213
test:14304,test,mendeley_pa:image:MENDE-PA-00952,images/mendeley_pa/MENDE-PA-00952.jpg,Mendeley PA,14304,10,18,0.0714285714285714,0.9678919395142738,1.0110507342615949,0.9811336654821263,0.013241725967852558
test:14305,test,mendeley_pa:image:MENDE-PA-00952,images/mendeley_pa/MENDE-PA-00952.jpg,Mendeley PA,14305,11,18,0.0714285714285714,1.0237609844128264,0.9847757277019554,1.0037014019616182,0.020059582451208202
test:14306,test,mendeley_pa:image:MENDE-PA-00952,images/mendeley_pa/MENDE-PA-00952.jpg,Mendeley PA,14306,12,18,0.0714285714285714,0.9234729536649915,1.0,1.032071977853775,0.10859902418878353
test:14307,test,mendeley_pa:image:MENDE-PA-00952,images/mendeley_pa/MENDE-PA-00952.jpg,Mendeley PA,14307,13,18,0.0714285714285714,0.9893179893398555,0.9904565547119941,1.0227036174845066,0.03338562814465107
test:14308,test,mendeley_pa:image:MENDE-PA-00952,images/mendeley_pa/MENDE-PA-00952.jpg,Mendeley PA,14308,14,18,0.0714285714285714,0.998313500605823,1.0,1.0001612620108062,0.001847761404983217
test:14309,test,mendeley_pa:image:MENDE-PA-00952,images/mendeley_pa/MENDE-PA-00952.jpg,Mendeley PA,14309,15,18,0.0714285714285714,1.0500944606350582,0.9999999999999998,1.014195332303643,0.035899128331415175
test:14310,test,mendeley_pa:image:MENDE-PA-00952,images/mendeley_pa/MENDE-PA-00952.jpg,Mendeley PA,14310,16,18,0.0714285714285714,0.9684112149645437,1.0,0.9844248676672578,0.016013652702714043
test:14331,test,mendeley_pa:image:MENDE-PA-00955,images/mendeley_pa/MENDE-PA-00955.jpg,Mendeley PA,14331,3,17,0.0769230769230769,0.9424944545905202,1.0048387867043171,0.9009801369736348,0.0415143176168854
test:14332,test,mendeley_pa:image:MENDE-PA-00955,images/mendeley_pa/MENDE-PA-00955.jpg,Mendeley PA,14332,4,17,0.0769230769230769,1.0746390522003193,1.0058247737716661,1.0293249089400993,0.045314143260219986
test:14333,test,mendeley_pa:image:MENDE-PA-00955,images/mendeley_pa/MENDE-PA-00955.jpg,Mendeley PA,14333,5,17,0.0769230769230769,1.0009837921267053,1.0,0.9997813296940876,0.0012024624326176792
test:14334,test,mendeley_pa:image:MENDE-PA-00955,images/mendeley_pa/MENDE-PA-00955.jpg,Mendeley PA,14334,6,17,0.0769230769230769,0.9239911900030862,0.9920475204804793,1.0015528538593903,0.07756166385630414
test:14335,test,mendeley_pa:image:MENDE-PA-00955,images/mendeley_pa/MENDE-PA-00955.jpg,Mendeley PA,14335,7,17,0.0769230769230769,1.048627970554937,0.9883992551873271,1.0127730454365556,0.03585492511838151
test:14336,test,mendeley_pa:image:MENDE-PA-00955,images/mendeley_pa/MENDE-PA-00955.jpg,Mendeley PA,14336,8,17,0.0769230769230769,0.9975441578769046,1.0,0.9928076020441949,0.00473655583270971
test:14337,test,mendeley_pa:image:MENDE-PA-00955,images/mendeley_pa/MENDE-PA-00955.jpg,Mendeley PA,14337,9,17,0.0769230769230769,0.9682063425154326,0.9941597785882993,0.9782862141810699,0.010079871665637286
test:14338,test,mendeley_pa:image:MENDE-PA-00955,images/mendeley_pa/MENDE-PA-00955.jpg,Mendeley PA,14338,10,17,0.0769230769230769,0.9842488657413697,0.996658727141274,1.0452636029442677,0.06101473720289796
test:14339,test,mendeley_pa:image:MENDE-PA-00955,images/mendeley_pa/MENDE-PA-00955.jpg,Mendeley PA,14339,11,17,0.0769230769230769,0.954947633234421,1.0,1.0327796004712582,0.07783196723683716
test:14340,test,mendeley_pa:image:MENDE-PA-00955,images/mendeley_pa/MENDE-PA-00955.jpg,Mendeley PA,14340,12,17,0.0769230769230769,1.0513535804471696,0.9999999999999998,0.9861193541437385,0.06523422630343112
test:14341,test,mendeley_pa:image:MENDE-PA-00955,images/mendeley_pa/MENDE-PA-00955.jpg,Mendeley PA,14341,13,17,0.0769230769230769,0.9916765416058712,1.0391107228011869,1.0142018858701967,0.02252534426432551
test:14342,test,mendeley_pa:image:MENDE-PA-00955,images/mendeley_pa/MENDE-PA-00955.jpg,Mendeley PA,14342,14,17,0.0769230769230769,1.1035790498083862,1.0,1.0212267506867647,0.08235229912162145
test:14343,test,mendeley_pa:image:MENDE-PA-00955,images/mendeley_pa/MENDE-PA-00955.jpg,Mendeley PA,14343,15,17,0.0769230769230769,0.9334307045836927,1.0404822172237762,0.9810032525671848,0.047572547983492086
test:14416,test,mendeley_pa:image:MENDE-PA-00962,images/mendeley_pa/MENDE-PA-00962.jpg,Mendeley PA,14416,3,17,0.0769230769230769,1.1863616946246172,1.0372883035689664,1.07373057965935,0.11263111496526723
test:14417,test,mendeley_pa:image:MENDE-PA-00962,images/mendeley_pa/MENDE-PA-00962.jpg,Mendeley PA,14417,4,17,0.0769230769230769,0.9895187454664384,1.0089125058574562,1.0743505827112083,0.08483183724476995
test:14418,test,mendeley_pa:image:MENDE-PA-00962,images/mendeley_pa/MENDE-PA-00962.jpg,Mendeley PA,14418,5,17,0.0769230769230769,0.8492099038648544,0.9502930245439102,0.9541984547472139,0.10498855088235948
test:14419,test,mendeley_pa:image:MENDE-PA-00962,images/mendeley_pa/MENDE-PA-00962.jpg,Mendeley PA,14419,6,17,0.0769230769230769,1.088434730728597,1.060303669148844,1.055210356792223,0.03322437393637401
test:14420,test,mendeley_pa:image:MENDE-PA-00962,images/mendeley_pa/MENDE-PA-00962.jpg,Mendeley PA,14420,7,17,0.0769230769230769,1.1378703881422498,1.0,1.0429536774754524,0.09491671066679741
test:14421,test,mendeley_pa:image:MENDE-PA-00962,images/mendeley_pa/MENDE-PA-00962.jpg,Mendeley PA,14421,8,17,0.0769230769230769,0.8424841403710006,1.011442833262749,0.9783033362210467,0.1358191958500461
test:14422,test,mendeley_pa:image:MENDE-PA-00962,images/mendeley_pa/MENDE-PA-00962.jpg,Mendeley PA,14422,9,17,0.0769230769230769,1.0187646985855041,0.9191815862155033,0.9515259386694503,0.06723875991605377
test:14423,test,mendeley_pa:image:MENDE-PA-00962,images/mendeley_pa/MENDE-PA-00962.jpg,Mendeley PA,14423,10,17,0.0769230769230769,0.9183045097916072,1.0,0.9858517488464713,0.06754723905486415
test:14424,test,mendeley_pa:image:MENDE-PA-00962,images/mendeley_pa/MENDE-PA-00962.jpg,Mendeley PA,14424,11,17,0.0769230769230769,1.1020149626171512,1.054151008602577,1.0526449484735454,0.049370014143605756
test:14425,test,mendeley_pa:image:MENDE-PA-00962,images/mendeley_pa/MENDE-PA-00962.jpg,Mendeley PA,14425,12,17,0.0769230769230769,1.0988861269383303,1.0120771775522774,1.0420350159087723,0.05685111102955798
test:14426,test,mendeley_pa:image:MENDE-PA-00962,images/mendeley_pa/MENDE-PA-00962.jpg,Mendeley PA,14426,13,17,0.0769230769230769,0.9076562525088634,0.9887557394710529,0.9935070585367429,0.08585080602787953
test:14427,test,mendeley_pa:image:MENDE-PA-00962,images/mendeley_pa/MENDE-PA-00962.jpg,Mendeley PA,14427,14,17,0.0769230769230769,0.8866624826159307,0.9463754525663888,0.9402541635813748,0.05359168096544409
test:14428,test,mendeley_pa:image:MENDE-PA-00962,images/mendeley_pa/MENDE-PA-00962.jpg,Mendeley PA,14428,15,17,0.0769230769230769,1.1218895741493475,1.0945666293798015,1.1180610182879493,0.0038285558613981863
test:14477,test,mendeley_pa:image:MENDE-PA-00967,images/mendeley_pa/MENDE-PA-00967.jpg,Mendeley PA,14477,3,18,0.0714285714285714,1.0234524435382577,0.9824079138168829,0.9803728431405263,0.0430796003977314
test:14478,test,mendeley_pa:image:MENDE-PA-00967,images/mendeley_pa/MENDE-PA-00967.jpg,Mendeley PA,14478,4,18,0.0714285714285714,1.0104307304127553,1.0814906602485737,1.0208668244762977,0.0104360940635424
test:14479,test,mendeley_pa:image:MENDE-PA-00967,images/mendeley_pa/MENDE-PA-00967.jpg,Mendeley PA,14479,5,18,0.0714285714285714,1.1313505119904015,0.9837837620847782,0.9968594444193801,0.13449106757102136
test:14480,test,mendeley_pa:image:MENDE-PA-00967,images/mendeley_pa/MENDE-PA-00967.jpg,Mendeley PA,14480,6,18,0.0714285714285714,0.9391693872361393,1.0649862262786316,0.9895316782773422,0.05036229104120293
test:14481,test,mendeley_pa:image:MENDE-PA-00967,images/mendeley_pa/MENDE-PA-00967.jpg,Mendeley PA,14481,7,18,0.0714285714285714,1.0224764115193454,0.9246157508673343,0.9244716273310325,0.09800478418831293
test:14482,test,mendeley_pa:image:MENDE-PA-00967,images/mendeley_pa/MENDE-PA-00967.jpg,Mendeley PA,14482,8,18,0.0714285714285714,0.8805211442370529,1.000743723602493,0.9392122022225453,0.058691057985492456
test:14483,test,mendeley_pa:image:MENDE-PA-00967,images/mendeley_pa/MENDE-PA-00967.jpg,Mendeley PA,14483,9,18,0.0714285714285714,1.085818771525155,1.008699836616266,1.0246999323711279,0.06111883915402716
test:14484,test,mendeley_pa:image:MENDE-PA-00967,images/mendeley_pa/MENDE-PA-00967.jpg,Mendeley PA,14484,10,18,0.0714285714285714,1.1341960505230937,1.0724880398585923,1.0554478840305932,0.0787481664925005
test:14485,test,mendeley_pa:image:MENDE-PA-00967,images/mendeley_pa/MENDE-PA-00967.jpg,Mendeley PA,14485,11,18,0.0714285714285714,0.9497413321054922,1.0,0.9818516820669174,0.032110349961425255
test:14486,test,mendeley_pa:image:MENDE-PA-00967,images/mendeley_pa/MENDE-PA-00967.jpg,Mendeley PA,14486,12,18,0.0714285714285714,0.9246082573236346,0.871766286275426,0.8965068928218279,0.02810136450180667
test:14487,test,mendeley_pa:image:MENDE-PA-00967,images/mendeley_pa/MENDE-PA-00967.jpg,Mendeley PA,14487,13,18,0.0714285714285714,0.8186174498977795,1.026248987467493,0.9435793642713679,0.12496191437358839
test:14488,test,mendeley_pa:image:MENDE-PA-00967,images/mendeley_pa/MENDE-PA-00967.jpg,Mendeley PA,14488,14,18,0.0714285714285714,1.1183220841521933,0.9368073975434428,1.0009314005961543,0.11739068355603899
test:14489,test,mendeley_pa:image:MENDE-PA-00967,images/mendeley_pa/MENDE-PA-00967.jpg,Mendeley PA,14489,15,18,0.0714285714285714,0.8951437978078618,1.0323583177498405,0.9982881426087444,0.10314434480088264
test:14490,test,mendeley_pa:image:MENDE-PA-00967,images/mendeley_pa/MENDE-PA-00967.jpg,Mendeley PA,14490,16,18,0.0714285714285714,1.1093383348195738,0.969882748563877,1.0196883860129031,0.08964994880667065
test:14560,test,mendeley_pa:image:MENDE-PA-00972,images/mendeley_pa/MENDE-PA-00972.jpg,Mendeley PA,14560,3,19,0.0666666666666666,0.8857227645710188,1.0113864567139337,0.994961325825114,0.10923856125409515
test:14561,test,mendeley_pa:image:MENDE-PA-00972,images/mendeley_pa/MENDE-PA-00972.jpg,Mendeley PA,14561,4,19,0.0666666666666666,1.1636700997266944,1.015679068086377,0.986652932284108,0.17701716744258644
test:14562,test,mendeley_pa:image:MENDE-PA-00972,images/mendeley_pa/MENDE-PA-00972.jpg,Mendeley PA,14562,5,19,0.0666666666666666,1.0037218965295187,0.9999999999999999,0.9562680050730704,0.047453891456448294
test:14563,test,mendeley_pa:image:MENDE-PA-00972,images/mendeley_pa/MENDE-PA-00972.jpg,Mendeley PA,14563,6,19,0.0666666666666666,0.9095727627154936,0.9906133537475837,1.0184270174537673,0.1088542547382737
test:14564,test,mendeley_pa:image:MENDE-PA-00972,images/mendeley_pa/MENDE-PA-00972.jpg,Mendeley PA,14564,7,19,0.0666666666666666,1.0901636352249229,1.0226330281455391,1.04449947636913,0.04566415885579289
test:14565,test,mendeley_pa:image:MENDE-PA-00972,images/mendeley_pa/MENDE-PA-00972.jpg,Mendeley PA,14565,8,19,0.0666666666666666,1.1059898595754383,1.0661051465266387,1.0639246156041513,0.04206524397128697
test:14566,test,mendeley_pa:image:MENDE-PA-00972,images/mendeley_pa/MENDE-PA-00972.jpg,Mendeley PA,14566,9,19,0.0666666666666666,0.9376123909569157,0.9403035256712499,0.9695670481472077,0.031954657190292
test:14567,test,mendeley_pa:image:MENDE-PA-00972,images/mendeley_pa/MENDE-PA-00972.jpg,Mendeley PA,14567,10,19,0.0666666666666666,0.8742584630045869,0.9671526120739721,0.9891599582272314,0.11490149522264448
test:14568,test,mendeley_pa:image:MENDE-PA-00972,images/mendeley_pa/MENDE-PA-00972.jpg,Mendeley PA,14568,11,19,0.0666666666666666,1.0127042245413274,0.9694431942732624,1.0451871526272587,0.03248292808593134
test:14569,test,mendeley_pa:image:MENDE-PA-00972,images/mendeley_pa/MENDE-PA-00972.jpg,Mendeley PA,14569,12,19,0.0666666666666666,0.9341574599200868,1.0,0.9567424543201923,0.02258499440010553
test:14570,test,mendeley_pa:image:MENDE-PA-00972,images/mendeley_pa/MENDE-PA-00972.jpg,Mendeley PA,14570,13,19,0.0666666666666666,1.0758221447878618,1.0148540691303916,1.0036551470699615,0.07216699771790025
test:14571,test,mendeley_pa:image:MENDE-PA-00972,images/mendeley_pa/MENDE-PA-00972.jpg,Mendeley PA,14571,14,19,0.0666666666666666,1.033035626436348,0.9999999999999999,1.0168241038918495,0.016211522544498536
test:14572,test,mendeley_pa:image:MENDE-PA-00972,images/mendeley_pa/MENDE-PA-00972.jpg,Mendeley PA,14572,15,19,0.0666666666666666,0.9175041282899314,1.0095009838730795,1.0256715395987732,0.10816741130884178
test:14573,test,mendeley_pa:image:MENDE-PA-00972,images/mendeley_pa/MENDE-PA-00972.jpg,Mendeley PA,14573,16,19,0.0666666666666666,1.1001577281548016,1.0092274479989585,1.0062392140694585,0.09391851408534313
test:14574,test,mendeley_pa:image:MENDE-PA-00972,images/mendeley_pa/MENDE-PA-00972.jpg,Mendeley PA,14574,17,19,0.0666666666666666,1.0115318503883417,1.0000000000000002,1.0187398921698334,0.007208041781491703
test:14756,test,mendeley_pa:image:MENDE-PA-00990,images/mendeley_pa/MENDE-PA-00990.jpg,Mendeley PA,14756,3,19,0.0666666666666666,1.0229990456911309,0.9999999999999999,1.0240625366568565,0.0010634909657256664
test:14757,test,mendeley_pa:image:MENDE-PA-00990,images/mendeley_pa/MENDE-PA-00990.jpg,Mendeley PA,14757,4,19,0.0666666666666666,0.9057049128051325,1.0000000000000002,1.0127864973619582,0.1070815845568257
test:14758,test,mendeley_pa:image:MENDE-PA-00990,images/mendeley_pa/MENDE-PA-00990.jpg,Mendeley PA,14758,5,19,0.0666666666666666,1.062460916639002,1.0219316170383783,1.0103518361989947,0.05210908044000728
test:14759,test,mendeley_pa:image:MENDE-PA-00990,images/mendeley_pa/MENDE-PA-00990.jpg,Mendeley PA,14759,6,19,0.0666666666666666,1.0691434701065674,1.0,1.0620115660130978,0.007131904093469643
test:14760,test,mendeley_pa:image:MENDE-PA-00990,images/mendeley_pa/MENDE-PA-00990.jpg,Mendeley PA,14760,7,19,0.0666666666666666,0.9658691619250916,0.9999999999999999,1.0844833850860596,0.11861422316096792
test:14761,test,mendeley_pa:image:MENDE-PA-00990,images/mendeley_pa/MENDE-PA-00990.jpg,Mendeley PA,14761,8,19,0.0666666666666666,0.9252131777144341,0.9988995610304683,0.9636619208880275,0.03844874317359337
test:14762,test,mendeley_pa:image:MENDE-PA-00990,images/mendeley_pa/MENDE-PA-00990.jpg,Mendeley PA,14762,9,19,0.0666666666666666,1.1142872136521937,1.006779783395905,0.983986823810119,0.1303003898420747
test:14763,test,mendeley_pa:image:MENDE-PA-00990,images/mendeley_pa/MENDE-PA-00990.jpg,Mendeley PA,14763,10,19,0.0666666666666666,0.9832364685488495,1.0,0.9881276963278651,0.004891227779015628
test:14764,test,mendeley_pa:image:MENDE-PA-00990,images/mendeley_pa/MENDE-PA-00990.jpg,Mendeley PA,14764,11,19,0.0666666666666666,0.9387989547667315,0.9777308389206092,0.9741807606664161,0.03538180589968465
test:14765,test,mendeley_pa:image:MENDE-PA-00990,images/mendeley_pa/MENDE-PA-00990.jpg,Mendeley PA,14765,12,19,0.0666666666666666,0.9683536121465881,0.9941615013039118,0.9694262256479269,0.0010726135013388038
test:14766,test,mendeley_pa:image:MENDE-PA-00990,images/mendeley_pa/MENDE-PA-00990.jpg,Mendeley PA,14766,13,19,0.0666666666666666,1.0043292382002431,1.0,0.9449518397450447,0.059377398455198405
test:14767,test,mendeley_pa:image:MENDE-PA-00990,images/mendeley_pa/MENDE-PA-00990.jpg,Mendeley PA,14767,14,19,0.0666666666666666,1.0571173890621486,1.018353997759184,0.9800319737118093,0.0770854153503393
test:14768,test,mendeley_pa:image:MENDE-PA-00990,images/mendeley_pa/MENDE-PA-00990.jpg,Mendeley PA,14768,15,19,0.0666666666666666,1.0253677397235192,0.9999999999999998,0.9787276927381752,0.046640046985344075
test:14769,test,mendeley_pa:image:MENDE-PA-00990,images/mendeley_pa/MENDE-PA-00990.jpg,Mendeley PA,14769,16,19,0.0666666666666666,0.9550700709997395,1.0,0.9659161567687988,0.010846085769059322
test:14770,test,mendeley_pa:image:MENDE-PA-00990,images/mendeley_pa/MENDE-PA-00990.jpg,Mendeley PA,14770,17,19,0.0666666666666666,0.9975367153051826,0.983320216445212,1.0030539098959013,0.005517194590718644
test:14876,test,mendeley_pa:image:MENDE-PA-00999,images/mendeley_pa/MENDE-PA-00999.jpg,Mendeley PA,14876,3,18,0.0714285714285714,1.1569286834619417,1.034171658739748,1.0617142833623314,0.09521440009961024
test:14877,test,mendeley_pa:image:MENDE-PA-00999,images/mendeley_pa/MENDE-PA-00999.jpg,Mendeley PA,14877,4,18,0.0714285714285714,1.0728446666308902,1.0277351051093007,0.9908358700097466,0.08200879662114358
test:14878,test,mendeley_pa:image:MENDE-PA-00999,images/mendeley_pa/MENDE-PA-00999.jpg,Mendeley PA,14878,5,18,0.0714285714285714,0.8182482789700581,0.9514996717610914,0.8892739350834448,0.07102565611338663
test:14879,test,mendeley_pa:image:MENDE-PA-00999,images/mendeley_pa/MENDE-PA-00999.jpg,Mendeley PA,14879,6,18,0.0714285714285714,0.9003178322107643,0.9077833838293198,0.9258926402309778,0.025574808020213502
test:14880,test,mendeley_pa:image:MENDE-PA-00999,images/mendeley_pa/MENDE-PA-00999.jpg,Mendeley PA,14880,7,18,0.0714285714285714,1.042257028905875,1.0108703610057415,1.0472120877856792,0.004955058879804186
test:14881,test,mendeley_pa:image:MENDE-PA-00999,images/mendeley_pa/MENDE-PA-00999.jpg,Mendeley PA,14881,8,18,0.0714285714285714,1.028714024387053,1.0,1.0302381440997124,0.001524119712659422
test:14882,test,mendeley_pa:image:MENDE-PA-00999,images/mendeley_pa/MENDE-PA-00999.jpg,Mendeley PA,14882,9,18,0.0714285714285714,0.9647870957994014,1.0,1.0069033303298056,0.04211623453040425
test:14883,test,mendeley_pa:image:MENDE-PA-00999,images/mendeley_pa/MENDE-PA-00999.jpg,Mendeley PA,14883,10,18,0.0714285714285714,0.9606899561965786,0.998640743392672,0.9570880395650524,0.003601916631526203
test:14884,test,mendeley_pa:image:MENDE-PA-00999,images/mendeley_pa/MENDE-PA-00999.jpg,Mendeley PA,14884,11,18,0.0714285714285714,1.0689024074276774,1.0000000000000002,0.9920599227771165,0.07684248465056087
test:14885,test,mendeley_pa:image:MENDE-PA-00999,images/mendeley_pa/MENDE-PA-00999.jpg,Mendeley PA,14885,12,18,0.0714285714285714,0.9658461209262081,1.0,0.9628570303320885,0.00298909059411967
test:14886,test,mendeley_pa:image:MENDE-PA-00999,images/mendeley_pa/MENDE-PA-00999.jpg,Mendeley PA,14886,13,18,0.0714285714285714,1.0057903795710363,0.9928584793338034,0.9874368659907434,0.018353513580292913
test:14887,test,mendeley_pa:image:MENDE-PA-00999,images/mendeley_pa/MENDE-PA-00999.jpg,Mendeley PA,14887,14,18,0.0714285714285714,0.9846870333161252,1.0,1.005400859285146,0.020713825969020827
test:14888,test,mendeley_pa:image:MENDE-PA-00999,images/mendeley_pa/MENDE-PA-00999.jpg,Mendeley PA,14888,15,18,0.0714285714285714,1.0004945003527836,1.0,0.987115690484643,0.013378809868140662
test:14889,test,mendeley_pa:image:MENDE-PA-00999,images/mendeley_pa/MENDE-PA-00999.jpg,Mendeley PA,14889,16,18,0.0714285714285714,1.011868442600213,1.0,0.9885012339800596,0.02336720862015329
test:14966,test,mendeley_pa:image:MENDE-PA-01006,images/mendeley_pa/MENDE-PA-01006.jpg,Mendeley PA,14966,3,18,0.0714285714285714,0.9952104307934446,1.0,1.0111034596338868,0.01589302884044219
test:14967,test,mendeley_pa:image:MENDE-PA-01006,images/mendeley_pa/MENDE-PA-01006.jpg,Mendeley PA,14967,4,18,0.0714285714285714,0.9093809248610052,1.1347757757821577,1.0559057698765295,0.14652484501552432
test:14968,test,mendeley_pa:image:MENDE-PA-01006,images/mendeley_pa/MENDE-PA-01006.jpg,Mendeley PA,14968,5,18,0.0714285714285714,1.3538417090413524,0.980171001107266,1.1031166525192762,0.2507250565220762
test:14969,test,mendeley_pa:image:MENDE-PA-01006,images/mendeley_pa/MENDE-PA-01006.jpg,Mendeley PA,14969,6,18,0.0714285714285714,0.83418314961343,1.0548843229901619,0.9078903133761711,0.07370716376274111
test:14970,test,mendeley_pa:image:MENDE-PA-01006,images/mendeley_pa/MENDE-PA-01006.jpg,Mendeley PA,14970,7,18,0.0714285714285714,0.990888122667509,0.8922201268215764,0.9166007827808249,0.07428733988668412
test:14971,test,mendeley_pa:image:MENDE-PA-01006,images/mendeley_pa/MENDE-PA-01006.jpg,Mendeley PA,14971,8,18,0.0714285714285714,0.9564333542452437,1.0,0.9375270754098892,0.01890627883535445
test:14972,test,mendeley_pa:image:MENDE-PA-01006,images/mendeley_pa/MENDE-PA-01006.jpg,Mendeley PA,14972,9,18,0.0714285714285714,0.9866417405154826,1.0052607156408322,0.9387912251127255,0.04785051540275709
test:14973,test,mendeley_pa:image:MENDE-PA-01006,images/mendeley_pa/MENDE-PA-01006.jpg,Mendeley PA,14973,10,18,0.0714285714285714,1.0647154752511083,1.0,0.9603953585028648,0.10432011674824349
test:14974,test,mendeley_pa:image:MENDE-PA-01006,images/mendeley_pa/MENDE-PA-01006.jpg,Mendeley PA,14974,11,18,0.0714285714285714,1.0169286402610656,1.0479002814706597,1.001253362369183,0.0156752778918825
test:14975,test,mendeley_pa:image:MENDE-PA-01006,images/mendeley_pa/MENDE-PA-01006.jpg,Mendeley PA,14975,12,18,0.0714285714285714,1.1220102972119537,1.0,0.9716129042208195,0.1503973929911342
test:14976,test,mendeley_pa:image:MENDE-PA-01006,images/mendeley_pa/MENDE-PA-01006.jpg,Mendeley PA,14976,13,18,0.0714285714285714,0.8798581706394308,0.9545373622496358,0.8992736417968503,0.019415471157419484
test:14977,test,mendeley_pa:image:MENDE-PA-01006,images/mendeley_pa/MENDE-PA-01006.jpg,Mendeley PA,14977,14,18,0.0714285714285714,0.83044564776765,0.919757341369351,0.9054312793159089,0.07498563154825899
test:14978,test,mendeley_pa:image:MENDE-PA-01006,images/mendeley_pa/MENDE-PA-01006.jpg,Mendeley PA,14978,15,18,0.0714285714285714,0.9869272506304425,0.9712760758405492,0.9906357054417894,0.0037084548113468507
test:14979,test,mendeley_pa:image:MENDE-PA-01006,images/mendeley_pa/MENDE-PA-01006.jpg,Mendeley PA,14979,16,18,0.0714285714285714,1.0650423589709135,1.04670649946752,1.0598852549967448,0.005157103974168686
test:15113,test,mendeley_pa:image:MENDE-PA-01017,images/mendeley_pa/MENDE-PA-01017.jpg,Mendeley PA,15113,3,18,0.0714285714285714,0.9420666159202582,1.0,0.959173496812582,0.017106880892323817
test:15114,test,mendeley_pa:image:MENDE-PA-01017,images/mendeley_pa/MENDE-PA-01017.jpg,Mendeley PA,15114,4,18,0.0714285714285714,0.9702091258779421,1.006669529631345,1.0293088750090287,0.05909974913108662
test:15115,test,mendeley_pa:image:MENDE-PA-01017,images/mendeley_pa/MENDE-PA-01017.jpg,Mendeley PA,15115,5,18,0.0714285714285714,1.1066626824677814,1.0080489680072784,1.0347244568070888,0.07193822566069263
test:15116,test,mendeley_pa:image:MENDE-PA-01017,images/mendeley_pa/MENDE-PA-01017.jpg,Mendeley PA,15116,6,18,0.0714285714285714,0.9798470018978188,1.0,0.9734106697142124,0.006436332183606397
test:15117,test,mendeley_pa:image:MENDE-PA-01017,images/mendeley_pa/MENDE-PA-01017.jpg,Mendeley PA,15117,7,18,0.0714285714285714,0.8997734143707032,0.9741831609446537,0.9915595950026047,0.09178618063190147
test:15118,test,mendeley_pa:image:MENDE-PA-01017,images/mendeley_pa/MENDE-PA-01017.jpg,Mendeley PA,15118,8,18,0.0714285714285714,1.0369128580927105,0.9929620482127344,1.0024053024227892,0.03450755566992125
test:15119,test,mendeley_pa:image:MENDE-PA-01017,images/mendeley_pa/MENDE-PA-01017.jpg,Mendeley PA,15119,9,18,0.0714285714285714,0.9871376280748195,0.9999999999999998,0.9917171522974966,0.004579524222677045
test:15120,test,mendeley_pa:image:MENDE-PA-01017,images/mendeley_pa/MENDE-PA-01017.jpg,Mendeley PA,15120,10,18,0.0714285714285714,1.0441893411784278,1.0316059710276826,0.952170592714618,0.09201874846380975
test:15121,test,mendeley_pa:image:MENDE-PA-01017,images/mendeley_pa/MENDE-PA-01017.jpg,Mendeley PA,15121,11,18,0.0714285714285714,1.0512470111537433,0.9999999999999999,1.027711683884263,0.023535327269480266
test:15122,test,mendeley_pa:image:MENDE-PA-01017,images/mendeley_pa/MENDE-PA-01017.jpg,Mendeley PA,15122,12,18,0.0714285714285714,0.900064842118593,1.0,1.038667019456625,0.13860217733803204
test:15123,test,mendeley_pa:image:MENDE-PA-01017,images/mendeley_pa/MENDE-PA-01017.jpg,Mendeley PA,15123,13,18,0.0714285714285714,0.9825781674794091,0.9738561242528221,1.010189402074363,0.02761123459495385
test:15124,test,mendeley_pa:image:MENDE-PA-01017,images/mendeley_pa/MENDE-PA-01017.jpg,Mendeley PA,15124,14,18,0.0714285714285714,0.9864481007243394,0.9999999999999998,0.9855073066428301,0.0009407940815092664
test:15125,test,mendeley_pa:image:MENDE-PA-01017,images/mendeley_pa/MENDE-PA-01017.jpg,Mendeley PA,15125,15,18,0.0714285714285714,1.057724766249443,1.0029302087067997,0.9734711122154629,0.08425365403398
test:15126,test,mendeley_pa:image:MENDE-PA-01017,images/mendeley_pa/MENDE-PA-01017.jpg,Mendeley PA,15126,16,18,0.0714285714285714,1.0103666401083145,0.9999999999999999,1.0008161774021573,0.009550462706157115
test:15182,test,miccai_2019:image:MICCAI-AP-00004,images/miccai_2019/MICCAI-AP-00004.jpg,MICCAI-2019,15182,3,17,0.0769230769230769,1.2212890460403274,1.0,1.0448716953396797,0.17641735070064768
test:15183,test,miccai_2019:image:MICCAI-AP-00004,images/miccai_2019/MICCAI-AP-00004.jpg,MICCAI-2019,15183,4,17,0.0769230769230769,0.7796649867086276,1.0,0.9601408541202545,0.1804758674116269
test:15184,test,miccai_2019:image:MICCAI-AP-00004,images/miccai_2019/MICCAI-AP-00004.jpg,MICCAI-2019,15184,5,17,0.0769230769230769,1.1781494691019008,1.0428758027004255,1.0157217258559716,0.16242774324592912
test:15185,test,miccai_2019:image:MICCAI-AP-00004,images/miccai_2019/MICCAI-AP-00004.jpg,MICCAI-2019,15185,6,17,0.0769230769230769,1.4056887235228515,1.0564161326473556,1.1155966680234275,0.29009205549942396
test:15186,test,miccai_2019:image:MICCAI-AP-00004,images/miccai_2019/MICCAI-AP-00004.jpg,MICCAI-2019,15186,7,17,0.0769230769230769,0.601307327908009,0.9756454878027998,0.9159100890632235,0.31460276115521446
test:15187,test,miccai_2019:image:MICCAI-AP-00004,images/miccai_2019/MICCAI-AP-00004.jpg,MICCAI-2019,15187,8,17,0.0769230769230769,0.9398829945797245,0.8673386326308317,1.0533575764174528,0.1134745818377283
test:15188,test,miccai_2019:image:MICCAI-AP-00004,images/miccai_2019/MICCAI-AP-00004.jpg,MICCAI-2019,15188,9,17,0.0769230769230769,1.0575338202744677,1.0,1.0773541331291199,0.019820312854652133
test:15189,test,miccai_2019:image:MICCAI-AP-00004,images/miccai_2019/MICCAI-AP-00004.jpg,MICCAI-2019,15189,10,17,0.0769230769230769,0.9398777946028707,1.0,1.093462809920311,0.1535850153174403
test:15190,test,miccai_2019:image:MICCAI-AP-00004,images/miccai_2019/MICCAI-AP-00004.jpg,MICCAI-2019,15190,11,17,0.0769230769230769,0.9872188823775627,0.9845379199160289,1.0781551580203723,0.0909362756428096
test:15191,test,miccai_2019:image:MICCAI-AP-00004,images/miccai_2019/MICCAI-AP-00004.jpg,MICCAI-2019,15191,12,17,0.0769230769230769,0.9967640471269903,1.0,1.0370975248515606,0.0403334777245703
test:15192,test,miccai_2019:image:MICCAI-AP-00004,images/miccai_2019/MICCAI-AP-00004.jpg,MICCAI-2019,15192,13,17,0.0769230769230769,1.1061005206275347,1.1536966464131322,1.2617112300007787,0.15561070937324395
test:15193,test,miccai_2019:image:MICCAI-AP-00004,images/miccai_2019/MICCAI-AP-00004.jpg,MICCAI-2019,15193,14,17,0.0769230769230769,1.2058359406957166,0.9779771438677884,1.0330596363981344,0.17277630429758228
test:15194,test,miccai_2019:image:MICCAI-AP-00004,images/miccai_2019/MICCAI-AP-00004.jpg,MICCAI-2019,15194,15,17,0.0769230769230769,0.8171819762141957,1.1028792196391342,1.1121888206778285,0.2950068444636328
test:15199,test,miccai_2019:image:MICCAI-AP-00005,images/miccai_2019/MICCAI-AP-00005.jpg,MICCAI-2019,15199,3,17,0.0769230769230769,1.0540806435227386,0.9999999999999998,1.1571374982595442,0.10305685473680559
test:15200,test,miccai_2019:image:MICCAI-AP-00005,images/miccai_2019/MICCAI-AP-00005.jpg,MICCAI-2019,15200,4,17,0.0769230769230769,1.0008820107194876,1.0419022897923573,1.1842057118857487,0.18332370116626118
test:15201,test,miccai_2019:image:MICCAI-AP-00005,images/miccai_2019/MICCAI-AP-00005.jpg,MICCAI-2019,15201,5,17,0.0769230769230769,1.0990982292573712,1.0,1.1141896769404411,0.015091447683069914
test:15202,test,miccai_2019:image:MICCAI-AP-00005,images/miccai_2019/MICCAI-AP-00005.jpg,MICCAI-2019,15202,6,17,0.0769230769230769,0.9096166631159884,1.021221208546933,0.9740272082133854,0.06441054509739697
test:15203,test,miccai_2019:image:MICCAI-AP-00005,images/miccai_2019/MICCAI-AP-00005.jpg,MICCAI-2019,15203,7,17,0.0769230769230769,1.0591755262761304,0.9631748861491263,0.9928296386122286,0.06634588766390181
test:15204,test,miccai_2019:image:MICCAI-AP-00005,images/miccai_2019/MICCAI-AP-00005.jpg,MICCAI-2019,15204,8,17,0.0769230769230769,0.9403453087795028,1.0,0.987095195800066,0.04674988702056315
test:15205,test,miccai_2019:image:MICCAI-AP-00005,images/miccai_2019/MICCAI-AP-00005.jpg,MICCAI-2019,15205,9,17,0.0769230769230769,1.006956359324709,0.9806317544300833,0.9598102221955338,0.04714613712917526
test:15206,test,miccai_2019:image:MICCAI-AP-00005,images/miccai_2019/MICCAI-AP-00005.jpg,MICCAI-2019,15206,10,17,0.0769230769230769,0.9934326927799142,1.0,0.9878150084987283,0.0056176842811859196
test:15207,test,miccai_2019:image:MICCAI-AP-00005,images/miccai_2019/MICCAI-AP-00005.jpg,MICCAI-2019,15207,11,17,0.0769230769230769,0.9702510350477604,1.0,1.0306402314454317,0.06038919639767126
test:15208,test,miccai_2019:image:MICCAI-AP-00005,images/miccai_2019/MICCAI-AP-00005.jpg,MICCAI-2019,15208,12,17,0.0769230769230769,0.9909305436426015,1.1025928628444464,1.0425731424987108,0.051642598856109334
test:15209,test,miccai_2019:image:MICCAI-AP-00005,images/miccai_2019/MICCAI-AP-00005.jpg,MICCAI-2019,15209,13,17,0.0769230769230769,1.3769117017432022,1.1035519623292347,1.1252463729215523,0.25166532882164994
test:15210,test,miccai_2019:image:MICCAI-AP-00005,images/miccai_2019/MICCAI-AP-00005.jpg,MICCAI-2019,15210,14,17,0.0769230769230769,1.092606456616605,1.081620691799982,1.0757116600772874,0.01689479653931758
test:15211,test,miccai_2019:image:MICCAI-AP-00005,images/miccai_2019/MICCAI-AP-00005.jpg,MICCAI-2019,15211,15,17,0.0769230769230769,0.8226325683994857,0.9999999999999998,0.9903135774657128,0.16768100906622707
test:15403,test,miccai_2019:image:MICCAI-AP-00017,images/miccai_2019/MICCAI-AP-00017.jpg,MICCAI-2019,15403,3,17,0.0769230769230769,1.0387986055379255,1.0,1.0290736090391874,0.009724996498738037
test:15404,test,miccai_2019:image:MICCAI-AP-00017,images/miccai_2019/MICCAI-AP-00017.jpg,MICCAI-2019,15404,4,17,0.0769230769230769,0.969492761315873,1.113756729710587,1.02482155566264,0.055328794346767074
test:15405,test,miccai_2019:image:MICCAI-AP-00017,images/miccai_2019/MICCAI-AP-00017.jpg,MICCAI-2019,15405,5,17,0.0769230769230769,1.2851477163487086,1.0,1.0883309617638588,0.19681675458484982
test:15406,test,miccai_2019:image:MICCAI-AP-00017,images/miccai_2019/MICCAI-AP-00017.jpg,MICCAI-2019,15406,6,17,0.0769230769230769,0.9991179911497778,1.1202711731807715,1.092566198544336,0.09344820739455817
test:15407,test,miccai_2019:image:MICCAI-AP-00017,images/miccai_2019/MICCAI-AP-00017.jpg,MICCAI-2019,15407,7,17,0.0769230769230769,1.0554205820021711,1.0,1.04692018404603,0.008500397956141104
test:15408,test,miccai_2019:image:MICCAI-AP-00017,images/miccai_2019/MICCAI-AP-00017.jpg,MICCAI-2019,15408,8,17,0.0769230769230769,0.9474054454839171,0.970683002271193,1.0257316505391774,0.07832620505526022
test:15409,test,miccai_2019:image:MICCAI-AP-00017,images/miccai_2019/MICCAI-AP-00017.jpg,MICCAI-2019,15409,9,17,0.0769230769230769,0.8782952839671099,0.9663696226849976,1.0182079908624115,0.13991270689530166
test:15410,test,miccai_2019:image:MICCAI-AP-00017,images/miccai_2019/MICCAI-AP-00017.jpg,MICCAI-2019,15410,10,17,0.0769230769230769,1.0023322498643328,0.988838083458741,1.0474515849479036,0.0451193350835708
test:15411,test,miccai_2019:image:MICCAI-AP-00017,images/miccai_2019/MICCAI-AP-00017.jpg,MICCAI-2019,15411,11,17,0.0769230769230769,1.0042505825822876,1.0074028193894853,1.0307007681522597,0.02645018556997214
test:15412,test,miccai_2019:image:MICCAI-AP-00017,images/miccai_2019/MICCAI-AP-00017.jpg,MICCAI-2019,15412,12,17,0.0769230769230769,1.0616299974473336,0.9999999999999998,0.9864662550389764,0.0751637424083571
test:15413,test,miccai_2019:image:MICCAI-AP-00017,images/miccai_2019/MICCAI-AP-00017.jpg,MICCAI-2019,15413,13,17,0.0769230769230769,1.0441990241879466,1.054432615084552,1.0271617243122093,0.017037299875737322
test:15414,test,miccai_2019:image:MICCAI-AP-00017,images/miccai_2019/MICCAI-AP-00017.jpg,MICCAI-2019,15414,14,17,0.0769230769230769,0.9994989221025232,0.8999971609327104,0.9486251223596838,0.050873799742839454
test:15415,test,miccai_2019:image:MICCAI-AP-00017,images/miccai_2019/MICCAI-AP-00017.jpg,MICCAI-2019,15415,15,17,0.0769230769230769,0.7809858290462245,1.1967812245330889,1.0516435866794664,0.27065775763324196
test:15437,test,miccai_2019:image:MICCAI-AP-00019,images/miccai_2019/MICCAI-AP-00019.jpg,MICCAI-2019,15437,3,17,0.0769230769230769,1.2399745796141337,0.8762375392183404,1.061649245785151,0.17832533382898275
test:15438,test,miccai_2019:image:MICCAI-AP-00019,images/miccai_2019/MICCAI-AP-00019.jpg,MICCAI-2019,15438,4,17,0.0769230769230769,0.8073604819034361,1.1364938346458036,1.1447987956715184,0.3374383137680823
test:15439,test,miccai_2019:image:MICCAI-AP-00019,images/miccai_2019/MICCAI-AP-00019.jpg,MICCAI-2019,15439,5,17,0.0769230769230769,1.1265820518341472,0.8938966049424801,1.001897263394991,0.1246847884391562
test:15440,test,miccai_2019:image:MICCAI-AP-00019,images/miccai_2019/MICCAI-AP-00019.jpg,MICCAI-2019,15440,6,17,0.0769230769230769,0.9637195511320709,1.1045810740473807,1.1341043870928824,0.17038483596081155
test:15441,test,miccai_2019:image:MICCAI-AP-00019,images/miccai_2019/MICCAI-AP-00019.jpg,MICCAI-2019,15441,7,17,0.0769230769230769,1.1232845323447975,1.0,1.137346312403679,0.014061780058881368
test:15442,test,miccai_2019:image:MICCAI-AP-00019,images/miccai_2019/MICCAI-AP-00019.jpg,MICCAI-2019,15442,8,17,0.0769230769230769,0.9204720609335995,0.9805844287738432,1.0975873257383932,0.17711526480479378
test:15443,test,miccai_2019:image:MICCAI-AP-00019,images/miccai_2019/MICCAI-AP-00019.jpg,MICCAI-2019,15443,9,17,0.0769230769230769,0.7545725915349981,0.9462041292317898,1.0111301202305347,0.2565575286955366
test:15444,test,miccai_2019:image:MICCAI-AP-00019,images/miccai_2019/MICCAI-AP-00019.jpg,MICCAI-2019,15444,10,17,0.0769230769230769,1.1257432112706325,0.9960186697102205,1.0591961435533181,0.06654706771731433
test:15445,test,miccai_2019:image:MICCAI-AP-00019,images/miccai_2019/MICCAI-AP-00019.jpg,MICCAI-2019,15445,11,17,0.0769230769230769,1.033032528066413,1.0000000000000002,0.9838635791093113,0.049168948957101666
test:15446,test,miccai_2019:image:MICCAI-AP-00019,images/miccai_2019/MICCAI-AP-00019.jpg,MICCAI-2019,15446,12,17,0.0769230769230769,0.9835293233838611,1.0,0.9827057551592588,0.000823568224602278
test:15447,test,miccai_2019:image:MICCAI-AP-00019,images/miccai_2019/MICCAI-AP-00019.jpg,MICCAI-2019,15447,13,17,0.0769230769230769,0.9969832007408527,1.0,1.020679134875536,0.023695934134683294
test:15448,test,miccai_2019:image:MICCAI-AP-00019,images/miccai_2019/MICCAI-AP-00019.jpg,MICCAI-2019,15448,14,17,0.0769230769230769,0.9683270192507194,1.0,0.9751030169427395,0.006775997692020086
test:15449,test,miccai_2019:image:MICCAI-AP-00019,images/miccai_2019/MICCAI-AP-00019.jpg,MICCAI-2019,15449,15,17,0.0769230769230769,1.0890441495541676,1.1868699180551223,1.1521882104345016,0.06314406088033397
test:15522,test,miccai_2019:image:MICCAI-AP-00024,images/miccai_2019/MICCAI-AP-00024.jpg,MICCAI-2019,15522,3,17,0.0769230769230769,1.062944572510617,0.9566125222725135,0.9836415970010024,0.07930297550961463
test:15523,test,miccai_2019:image:MICCAI-AP-00024,images/miccai_2019/MICCAI-AP-00024.jpg,MICCAI-2019,15523,4,17,0.0769230769230769,0.9166586241102035,1.027766316952138,1.0419204754847575,0.12526185137455403
test:15524,test,miccai_2019:image:MICCAI-AP-00024,images/miccai_2019/MICCAI-AP-00024.jpg,MICCAI-2019,15524,5,17,0.0769230769230769,1.0247788730445153,0.9781777763921237,1.0260926800030683,0.0013138069585529877
test:15525,test,miccai_2019:image:MICCAI-AP-00024,images/miccai_2019/MICCAI-AP-00024.jpg,MICCAI-2019,15525,6,17,0.0769230769230769,1.016715726085829,1.0,1.0833347514271736,0.06661902534134456
test:15526,test,miccai_2019:image:MICCAI-AP-00024,images/miccai_2019/MICCAI-AP-00024.jpg,MICCAI-2019,15526,7,17,0.0769230769230769,0.9498909253120776,1.0603280296981559,1.07239385288807,0.12250292757599246
test:15527,test,miccai_2019:image:MICCAI-AP-00024,images/miccai_2019/MICCAI-AP-00024.jpg,MICCAI-2019,15527,8,17,0.0769230769230769,1.136056053963239,0.9811258487761692,1.053497689253159,0.08255836471008005
test:15528,test,miccai_2019:image:MICCAI-AP-00024,images/miccai_2019/MICCAI-AP-00024.jpg,MICCAI-2019,15528,9,17,0.0769230769230769,0.9126859098811956,1.133976972664914,1.0335143869772767,0.12082847709608113
test:15529,test,miccai_2019:image:MICCAI-AP-00024,images/miccai_2019/MICCAI-AP-00024.jpg,MICCAI-2019,15529,10,17,0.0769230769230769,1.2412507417193752,0.9429913531353713,0.9968824680259467,0.2443682736934285
test:15530,test,miccai_2019:image:MICCAI-AP-00024,images/miccai_2019/MICCAI-AP-00024.jpg,MICCAI-2019,15530,11,17,0.0769230769230769,0.7967652248736938,1.0000000000000002,0.984619942493737,0.18785471762004313
test:15531,test,miccai_2019:image:MICCAI-AP-00024,images/miccai_2019/MICCAI-AP-00024.jpg,MICCAI-2019,15531,12,17,0.0769230769230769,0.9413108845044502,0.8950685267079631,0.9701373879540721,0.0288265034496219
test:15532,test,miccai_2019:image:MICCAI-AP-00024,images/miccai_2019/MICCAI-AP-00024.jpg,MICCAI-2019,15532,13,17,0.0769230769230769,1.0407448374827777,1.0911892443561044,1.061134405028173,0.020389567545395337
test:15533,test,miccai_2019:image:MICCAI-AP-00024,images/miccai_2019/MICCAI-AP-00024.jpg,MICCAI-2019,15533,14,17,0.0769230769230769,1.233034631167973,1.0470202549612075,1.0616457102140338,0.1713889209539392
test:15534,test,miccai_2019:image:MICCAI-AP-00024,images/miccai_2019/MICCAI-AP-00024.jpg,MICCAI-2019,15534,15,17,0.0769230769230769,1.0502340410401567,1.0035752080726246,1.0861989505934337,0.035964909553277025
test:15556,test,miccai_2019:image:MICCAI-AP-00026,images/miccai_2019/MICCAI-AP-00026.jpg,MICCAI-2019,15556,3,17,0.0769230769230769,0.9341520393392575,1.0,1.012924799695611,0.0787727603563535
test:15557,test,miccai_2019:image:MICCAI-AP-00026,images/miccai_2019/MICCAI-AP-00026.jpg,MICCAI-2019,15557,4,17,0.0769230769230769,0.9330108501284985,1.1725871479928478,1.082363947373627,0.14935309724512857
test:15558,test,miccai_2019:image:MICCAI-AP-00026,images/miccai_2019/MICCAI-AP-00026.jpg,MICCAI-2019,15558,5,17,0.0769230769230769,1.4727337046795894,1.0,1.1662513613700867,0.30648234330950275
test:15559,test,miccai_2019:image:MICCAI-AP-00026,images/miccai_2019/MICCAI-AP-00026.jpg,MICCAI-2019,15559,6,17,0.0769230769230769,0.7579998052767172,1.0181598746213898,0.9657059990797028,0.2077061938029856
test:15560,test,miccai_2019:image:MICCAI-AP-00026,images/miccai_2019/MICCAI-AP-00026.jpg,MICCAI-2019,15560,7,17,0.0769230769230769,0.9658346783035052,0.8603289834381314,0.9021475537837715,0.06368712451973368
test:15561,test,miccai_2019:image:MICCAI-AP-00026,images/miccai_2019/MICCAI-AP-00026.jpg,MICCAI-2019,15561,8,17,0.0769230769230769,1.0838578678595492,1.1863509382876796,1.041071456280653,0.04278641157889629
test:15562,test,miccai_2019:image:MICCAI-AP-00026,images/miccai_2019/MICCAI-AP-00026.jpg,MICCAI-2019,15562,9,17,0.0769230769230769,1.234022207168233,0.9527289628839875,1.0175703823423767,0.21645182482585623
test:15563,test,miccai_2019:image:MICCAI-AP-00026,images/miccai_2019/MICCAI-AP-00026.jpg,MICCAI-2019,15563,10,17,0.0769230769230769,0.8746307454913063,1.1044541521749212,0.9990457965812398,0.12441505108993356
test:15564,test,miccai_2019:image:MICCAI-AP-00026,images/miccai_2019/MICCAI-AP-00026.jpg,MICCAI-2019,15564,11,17,0.0769230769230769,1.1134173284019953,1.0,1.0583181455731392,0.055099182828856064
test:15565,test,miccai_2019:image:MICCAI-AP-00026,images/miccai_2019/MICCAI-AP-00026.jpg,MICCAI-2019,15565,12,17,0.0769230769230769,1.018957802829647,0.9996456792125655,1.0545694706509066,0.03561166782125946
test:15566,test,miccai_2019:image:MICCAI-AP-00026,images/miccai_2019/MICCAI-AP-00026.jpg,MICCAI-2019,15566,13,17,0.0769230769230769,0.8676690165528924,1.0,1.0298639126121998,0.16219489605930737
test:15567,test,miccai_2019:image:MICCAI-AP-00026,images/miccai_2019/MICCAI-AP-00026.jpg,MICCAI-2019,15567,14,17,0.0769230769230769,0.9975860967169126,0.9299773858637546,0.9179056403935884,0.07968045632332421
test:15568,test,miccai_2019:image:MICCAI-AP-00026,images/miccai_2019/MICCAI-AP-00026.jpg,MICCAI-2019,15568,15,17,0.0769230769230769,0.9372494328523495,1.1628534930411623,1.171977366938059,0.23472793408570958
test:16066,test,miccai_2019:image:MICCAI-AP-00056,images/miccai_2019/MICCAI-AP-00056.jpg,MICCAI-2019,16066,3,17,0.0769230769230769,0.7890688147357792,1.0,0.8739527016878128,0.08488388695203364
test:16067,test,miccai_2019:image:MICCAI-AP-00056,images/miccai_2019/MICCAI-AP-00056.jpg,MICCAI-2019,16067,4,17,0.0769230769230769,1.1139506405077695,1.0715205447841623,1.0545874761510827,0.05936316435668676
test:16068,test,miccai_2019:image:MICCAI-AP-00056,images/miccai_2019/MICCAI-AP-00056.jpg,MICCAI-2019,16068,5,17,0.0769230769230769,1.218050541495395,1.0112419457639368,1.125375281413904,0.09267526008149107
test:16069,test,miccai_2019:image:MICCAI-AP-00056,images/miccai_2019/MICCAI-AP-00056.jpg,MICCAI-2019,16069,6,17,0.0769230769230769,1.0995358737156775,1.1475512618416,1.2112513492100883,0.11171547549441074
test:16070,test,miccai_2019:image:MICCAI-AP-00056,images/miccai_2019/MICCAI-AP-00056.jpg,MICCAI-2019,16070,7,17,0.0769230769230769,0.9294600409449779,0.8620766308861612,0.9919863995867608,0.06252635864178291
test:16071,test,miccai_2019:image:MICCAI-AP-00056,images/miccai_2019/MICCAI-AP-00056.jpg,MICCAI-2019,16071,8,17,0.0769230769230769,0.7484107650747729,0.9906349267002252,1.0011785310816077,0.2527677660068348
test:16072,test,miccai_2019:image:MICCAI-AP-00056,images/miccai_2019/MICCAI-AP-00056.jpg,MICCAI-2019,16072,9,17,0.0769230769230769,1.0811173807152663,0.9257879692808568,0.9600391264752328,0.12107825424003349
test:16073,test,miccai_2019:image:MICCAI-AP-00056,images/miccai_2019/MICCAI-AP-00056.jpg,MICCAI-2019,16073,10,17,0.0769230769230769,0.9593806465604507,0.9999999999999999,0.9875649753957986,0.028184328835347827
test:16074,test,miccai_2019:image:MICCAI-AP-00056,images/miccai_2019/MICCAI-AP-00056.jpg,MICCAI-2019,16074,11,17,0.0769230769230769,1.0465653518640363,1.0450667846388515,1.0308967256359156,0.015668626228120708
test:16075,test,miccai_2019:image:MICCAI-AP-00056,images/miccai_2019/MICCAI-AP-00056.jpg,MICCAI-2019,16075,12,17,0.0769230769230769,1.1203080840310253,1.0283610747312313,1.0045708046411281,0.1157372793898972
test:16076,test,miccai_2019:image:MICCAI-AP-00056,images/miccai_2019/MICCAI-AP-00056.jpg,MICCAI-2019,16076,13,17,0.0769230769230769,1.0320609726573904,1.0478234536129762,1.052454313088559,0.020393340431168694
test:16077,test,miccai_2019:image:MICCAI-AP-00056,images/miccai_2019/MICCAI-AP-00056.jpg,MICCAI-2019,16077,14,17,0.0769230769230769,0.9062932959048953,0.930223703975104,0.9508529385870921,0.04455964268219681
test:16078,test,miccai_2019:image:MICCAI-AP-00056,images/miccai_2019/MICCAI-AP-00056.jpg,MICCAI-2019,16078,15,17,0.0769230769230769,0.8930274122528368,0.9738927973429832,0.9535157052795562,0.06048829302671943
test:16100,test,miccai_2019:image:MICCAI-AP-00058,images/miccai_2019/MICCAI-AP-00058.jpg,MICCAI-2019,16100,3,17,0.0769230769230769,1.3529259295317757,0.9835328851638969,1.1114016567169365,0.24152427281483924
test:16101,test,miccai_2019:image:MICCAI-AP-00058,images/miccai_2019/MICCAI-AP-00058.jpg,MICCAI-2019,16101,4,17,0.0769230769230769,0.9184111793991039,0.9999999999999998,1.0326239466667173,0.11421276726761342
test:16102,test,miccai_2019:image:MICCAI-AP-00058,images/miccai_2019/MICCAI-AP-00058.jpg,MICCAI-2019,16102,5,17,0.0769230769230769,0.8142594995406518,0.9220493128372647,0.9237543296616815,0.10949483012102967
test:16103,test,miccai_2019:image:MICCAI-AP-00058,images/miccai_2019/MICCAI-AP-00058.jpg,MICCAI-2019,16103,6,17,0.0769230769230769,1.0732018367485332,0.9949854901344142,1.0353113254815898,0.03789051126694343
test:16104,test,miccai_2019:image:MICCAI-AP-00058,images/miccai_2019/MICCAI-AP-00058.jpg,MICCAI-2019,16104,7,17,0.0769230769230769,0.9868375828001084,1.0,0.9767362736165524,0.010101309183556006
test:16105,test,miccai_2019:image:MICCAI-AP-00058,images/miccai_2019/MICCAI-AP-00058.jpg,MICCAI-2019,16105,8,17,0.0769230769230769,1.0456694214649764,1.0290398659732665,1.02276186985788,0.022907551607096455
test:16106,test,miccai_2019:image:MICCAI-AP-00058,images/miccai_2019/MICCAI-AP-00058.jpg,MICCAI-2019,16106,9,17,0.0769230769230769,1.0491785286633741,1.0000000000000002,1.0030468371696772,0.04613169149369689
test:16107,test,miccai_2019:image:MICCAI-AP-00058,images/miccai_2019/MICCAI-AP-00058.jpg,MICCAI-2019,16107,10,17,0.0769230769230769,0.9537207021902142,1.0,1.016939615830779,0.06321891364056487
test:16108,test,miccai_2019:image:MICCAI-AP-00058,images/miccai_2019/MICCAI-AP-00058.jpg,MICCAI-2019,16108,11,17,0.0769230769230769,0.9274710756802388,0.9863643720401467,0.9901908863922597,0.06271981071202093
test:16109,test,miccai_2019:image:MICCAI-AP-00058,images/miccai_2019/MICCAI-AP-00058.jpg,MICCAI-2019,16109,12,17,0.0769230769230769,1.115180672799939,1.0239299584412551,1.0059419565135217,0.10923871628641724
test:16110,test,miccai_2019:image:MICCAI-AP-00058,images/miccai_2019/MICCAI-AP-00058.jpg,MICCAI-2019,16110,13,17,0.0769230769230769,1.0112329026624223,1.0,0.9832033198326826,0.028029582829739663
test:16111,test,miccai_2019:image:MICCAI-AP-00058,images/miccai_2019/MICCAI-AP-00058.jpg,MICCAI-2019,16111,14,17,0.0769230769230769,0.8992261505466548,0.9898295203355096,0.9485663199928545,0.04934016944619968
test:16112,test,miccai_2019:image:MICCAI-AP-00058,images/miccai_2019/MICCAI-AP-00058.jpg,MICCAI-2019,16112,15,17,0.0769230769230769,1.09278627065353,1.0342979244305859,1.0506265796139012,0.04215969103962891
test:16508,test,miccai_2019:image:MICCAI-AP-00082,images/miccai_2019/MICCAI-AP-00082.jpg,MICCAI-2019,16508,3,17,0.0769230769230769,1.0817697959305437,1.0,1.067935287952423,0.01383450797812058
test:16509,test,miccai_2019:image:MICCAI-AP-00082,images/miccai_2019/MICCAI-AP-00082.jpg,MICCAI-2019,16509,4,17,0.0769230769230769,0.9506649874324633,1.0,1.0080135082826018,0.05734852085013853
test:16510,test,miccai_2019:image:MICCAI-AP-00082,images/miccai_2019/MICCAI-AP-00082.jpg,MICCAI-2019,16510,5,17,0.0769230769230769,1.038761607357051,1.0,1.12125064432621,0.0824890369691591
test:16511,test,miccai_2019:image:MICCAI-AP-00082,images/miccai_2019/MICCAI-AP-00082.jpg,MICCAI-2019,16511,6,17,0.0769230769230769,0.9984895161423726,1.0,1.0675427168607712,0.0690532007183986
test:16512,test,miccai_2019:image:MICCAI-AP-00082,images/miccai_2019/MICCAI-AP-00082.jpg,MICCAI-2019,16512,7,17,0.0769230769230769,1.0196575915598758,1.0,1.0201642848551273,0.0005066932952515479
test:16513,test,miccai_2019:image:MICCAI-AP-00082,images/miccai_2019/MICCAI-AP-00082.jpg,MICCAI-2019,16513,8,17,0.0769230769230769,0.9829077487950517,1.0,0.9977128119207919,0.014805063125740148
test:16514,test,miccai_2019:image:MICCAI-AP-00082,images/miccai_2019/MICCAI-AP-00082.jpg,MICCAI-2019,16514,9,17,0.0769230769230769,1.0267438864068186,1.0137589036348746,1.0128421617882797,0.013901724618538891
test:16515,test,miccai_2019:image:MICCAI-AP-00082,images/miccai_2019/MICCAI-AP-00082.jpg,MICCAI-2019,16515,10,17,0.0769230769230769,1.0278511116930837,0.9999999999999999,0.9894986562430858,0.03835245544999799
test:16516,test,miccai_2019:image:MICCAI-AP-00082,images/miccai_2019/MICCAI-AP-00082.jpg,MICCAI-2019,16516,11,17,0.0769230769230769,0.9878554909731676,1.0217772286150255,0.9975525691870251,0.009697078213857457
test:16517,test,miccai_2019:image:MICCAI-AP-00082,images/miccai_2019/MICCAI-AP-00082.jpg,MICCAI-2019,16517,12,17,0.0769230769230769,1.0281857363549602,0.9712119044282117,0.9944010057964006,0.033784730558559684
test:16518,test,miccai_2019:image:MICCAI-AP-00082,images/miccai_2019/MICCAI-AP-00082.jpg,MICCAI-2019,16518,13,17,0.0769230769230769,0.9356791825656665,1.018306282444881,0.9855029854020343,0.04982380283636778
test:16519,test,miccai_2019:image:MICCAI-AP-00082,images/miccai_2019/MICCAI-AP-00082.jpg,MICCAI-2019,16519,14,17,0.0769230769230769,1.067816362559351,1.0,1.0742827877402306,0.006466425180879476
test:16520,test,miccai_2019:image:MICCAI-AP-00082,images/miccai_2019/MICCAI-AP-00082.jpg,MICCAI-2019,16520,15,17,0.0769230769230769,1.0106720241957166,0.9517233570705328,1.0357457002292547,0.02507367603353816
test:16542,test,miccai_2019:image:MICCAI-AP-00084,images/miccai_2019/MICCAI-AP-00084.jpg,MICCAI-2019,16542,3,17,0.0769230769230769,0.8736741991429235,0.9029997018199301,0.897705234963063,0.024031035820139435
test:16543,test,miccai_2019:image:MICCAI-AP-00084,images/miccai_2019/MICCAI-AP-00084.jpg,MICCAI-2019,16543,4,17,0.0769230769230769,0.9174746197815149,0.9928753441056564,0.9523176355144336,0.0348430157329187
test:16544,test,miccai_2019:image:MICCAI-AP-00084,images/miccai_2019/MICCAI-AP-00084.jpg,MICCAI-2019,16544,5,17,0.0769230769230769,1.1224270667238154,1.0268170257259768,1.0578245186407726,0.06460254808304278
test:16545,test,miccai_2019:image:MICCAI-AP-00084,images/miccai_2019/MICCAI-AP-00084.jpg,MICCAI-2019,16545,6,17,0.0769230769230769,1.1089987233508025,1.0798524368178541,1.0416326868903334,0.06736603646046913
test:16546,test,miccai_2019:image:MICCAI-AP-00084,images/miccai_2019/MICCAI-AP-00084.jpg,MICCAI-2019,16546,7,17,0.0769230769230769,1.0026865013830732,0.9742947255019396,0.9766504621822685,0.026036039200804773
test:16547,test,miccai_2019:image:MICCAI-AP-00084,images/miccai_2019/MICCAI-AP-00084.jpg,MICCAI-2019,16547,8,17,0.0769230769230769,0.8716947511323987,0.9512546795160629,0.9360210035667874,0.06432625243438872
test:16548,test,miccai_2019:image:MICCAI-AP-00084,images/miccai_2019/MICCAI-AP-00084.jpg,MICCAI-2019,16548,9,17,0.0769230769230769,0.9553168601901283,1.0090105222138301,0.9892422971847192,0.03392543699459094
test:16549,test,miccai_2019:image:MICCAI-AP-00084,images/miccai_2019/MICCAI-AP-00084.jpg,MICCAI-2019,16549,10,17,0.0769230769230769,1.1484390186123954,0.9999999999999999,1.1184516549110413,0.02998736370135413
test:16550,test,miccai_2019:image:MICCAI-AP-00084,images/miccai_2019/MICCAI-AP-00084.jpg,MICCAI-2019,16550,11,17,0.0769230769230769,0.9575345578435956,1.276496720017964,1.1970221665521208,0.23948760870852515
test:16551,test,miccai_2019:image:MICCAI-AP-00084,images/miccai_2019/MICCAI-AP-00084.jpg,MICCAI-2019,16551,12,17,0.0769230769230769,1.4491399102320428,0.9233034384557253,1.1233946812459474,0.32574522898609537
test:16552,test,miccai_2019:image:MICCAI-AP-00084,images/miccai_2019/MICCAI-AP-00084.jpg,MICCAI-2019,16552,13,17,0.0769230769230769,0.7909630990276826,1.1369115364143054,1.052674877304713,0.2617117782770304
test:16553,test,miccai_2019:image:MICCAI-AP-00084,images/miccai_2019/MICCAI-AP-00084.jpg,MICCAI-2019,16553,14,17,0.0769230769230769,1.1196418366530207,0.9895610152280725,0.9992561484223998,0.1203856882306209
test:16554,test,miccai_2019:image:MICCAI-AP-00084,images/miccai_2019/MICCAI-AP-00084.jpg,MICCAI-2019,16554,15,17,0.0769230769230769,1.15553404780117,1.0594214324919224,1.0777191904453278,0.07781485735584215
test:16746,test,miccai_2019:image:MICCAI-AP-00096,images/miccai_2019/MICCAI-AP-00096.jpg,MICCAI-2019,16746,3,17,0.0769230769230769,0.9837548350832119,1.1272816474055056,1.0136099795316462,0.02985514444843429
test:16747,test,miccai_2019:image:MICCAI-AP-00096,images/miccai_2019/MICCAI-AP-00096.jpg,MICCAI-2019,16747,4,17,0.0769230769230769,0.8850627368739006,0.9274685396311602,0.908339719703587,0.023276982829686377
test:16748,test,miccai_2019:image:MICCAI-AP-00096,images/miccai_2019/MICCAI-AP-00096.jpg,MICCAI-2019,16748,5,17,0.0769230769230769,0.9750284532101998,0.9906113244642909,1.0068398773719962,0.03181142416179639
test:16749,test,miccai_2019:image:MICCAI-AP-00096,images/miccai_2019/MICCAI-AP-00096.jpg,MICCAI-2019,16749,6,17,0.0769230769230769,0.9877314727979487,0.9999999999999999,1.111598201096058,0.12386672829810919
test:16750,test,miccai_2019:image:MICCAI-AP-00096,images/miccai_2019/MICCAI-AP-00096.jpg,MICCAI-2019,16750,7,17,0.0769230769230769,0.9833303628516976,0.9999999999999998,1.0467926897108553,0.06346232685915765
test:16751,test,miccai_2019:image:MICCAI-AP-00096,images/miccai_2019/MICCAI-AP-00096.jpg,MICCAI-2019,16751,8,17,0.0769230769230769,1.0424596897727376,1.0,1.0062395874410868,0.03622010233165085
test:16752,test,miccai_2019:image:MICCAI-AP-00096,images/miccai_2019/MICCAI-AP-00096.jpg,MICCAI-2019,16752,9,17,0.0769230769230769,0.977051085652432,1.008626169413168,0.9462554034589119,0.030795682193520135
test:16753,test,miccai_2019:image:MICCAI-AP-00096,images/miccai_2019/MICCAI-AP-00096.jpg,MICCAI-2019,16753,10,17,0.0769230769230769,1.0580988841312706,1.0,1.0383148193359375,0.019784064795333123
test:16754,test,miccai_2019:image:MICCAI-AP-00096,images/miccai_2019/MICCAI-AP-00096.jpg,MICCAI-2019,16754,11,17,0.0769230769230769,0.9727126084928152,1.0,1.0108550321310759,0.0381424236382607
test:16755,test,miccai_2019:image:MICCAI-AP-00096,images/miccai_2019/MICCAI-AP-00096.jpg,MICCAI-2019,16755,12,17,0.0769230769230769,0.9867140957374181,0.9922848371230023,0.9986405386030631,0.011926442865645037
test:16756,test,miccai_2019:image:MICCAI-AP-00096,images/miccai_2019/MICCAI-AP-00096.jpg,MICCAI-2019,16756,13,17,0.0769230769230769,1.0055225607504026,1.0,1.0486654713749886,0.04314291062458597
test:16757,test,miccai_2019:image:MICCAI-AP-00096,images/miccai_2019/MICCAI-AP-00096.jpg,MICCAI-2019,16757,14,17,0.0769230769230769,1.0140389947901545,1.0344573618826498,1.0161070717481007,0.0020680769579461966
test:16758,test,miccai_2019:image:MICCAI-AP-00096,images/miccai_2019/MICCAI-AP-00096.jpg,MICCAI-2019,16758,15,17,0.0769230769230769,1.094439426725038,1.0215424042630545,1.0564502332795016,0.03798919344553631
test:17120,test,miccai_2019:image:MICCAI-AP-00118,images/miccai_2019/MICCAI-AP-00118.jpg,MICCAI-2019,17120,3,17,0.0769230769230769,1.4473720790510323,1.070831983091701,1.187491646709312,0.2598804323417203
test:17121,test,miccai_2019:image:MICCAI-AP-00118,images/miccai_2019/MICCAI-AP-00118.jpg,MICCAI-2019,17121,4,17,0.0769230769230769,1.01785177085568,1.0,1.0024077552370727,0.01544401561860731
test:17122,test,miccai_2019:image:MICCAI-AP-00118,images/miccai_2019/MICCAI-AP-00118.jpg,MICCAI-2019,17122,5,17,0.0769230769230769,0.8065742897972739,1.004405102500722,0.992680125677988,0.18610583588071417
test:17123,test,miccai_2019:image:MICCAI-AP-00118,images/miccai_2019/MICCAI-AP-00118.jpg,MICCAI-2019,17123,6,17,0.0769230769230769,1.122152952854659,0.926046238765484,1.0004720031473695,0.12168094970728949
test:17124,test,miccai_2019:image:MICCAI-AP-00118,images/miccai_2019/MICCAI-AP-00118.jpg,MICCAI-2019,17124,7,17,0.0769230769230769,0.9024349481527745,0.9999999999999999,0.9889612616971134,0.08652631354433893
test:17125,test,miccai_2019:image:MICCAI-AP-00118,images/miccai_2019/MICCAI-AP-00118.jpg,MICCAI-2019,17125,8,17,0.0769230769230769,0.9735179430834956,0.9456618407729529,0.962981086036887,0.010536857046608561
test:17126,test,miccai_2019:image:MICCAI-AP-00118,images/miccai_2019/MICCAI-AP-00118.jpg,MICCAI-2019,17126,9,17,0.0769230769230769,1.0361157749154666,1.043445099409746,0.9949855509065855,0.04113022400888111
test:17127,test,miccai_2019:image:MICCAI-AP-00118,images/miccai_2019/MICCAI-AP-00118.jpg,MICCAI-2019,17127,10,17,0.0769230769230769,1.056892515405854,0.9930115808888652,0.9833585360243299,0.07353397938152406
test:17128,test,miccai_2019:image:MICCAI-AP-00118,images/miccai_2019/MICCAI-AP-00118.jpg,MICCAI-2019,17128,11,17,0.0769230769230769,0.9384906649319094,1.097063943905189,1.0360885934656405,0.09759792853373117
test:17129,test,miccai_2019:image:MICCAI-AP-00118,images/miccai_2019/MICCAI-AP-00118.jpg,MICCAI-2019,17129,12,17,0.0769230769230769,1.2718541442253186,1.0,1.0699319392442703,0.2019222049810483
test:17130,test,miccai_2019:image:MICCAI-AP-00118,images/miccai_2019/MICCAI-AP-00118.jpg,MICCAI-2019,17130,13,17,0.0769230769230769,0.9244155099501477,1.0541274273206072,1.023854887615569,0.09943937766542144
test:17131,test,miccai_2019:image:MICCAI-AP-00118,images/miccai_2019/MICCAI-AP-00118.jpg,MICCAI-2019,17131,14,17,0.0769230769230769,0.9224812980221255,0.9951552835463633,1.0174552233128895,0.09497392529076398
test:17132,test,miccai_2019:image:MICCAI-AP-00118,images/miccai_2019/MICCAI-AP-00118.jpg,MICCAI-2019,17132,15,17,0.0769230769230769,1.1228262405223204,0.9933330285823798,1.0623038652813888,0.060522375240931625
test:17137,test,miccai_2019:image:MICCAI-AP-00119,images/miccai_2019/MICCAI-AP-00119.jpg,MICCAI-2019,17137,3,17,0.0769230769230769,1.3137623889088432,1.0031040928866939,1.1052627138402538,0.20849967506858946
test:17138,test,miccai_2019:image:MICCAI-AP-00119,images/miccai_2019/MICCAI-AP-00119.jpg,MICCAI-2019,17138,4,17,0.0769230769230769,0.8149501073523511,1.0597902888422985,0.9381684938436528,0.12321838649130168
test:17139,test,miccai_2019:image:MICCAI-AP-00119,images/miccai_2019/MICCAI-AP-00119.jpg,MICCAI-2019,17139,5,17,0.0769230769230769,0.934025818813137,0.905185137574978,0.9376408315053655,0.0036150126922285253
test:17140,test,miccai_2019:image:MICCAI-AP-00119,images/miccai_2019/MICCAI-AP-00119.jpg,MICCAI-2019,17140,6,17,0.0769230769230769,1.0566996010983287,1.0,1.0563795752823353,0.00032002581599344104
test:17141,test,miccai_2019:image:MICCAI-AP-00119,images/miccai_2019/MICCAI-AP-00119.jpg,MICCAI-2019,17141,7,17,0.0769230769230769,0.9663359068222458,1.0,1.011778105981648,0.045442199159402175
test:17142,test,miccai_2019:image:MICCAI-AP-00119,images/miccai_2019/MICCAI-AP-00119.jpg,MICCAI-2019,17142,8,17,0.0769230769230769,0.9618845370984865,0.9865991821331916,1.0025901323003708,0.040705595201884215
test:17143,test,miccai_2019:image:MICCAI-AP-00119,images/miccai_2019/MICCAI-AP-00119.jpg,MICCAI-2019,17143,9,17,0.0769230769230769,1.0282209737157841,1.0,1.0095143085345626,0.01870666518122155
test:17144,test,miccai_2019:image:MICCAI-AP-00119,images/miccai_2019/MICCAI-AP-00119.jpg,MICCAI-2019,17144,10,17,0.0769230769230769,0.9592137117113333,1.0,0.9588796980679035,0.0003340136434297758
test:17145,test,miccai_2019:image:MICCAI-AP-00119,images/miccai_2019/MICCAI-AP-00119.jpg,MICCAI-2019,17145,11,17,0.0769230769230769,1.0893678102772275,1.0497107075862,1.0024928653947422,0.08687494488248526
test:17146,test,miccai_2019:image:MICCAI-AP-00119,images/miccai_2019/MICCAI-AP-00119.jpg,MICCAI-2019,17146,12,17,0.0769230769230769,1.1200821027981647,1.0550142489514962,0.9848701767764703,0.1352119260216944
test:17147,test,miccai_2019:image:MICCAI-AP-00119,images/miccai_2019/MICCAI-AP-00119.jpg,MICCAI-2019,17147,13,17,0.0769230769230769,1.0264409469806568,1.0154441176598894,1.0367181571817028,0.010277210201045994
test:17148,test,miccai_2019:image:MICCAI-AP-00119,images/miccai_2019/MICCAI-AP-00119.jpg,MICCAI-2019,17148,14,17,0.0769230769230769,0.9214067776927388,0.9636393354505759,0.992982381698535,0.07157560400579621
test:17149,test,miccai_2019:image:MICCAI-AP-00119,images/miccai_2019/MICCAI-AP-00119.jpg,MICCAI-2019,17149,15,17,0.0769230769230769,0.9400132035904709,1.0,1.0529567562043667,0.11294355261389577
test:17205,test,miccai_2019:image:MICCAI-AP-00123,images/miccai_2019/MICCAI-AP-00123.jpg,MICCAI-2019,17205,3,17,0.0769230769230769,0.9248229350931452,1.1409393317528487,1.0749597765036345,0.15013684141048933
test:17206,test,miccai_2019:image:MICCAI-AP-00123,images/miccai_2019/MICCAI-AP-00123.jpg,MICCAI-2019,17206,4,17,0.0769230769230769,1.0365270662567336,0.8832652152256588,0.946008834310017,0.0905182319467166
test:17207,test,miccai_2019:image:MICCAI-AP-00123,images/miccai_2019/MICCAI-AP-00123.jpg,MICCAI-2019,17207,5,17,0.0769230769230769,0.8629374241799115,1.0591447607919795,1.0216964626059157,0.15875903842600425
test:17208,test,miccai_2019:image:MICCAI-AP-00123,images/miccai_2019/MICCAI-AP-00123.jpg,MICCAI-2019,17208,6,17,0.0769230769230769,1.093714818032681,0.9191813603143166,0.9859493434528779,0.10776547457980312
test:17209,test,miccai_2019:image:MICCAI-AP-00123,images/miccai_2019/MICCAI-AP-00123.jpg,MICCAI-2019,17209,7,17,0.0769230769230769,0.9160888545025685,1.0,1.0242879576981068,0.10819910319553827
test:17210,test,miccai_2019:image:MICCAI-AP-00123,images/miccai_2019/MICCAI-AP-00123.jpg,MICCAI-2019,17210,8,17,0.0769230769230769,0.9228782300755067,0.9473045685112362,0.946782399168506,0.023904169092999306
test:17211,test,miccai_2019:image:MICCAI-AP-00123,images/miccai_2019/MICCAI-AP-00123.jpg,MICCAI-2019,17211,9,17,0.0769230769230769,1.047840638857971,1.0,1.0048129921779037,0.04302764668006742
test:17212,test,miccai_2019:image:MICCAI-AP-00123,images/miccai_2019/MICCAI-AP-00123.jpg,MICCAI-2019,17212,10,17,0.0769230769230769,0.9804551184669261,1.0096977368017608,0.9828299578299695,0.0023748393630433906
test:17213,test,miccai_2019:image:MICCAI-AP-00123,images/miccai_2019/MICCAI-AP-00123.jpg,MICCAI-2019,17213,11,17,0.0769230769230769,1.0730525398541988,1.0287819159925393,0.9905352582931928,0.08251728156100602
test:17214,test,miccai_2019:image:MICCAI-AP-00123,images/miccai_2019/MICCAI-AP-00123.jpg,MICCAI-2019,17214,12,17,0.0769230769230769,1.0528988291134154,1.0091840286001854,1.0456681732282334,0.0072306558851820135
test:17215,test,miccai_2019:image:MICCAI-AP-00123,images/miccai_2019/MICCAI-AP-00123.jpg,MICCAI-2019,17215,13,17,0.0769230769230769,0.8897052031245978,0.9638368885438094,1.0022050912897238,0.11249988816512602
test:17216,test,miccai_2019:image:MICCAI-AP-00123,images/miccai_2019/MICCAI-AP-00123.jpg,MICCAI-2019,17216,14,17,0.0769230769230769,0.9966368442223054,1.0352983330110805,1.13632760985892,0.13969076563661453
test:17217,test,miccai_2019:image:MICCAI-AP-00123,images/miccai_2019/MICCAI-AP-00123.jpg,MICCAI-2019,17217,15,17,0.0769230769230769,1.2258325408230137,1.0274344351769025,1.2600345131636197,0.03420197234060596
test:17426,test,miccai_2019:image:MICCAI-AP-00136,images/miccai_2019/MICCAI-AP-00136.jpg,MICCAI-2019,17426,3,17,0.0769230769230769,1.0288994870987096,1.0290181086464059,1.1334850759310853,0.10458558883237568
test:17427,test,miccai_2019:image:MICCAI-AP-00136,images/miccai_2019/MICCAI-AP-00136.jpg,MICCAI-2019,17427,4,17,0.0769230769230769,0.8325762282764742,0.9516254070179937,0.9918464275973318,0.15927019932085762
test:17428,test,miccai_2019:image:MICCAI-AP-00136,images/miccai_2019/MICCAI-AP-00136.jpg,MICCAI-2019,17428,5,17,0.0769230769230769,0.9961003590616571,0.9505132604613353,1.033627012766843,0.03752665370518593
test:17429,test,miccai_2019:image:MICCAI-AP-00136,images/miccai_2019/MICCAI-AP-00136.jpg,MICCAI-2019,17429,6,17,0.0769230769230769,0.9913528347424128,1.0,1.0446265004575253,0.053273665715112495
test:17430,test,miccai_2019:image:MICCAI-AP-00136,images/miccai_2019/MICCAI-AP-00136.jpg,MICCAI-2019,17430,7,17,0.0769230769230769,1.0189457305050533,1.027677625951286,1.076777749297138,0.05783201879208466
test:17431,test,miccai_2019:image:MICCAI-AP-00136,images/miccai_2019/MICCAI-AP-00136.jpg,MICCAI-2019,17431,8,17,0.0769230769230769,1.0668079879615013,1.0,1.0157520342618227,0.051055953699678636
test:17432,test,miccai_2019:image:MICCAI-AP-00136,images/miccai_2019/MICCAI-AP-00136.jpg,MICCAI-2019,17432,9,17,0.0769230769230769,0.9167935386808097,0.9999999999999999,0.9731578025966882,0.056364263915878454
test:17433,test,miccai_2019:image:MICCAI-AP-00136,images/miccai_2019/MICCAI-AP-00136.jpg,MICCAI-2019,17433,10,17,0.0769230769230769,0.9945797646031618,0.9766863658629967,0.9837305009902133,0.010849263612948468
test:17434,test,miccai_2019:image:MICCAI-AP-00136,images/miccai_2019/MICCAI-AP-00136.jpg,MICCAI-2019,17434,11,17,0.0769230769230769,1.0264914029834087,1.055682641744983,0.9856729258898613,0.040818477093547356
test:17435,test,miccai_2019:image:MICCAI-AP-00136,images/miccai_2019/MICCAI-AP-00136.jpg,MICCAI-2019,17435,12,17,0.0769230769230769,1.1356528099184886,1.0161259306283126,1.0233108631023595,0.11234194681612908
test:17436,test,miccai_2019:image:MICCAI-AP-00136,images/miccai_2019/MICCAI-AP-00136.jpg,MICCAI-2019,17436,13,17,0.0769230769230769,0.9742269420450371,1.0106978770485702,1.0380166340759578,0.06378969203092066
test:17437,test,miccai_2019:image:MICCAI-AP-00136,images/miccai_2019/MICCAI-AP-00136.jpg,MICCAI-2019,17437,14,17,0.0769230769230769,0.8888140554319097,0.9512320087065828,0.9758688808193338,0.08705482538742404
test:17438,test,miccai_2019:image:MICCAI-AP-00136,images/miccai_2019/MICCAI-AP-00136.jpg,MICCAI-2019,17438,15,17,0.0769230769230769,1.0903315726286746,1.0764420263697545,1.1046789128561656,0.014347340227490957
test:17511,test,miccai_2019:image:MICCAI-AP-00141,images/miccai_2019/MICCAI-AP-00141.jpg,MICCAI-2019,17511,3,17,0.0769230769230769,1.1430283340129492,1.0401774161603832,1.1078476720598125,0.03518066195313674
test:17512,test,miccai_2019:image:MICCAI-AP-00141,images/miccai_2019/MICCAI-AP-00141.jpg,MICCAI-2019,17512,4,17,0.0769230769230769,1.0951780736552594,1.0229097667612912,1.081661320058334,0.01351675359692539
test:17513,test,miccai_2019:image:MICCAI-AP-00141,images/miccai_2019/MICCAI-AP-00141.jpg,MICCAI-2019,17513,5,17,0.0769230769230769,0.9664194034721141,0.9787270379376598,0.9560003270518966,0.010419076420217444
test:17514,test,miccai_2019:image:MICCAI-AP-00141,images/miccai_2019/MICCAI-AP-00141.jpg,MICCAI-2019,17514,6,17,0.0769230769230769,0.9135179178123403,1.0114857125655863,0.9619736317173693,0.04845571390502901
test:17515,test,miccai_2019:image:MICCAI-AP-00141,images/miccai_2019/MICCAI-AP-00141.jpg,MICCAI-2019,17515,7,17,0.0769230769230769,1.1268913177491635,0.9983869094955042,0.996203443509923,0.13068787423924055
test:17516,test,miccai_2019:image:MICCAI-AP-00141,images/miccai_2019/MICCAI-AP-00141.jpg,MICCAI-2019,17516,8,17,0.0769230769230769,1.02046346733643,1.046789972500717,1.0366562105881327,0.016192743251702835
test:17517,test,miccai_2019:image:MICCAI-AP-00141,images/miccai_2019/MICCAI-AP-00141.jpg,MICCAI-2019,17517,9,17,0.0769230769230769,0.9166753322055063,0.9558884873990856,1.0294660702352367,0.11279073802973039
test:17518,test,miccai_2019:image:MICCAI-AP-00141,images/miccai_2019/MICCAI-AP-00141.jpg,MICCAI-2019,17518,10,17,0.0769230769230769,0.918190343626879,0.9813146037384036,1.0480360430999758,0.12984569947309677
test:17519,test,miccai_2019:image:MICCAI-AP-00141,images/miccai_2019/MICCAI-AP-00141.jpg,MICCAI-2019,17519,11,17,0.0769230769230769,1.0301519979849976,1.0570068469482012,1.0555016581878536,0.025349660202856006
test:17520,test,miccai_2019:image:MICCAI-AP-00141,images/miccai_2019/MICCAI-AP-00141.jpg,MICCAI-2019,17520,12,17,0.0769230769230769,1.1988153928357486,1.0422173984155663,1.0179197083965548,0.1808956844391938
test:17521,test,miccai_2019:image:MICCAI-AP-00141,images/miccai_2019/MICCAI-AP-00141.jpg,MICCAI-2019,17521,13,17,0.0769230769230769,1.0204409010934166,1.0325242185377415,1.0217772738420303,0.0013363727486137567
test:17522,test,miccai_2019:image:MICCAI-AP-00141,images/miccai_2019/MICCAI-AP-00141.jpg,MICCAI-2019,17522,14,17,0.0769230769230769,0.8625966852252767,0.9526613561167718,0.9637827511608006,0.10118606593552393
test:17523,test,miccai_2019:image:MICCAI-AP-00141,images/miccai_2019/MICCAI-AP-00141.jpg,MICCAI-2019,17523,15,17,0.0769230769230769,0.9740141269840279,1.0139147639844301,1.0120717455271366,0.03805761854310874
test:17545,test,miccai_2019:image:MICCAI-AP-00143,images/miccai_2019/MICCAI-AP-00143.jpg,MICCAI-2019,17545,3,17,0.0769230769230769,1.204241725134573,1.0974168028952986,1.1357814330878169,0.06846029204675608
test:17546,test,miccai_2019:image:MICCAI-AP-00143,images/miccai_2019/MICCAI-AP-00143.jpg,MICCAI-2019,17546,4,17,0.0769230769230769,1.0871593638097918,0.9999999999999999,1.1254734992980957,0.03831413548830387
test:17547,test,miccai_2019:image:MICCAI-AP-00143,images/miccai_2019/MICCAI-AP-00143.jpg,MICCAI-2019,17547,5,17,0.0769230769230769,0.8129014672095386,1.0775932439204219,1.015380024218178,0.20247855700863948
test:17548,test,miccai_2019:image:MICCAI-AP-00143,images/miccai_2019/MICCAI-AP-00143.jpg,MICCAI-2019,17548,6,17,0.0769230769230769,1.186050178969913,0.9213204504713922,1.0483749331698329,0.13767524580008006
test:17549,test,miccai_2019:image:MICCAI-AP-00143,images/miccai_2019/MICCAI-AP-00143.jpg,MICCAI-2019,17549,7,17,0.0769230769230769,0.9911034397319688,1.079910357015501,1.0340228234402047,0.04291938370823589
test:17550,test,miccai_2019:image:MICCAI-AP-00143,images/miccai_2019/MICCAI-AP-00143.jpg,MICCAI-2019,17550,8,17,0.0769230769230769,0.9538878567359127,0.9250866661028245,0.9364703877077678,0.017417469028144894
test:17551,test,miccai_2019:image:MICCAI-AP-00143,images/miccai_2019/MICCAI-AP-00143.jpg,MICCAI-2019,17551,9,17,0.0769230769230769,0.8738747807817041,1.0260053915639578,0.9645707091053186,0.0906959283236145
test:17552,test,miccai_2019:image:MICCAI-AP-00143,images/miccai_2019/MICCAI-AP-00143.jpg,MICCAI-2019,17552,10,17,0.0769230769230769,1.1473074532588006,0.9847042784443326,1.01085993092267,0.13644752233613056
test:17553,test,miccai_2019:image:MICCAI-AP-00143,images/miccai_2019/MICCAI-AP-00143.jpg,MICCAI-2019,17553,11,17,0.0769230769230769,1.0089459256833835,1.0326425925780458,1.0566826173056287,0.04773669162224525
test:17554,test,miccai_2019:image:MICCAI-AP-00143,images/miccai_2019/MICCAI-AP-00143.jpg,MICCAI-2019,17554,12,17,0.0769230769230769,0.976286436516123,0.968397396929527,1.0167014145627267,0.040414978046603656
test:17555,test,miccai_2019:image:MICCAI-AP-00143,images/miccai_2019/MICCAI-AP-00143.jpg,MICCAI-2019,17555,13,17,0.0769230769230769,0.8846774646330547,0.9997628957297575,1.0282540463175547,0.14357658168449994
test:17556,test,miccai_2019:image:MICCAI-AP-00143,images/miccai_2019/MICCAI-AP-00143.jpg,MICCAI-2019,17556,14,17,0.0769230769230769,1.0954773416427073,0.9925225276582572,1.0454775143497321,0.04999982729297514
test:17557,test,miccai_2019:image:MICCAI-AP-00143,images/miccai_2019/MICCAI-AP-00143.jpg,MICCAI-2019,17557,15,17,0.0769230769230769,0.9454502849338472,1.0033156950749753,0.9668462057389615,0.02139592080511432
test:17715,test,miccai_2019:image:MICCAI-AP-00153,images/miccai_2019/MICCAI-AP-00153.jpg,MICCAI-2019,17715,3,17,0.0769230769230769,1.0090997460510611,1.0687340732678794,1.03020629398674,0.0211065479356789
test:17716,test,miccai_2019:image:MICCAI-AP-00153,images/miccai_2019/MICCAI-AP-00153.jpg,MICCAI-2019,17716,4,17,0.0769230769230769,1.2101890098633192,1.041084679076037,1.0695423057764384,0.14064670408688085
test:17717,test,miccai_2019:image:MICCAI-AP-00153,images/miccai_2019/MICCAI-AP-00153.jpg,MICCAI-2019,17717,5,17,0.0769230769230769,0.9812723772078447,1.0065911404262637,0.9509446724723434,0.030327704735501282
test:17718,test,miccai_2019:image:MICCAI-AP-00153,images/miccai_2019/MICCAI-AP-00153.jpg,MICCAI-2019,17718,6,17,0.0769230769230769,0.8357441246691095,0.9489960050684959,0.9221754534644634,0.08643132879535387
test:17719,test,miccai_2019:image:MICCAI-AP-00153,images/miccai_2019/MICCAI-AP-00153.jpg,MICCAI-2019,17719,7,17,0.0769230769230769,1.0385290806015175,0.9637417994376635,0.9859611034330343,0.05256797716848316
test:17720,test,miccai_2019:image:MICCAI-AP-00153,images/miccai_2019/MICCAI-AP-00153.jpg,MICCAI-2019,17720,8,17,0.0769230769230769,1.045285498066279,1.0499941470563368,1.0275150748431638,0.01777042322311506
test:17721,test,miccai_2019:image:MICCAI-AP-00153,images/miccai_2019/MICCAI-AP-00153.jpg,MICCAI-2019,17721,9,17,0.0769230769230769,1.0607223781449107,0.9991712817755709,0.9931075373497973,0.06761484079511337
test:17722,test,miccai_2019:image:MICCAI-AP-00153,images/miccai_2019/MICCAI-AP-00153.jpg,MICCAI-2019,17722,10,17,0.0769230769230769,0.9545847529598614,1.011876356525283,0.9814103829841425,0.026825630024281066
test:17723,test,miccai_2019:image:MICCAI-AP-00153,images/miccai_2019/MICCAI-AP-00153.jpg,MICCAI-2019,17723,11,17,0.0769230769230769,1.014868253098185,0.9912853644831239,1.0373685540301858,0.02250030093200084
test:17724,test,miccai_2019:image:MICCAI-AP-00153,images/miccai_2019/MICCAI-AP-00153.jpg,MICCAI-2019,17724,12,17,0.0769230769230769,0.9763312348151066,0.9999999999999998,1.0903680399060247,0.11403680509091807
test:17725,test,miccai_2019:image:MICCAI-AP-00153,images/miccai_2019/MICCAI-AP-00153.jpg,MICCAI-2019,17725,13,17,0.0769230769230769,0.940857335107215,0.985770906425633,1.0088015078674932,0.0679441727602782
test:17726,test,miccai_2019:image:MICCAI-AP-00153,images/miccai_2019/MICCAI-AP-00153.jpg,MICCAI-2019,17726,14,17,0.0769230769230769,1.0153879687594034,1.0,0.9601864702999592,0.05520149845944422
test:17727,test,miccai_2019:image:MICCAI-AP-00153,images/miccai_2019/MICCAI-AP-00153.jpg,MICCAI-2019,17727,15,17,0.0769230769230769,1.1283298335778076,1.2234545239196741,1.246166925965401,0.11783709238759332
test:17766,test,miccai_2019:image:MICCAI-AP-00156,images/miccai_2019/MICCAI-AP-00156.jpg,MICCAI-2019,17766,3,17,0.0769230769230769,1.2497404405561885,1.0,1.0717590153217316,0.17798142523445692
test:17767,test,miccai_2019:image:MICCAI-AP-00156,images/miccai_2019/MICCAI-AP-00156.jpg,MICCAI-2019,17767,4,17,0.0769230769230769,0.8973773760260666,1.0511227658473525,1.027995990448502,0.1306186144224355
test:17768,test,miccai_2019:image:MICCAI-AP-00156,images/miccai_2019/MICCAI-AP-00156.jpg,MICCAI-2019,17768,5,17,0.0769230769230769,1.1407231794829953,0.9679275119071784,1.047738324976522,0.09298485450647331
test:17769,test,miccai_2019:image:MICCAI-AP-00156,images/miccai_2019/MICCAI-AP-00156.jpg,MICCAI-2019,17769,6,17,0.0769230769230769,0.9414618652174231,1.0227675611992524,0.9973466235120938,0.055884758294670656
test:17770,test,miccai_2019:image:MICCAI-AP-00156,images/miccai_2019/MICCAI-AP-00156.jpg,MICCAI-2019,17770,7,17,0.0769230769230769,0.999991775018743,0.9541750340072612,0.9011895334629516,0.09880224155579143
test:17771,test,miccai_2019:image:MICCAI-AP-00156,images/miccai_2019/MICCAI-AP-00156.jpg,MICCAI-2019,17771,8,17,0.0769230769230769,1.0124942403788142,1.0659338403738705,1.04867935741913,0.036185117040315795
test:17772,test,miccai_2019:image:MICCAI-AP-00156,images/miccai_2019/MICCAI-AP-00156.jpg,MICCAI-2019,17772,9,17,0.0769230769230769,1.072840620688857,0.8851728544462957,1.0110292986859122,0.06181132200294481
test:17773,test,miccai_2019:image:MICCAI-AP-00156,images/miccai_2019/MICCAI-AP-00156.jpg,MICCAI-2019,17773,10,17,0.0769230769230769,0.7486836883353921,1.0,1.0361284129321575,0.2874447245967654
test:17774,test,miccai_2019:image:MICCAI-AP-00156,images/miccai_2019/MICCAI-AP-00156.jpg,MICCAI-2019,17774,11,17,0.0769230769230769,0.8960695376928796,0.8696534803604201,0.9440793192481116,0.048009781555232056
test:17775,test,miccai_2019:image:MICCAI-AP-00156,images/miccai_2019/MICCAI-AP-00156.jpg,MICCAI-2019,17775,12,17,0.0769230769230769,1.0862664629891778,1.0981215585403636,1.0032600138716892,0.08300644911748867
test:17776,test,miccai_2019:image:MICCAI-AP-00156,images/miccai_2019/MICCAI-AP-00156.jpg,MICCAI-2019,17776,13,17,0.0769230769230769,1.1746683207951896,1.0000000000000002,0.9568790607154372,0.2177892600797524
test:17777,test,miccai_2019:image:MICCAI-AP-00156,images/miccai_2019/MICCAI-AP-00156.jpg,MICCAI-2019,17777,14,17,0.0769230769230769,0.8858518837429941,1.0,0.9351022392511368,0.04925035550814272
test:17778,test,miccai_2019:image:MICCAI-AP-00156,images/miccai_2019/MICCAI-AP-00156.jpg,MICCAI-2019,17778,15,17,0.0769230769230769,0.9841844353555056,1.0434492054902011,1.0336072884075338,0.049422853052028204
test:17834,test,miccai_2019:image:MICCAI-AP-00160,images/miccai_2019/MICCAI-AP-00160.jpg,MICCAI-2019,17834,3,17,0.0769230769230769,1.4272156821627144,1.0,1.2224714905023575,0.20474419166035696
test:17835,test,miccai_2019:image:MICCAI-AP-00160,images/miccai_2019/MICCAI-AP-00160.jpg,MICCAI-2019,17835,4,17,0.0769230769230769,0.8405423875875256,1.0417916997033752,0.9629301800090468,0.1223877924215212
test:17836,test,miccai_2019:image:MICCAI-AP-00160,images/miccai_2019/MICCAI-AP-00160.jpg,MICCAI-2019,17836,5,17,0.0769230769230769,0.9739682410372277,0.8861090459470011,0.8907528591882743,0.08321538184895338
test:17837,test,miccai_2019:image:MICCAI-AP-00160,images/miccai_2019/MICCAI-AP-00160.jpg,MICCAI-2019,17837,6,17,0.0769230769230769,1.019139702741013,1.0740667914114077,1.0383544785044272,0.019214775763414238
test:17838,test,miccai_2019:image:MICCAI-AP-00160,images/miccai_2019/MICCAI-AP-00160.jpg,MICCAI-2019,17838,7,17,0.0769230769230769,1.084691627231564,0.9664938177721116,0.9602404276648078,0.12445119956675632
test:17839,test,miccai_2019:image:MICCAI-AP-00160,images/miccai_2019/MICCAI-AP-00160.jpg,MICCAI-2019,17839,8,17,0.0769230769230769,0.8492939017022072,1.0310727602121479,1.008662635671819,0.1593687339696117
test:17840,test,miccai_2019:image:MICCAI-AP-00160,images/miccai_2019/MICCAI-AP-00160.jpg,MICCAI-2019,17840,9,17,0.0769230769230769,1.114613259130448,0.9625339775821691,0.9671345220422869,0.14747873708816117
test:17841,test,miccai_2019:image:MICCAI-AP-00160,images/miccai_2019/MICCAI-AP-00160.jpg,MICCAI-2019,17841,10,17,0.0769230769230769,0.9977357913370599,0.9999999999999999,0.9457803703844546,0.0519554209526053
test:17842,test,miccai_2019:image:MICCAI-AP-00160,images/miccai_2019/MICCAI-AP-00160.jpg,MICCAI-2019,17842,11,17,0.0769230769230769,0.8979064617149097,0.9809864348543411,0.9851267378588742,0.08722027614396444
test:17843,test,miccai_2019:image:MICCAI-AP-00160,images/miccai_2019/MICCAI-AP-00160.jpg,MICCAI-2019,17843,12,17,0.0769230769230769,1.092689263886612,1.021072341601624,1.0227749839027216,0.06991427998389033
test:17844,test,miccai_2019:image:MICCAI-AP-00160,images/miccai_2019/MICCAI-AP-00160.jpg,MICCAI-2019,17844,13,17,0.0769230769230769,1.038085715429018,0.9901456419120591,1.0124034877608579,0.025682227668160085
test:17845,test,miccai_2019:image:MICCAI-AP-00160,images/miccai_2019/MICCAI-AP-00160.jpg,MICCAI-2019,17845,14,17,0.0769230769230769,0.8786858062702727,1.0587026068921583,1.0829458089526194,0.20426000268234668
test:17846,test,miccai_2019:image:MICCAI-AP-00160,images/miccai_2019/MICCAI-AP-00160.jpg,MICCAI-2019,17846,15,17,0.0769230769230769,1.4295872952852813,0.9623833761563548,1.210719601904417,0.2188676933808642
test:18259,test,miccai_2019:image:MICCAI-AP-00185,images/miccai_2019/MICCAI-AP-00185.jpg,MICCAI-2019,18259,3,17,0.0769230769230769,0.8972118623511309,0.9843769688844664,0.965369967812298,0.06815810546116707
test:18260,test,miccai_2019:image:MICCAI-AP-00185,images/miccai_2019/MICCAI-AP-00185.jpg,MICCAI-2019,18260,4,17,0.0769230769230769,0.9749353740502277,0.9626647766520697,0.9995901483883578,0.024654774338130125
test:18261,test,miccai_2019:image:MICCAI-AP-00185,images/miccai_2019/MICCAI-AP-00185.jpg,MICCAI-2019,18261,5,17,0.0769230769230769,1.0280690188160742,1.0,1.0710305720567703,0.04296155324069617
test:18262,test,miccai_2019:image:MICCAI-AP-00185,images/miccai_2019/MICCAI-AP-00185.jpg,MICCAI-2019,18262,6,17,0.0769230769230769,0.9783071558433135,1.0,1.0351706370711327,0.056863481227819146
test:18263,test,miccai_2019:image:MICCAI-AP-00185,images/miccai_2019/MICCAI-AP-00185.jpg,MICCAI-2019,18263,7,17,0.0769230769230769,0.9917547284357271,1.0,1.0012495280243456,0.009494799588618541
test:18264,test,miccai_2019:image:MICCAI-AP-00185,images/miccai_2019/MICCAI-AP-00185.jpg,MICCAI-2019,18264,8,17,0.0769230769230769,1.003363766514866,1.0,1.001993756275624,0.0013700102392419922
test:18265,test,miccai_2019:image:MICCAI-AP-00185,images/miccai_2019/MICCAI-AP-00185.jpg,MICCAI-2019,18265,9,17,0.0769230769230769,1.0128268705904575,1.0,0.9926316547207534,0.020195215869704075
test:18266,test,miccai_2019:image:MICCAI-AP-00185,images/miccai_2019/MICCAI-AP-00185.jpg,MICCAI-2019,18266,10,17,0.0769230769230769,0.9568667647577727,1.0,0.9791629109531641,0.022296146195391442
test:18267,test,miccai_2019:image:MICCAI-AP-00185,images/miccai_2019/MICCAI-AP-00185.jpg,MICCAI-2019,18267,11,17,0.0769230769230769,1.0274622695304674,1.0154654801897083,0.9758548260740314,0.051607443456435975
test:18268,test,miccai_2019:image:MICCAI-AP-00185,images/miccai_2019/MICCAI-AP-00185.jpg,MICCAI-2019,18268,12,17,0.0769230769230769,1.1456883789699264,1.0853317479550877,1.0414304460346737,0.10425793293525265
test:18269,test,miccai_2019:image:MICCAI-AP-00185,images/miccai_2019/MICCAI-AP-00185.jpg,MICCAI-2019,18269,13,17,0.0769230769230769,1.1348640717301066,1.0260854723119248,1.0203585080989708,0.11450556363113584
test:18270,test,miccai_2019:image:MICCAI-AP-00185,images/miccai_2019/MICCAI-AP-00185.jpg,MICCAI-2019,18270,14,17,0.0769230769230769,0.852509060141059,0.9914193356237146,1.0389943362972471,0.18648527615618815
test:18271,test,miccai_2019:image:MICCAI-AP-00185,images/miccai_2019/MICCAI-AP-00185.jpg,MICCAI-2019,18271,15,17,0.0769230769230769,0.8895072918978169,0.8795888403957234,0.9779052565400944,0.08839796464227756
test:19092,test,miccai_2019:image:MICCAI-AP-00234,images/miccai_2019/MICCAI-AP-00234.jpg,MICCAI-2019,19092,3,17,0.0769230769230769,0.9202801871382079,1.0,0.8972267284989357,0.023053458639272217
test:19093,test,miccai_2019:image:MICCAI-AP-00234,images/miccai_2019/MICCAI-AP-00234.jpg,MICCAI-2019,19093,4,17,0.0769230769230769,0.9647586187871882,1.0,0.9220682978630066,0.04269032092418157
test:19094,test,miccai_2019:image:MICCAI-AP-00234,images/miccai_2019/MICCAI-AP-00234.jpg,MICCAI-2019,19094,5,17,0.0769230769230769,1.3949685311040072,1.254113233133085,1.1915462449629382,0.20342228614106905
test:19095,test,miccai_2019:image:MICCAI-AP-00234,images/miccai_2019/MICCAI-AP-00234.jpg,MICCAI-2019,19095,6,17,0.0769230769230769,1.3911729026379314,1.1289209584162105,1.1234053881295492,0.2677675145083822
test:19096,test,miccai_2019:image:MICCAI-AP-00234,images/miccai_2019/MICCAI-AP-00234.jpg,MICCAI-2019,19096,7,17,0.0769230769230769,0.7767313764430729,1.0120628205487634,0.8994171125242616,0.12268573608118871
test:19097,test,miccai_2019:image:MICCAI-AP-00234,images/miccai_2019/MICCAI-AP-00234.jpg,MICCAI-2019,19097,8,17,0.0769230769230769,1.014924321613701,0.9849929871706885,1.0467519896774213,0.031827668063720393
test:19098,test,miccai_2019:image:MICCAI-AP-00234,images/miccai_2019/MICCAI-AP-00234.jpg,MICCAI-2019,19098,9,17,0.0769230769230769,0.9984835966731109,1.0,1.029521243646741,0.031037646973629984
test:19099,test,miccai_2019:image:MICCAI-AP-00234,images/miccai_2019/MICCAI-AP-00234.jpg,MICCAI-2019,19099,10,17,0.0769230769230769,0.9200636373608662,0.9949352311418592,1.004963502146417,0.08489986478555078
test:19100,test,miccai_2019:image:MICCAI-AP-00234,images/miccai_2019/MICCAI-AP-00234.jpg,MICCAI-2019,19100,11,17,0.0769230769230769,1.0198957648322846,0.996490236959829,1.0482406212309738,0.028344856398689222
test:19101,test,miccai_2019:image:MICCAI-AP-00234,images/miccai_2019/MICCAI-AP-00234.jpg,MICCAI-2019,19101,12,17,0.0769230769230769,0.9864389841459565,1.001597869768991,1.0033333595844645,0.016894375438507914
test:19102,test,miccai_2019:image:MICCAI-AP-00234,images/miccai_2019/MICCAI-AP-00234.jpg,MICCAI-2019,19102,13,17,0.0769230769230769,1.0545350357153354,1.0,1.0141792856156826,0.040355750099652754
test:19103,test,miccai_2019:image:MICCAI-AP-00234,images/miccai_2019/MICCAI-AP-00234.jpg,MICCAI-2019,19103,14,17,0.0769230769230769,0.9954385036464102,1.0,1.0287658981978893,0.03332739455147915
test:19104,test,miccai_2019:image:MICCAI-AP-00234,images/miccai_2019/MICCAI-AP-00234.jpg,MICCAI-2019,19104,15,17,0.0769230769230769,0.957378911378953,0.9986096839294487,1.0244371271566206,0.06705821577766757
test:19160,test,miccai_2019:image:MICCAI-AP-00238,images/miccai_2019/MICCAI-AP-00238.jpg,MICCAI-2019,19160,3,17,0.0769230769230769,0.9703687743414667,1.0485872576264086,1.012810251328105,0.04244147698663825
test:19161,test,miccai_2019:image:MICCAI-AP-00238,images/miccai_2019/MICCAI-AP-00238.jpg,MICCAI-2019,19161,4,17,0.0769230769230769,0.7933961882148138,0.9999999999999998,1.0059150597080586,0.21251887149324478
test:19162,test,miccai_2019:image:MICCAI-AP-00238,images/miccai_2019/MICCAI-AP-00238.jpg,MICCAI-2019,19162,5,17,0.0769230769230769,1.2614075145686972,0.9308895564383213,1.0993980861014072,0.16200942846728994
test:19163,test,miccai_2019:image:MICCAI-AP-00238,images/miccai_2019/MICCAI-AP-00238.jpg,MICCAI-2019,19163,6,17,0.0769230769230769,0.7842310678092819,1.0258196123065637,0.9634290278079198,0.17919795999863797
test:19164,test,miccai_2019:image:MICCAI-AP-00238,images/miccai_2019/MICCAI-AP-00238.jpg,MICCAI-2019,19164,7,17,0.0769230769230769,1.0033905562012029,0.8938922668796279,1.0485923822026946,0.045201826001491696
test:19165,test,miccai_2019:image:MICCAI-AP-00238,images/miccai_2019/MICCAI-AP-00238.jpg,MICCAI-2019,19165,8,17,0.0769230769230769,1.000700421150722,1.0000000000000002,1.0417122021317484,0.041011780981026424
test:19166,test,miccai_2019:image:MICCAI-AP-00238,images/miccai_2019/MICCAI-AP-00238.jpg,MICCAI-2019,19166,9,17,0.0769230769230769,0.9203696855664263,1.0507847208381322,0.9478309813738492,0.02746129580742296
test:19167,test,miccai_2019:image:MICCAI-AP-00238,images/miccai_2019/MICCAI-AP-00238.jpg,MICCAI-2019,19167,10,17,0.0769230769230769,1.1792289295914,0.9985260912837324,0.9964116286175189,0.18281730097388116
test:19168,test,miccai_2019:image:MICCAI-AP-00238,images/miccai_2019/MICCAI-AP-00238.jpg,MICCAI-2019,19168,11,17,0.0769230769230769,0.879715898252021,1.0,0.9187044352293015,0.03898853697728044
test:19169,test,miccai_2019:image:MICCAI-AP-00238,images/miccai_2019/MICCAI-AP-00238.jpg,MICCAI-2019,19169,12,17,0.0769230769230769,1.0933409703836696,1.2549847190788603,1.248947374388448,0.15560640400477843
test:19170,test,miccai_2019:image:MICCAI-AP-00238,images/miccai_2019/MICCAI-AP-00238.jpg,MICCAI-2019,19170,13,17,0.0769230769230769,1.5942605234197647,1.0462462299372273,1.0652600091750937,0.529000514244671
test:19171,test,miccai_2019:image:MICCAI-AP-00238,images/miccai_2019/MICCAI-AP-00238.jpg,MICCAI-2019,19171,14,17,0.0769230769230769,0.9377551952473084,1.2329696435420918,0.9835516828983235,0.04579648765101507
test:19172,test,miccai_2019:image:MICCAI-AP-00238,images/miccai_2019/MICCAI-AP-00238.jpg,MICCAI-2019,19172,15,17,0.0769230769230769,0.9797261563092446,0.9088372965927713,1.0110371565099352,0.03131100020069055
test:19313,test,miccai_2019:image:MICCAI-AP-00247,images/miccai_2019/MICCAI-AP-00247.jpg,MICCAI-2019,19313,3,17,0.0769230769230769,0.972255609640253,1.0629538949638189,1.0601912457555116,0.08793563611525856
test:19314,test,miccai_2019:image:MICCAI-AP-00247,images/miccai_2019/MICCAI-AP-00247.jpg,MICCAI-2019,19314,4,17,0.0769230769230769,0.9641757923223181,0.934387326325979,0.965267270888891,0.0010914785665728788
test:19315,test,miccai_2019:image:MICCAI-AP-00247,images/miccai_2019/MICCAI-AP-00247.jpg,MICCAI-2019,19315,5,17,0.0769230769230769,0.9317961757381985,1.0,1.026854034513235,0.09505785877503659
test:19316,test,miccai_2019:image:MICCAI-AP-00247,images/miccai_2019/MICCAI-AP-00247.jpg,MICCAI-2019,19316,6,17,0.0769230769230769,1.019441076235186,1.0268979652936392,1.0278598494513713,0.008418773216185338
test:19317,test,miccai_2019:image:MICCAI-AP-00247,images/miccai_2019/MICCAI-AP-00247.jpg,MICCAI-2019,19317,7,17,0.0769230769230769,1.0964482713113584,1.0,1.0360603965818882,0.06038787472947016
test:19318,test,miccai_2019:image:MICCAI-AP-00247,images/miccai_2019/MICCAI-AP-00247.jpg,MICCAI-2019,19318,8,17,0.0769230769230769,0.9615350004465738,1.0,0.9792858082801104,0.017750807833536553
test:19319,test,miccai_2019:image:MICCAI-AP-00247,images/miccai_2019/MICCAI-AP-00247.jpg,MICCAI-2019,19319,9,17,0.0769230769230769,0.9579292139738773,1.0602144004170257,1.0113211275402862,0.05339191356640893
test:19320,test,miccai_2019:image:MICCAI-AP-00247,images/miccai_2019/MICCAI-AP-00247.jpg,MICCAI-2019,19320,10,17,0.0769230769230769,1.2063374650283456,0.9999999999999999,1.0854817405343056,0.12085572449404003
test:19321,test,miccai_2019:image:MICCAI-AP-00247,images/miccai_2019/MICCAI-AP-00247.jpg,MICCAI-2019,19321,11,17,0.0769230769230769,0.8065622460534737,0.9999999999999999,0.8979605957865714,0.09139834973309768
test:19322,test,miccai_2019:image:MICCAI-AP-00247,images/miccai_2019/MICCAI-AP-00247.jpg,MICCAI-2019,19322,12,17,0.0769230769230769,1.0176639891870862,0.9508724776576698,0.974982539705509,0.04268144948157726
test:19323,test,miccai_2019:image:MICCAI-AP-00247,images/miccai_2019/MICCAI-AP-00247.jpg,MICCAI-2019,19323,13,17,0.0769230769230769,1.105951180120675,1.0331025916054424,1.0395864756680604,0.06636470445261455
test:19324,test,miccai_2019:image:MICCAI-AP-00247,images/miccai_2019/MICCAI-AP-00247.jpg,MICCAI-2019,19324,14,17,0.0769230769230769,1.0356189566216947,1.0282355062391213,1.0249297891005478,0.010689167521146903
test:19325,test,miccai_2019:image:MICCAI-AP-00247,images/miccai_2019/MICCAI-AP-00247.jpg,MICCAI-2019,19325,15,17,0.0769230769230769,0.9481672413669456,0.9976679718711072,1.031430970750063,0.08326372938311744
test:19432,test,miccai_2019:image:MICCAI-AP-00254,images/miccai_2019/MICCAI-AP-00254.jpg,MICCAI-2019,19432,3,17,0.0769230769230769,1.0429764096360556,0.996498140588757,1.0141081410351958,0.028868268600859892
test:19433,test,miccai_2019:image:MICCAI-AP-00254,images/miccai_2019/MICCAI-AP-00254.jpg,MICCAI-2019,19433,4,17,0.0769230769230769,1.013997038430962,1.0,0.9673621132969856,0.04663492513397638
test:19434,test,miccai_2019:image:MICCAI-AP-00254,images/miccai_2019/MICCAI-AP-00254.jpg,MICCAI-2019,19434,5,17,0.0769230769230769,1.0291409178106177,1.0554385663058161,1.016246530511558,0.012894387299059673
test:19435,test,miccai_2019:image:MICCAI-AP-00254,images/miccai_2019/MICCAI-AP-00254.jpg,MICCAI-2019,19435,6,17,0.0769230769230769,1.0660753484265328,0.9730646402071712,0.9458496865313051,0.12022566189522776
test:19436,test,miccai_2019:image:MICCAI-AP-00254,images/miccai_2019/MICCAI-AP-00254.jpg,MICCAI-2019,19436,7,17,0.0769230769230769,0.9354185923003342,1.0303959615749714,0.9811401434463856,0.045721551146051365
test:19437,test,miccai_2019:image:MICCAI-AP-00254,images/miccai_2019/MICCAI-AP-00254.jpg,MICCAI-2019,19437,8,17,0.0769230769230769,1.0038282984805251,0.93780163486283,0.9698568898884552,0.03397140859206993
test:19438,test,miccai_2019:image:MICCAI-AP-00254,images/miccai_2019/MICCAI-AP-00254.jpg,MICCAI-2019,19438,9,17,0.0769230769230769,0.9005866382100188,1.0,0.993737624026835,0.09315098581681613
test:19439,test,miccai_2019:image:MICCAI-AP-00254,images/miccai_2019/MICCAI-AP-00254.jpg,MICCAI-2019,19439,10,17,0.0769230769230769,0.9720008941052953,0.9702619091360309,0.9770178185528555,0.005016924447560189
test:19440,test,miccai_2019:image:MICCAI-AP-00254,images/miccai_2019/MICCAI-AP-00254.jpg,MICCAI-2019,19440,11,17,0.0769230769230769,1.098289008163242,1.0396236404736368,1.0389055254596127,0.05938348270362925
test:19441,test,miccai_2019:image:MICCAI-AP-00254,images/miccai_2019/MICCAI-AP-00254.jpg,MICCAI-2019,19441,12,17,0.0769230769230769,1.0404011918275962,1.0000000000000002,1.0072777746245267,0.03312341720306944
test:19442,test,miccai_2019:image:MICCAI-AP-00254,images/miccai_2019/MICCAI-AP-00254.jpg,MICCAI-2019,19442,13,17,0.0769230769230769,0.9214068713303585,1.0000000000000002,0.994222170673311,0.0728152993429525
test:19443,test,miccai_2019:image:MICCAI-AP-00254,images/miccai_2019/MICCAI-AP-00254.jpg,MICCAI-2019,19443,14,17,0.0769230769230769,0.9674263573559709,0.9658143231688447,0.9521720334930726,0.015254323862898378
test:19444,test,miccai_2019:image:MICCAI-AP-00254,images/miccai_2019/MICCAI-AP-00254.jpg,MICCAI-2019,19444,15,17,0.0769230769230769,1.100817993257259,1.0591443227375832,1.0516053791861024,0.049212614071156624
test:19602,test,miccai_2019:image:MICCAI-AP-00264,images/miccai_2019/MICCAI-AP-00264.jpg,MICCAI-2019,19602,3,17,0.0769230769230769,0.935264460844744,1.0,1.0082965735346079,0.07303211268986387
test:19603,test,miccai_2019:image:MICCAI-AP-00264,images/miccai_2019/MICCAI-AP-00264.jpg,MICCAI-2019,19603,4,17,0.0769230769230769,1.0562901632418904,0.9999999999999998,1.0551018863916395,0.0011882768502509133
test:19604,test,miccai_2019:image:MICCAI-AP-00264,images/miccai_2019/MICCAI-AP-00264.jpg,MICCAI-2019,19604,5,17,0.0769230769230769,1.0946037902283905,1.2496508269832076,1.1584087594673576,0.06380496923896706
test:19605,test,miccai_2019:image:MICCAI-AP-00264,images/miccai_2019/MICCAI-AP-00264.jpg,MICCAI-2019,19605,6,17,0.0769230769230769,1.321331110538165,0.8719157073482999,1.097627947090579,0.22370316344758612
test:19606,test,miccai_2019:image:MICCAI-AP-00264,images/miccai_2019/MICCAI-AP-00264.jpg,MICCAI-2019,19606,7,17,0.0769230769230769,0.6999823432548322,1.131980468091685,0.9477663529488627,0.24778400969403047
test:19607,test,miccai_2019:image:MICCAI-AP-00264,images/miccai_2019/MICCAI-AP-00264.jpg,MICCAI-2019,19607,8,17,0.0769230769230769,0.9453292776946498,0.8024381694968279,0.9579343495543535,0.01260507185970372
test:19608,test,miccai_2019:image:MICCAI-AP-00264,images/miccai_2019/MICCAI-AP-00264.jpg,MICCAI-2019,19608,9,17,0.0769230769230769,0.9429675399015995,1.0,0.9922876777127385,0.049320137811138975
test:19609,test,miccai_2019:image:MICCAI-AP-00264,images/miccai_2019/MICCAI-AP-00264.jpg,MICCAI-2019,19609,10,17,0.0769230769230769,1.0227553801575544,0.999222964822539,1.0046196638897442,0.018135716267810187
test:19610,test,miccai_2019:image:MICCAI-AP-00264,images/miccai_2019/MICCAI-AP-00264.jpg,MICCAI-2019,19610,11,17,0.0769230769230769,0.9933858289585127,1.0,0.996218733722344,0.0028329047638313565
test:19611,test,miccai_2019:image:MICCAI-AP-00264,images/miccai_2019/MICCAI-AP-00264.jpg,MICCAI-2019,19611,12,17,0.0769230769230769,1.0723554871444985,1.0376928456143428,1.028600268812566,0.04375521833193252
test:19612,test,miccai_2019:image:MICCAI-AP-00264,images/miccai_2019/MICCAI-AP-00264.jpg,MICCAI-2019,19612,13,17,0.0769230769230769,1.0351608592146646,0.9982368004635263,1.0262700271919656,0.008890832022699025
test:19613,test,miccai_2019:image:MICCAI-AP-00264,images/miccai_2019/MICCAI-AP-00264.jpg,MICCAI-2019,19613,14,17,0.0769230769230769,0.8650325632663316,1.0,0.9620833769440651,0.0970508136777335
test:19614,test,miccai_2019:image:MICCAI-AP-00264,images/miccai_2019/MICCAI-AP-00264.jpg,MICCAI-2019,19614,15,17,0.0769230769230769,1.1406606690674426,1.0403016029707297,1.0439678776859447,0.09669279138149789
test:19636,test,miccai_2019:image:MICCAI-AP-00266,images/miccai_2019/MICCAI-AP-00266.jpg,MICCAI-2019,19636,3,17,0.0769230769230769,1.1524681146294757,1.0,1.0183145757764578,0.13415353885301795
test:19637,test,miccai_2019:image:MICCAI-AP-00266,images/miccai_2019/MICCAI-AP-00266.jpg,MICCAI-2019,19637,4,17,0.0769230769230769,0.8877089248483414,1.0166060601425835,0.9582583655667969,0.07054944071845548
test:19638,test,miccai_2019:image:MICCAI-AP-00266,images/miccai_2019/MICCAI-AP-00266.jpg,MICCAI-2019,19638,5,17,0.0769230769230769,1.080534794786522,0.9699568476582776,1.0342899363542806,0.046244858432241465
test:19639,test,miccai_2019:image:MICCAI-AP-00266,images/miccai_2019/MICCAI-AP-00266.jpg,MICCAI-2019,19639,6,17,0.0769230769230769,0.999764075030693,1.010254556939879,0.975052485869208,0.02471158916148497
test:19640,test,miccai_2019:image:MICCAI-AP-00266,images/miccai_2019/MICCAI-AP-00266.jpg,MICCAI-2019,19640,7,17,0.0769230769230769,0.98348925998791,1.0,0.9825648628175259,0.0009243971703841725
test:19641,test,miccai_2019:image:MICCAI-AP-00266,images/miccai_2019/MICCAI-AP-00266.jpg,MICCAI-2019,19641,8,17,0.0769230769230769,1.0169330947071449,0.9941807812479154,1.001158516800852,0.015774577906292775
test:19642,test,miccai_2019:image:MICCAI-AP-00266,images/miccai_2019/MICCAI-AP-00266.jpg,MICCAI-2019,19642,9,17,0.0769230769230769,0.9339396136050035,1.0,0.9868094213306904,0.052869807725686835
test:19643,test,miccai_2019:image:MICCAI-AP-00266,images/miccai_2019/MICCAI-AP-00266.jpg,MICCAI-2019,19643,10,17,0.0769230769230769,1.0225441520309364,0.9893797553808661,1.0107324823470087,0.011811669683927661
test:19644,test,miccai_2019:image:MICCAI-AP-00266,images/miccai_2019/MICCAI-AP-00266.jpg,MICCAI-2019,19644,11,17,0.0769230769230769,0.9821337525770836,1.0,0.9886715849861503,0.006537832409066691
test:19645,test,miccai_2019:image:MICCAI-AP-00266,images/miccai_2019/MICCAI-AP-00266.jpg,MICCAI-2019,19645,12,17,0.0769230769230769,1.0570141164708438,1.0233935027011647,1.0304059849680378,0.026608131502805943
test:19646,test,miccai_2019:image:MICCAI-AP-00266,images/miccai_2019/MICCAI-AP-00266.jpg,MICCAI-2019,19646,13,17,0.0769230769230769,1.0259758036160085,0.9999999999999999,1.0230984967201948,0.0028773068958136694
test:19647,test,miccai_2019:image:MICCAI-AP-00266,images/miccai_2019/MICCAI-AP-00266.jpg,MICCAI-2019,19647,14,17,0.0769230769230769,0.9282304503868914,1.0,1.0014660315355286,0.07323558114863715
test:19648,test,miccai_2019:image:MICCAI-AP-00266,images/miccai_2019/MICCAI-AP-00266.jpg,MICCAI-2019,19648,15,17,0.0769230769230769,0.9840347438409297,1.2475790715264952,1.1760992220091497,0.19206447816822003
test:19687,test,miccai_2019:image:MICCAI-AP-00269,images/miccai_2019/MICCAI-AP-00269.jpg,MICCAI-2019,19687,3,17,0.0769230769230769,1.076954375972903,0.9611240183227783,1.0375031684749847,0.039451207497918306
test:19688,test,miccai_2019:image:MICCAI-AP-00269,images/miccai_2019/MICCAI-AP-00269.jpg,MICCAI-2019,19688,4,17,0.0769230769230769,0.6452163176377864,0.9713921037284929,1.0320611794261534,0.38684486178836697
test:19689,test,miccai_2019:image:MICCAI-AP-00269,images/miccai_2019/MICCAI-AP-00269.jpg,MICCAI-2019,19689,5,17,0.0769230769230769,1.0413581069424978,0.9693470650953743,1.1398149037403558,0.09845679679785801
test:19690,test,miccai_2019:image:MICCAI-AP-00269,images/miccai_2019/MICCAI-AP-00269.jpg,MICCAI-2019,19690,6,17,0.0769230769230769,1.205852492323892,1.0,1.1080041378736496,0.09784835445024243
test:19691,test,miccai_2019:image:MICCAI-AP-00269,images/miccai_2019/MICCAI-AP-00269.jpg,MICCAI-2019,19691,7,17,0.0769230769230769,0.8938612362302285,1.0206660539756052,0.9264209256420366,0.03255968941180809
test:19692,test,miccai_2019:image:MICCAI-AP-00269,images/miccai_2019/MICCAI-AP-00269.jpg,MICCAI-2019,19692,8,17,0.0769230769230769,0.9740804177872995,0.9265320107703146,0.9105559356872972,0.06352448210000228
test:19693,test,miccai_2019:image:MICCAI-AP-00269,images/miccai_2019/MICCAI-AP-00269.jpg,MICCAI-2019,19693,9,17,0.0769230769230769,1.0058574159066935,1.0499534062361076,0.9956042296504333,0.01025318625626026
test:19694,test,miccai_2019:image:MICCAI-AP-00269,images/miccai_2019/MICCAI-AP-00269.jpg,MICCAI-2019,19694,10,17,0.0769230769230769,1.096706119317282,1.0,1.0335035920143127,0.06320252730296927
test:19695,test,miccai_2019:image:MICCAI-AP-00269,images/miccai_2019/MICCAI-AP-00269.jpg,MICCAI-2019,19695,11,17,0.0769230769230769,0.9886565055102539,1.0465024175717503,1.0501056897117764,0.061449184201522566
test:19696,test,miccai_2019:image:MICCAI-AP-00269,images/miccai_2019/MICCAI-AP-00269.jpg,MICCAI-2019,19696,12,17,0.0769230769230769,0.9717219597024558,0.9479152403510482,0.9777154281474025,0.005993468444946748
test:19697,test,miccai_2019:image:MICCAI-AP-00269,images/miccai_2019/MICCAI-AP-00269.jpg,MICCAI-2019,19697,13,17,0.0769230769230769,0.9328331867722175,1.0,1.0388183295726776,0.10598514280046012
test:19698,test,miccai_2019:image:MICCAI-AP-00269,images/miccai_2019/MICCAI-AP-00269.jpg,MICCAI-2019,19698,14,17,0.0769230769230769,1.0190183998470317,0.984752044271175,0.9574881291049162,0.06153027074211548
test:19699,test,miccai_2019:image:MICCAI-AP-00269,images/miccai_2019/MICCAI-AP-00269.jpg,MICCAI-2019,19699,15,17,0.0769230769230769,0.9808727156557572,1.0,0.9806284829974174,0.00024423265833972696
test:19721,test,miccai_2019:image:MICCAI-AP-00271,images/miccai_2019/MICCAI-AP-00271.jpg,MICCAI-2019,19721,3,17,0.0769230769230769,1.2521080809212357,1.3653062169760481,1.1882990782469527,0.06380900267428302
test:19722,test,miccai_2019:image:MICCAI-AP-00271,images/miccai_2019/MICCAI-AP-00271.jpg,MICCAI-2019,19722,4,17,0.0769230769230769,1.2928749260297572,0.8468488156952105,1.054560244099065,0.23831468193069227
test:19723,test,miccai_2019:image:MICCAI-AP-00271,images/miccai_2019/MICCAI-AP-00271.jpg,MICCAI-2019,19723,5,17,0.0769230769230769,0.5393130104890604,1.2721334933138677,0.982076311001856,0.44276330051279555
test:19724,test,miccai_2019:image:MICCAI-AP-00271,images/miccai_2019/MICCAI-AP-00271.jpg,MICCAI-2019,19724,6,17,0.0769230769230769,1.6061945654870078,0.8004187655182515,1.0683437299461995,0.5378508355408083
test:19725,test,miccai_2019:image:MICCAI-AP-00271,images/miccai_2019/MICCAI-AP-00271.jpg,MICCAI-2019,19725,7,17,0.0769230769230769,0.951539432751951,1.2101983494642892,1.172831039089314,0.221291606337363
test:19726,test,miccai_2019:image:MICCAI-AP-00271,images/miccai_2019/MICCAI-AP-00271.jpg,MICCAI-2019,19726,8,17,0.0769230769230769,0.8254859310248571,0.9135209006243104,0.9046220538192147,0.07913612279435756
test:19727,test,miccai_2019:image:MICCAI-AP-00271,images/miccai_2019/MICCAI-AP-00271.jpg,MICCAI-2019,19727,9,17,0.0769230769230769,1.0321563683227013,0.9842527572109165,1.0031057417436304,0.02905062657907087
test:19728,test,miccai_2019:image:MICCAI-AP-00271,images/miccai_2019/MICCAI-AP-00271.jpg,MICCAI-2019,19728,10,17,0.0769230769230769,1.025742384007519,1.0,0.9919883012771606,0.0337540827303584
test:19729,test,miccai_2019:image:MICCAI-AP-00271,images/miccai_2019/MICCAI-AP-00271.jpg,MICCAI-2019,19729,11,17,0.0769230769230769,0.9863287199241415,1.004910060377934,1.0245631534477257,0.038234433523584244
test:19730,test,miccai_2019:image:MICCAI-AP-00271,images/miccai_2019/MICCAI-AP-00271.jpg,MICCAI-2019,19730,12,17,0.0769230769230769,1.025630379669861,1.0,1.0063589136116207,0.01927146605824026
test:19731,test,miccai_2019:image:MICCAI-AP-00271,images/miccai_2019/MICCAI-AP-00271.jpg,MICCAI-2019,19731,13,17,0.0769230769230769,0.9792743142088054,1.0,1.021324397996068,0.042050083787262604
test:19732,test,miccai_2019:image:MICCAI-AP-00271,images/miccai_2019/MICCAI-AP-00271.jpg,MICCAI-2019,19732,14,17,0.0769230769230769,0.9987546151790542,1.0404295725899932,1.0378090385499594,0.039054423370905256
test:19733,test,miccai_2019:image:MICCAI-AP-00271,images/miccai_2019/MICCAI-AP-00271.jpg,MICCAI-2019,19733,15,17,0.0769230769230769,1.1014434401061446,1.0,1.0053151329047978,0.0961283072013468
test:19891,test,miccai_2019:image:MICCAI-AP-00281,images/miccai_2019/MICCAI-AP-00281.jpg,MICCAI-2019,19891,3,17,0.0769230769230769,0.9866813320113665,1.0,0.9544519819319248,0.03222935007944172
test:19892,test,miccai_2019:image:MICCAI-AP-00281,images/miccai_2019/MICCAI-AP-00281.jpg,MICCAI-2019,19892,4,17,0.0769230769230769,0.9292664606686261,0.9877071696933524,0.9839761547878549,0.05470969411922888
test:19893,test,miccai_2019:image:MICCAI-AP-00281,images/miccai_2019/MICCAI-AP-00281.jpg,MICCAI-2019,19893,5,17,0.0769230769230769,1.0533411202553797,0.9933155358880603,1.0089461685269916,0.04439495172838814
test:19894,test,miccai_2019:image:MICCAI-AP-00281,images/miccai_2019/MICCAI-AP-00281.jpg,MICCAI-2019,19894,6,17,0.0769230769230769,1.0412084812068567,1.052408265586525,1.0548994449745415,0.01369096376768475
test:19895,test,miccai_2019:image:MICCAI-AP-00281,images/miccai_2019/MICCAI-AP-00281.jpg,MICCAI-2019,19895,7,17,0.0769230769230769,1.0009483318022094,0.950008503884858,0.9436870601743819,0.05726127162782757
test:19896,test,miccai_2019:image:MICCAI-AP-00281,images/miccai_2019/MICCAI-AP-00281.jpg,MICCAI-2019,19896,8,17,0.0769230769230769,0.9094868879776579,1.0731817186368562,1.006049610723362,0.09656272274570421
test:19897,test,miccai_2019:image:MICCAI-AP-00281,images/miccai_2019/MICCAI-AP-00281.jpg,MICCAI-2019,19897,9,17,0.0769230769230769,1.1587308506850764,0.952127531233097,1.0336918533470878,0.12503899733798862
test:19898,test,miccai_2019:image:MICCAI-AP-00281,images/miccai_2019/MICCAI-AP-00281.jpg,MICCAI-2019,19898,10,17,0.0769230769230769,0.8905306132219968,1.0,1.0492437779903412,0.1587131647683444
test:19899,test,miccai_2019:image:MICCAI-AP-00281,images/miccai_2019/MICCAI-AP-00281.jpg,MICCAI-2019,19899,11,17,0.0769230769230769,0.9776029504620857,1.1303746258313758,1.0688203652794463,0.09121741481736068
test:19900,test,miccai_2019:image:MICCAI-AP-00281,images/miccai_2019/MICCAI-AP-00281.jpg,MICCAI-2019,19900,12,17,0.0769230769230769,1.4860997750787135,1.0333232648299764,1.1459681309388707,0.34013164413984276
test:19901,test,miccai_2019:image:MICCAI-AP-00281,images/miccai_2019/MICCAI-AP-00281.jpg,MICCAI-2019,19901,13,17,0.0769230769230769,0.8995671342916689,1.0729329762532016,1.042537872634699,0.1429707383430301
test:19902,test,miccai_2019:image:MICCAI-AP-00281,images/miccai_2019/MICCAI-AP-00281.jpg,MICCAI-2019,19902,14,17,0.0769230769230769,0.6820908346391787,0.8265836539455732,0.9032628315278372,0.2211719968886584
test:19903,test,miccai_2019:image:MICCAI-AP-00281,images/miccai_2019/MICCAI-AP-00281.jpg,MICCAI-2019,19903,15,17,0.0769230769230769,0.928939996107095,0.9585605657321786,1.022763150058446,0.09382315395135099
test:20061,test,miccai_2019:image:MICCAI-AP-00291,images/miccai_2019/MICCAI-AP-00291.jpg,MICCAI-2019,20061,3,17,0.0769230769230769,1.205977924886171,1.1479422582842433,1.0729000552155101,0.13307786967066093
test:20062,test,miccai_2019:image:MICCAI-AP-00291,images/miccai_2019/MICCAI-AP-00291.jpg,MICCAI-2019,20062,4,17,0.0769230769230769,1.1257096645431037,0.9690226657564518,1.0064924178893444,0.11921724665375932
test:20063,test,miccai_2019:image:MICCAI-AP-00291,images/miccai_2019/MICCAI-AP-00291.jpg,MICCAI-2019,20063,5,17,0.0769230769230769,0.6740682061072447,1.2092662671051773,0.962499342247084,0.2884311361398393
test:20064,test,miccai_2019:image:MICCAI-AP-00291,images/miccai_2019/MICCAI-AP-00291.jpg,MICCAI-2019,20064,6,17,0.0769230769230769,1.5378472985089386,0.8966914852029142,1.165883495367175,0.3719638031417636
test:20065,test,miccai_2019:image:MICCAI-AP-00291,images/miccai_2019/MICCAI-AP-00291.jpg,MICCAI-2019,20065,7,17,0.0769230769230769,0.9405237543810102,1.1404500379397957,1.031813330872306,0.09128957649129588
test:20066,test,miccai_2019:image:MICCAI-AP-00291,images/miccai_2019/MICCAI-AP-00291.jpg,MICCAI-2019,20066,8,17,0.0769230769230769,1.0130992284165854,0.9999999999999998,0.97543129324913,0.03766793516745537
test:20067,test,miccai_2019:image:MICCAI-AP-00291,images/miccai_2019/MICCAI-AP-00291.jpg,MICCAI-2019,20067,9,17,0.0769230769230769,1.1279930361111696,0.9651726237950171,0.942419364627942,0.18557367148322768
test:20068,test,miccai_2019:image:MICCAI-AP-00291,images/miccai_2019/MICCAI-AP-00291.jpg,MICCAI-2019,20068,10,17,0.0769230769230769,0.7627581203035283,0.9580698579659817,0.8253695935120937,0.06261147320856542
test:20069,test,miccai_2019:image:MICCAI-AP-00291,images/miccai_2019/MICCAI-AP-00291.jpg,MICCAI-2019,20069,11,17,0.0769230769230769,0.8837387472317333,0.8803993537524644,0.9099872242161933,0.02624847698445998
test:20070,test,miccai_2019:image:MICCAI-AP-00291,images/miccai_2019/MICCAI-AP-00291.jpg,MICCAI-2019,20070,12,17,0.0769230769230769,1.052453118418527,1.003934756034517,1.014093269707167,0.03835984871136011
test:20071,test,miccai_2019:image:MICCAI-AP-00291,images/miccai_2019/MICCAI-AP-00291.jpg,MICCAI-2019,20071,13,17,0.0769230769230769,1.0752266578144778,1.062448736873713,1.1055166876290707,0.030290029814592945
test:20072,test,miccai_2019:image:MICCAI-AP-00291,images/miccai_2019/MICCAI-AP-00291.jpg,MICCAI-2019,20072,14,17,0.0769230769230769,1.111275273429834,0.9975846964061909,1.091926764243906,0.01934850918592801
test:20073,test,miccai_2019:image:MICCAI-AP-00291,images/miccai_2019/MICCAI-AP-00291.jpg,MICCAI-2019,20073,15,17,0.0769230769230769,0.8586014458907071,0.9854903947195858,0.8737789895019382,0.015177543611231137
test:20095,test,miccai_2019:image:MICCAI-AP-00293,images/miccai_2019/MICCAI-AP-00293.jpg,MICCAI-2019,20095,3,17,0.0769230769230769,1.1469423906857017,1.0000000000000002,1.0000659990619172,0.14687639162378452
test:20096,test,miccai_2019:image:MICCAI-AP-00293,images/miccai_2019/MICCAI-AP-00293.jpg,MICCAI-2019,20096,4,17,0.0769230769230769,0.791022931819491,1.0,0.8759317100048065,0.0849087781853155
test:20097,test,miccai_2019:image:MICCAI-AP-00293,images/miccai_2019/MICCAI-AP-00293.jpg,MICCAI-2019,20097,5,17,0.0769230769230769,1.2326512865340162,1.0481776274903645,1.0700722277327408,0.16257905880127543
test:20098,test,miccai_2019:image:MICCAI-AP-00293,images/miccai_2019/MICCAI-AP-00293.jpg,MICCAI-2019,20098,6,17,0.0769230769230769,1.1422971849794141,1.0619776984947813,1.0332841994511974,0.1090129855282167
test:20099,test,miccai_2019:image:MICCAI-AP-00293,images/miccai_2019/MICCAI-AP-00293.jpg,MICCAI-2019,20099,7,17,0.0769230769230769,0.9341921564510614,1.0066847907097052,0.9396908761651228,0.005498719714061462
test:20100,test,miccai_2019:image:MICCAI-AP-00293,images/miccai_2019/MICCAI-AP-00293.jpg,MICCAI-2019,20100,8,17,0.0769230769230769,1.0137852592772643,1.0,1.013799020089209,1.3760811944818485e-05
test:20101,test,miccai_2019:image:MICCAI-AP-00293,images/miccai_2019/MICCAI-AP-00293.jpg,MICCAI-2019,20101,9,17,0.0769230769230769,0.9849599497740191,0.9861956069601656,0.9900493417756588,0.005089392001639714
test:20102,test,miccai_2019:image:MICCAI-AP-00293,images/miccai_2019/MICCAI-AP-00293.jpg,MICCAI-2019,20102,10,17,0.0769230769230769,0.9339178702835722,0.9907751481283866,0.9876426986653768,0.05372482838180459
test:20103,test,miccai_2019:image:MICCAI-AP-00293,images/miccai_2019/MICCAI-AP-00293.jpg,MICCAI-2019,20103,11,17,0.0769230769230769,1.0073547232973121,1.0088857433509077,1.0193405088718976,0.011985785574585517
test:20104,test,miccai_2019:image:MICCAI-AP-00293,images/miccai_2019/MICCAI-AP-00293.jpg,MICCAI-2019,20104,12,17,0.0769230769230769,1.0634135633734965,1.0,1.02353198453784,0.03988157883565657
test:20105,test,miccai_2019:image:MICCAI-AP-00293,images/miccai_2019/MICCAI-AP-00293.jpg,MICCAI-2019,20105,13,17,0.0769230769230769,0.9687421627137247,1.0,0.997593930689618,0.028851767975893283
test:20106,test,miccai_2019:image:MICCAI-AP-00293,images/miccai_2019/MICCAI-AP-00293.jpg,MICCAI-2019,20106,14,17,0.0769230769230769,0.96292863208168,0.9854609110870213,0.9540600070276112,0.008868625054068824
test:20107,test,miccai_2019:image:MICCAI-AP-00293,images/miccai_2019/MICCAI-AP-00293.jpg,MICCAI-2019,20107,15,17,0.0769230769230769,1.066326901098087,1.0481415817313127,1.0157981680505208,0.05052873304756611
test:20843,test,miccai_2019:image:MICCAI-AP-00337,images/miccai_2019/MICCAI-AP-00337.jpg,MICCAI-2019,20843,3,17,0.0769230769230769,1.0213266259845792,0.9999999999999999,1.0280398670583963,0.0067132410738171
test:20844,test,miccai_2019:image:MICCAI-AP-00337,images/miccai_2019/MICCAI-AP-00337.jpg,MICCAI-2019,20844,4,17,0.0769230769230769,1.0181739019766791,1.0093034979800253,1.034219979206708,0.01604607723002882
test:20845,test,miccai_2019:image:MICCAI-AP-00337,images/miccai_2019/MICCAI-AP-00337.jpg,MICCAI-2019,20845,5,17,0.0769230769230769,1.0363859367770243,1.0,0.9804894719272852,0.05589646484973909
test:20846,test,miccai_2019:image:MICCAI-AP-00337,images/miccai_2019/MICCAI-AP-00337.jpg,MICCAI-2019,20846,6,17,0.0769230769230769,1.000010085002474,1.0106031417893746,1.0386390171992161,0.03862893219674213
test:20847,test,miccai_2019:image:MICCAI-AP-00337,images/miccai_2019/MICCAI-AP-00337.jpg,MICCAI-2019,20847,7,17,0.0769230769230769,0.9948123737006994,0.9894895246295007,0.9925097494894387,0.0023026242112607065
test:20848,test,miccai_2019:image:MICCAI-AP-00337,images/miccai_2019/MICCAI-AP-00337.jpg,MICCAI-2019,20848,8,17,0.0769230769230769,0.9946297850097512,1.155509179626018,1.0930646529238524,0.09843486791410117
test:20849,test,miccai_2019:image:MICCAI-AP-00337,images/miccai_2019/MICCAI-AP-00337.jpg,MICCAI-2019,20849,9,17,0.0769230769230769,1.3115872352223943,0.9355076661993462,1.031588706998964,0.2799985282234303
test:20850,test,miccai_2019:image:MICCAI-AP-00337,images/miccai_2019/MICCAI-AP-00337.jpg,MICCAI-2019,20850,10,17,0.0769230769230769,0.7140998536826701,1.0247779676077493,0.9030143508074411,0.18891449712477093
test:20851,test,miccai_2019:image:MICCAI-AP-00337,images/miccai_2019/MICCAI-AP-00337.jpg,MICCAI-2019,20851,11,17,0.0769230769230769,0.9355154326140875,0.8294665316101284,0.9956557700391979,0.06014033742511038
test:20852,test,miccai_2019:image:MICCAI-AP-00337,images/miccai_2019/MICCAI-AP-00337.jpg,MICCAI-2019,20852,12,17,0.0769230769230769,0.9947808933395322,1.006113282764772,0.9794327368833815,0.01534815645615073
test:20853,test,miccai_2019:image:MICCAI-AP-00337,images/miccai_2019/MICCAI-AP-00337.jpg,MICCAI-2019,20853,13,17,0.0769230769230769,1.0374525253388722,0.9999999999999998,1.018939012661576,0.018513512677296173
test:20854,test,miccai_2019:image:MICCAI-AP-00337,images/miccai_2019/MICCAI-AP-00337.jpg,MICCAI-2019,20854,14,17,0.0769230769230769,0.9610280678368448,1.002758618037183,0.9862519479943106,0.025223880157465794
test:20855,test,miccai_2019:image:MICCAI-AP-00337,images/miccai_2019/MICCAI-AP-00337.jpg,MICCAI-2019,20855,15,17,0.0769230769230769,1.068923042349204,1.0287046404257973,1.0240197246596774,0.0449033176895266
test:20928,test,miccai_2019:image:MICCAI-AP-00342,images/miccai_2019/MICCAI-AP-00342.jpg,MICCAI-2019,20928,3,17,0.0769230769230769,1.187857762047953,0.9154895807412735,1.0889594222215286,0.09889833982642426
test:20929,test,miccai_2019:image:MICCAI-AP-00342,images/miccai_2019/MICCAI-AP-00342.jpg,MICCAI-2019,20929,4,17,0.0769230769230769,0.7200944395964334,1.060558980819394,0.9359387369124192,0.21584429731598587
test:20930,test,miccai_2019:image:MICCAI-AP-00342,images/miccai_2019/MICCAI-AP-00342.jpg,MICCAI-2019,20930,5,17,0.0769230769230769,1.014339602571438,0.8069735943337331,0.9742980777283559,0.0400415248430821
test:20931,test,miccai_2019:image:MICCAI-AP-00342,images/miccai_2019/MICCAI-AP-00342.jpg,MICCAI-2019,20931,6,17,0.0769230769230769,0.8365285651487935,1.0,1.0113678751513362,0.1748393100025427
test:20932,test,miccai_2019:image:MICCAI-AP-00342,images/miccai_2019/MICCAI-AP-00342.jpg,MICCAI-2019,20932,7,17,0.0769230769230769,1.0560315478784288,0.970607335277556,0.9849177874333249,0.07111376044510387
test:20933,test,miccai_2019:image:MICCAI-AP-00342,images/miccai_2019/MICCAI-AP-00342.jpg,MICCAI-2019,20933,8,17,0.0769230769230769,1.0470165739770296,0.9999999999999999,0.9695072658360003,0.0775093081410293
test:20934,test,miccai_2019:image:MICCAI-AP-00342,images/miccai_2019/MICCAI-AP-00342.jpg,MICCAI-2019,20934,9,17,0.0769230769230769,0.9626950255655069,1.036440512039694,1.0164367257291405,0.053741700163633555
test:20935,test,miccai_2019:image:MICCAI-AP-00342,images/miccai_2019/MICCAI-AP-00342.jpg,MICCAI-2019,20935,10,17,0.0769230769230769,1.0746775850335746,0.9882514338575272,1.0179863284908204,0.0566912565427542
test:20936,test,miccai_2019:image:MICCAI-AP-00342,images/miccai_2019/MICCAI-AP-00342.jpg,MICCAI-2019,20936,11,17,0.0769230769230769,0.96516682948605,1.0,0.9867782928049564,0.0216114633189064
test:20937,test,miccai_2019:image:MICCAI-AP-00342,images/miccai_2019/MICCAI-AP-00342.jpg,MICCAI-2019,20937,12,17,0.0769230769230769,0.961126747107494,1.0494980848620277,1.0579170528093915,0.0967903057018975
test:20938,test,miccai_2019:image:MICCAI-AP-00342,images/miccai_2019/MICCAI-AP-00342.jpg,MICCAI-2019,20938,13,17,0.0769230769230769,1.1781606749483924,0.999189396190314,1.082310666131644,0.09585000881674843
test:20939,test,miccai_2019:image:MICCAI-AP-00342,images/miccai_2019/MICCAI-AP-00342.jpg,MICCAI-2019,20939,14,17,0.0769230769230769,0.8824373391756666,1.118274664548107,1.0590403993100603,0.17660306013439375
test:20940,test,miccai_2019:image:MICCAI-AP-00342,images/miccai_2019/MICCAI-AP-00342.jpg,MICCAI-2019,20940,15,17,0.0769230769230769,1.19881590809168,0.9223519590855661,1.0274615314961495,0.17135437659553054
test:21081,test,miccai_2019:image:MICCAI-AP-00351,images/miccai_2019/MICCAI-AP-00351.jpg,MICCAI-2019,21081,3,17,0.0769230769230769,0.9933332253696611,1.0,1.0117802200838923,0.01844699471423128
test:21082,test,miccai_2019:image:MICCAI-AP-00351,images/miccai_2019/MICCAI-AP-00351.jpg,MICCAI-2019,21082,4,17,0.0769230769230769,0.9665336120878246,0.9999999999999998,0.9948135889135299,0.028279976825705266
test:21083,test,miccai_2019:image:MICCAI-AP-00351,images/miccai_2019/MICCAI-AP-00351.jpg,MICCAI-2019,21083,5,17,0.0769230769230769,1.096820884092343,1.0481140134046765,1.0797844496677609,0.017036434424582136
test:21084,test,miccai_2019:image:MICCAI-AP-00351,images/miccai_2019/MICCAI-AP-00351.jpg,MICCAI-2019,21084,6,17,0.0769230769230769,1.0547725150834468,1.0,0.9942613262683153,0.06051118881513151
test:21085,test,miccai_2019:image:MICCAI-AP-00351,images/miccai_2019/MICCAI-AP-00351.jpg,MICCAI-2019,21085,7,17,0.0769230769230769,0.9219641556557105,1.0199103808450334,1.0003481923091047,0.0783840366533941
test:21086,test,miccai_2019:image:MICCAI-AP-00351,images/miccai_2019/MICCAI-AP-00351.jpg,MICCAI-2019,21086,8,17,0.0769230769230769,1.0592367055292413,0.9553294990628269,1.0005859796374348,0.05865072589180653
test:21087,test,miccai_2019:image:MICCAI-AP-00351,images/miccai_2019/MICCAI-AP-00351.jpg,MICCAI-2019,21087,9,17,0.0769230769230769,0.8755642156350708,1.0,0.9583755210042,0.08281130536912917
test:21088,test,miccai_2019:image:MICCAI-AP-00351,images/miccai_2019/MICCAI-AP-00351.jpg,MICCAI-2019,21088,10,17,0.0769230769230769,0.996813781647916,0.9581295000863936,0.9902270893109706,0.006586692336945421
test:21089,test,miccai_2019:image:MICCAI-AP-00351,images/miccai_2019/MICCAI-AP-00351.jpg,MICCAI-2019,21089,11,17,0.0769230769230769,1.0188959381341145,0.9999999999999998,0.9867998464033005,0.03209609173081396
test:21090,test,miccai_2019:image:MICCAI-AP-00351,images/miccai_2019/MICCAI-AP-00351.jpg,MICCAI-2019,21090,12,17,0.0769230769230769,1.017843492930426,1.0241145228015345,1.0100851037519138,0.007758389178512237
test:21091,test,miccai_2019:image:MICCAI-AP-00351,images/miccai_2019/MICCAI-AP-00351.jpg,MICCAI-2019,21091,13,17,0.0769230769230769,1.047022733423878,1.0,1.003293103305623,0.043729630118255036
test:21092,test,miccai_2019:image:MICCAI-AP-00351,images/miccai_2019/MICCAI-AP-00351.jpg,MICCAI-2019,21092,14,17,0.0769230769230769,0.9573627083956504,1.0093408280801828,0.9779847206366117,0.020622012240961274
test:21093,test,miccai_2019:image:MICCAI-AP-00351,images/miccai_2019/MICCAI-AP-00351.jpg,MICCAI-2019,21093,15,17,0.0769230769230769,1.0159213192500958,0.9773011857426903,0.9831163280426702,0.03280499120742553
test:21370,test,miccai_2019:image:MICCAI-AP-00368,images/miccai_2019/MICCAI-AP-00368.jpg,MICCAI-2019,21370,3,17,0.0769230769230769,1.0860259521972564,0.9999999999999999,0.9813968800008296,0.10462907219642681
test:21371,test,miccai_2019:image:MICCAI-AP-00368,images/miccai_2019/MICCAI-AP-00368.jpg,MICCAI-2019,21371,4,17,0.0769230769230769,1.051716939154386,1.2371374581341668,1.079357824135296,0.027640884980909997
test:21372,test,miccai_2019:image:MICCAI-AP-00368,images/miccai_2019/MICCAI-AP-00368.jpg,MICCAI-2019,21372,5,17,0.0769230769230769,1.3321857803437644,0.9389443567279734,1.1122467985633768,0.21993898178038762
test:21373,test,miccai_2019:image:MICCAI-AP-00368,images/miccai_2019/MICCAI-AP-00368.jpg,MICCAI-2019,21373,6,17,0.0769230769230769,0.8067971150053047,1.0898635833060377,1.0311405955350035,0.22434348052969877
test:21374,test,miccai_2019:image:MICCAI-AP-00368,images/miccai_2019/MICCAI-AP-00368.jpg,MICCAI-2019,21374,7,17,0.0769230769230769,0.8768992649448625,0.838335649611183,0.941903510631748,0.06500424568688556
test:21375,test,miccai_2019:image:MICCAI-AP-00368,images/miccai_2019/MICCAI-AP-00368.jpg,MICCAI-2019,21375,8,17,0.0769230769230769,0.9747128557185072,1.0,0.9838933702558279,0.009180514537320716
test:21376,test,miccai_2019:image:MICCAI-AP-00368,images/miccai_2019/MICCAI-AP-00368.jpg,MICCAI-2019,21376,9,17,0.0769230769230769,1.14199396615578,1.0999070212434265,1.0548342272828553,0.08715973887292483
test:21377,test,miccai_2019:image:MICCAI-AP-00368,images/miccai_2019/MICCAI-AP-00368.jpg,MICCAI-2019,21377,10,17,0.0769230769230769,1.0940780204302945,0.9832068249991569,0.9953426072782311,0.09873541315206336
test:21378,test,miccai_2019:image:MICCAI-AP-00368,images/miccai_2019/MICCAI-AP-00368.jpg,MICCAI-2019,21378,11,17,0.0769230769230769,0.8351665813789977,1.0401371509466337,1.0238235254470276,0.1886569440680299
test:21379,test,miccai_2019:image:MICCAI-AP-00368,images/miccai_2019/MICCAI-AP-00368.jpg,MICCAI-2019,21379,12,17,0.0769230769230769,1.1463370627702152,0.9756069851149631,1.0381746736396862,0.108162389130529
test:21380,test,miccai_2019:image:MICCAI-AP-00368,images/miccai_2019/MICCAI-AP-00368.jpg,MICCAI-2019,21380,13,17,0.0769230769230769,1.0228573997962527,1.005546015751964,1.0007103249146105,0.022147074881642137
test:21381,test,miccai_2019:image:MICCAI-AP-00368,images/miccai_2019/MICCAI-AP-00368.jpg,MICCAI-2019,21381,14,17,0.0769230769230769,0.8234827256095059,0.9624799732344016,0.9402886014656886,0.11680587585618274
test:21382,test,miccai_2019:image:MICCAI-AP-00368,images/miccai_2019/MICCAI-AP-00368.jpg,MICCAI-2019,21382,15,17,0.0769230769230769,1.0663595886586035,1.0479831026587,1.0829715842101089,0.016611995551505387
test:21438,test,miccai_2019:image:MICCAI-AP-00372,images/miccai_2019/MICCAI-AP-00372.jpg,MICCAI-2019,21438,3,17,0.0769230769230769,0.8697350861094393,0.9596848245817782,0.9034064132827879,0.03367132717334864
test:21439,test,miccai_2019:image:MICCAI-AP-00372,images/miccai_2019/MICCAI-AP-00372.jpg,MICCAI-2019,21439,4,17,0.0769230769230769,0.944528451779516,1.1166474365034076,0.9742423735895129,0.02971392180999688
test:21440,test,miccai_2019:image:MICCAI-AP-00372,images/miccai_2019/MICCAI-AP-00372.jpg,MICCAI-2019,21440,5,17,0.0769230769230769,1.3602359916454612,1.0000000000000002,1.0844781547784808,0.2757578368669804
test:21441,test,miccai_2019:image:MICCAI-AP-00372,images/miccai_2019/MICCAI-AP-00372.jpg,MICCAI-2019,21441,6,17,0.0769230769230769,0.9812489438661223,1.1218697948460772,0.9500052405600741,0.0312437033060482
test:21442,test,miccai_2019:image:MICCAI-AP-00372,images/miccai_2019/MICCAI-AP-00372.jpg,MICCAI-2019,21442,7,17,0.0769230769230769,1.0858162023143034,0.950913520400291,0.9893140586659961,0.09650214364830734
test:21443,test,miccai_2019:image:MICCAI-AP-00372,images/miccai_2019/MICCAI-AP-00372.jpg,MICCAI-2019,21443,8,17,0.0769230769230769,0.8809387198405958,1.0082712201120252,0.9624858451725835,0.08154712533198771
test:21444,test,miccai_2019:image:MICCAI-AP-00372,images/miccai_2019/MICCAI-AP-00372.jpg,MICCAI-2019,21444,9,17,0.0769230769230769,0.9492734386236972,0.9276807105619354,0.9156200124401492,0.03365342618354794
test:21445,test,miccai_2019:image:MICCAI-AP-00372,images/miccai_2019/MICCAI-AP-00372.jpg,MICCAI-2019,21445,10,17,0.0769230769230769,1.0225422765955552,1.0,1.008334239013493,0.014208037582062127
test:21446,test,miccai_2019:image:MICCAI-AP-00372,images/miccai_2019/MICCAI-AP-00372.jpg,MICCAI-2019,21446,11,17,0.0769230769230769,0.9603922984366174,0.9999999999999999,1.0177078898996115,0.05731559146299403
test:21447,test,miccai_2019:image:MICCAI-AP-00372,images/miccai_2019/MICCAI-AP-00372.jpg,MICCAI-2019,21447,12,17,0.0769230769230769,1.033647362682761,1.021944444099578,1.0268457708267,0.006801591856060885
test:21448,test,miccai_2019:image:MICCAI-AP-00372,images/miccai_2019/MICCAI-AP-00372.jpg,MICCAI-2019,21448,13,17,0.0769230769230769,1.049541449867651,1.0000000000000002,1.005031732376665,0.04450971749098587
test:21449,test,miccai_2019:image:MICCAI-AP-00372,images/miccai_2019/MICCAI-AP-00372.jpg,MICCAI-2019,21449,14,17,0.0769230769230769,0.9714147851651589,0.9999999999999999,0.9811167251318692,0.009701939966710316
test:21450,test,miccai_2019:image:MICCAI-AP-00372,images/miccai_2019/MICCAI-AP-00372.jpg,MICCAI-2019,21450,15,17,0.0769230769230769,0.9961774831985464,1.0280976830678537,1.0143498950334742,0.018172411834927793
test:21608,test,miccai_2019:image:MICCAI-AP-00382,images/miccai_2019/MICCAI-AP-00382.jpg,MICCAI-2019,21608,3,17,0.0769230769230769,1.1885222775090316,0.9262914753021632,1.031276846534196,0.15724543097483568
test:21609,test,miccai_2019:image:MICCAI-AP-00382,images/miccai_2019/MICCAI-AP-00382.jpg,MICCAI-2019,21609,4,17,0.0769230769230769,1.0399817568562684,1.0270423793283645,1.008392875739688,0.031588881116580314
test:21610,test,miccai_2019:image:MICCAI-AP-00382,images/miccai_2019/MICCAI-AP-00382.jpg,MICCAI-2019,21610,5,17,0.0769230769230769,1.013324978640625,0.9867471992233443,0.9417972914138484,0.07152768722677671
test:21611,test,miccai_2019:image:MICCAI-AP-00382,images/miccai_2019/MICCAI-AP-00382.jpg,MICCAI-2019,21611,6,17,0.0769230769230769,0.9424926214781146,0.9999999999999999,0.9921522540971636,0.04965963261904893
test:21612,test,miccai_2019:image:MICCAI-AP-00382,images/miccai_2019/MICCAI-AP-00382.jpg,MICCAI-2019,21612,7,17,0.0769230769230769,0.9811002032534102,0.9747964218514686,0.9674103590915626,0.013689844161847597
test:21613,test,miccai_2019:image:MICCAI-AP-00382,images/miccai_2019/MICCAI-AP-00382.jpg,MICCAI-2019,21613,8,17,0.0769230769230769,1.0287672830573857,1.0234538686868233,0.9984159020182175,0.030351381039168235
test:21614,test,miccai_2019:image:MICCAI-AP-00382,images/miccai_2019/MICCAI-AP-00382.jpg,MICCAI-2019,21614,9,17,0.0769230769230769,1.0416677182397378,1.0,1.0039808778092265,0.03768684043051129
test:21615,test,miccai_2019:image:MICCAI-AP-00382,images/miccai_2019/MICCAI-AP-00382.jpg,MICCAI-2019,21615,10,17,0.0769230769230769,0.9492778756720894,1.0443902824007778,1.0168525490843563,0.06757467341226686
test:21616,test,miccai_2019:image:MICCAI-AP-00382,images/miccai_2019/MICCAI-AP-00382.jpg,MICCAI-2019,21616,11,17,0.0769230769230769,1.0958615731010006,0.9781794419857673,0.9917553441944532,0.10410622890654742
test:21617,test,miccai_2019:image:MICCAI-AP-00382,images/miccai_2019/MICCAI-AP-00382.jpg,MICCAI-2019,21617,12,17,0.0769230769230769,0.949330713100776,1.0697235784633252,0.9973679504497144,0.04803723734893839
test:21618,test,miccai_2019:image:MICCAI-AP-00382,images/miccai_2019/MICCAI-AP-00382.jpg,MICCAI-2019,21618,13,17,0.0769230769230769,1.1153865233738414,0.9659141649713114,1.0189907414128379,0.09639578196100351
test:21619,test,miccai_2019:image:MICCAI-AP-00382,images/miccai_2019/MICCAI-AP-00382.jpg,MICCAI-2019,21619,14,17,0.0769230769230769,0.9107922241320163,0.9999999999999998,0.992476657964289,0.08168443383227264
test:21620,test,miccai_2019:image:MICCAI-AP-00382,images/miccai_2019/MICCAI-AP-00382.jpg,MICCAI-2019,21620,15,17,0.0769230769230769,0.9267694511970196,0.957977080478041,0.9570381087182895,0.030268657521269948
test:21676,test,miccai_2019:image:MICCAI-AP-00386,images/miccai_2019/MICCAI-AP-00386.jpg,MICCAI-2019,21676,3,17,0.0769230769230769,1.1881573883031336,1.1157494759810822,1.077425298715915,0.11073208958721859
test:21677,test,miccai_2019:image:MICCAI-AP-00386,images/miccai_2019/MICCAI-AP-00386.jpg,MICCAI-2019,21677,4,17,0.0769230769230769,1.0910534981010036,0.9778921846237997,0.988110784434996,0.1029427136660076
test:21678,test,miccai_2019:image:MICCAI-AP-00386,images/miccai_2019/MICCAI-AP-00386.jpg,MICCAI-2019,21678,5,17,0.0769230769230769,0.8009611268290602,1.0121010691493237,1.0126850874496112,0.211723960620551
test:21679,test,miccai_2019:image:MICCAI-AP-00386,images/miccai_2019/MICCAI-AP-00386.jpg,MICCAI-2019,21679,6,17,0.0769230769230769,1.0331705990089461,0.9049647937696794,1.0324598591011385,0.0007107399078076782
test:21680,test,miccai_2019:image:MICCAI-AP-00386,images/miccai_2019/MICCAI-AP-00386.jpg,MICCAI-2019,21680,7,17,0.0769230769230769,0.9795278971530392,0.9999999999999999,0.9673015810549258,0.012226316098113421
test:21681,test,miccai_2019:image:MICCAI-AP-00386,images/miccai_2019/MICCAI-AP-00386.jpg,MICCAI-2019,21681,8,17,0.0769230769230769,0.9808339820280376,0.9884422394265124,0.9644588651884982,0.016375116839539405
test:21682,test,miccai_2019:image:MICCAI-AP-00386,images/miccai_2019/MICCAI-AP-00386.jpg,MICCAI-2019,21682,9,17,0.0769230769230769,0.951466551263852,1.0,0.9562941305339336,0.0048275792700815945
test:21683,test,miccai_2019:image:MICCAI-AP-00386,images/miccai_2019/MICCAI-AP-00386.jpg,MICCAI-2019,21683,10,17,0.0769230769230769,1.1217144170975608,1.0763571397458054,1.034636835107658,0.08707758198990279
test:21684,test,miccai_2019:image:MICCAI-AP-00386,images/miccai_2019/MICCAI-AP-00386.jpg,MICCAI-2019,21684,11,17,0.0769230769230769,1.0912197894940125,0.9999999999999999,1.0578650161623955,0.03335477333161707
test:21685,test,miccai_2019:image:MICCAI-AP-00386,images/miccai_2019/MICCAI-AP-00386.jpg,MICCAI-2019,21685,12,17,0.0769230769230769,0.837682672341516,1.0,1.0030754993204027,0.1653928269788867
test:21686,test,miccai_2019:image:MICCAI-AP-00386,images/miccai_2019/MICCAI-AP-00386.jpg,MICCAI-2019,21686,13,17,0.0769230769230769,1.0246357292058215,0.9924485149305526,0.9393209318142597,0.08531479739156178
test:21687,test,miccai_2019:image:MICCAI-AP-00386,images/miccai_2019/MICCAI-AP-00386.jpg,MICCAI-2019,21687,14,17,0.0769230769230769,1.1167067240336508,1.0,0.9685512445867062,0.14815547944694463
test:21688,test,miccai_2019:image:MICCAI-AP-00386,images/miccai_2019/MICCAI-AP-00386.jpg,MICCAI-2019,21688,15,17,0.0769230769230769,0.9803174930883827,1.0616498095394005,1.058934237988748,0.07861674490036541
test:21744,test,miccai_2019:image:MICCAI-AP-00390,images/miccai_2019/MICCAI-AP-00390.jpg,MICCAI-2019,21744,3,17,0.0769230769230769,1.0718357098863418,1.0,1.0441823527216911,0.02765335716465067
test:21745,test,miccai_2019:image:MICCAI-AP-00390,images/miccai_2019/MICCAI-AP-00390.jpg,MICCAI-2019,21745,4,17,0.0769230769230769,0.9305614337676642,1.0000000000000002,0.9609312266111376,0.03036979284347341
test:21746,test,miccai_2019:image:MICCAI-AP-00390,images/miccai_2019/MICCAI-AP-00390.jpg,MICCAI-2019,21746,5,17,0.0769230769230769,1.0071210272050823,1.0109147296747412,1.0005629367655362,0.006558090439546138
test:21747,test,miccai_2019:image:MICCAI-AP-00390,images/miccai_2019/MICCAI-AP-00390.jpg,MICCAI-2019,21747,6,17,0.0769230769230769,1.0831787863925566,1.0,0.9964800346642733,0.08669875172828334
test:21748,test,miccai_2019:image:MICCAI-AP-00390,images/miccai_2019/MICCAI-AP-00390.jpg,MICCAI-2019,21748,7,17,0.0769230769230769,0.9592817243726222,1.0115853364496334,0.9845346792518004,0.025252954879178224
test:21749,test,miccai_2019:image:MICCAI-AP-00390,images/miccai_2019/MICCAI-AP-00390.jpg,MICCAI-2019,21749,8,17,0.0769230769230769,0.962599781563573,0.9623091773001733,0.9558575644960883,0.006742217067484679
test:21750,test,miccai_2019:image:MICCAI-AP-00390,images/miccai_2019/MICCAI-AP-00390.jpg,MICCAI-2019,21750,9,17,0.0769230769230769,0.9769021367664428,1.0,0.9668665528297424,0.010035583936700343
test:21751,test,miccai_2019:image:MICCAI-AP-00390,images/miccai_2019/MICCAI-AP-00390.jpg,MICCAI-2019,21751,10,17,0.0769230769230769,0.9975710275753233,1.0,0.9806883428245783,0.01688268475074506
test:21752,test,miccai_2019:image:MICCAI-AP-00390,images/miccai_2019/MICCAI-AP-00390.jpg,MICCAI-2019,21752,11,17,0.0769230769230769,1.0138623469577381,1.0,1.0218359231948853,0.007973576237147117
test:21753,test,miccai_2019:image:MICCAI-AP-00390,images/miccai_2019/MICCAI-AP-00390.jpg,MICCAI-2019,21753,12,17,0.0769230769230769,1.0176353063705192,1.0068426642780908,0.9973250728314527,0.02031023353906658
test:21754,test,miccai_2019:image:MICCAI-AP-00390,images/miccai_2019/MICCAI-AP-00390.jpg,MICCAI-2019,21754,13,17,0.0769230769230769,1.0158276819110108,1.0000000000000002,0.9880366995930674,0.027790982317943413
test:21755,test,miccai_2019:image:MICCAI-AP-00390,images/miccai_2019/MICCAI-AP-00390.jpg,MICCAI-2019,21755,14,17,0.0769230769230769,0.9363990965509252,1.0,0.9562499076128006,0.019850811061875362
test:21756,test,miccai_2019:image:MICCAI-AP-00390,images/miccai_2019/MICCAI-AP-00390.jpg,MICCAI-2019,21756,15,17,0.0769230769230769,1.1059047049031265,1.0538256649445514,1.0364025101583223,0.06950219474480424
test:21778,test,miccai_2019:image:MICCAI-AP-00392,images/miccai_2019/MICCAI-AP-00392.jpg,MICCAI-2019,21778,3,17,0.0769230769230769,1.081174301491565,1.0121963670386616,1.0065466439260784,0.0746276575654865
test:21779,test,miccai_2019:image:MICCAI-AP-00392,images/miccai_2019/MICCAI-AP-00392.jpg,MICCAI-2019,21779,4,17,0.0769230769230769,0.9754105461952353,1.016692677251464,0.9938705542305766,0.018460008035341313
test:21780,test,miccai_2019:image:MICCAI-AP-00392,images/miccai_2019/MICCAI-AP-00392.jpg,MICCAI-2019,21780,5,17,0.0769230769230769,0.9517452927920313,0.9608798645205894,1.0019379988081851,0.050192706016153776
test:21781,test,miccai_2019:image:MICCAI-AP-00392,images/miccai_2019/MICCAI-AP-00392.jpg,MICCAI-2019,21781,6,17,0.0769230769230769,0.9974482323682923,1.0344002429589723,1.058517539520571,0.06106930715227876
test:21782,test,miccai_2019:image:MICCAI-AP-00392,images/miccai_2019/MICCAI-AP-00392.jpg,MICCAI-2019,21782,7,17,0.0769230769230769,1.0809743901680187,1.0,0.9752215556800365,0.10575283448798212
test:21783,test,miccai_2019:image:MICCAI-AP-00392,images/miccai_2019/MICCAI-AP-00392.jpg,MICCAI-2019,21783,8,17,0.0769230769230769,0.9407317132042197,1.0,0.9817457161843777,0.041014002980158004
test:21784,test,miccai_2019:image:MICCAI-AP-00392,images/miccai_2019/MICCAI-AP-00392.jpg,MICCAI-2019,21784,9,17,0.0769230769230769,0.9808498718481735,0.968863293919397,0.9985444493774897,0.017694577529316136
test:21785,test,miccai_2019:image:MICCAI-AP-00392,images/miccai_2019/MICCAI-AP-00392.jpg,MICCAI-2019,21785,10,17,0.0769230769230769,0.954371080234079,1.0,0.9956008307635784,0.0412297505294994
test:21786,test,miccai_2019:image:MICCAI-AP-00392,images/miccai_2019/MICCAI-AP-00392.jpg,MICCAI-2019,21786,11,17,0.0769230769230769,1.036638102595251,1.0,1.032197691500187,0.00444041109506399
test:21787,test,miccai_2019:image:MICCAI-AP-00392,images/miccai_2019/MICCAI-AP-00392.jpg,MICCAI-2019,21787,12,17,0.0769230769230769,1.011028436992117,1.0,1.027702471241355,0.016674034249237968
test:21788,test,miccai_2019:image:MICCAI-AP-00392,images/miccai_2019/MICCAI-AP-00392.jpg,MICCAI-2019,21788,13,17,0.0769230769230769,0.9976375187079445,1.0,1.020045643672347,0.022408124964402587
test:21789,test,miccai_2019:image:MICCAI-AP-00392,images/miccai_2019/MICCAI-AP-00392.jpg,MICCAI-2019,21789,14,17,0.0769230769230769,0.9744881016215933,1.0124273724662602,0.9994747178437651,0.024986616222171798
test:21790,test,miccai_2019:image:MICCAI-AP-00392,images/miccai_2019/MICCAI-AP-00392.jpg,MICCAI-2019,21790,15,17,0.0769230769230769,1.0602347512566652,1.0,1.0147771118208766,0.04545763943578862
test:21845,test,miccai_2019:image:MICCAI-AP-00396,images/miccai_2019/MICCAI-AP-00396.jpg,MICCAI-2019,21845,3,17,0.0769230769230769,1.0860670162777555,1.0768230594177797,0.9872422404070451,0.09882477587071037
test:21846,test,miccai_2019:image:MICCAI-AP-00396,images/miccai_2019/MICCAI-AP-00396.jpg,MICCAI-2019,21846,4,17,0.0769230769230769,1.1396003066576945,1.0,1.0168511308729649,0.12274917578472966
test:21847,test,miccai_2019:image:MICCAI-AP-00396,images/miccai_2019/MICCAI-AP-00396.jpg,MICCAI-2019,21847,5,17,0.0769230769230769,0.8953677236481956,1.0116622703057154,0.8998624863010272,0.004494762652831552
test:21848,test,miccai_2019:image:MICCAI-AP-00396,images/miccai_2019/MICCAI-AP-00396.jpg,MICCAI-2019,21848,6,17,0.0769230769230769,1.0147317398327536,0.96056451035698,0.9587755618108162,0.05595617802193731
test:21849,test,miccai_2019:image:MICCAI-AP-00396,images/miccai_2019/MICCAI-AP-00396.jpg,MICCAI-2019,21849,7,17,0.0769230769230769,1.0124835710022682,1.0,0.9825106784701347,0.02997289253213342
test:21850,test,miccai_2019:image:MICCAI-AP-00396,images/miccai_2019/MICCAI-AP-00396.jpg,MICCAI-2019,21850,8,17,0.0769230769230769,0.9731508701877476,1.0237361090275554,0.9982849499228506,0.025134079735102954
test:21851,test,miccai_2019:image:MICCAI-AP-00396,images/miccai_2019/MICCAI-AP-00396.jpg,MICCAI-2019,21851,9,17,0.0769230769230769,1.0628678784882286,0.9830732738082155,1.011970119685386,0.05089775880284253
test:21852,test,miccai_2019:image:MICCAI-AP-00396,images/miccai_2019/MICCAI-AP-00396.jpg,MICCAI-2019,21852,10,17,0.0769230769230769,0.9021096339214084,1.0053037480602427,0.9943291350419088,0.09221950112050037
test:21853,test,miccai_2019:image:MICCAI-AP-00396,images/miccai_2019/MICCAI-AP-00396.jpg,MICCAI-2019,21853,11,17,0.0769230769230769,1.0364901277938912,0.966107985420127,1.000687884582181,0.035802243211710216
test:21854,test,miccai_2019:image:MICCAI-AP-00396,images/miccai_2019/MICCAI-AP-00396.jpg,MICCAI-2019,21854,12,17,0.0769230769230769,0.9994240818372809,1.0,0.9924597628414631,0.006964318995817842
test:21855,test,miccai_2019:image:MICCAI-AP-00396,images/miccai_2019/MICCAI-AP-00396.jpg,MICCAI-2019,21855,13,17,0.0769230769230769,0.952541740206164,0.9993837474724863,1.000449552561215,0.04790781235505093
test:21856,test,miccai_2019:image:MICCAI-AP-00396,images/miccai_2019/MICCAI-AP-00396.jpg,MICCAI-2019,21856,14,17,0.0769230769230769,1.0425520252930056,0.9955374467002709,0.9658516066896279,0.07670041860337773
test:21857,test,miccai_2019:image:MICCAI-AP-00396,images/miccai_2019/MICCAI-AP-00396.jpg,MICCAI-2019,21857,15,17,0.0769230769230769,0.9801739624112202,1.0079633698485493,1.0279815376423,0.04780757523107981
test:21879,test,miccai_2019:image:MICCAI-AP-00398,images/miccai_2019/MICCAI-AP-00398.jpg,MICCAI-2019,21879,3,17,0.0769230769230769,1.1032098166091244,1.0363856368608027,1.0133374464607983,0.08987237014832616
test:21880,test,miccai_2019:image:MICCAI-AP-00398,images/miccai_2019/MICCAI-AP-00398.jpg,MICCAI-2019,21880,4,17,0.0769230769230769,0.8708884175507182,0.9559215706732302,0.9029809747781783,0.03209255722746007
test:21881,test,miccai_2019:image:MICCAI-AP-00398,images/miccai_2019/MICCAI-AP-00398.jpg,MICCAI-2019,21881,5,17,0.0769230769230769,0.7731588856248233,0.9465979042828978,0.841818578857273,0.06865969323244969
test:21882,test,miccai_2019:image:MICCAI-AP-00398,images/miccai_2019/MICCAI-AP-00398.jpg,MICCAI-2019,21882,6,17,0.0769230769230769,0.9679492176888076,0.9999999999999998,0.8562992066144941,0.1116500110743135
test:21883,test,miccai_2019:image:MICCAI-AP-00398,images/miccai_2019/MICCAI-AP-00398.jpg,MICCAI-2019,21883,7,17,0.0769230769230769,1.126661007633132,0.9999999999999999,0.9803587682545184,0.14630223937861364
test:21884,test,miccai_2019:image:MICCAI-AP-00398,images/miccai_2019/MICCAI-AP-00398.jpg,MICCAI-2019,21884,8,17,0.0769230769230769,0.9674904616430477,1.0,0.9765973687171936,0.009106907074145854
test:21885,test,miccai_2019:image:MICCAI-AP-00398,images/miccai_2019/MICCAI-AP-00398.jpg,MICCAI-2019,21885,9,17,0.0769230769230769,0.9716751665661546,0.9999999999999998,0.9558499976992605,0.015825168866894113
test:21886,test,miccai_2019:image:MICCAI-AP-00398,images/miccai_2019/MICCAI-AP-00398.jpg,MICCAI-2019,21886,10,17,0.0769230769230769,1.0992655907985638,1.057676837822855,1.033708344256938,0.06555724654162587
test:21887,test,miccai_2019:image:MICCAI-AP-00398,images/miccai_2019/MICCAI-AP-00398.jpg,MICCAI-2019,21887,11,17,0.0769230769230769,1.1744874112070154,1.0791996631799345,1.1445385728059416,0.029948838401073763
test:21888,test,miccai_2019:image:MICCAI-AP-00398,images/miccai_2019/MICCAI-AP-00398.jpg,MICCAI-2019,21888,12,17,0.0769230769230769,1.1171298875034434,1.0291167067548306,0.9854528324862988,0.13167705501714466
test:21889,test,miccai_2019:image:MICCAI-AP-00398,images/miccai_2019/MICCAI-AP-00398.jpg,MICCAI-2019,21889,13,17,0.0769230769230769,0.7697326936663444,0.9194665757067287,0.8870706205315674,0.11733792686522293
test:21890,test,miccai_2019:image:MICCAI-AP-00398,images/miccai_2019/MICCAI-AP-00398.jpg,MICCAI-2019,21890,14,17,0.0769230769230769,0.7908942544850894,0.8616334293568456,0.8308296427661502,0.0399353882810608
test:21891,test,miccai_2019:image:MICCAI-AP-00398,images/miccai_2019/MICCAI-AP-00398.jpg,MICCAI-2019,21891,15,17,0.0769230769230769,1.035789996711897,1.0000000000000002,1.0533990003168585,0.017609003604961426
test:22542,test,miccai_2019:image:MICCAI-AP-00437,images/miccai_2019/MICCAI-AP-00437.jpg,MICCAI-2019,22542,3,17,0.0769230769230769,1.1715136330457465,0.9999999999999999,1.0659815967082977,0.10553203633744879
test:22543,test,miccai_2019:image:MICCAI-AP-00437,images/miccai_2019/MICCAI-AP-00437.jpg,MICCAI-2019,22543,4,17,0.0769230769230769,0.9594130751139174,0.9999999999999999,0.9821342453360556,0.022721170222138265
test:22544,test,miccai_2019:image:MICCAI-AP-00437,images/miccai_2019/MICCAI-AP-00437.jpg,MICCAI-2019,22544,5,17,0.0769230769230769,0.9555909428096367,0.9760787176235994,0.9602415306761345,0.004650587866497746
test:22545,test,miccai_2019:image:MICCAI-AP-00437,images/miccai_2019/MICCAI-AP-00437.jpg,MICCAI-2019,22545,6,17,0.0769230769230769,1.0609963334416177,1.0449344793676039,1.02592335253643,0.035072980905187734
test:22546,test,miccai_2019:image:MICCAI-AP-00437,images/miccai_2019/MICCAI-AP-00437.jpg,MICCAI-2019,22546,7,17,0.0769230769230769,1.0843905923034538,1.0197204037359613,0.9930007963231462,0.09138979598030761
test:22547,test,miccai_2019:image:MICCAI-AP-00437,images/miccai_2019/MICCAI-AP-00437.jpg,MICCAI-2019,22547,8,17,0.0769230769230769,0.9393623865086467,0.9848032861085158,0.9659284005941372,0.02656601408549053
test:22548,test,miccai_2019:image:MICCAI-AP-00437,images/miccai_2019/MICCAI-AP-00437.jpg,MICCAI-2019,22548,9,17,0.0769230769230769,0.9289471377312128,0.9591124497718164,0.9516832239358672,0.022736086204654393
test:22549,test,miccai_2019:image:MICCAI-AP-00437,images/miccai_2019/MICCAI-AP-00437.jpg,MICCAI-2019,22549,10,17,0.0769230769230769,0.9950727411423168,1.0,1.0107568223029375,0.0156840811606207
test:22550,test,miccai_2019:image:MICCAI-AP-00437,images/miccai_2019/MICCAI-AP-00437.jpg,MICCAI-2019,22550,11,17,0.0769230769230769,1.0318049603275838,1.0165294734081955,1.0375035376540156,0.005698577326431753
test:22551,test,miccai_2019:image:MICCAI-AP-00437,images/miccai_2019/MICCAI-AP-00437.jpg,MICCAI-2019,22551,12,17,0.0769230769230769,1.0624447167018514,1.0244078777529793,1.0444248422779636,0.01801987442388775
test:22552,test,miccai_2019:image:MICCAI-AP-00437,images/miccai_2019/MICCAI-AP-00437.jpg,MICCAI-2019,22552,13,17,0.0769230769230769,0.9894909067401787,0.9817240572787012,1.0034340265459503,0.013943119805771564
test:22553,test,miccai_2019:image:MICCAI-AP-00437,images/miccai_2019/MICCAI-AP-00437.jpg,MICCAI-2019,22553,14,17,0.0769230769230769,0.9377314103185707,1.017972059696945,1.0218388556130553,0.08410744529448466
test:22554,test,miccai_2019:image:MICCAI-AP-00437,images/miccai_2019/MICCAI-AP-00437.jpg,MICCAI-2019,22554,15,17,0.0769230769230769,1.0746635218902212,0.9761553225773192,1.0468062950032568,0.027857226886964348
test:22712,test,miccai_2019:image:MICCAI-AP-00447,images/miccai_2019/MICCAI-AP-00447.jpg,MICCAI-2019,22712,3,17,0.0769230769230769,0.8237433116342718,1.0,1.0113778915256262,0.18763457989135435
test:22713,test,miccai_2019:image:MICCAI-AP-00447,images/miccai_2019/MICCAI-AP-00447.jpg,MICCAI-2019,22713,4,17,0.0769230769230769,0.868616727397087,0.9137731193201863,0.9943697823779905,0.1257530549809035
test:22714,test,miccai_2019:image:MICCAI-AP-00447,images/miccai_2019/MICCAI-AP-00447.jpg,MICCAI-2019,22714,5,17,0.0769230769230769,1.0153631971713915,1.0,1.0584715083241463,0.04310831115275482
test:22715,test,miccai_2019:image:MICCAI-AP-00447,images/miccai_2019/MICCAI-AP-00447.jpg,MICCAI-2019,22715,6,17,0.0769230769230769,1.07643077182448,1.0439159187346347,1.004145226147736,0.07228554567674417
test:22716,test,miccai_2019:image:MICCAI-AP-00447,images/miccai_2019/MICCAI-AP-00447.jpg,MICCAI-2019,22716,7,17,0.0769230769230769,1.0860778253148726,1.0,1.0575299561023712,0.02854786921250141
test:22717,test,miccai_2019:image:MICCAI-AP-00447,images/miccai_2019/MICCAI-AP-00447.jpg,MICCAI-2019,22717,8,17,0.0769230769230769,0.8982360178312048,1.0,1.0272936150431633,0.12905759721195853
test:22718,test,miccai_2019:image:MICCAI-AP-00447,images/miccai_2019/MICCAI-AP-00447.jpg,MICCAI-2019,22718,9,17,0.0769230769230769,1.0098852249230688,0.964390485970757,0.9685797895812309,0.04130543534183784
test:22719,test,miccai_2019:image:MICCAI-AP-00447,images/miccai_2019/MICCAI-AP-00447.jpg,MICCAI-2019,22719,10,17,0.0769230769230769,1.0712884256652861,1.0556768612182164,1.0136512541389489,0.057637171526337294
test:22720,test,miccai_2019:image:MICCAI-AP-00447,images/miccai_2019/MICCAI-AP-00447.jpg,MICCAI-2019,22720,11,17,0.0769230769230769,1.025011703685975,0.9687012984114274,0.9856053935992106,0.03940631008676432
test:22721,test,miccai_2019:image:MICCAI-AP-00447,images/miccai_2019/MICCAI-AP-00447.jpg,MICCAI-2019,22721,12,17,0.0769230769230769,0.8997206395131475,1.040226342893218,1.0454693416049827,0.1457487020918352
test:22722,test,miccai_2019:image:MICCAI-AP-00447,images/miccai_2019/MICCAI-AP-00447.jpg,MICCAI-2019,22722,13,17,0.0769230769230769,1.1159540832695556,0.9649710395866298,1.0016067625516318,0.11434732071792375
test:22723,test,miccai_2019:image:MICCAI-AP-00447,images/miccai_2019/MICCAI-AP-00447.jpg,MICCAI-2019,22723,14,17,0.0769230769230769,0.9815383441076118,1.0418247295334377,0.9804355924739876,0.001102751633624166
test:22724,test,miccai_2019:image:MICCAI-AP-00447,images/miccai_2019/MICCAI-AP-00447.jpg,MICCAI-2019,22724,15,17,0.0769230769230769,0.9336416999980981,0.944962147072185,0.879628318742145,0.05401338125595312
test:22831,test,miccai_2019:image:MICCAI-AP-00454,images/miccai_2019/MICCAI-AP-00454.jpg,MICCAI-2019,22831,3,17,0.0769230769230769,1.0024784315211561,1.0000000000000004,1.0079069258645181,0.005428494343362011
test:22832,test,miccai_2019:image:MICCAI-AP-00454,images/miccai_2019/MICCAI-AP-00454.jpg,MICCAI-2019,22832,4,17,0.0769230769230769,1.0226865398293454,1.0277640388623137,0.9690684207991023,0.05361811903024316
test:22833,test,miccai_2019:image:MICCAI-AP-00454,images/miccai_2019/MICCAI-AP-00454.jpg,MICCAI-2019,22833,5,17,0.0769230769230769,1.1627937087026523,1.0702223872029135,1.0433782861762593,0.11941542252639303
test:22834,test,miccai_2019:image:MICCAI-AP-00454,images/miccai_2019/MICCAI-AP-00454.jpg,MICCAI-2019,22834,6,17,0.0769230769230769,1.0471323911840629,1.0072430143758253,1.0115222744337813,0.035610116750281584
test:22835,test,miccai_2019:image:MICCAI-AP-00454,images/miccai_2019/MICCAI-AP-00454.jpg,MICCAI-2019,22835,7,17,0.0769230769230769,0.8514974918267026,0.963483465543878,0.952925138815236,0.10142764698853335
test:22836,test,miccai_2019:image:MICCAI-AP-00454,images/miccai_2019/MICCAI-AP-00454.jpg,MICCAI-2019,22836,8,17,0.0769230769230769,0.9345412284337348,0.9392310033934211,0.9653946652459001,0.030853436812165347
test:22837,test,miccai_2019:image:MICCAI-AP-00454,images/miccai_2019/MICCAI-AP-00454.jpg,MICCAI-2019,22837,9,17,0.0769230769230769,0.9532097462548432,1.0,0.9488350227475166,0.004374723507326594
test:22838,test,miccai_2019:image:MICCAI-AP-00454,images/miccai_2019/MICCAI-AP-00454.jpg,MICCAI-2019,22838,10,17,0.0769230769230769,1.2140236023006155,1.1495125861747937,1.0734813781364636,0.14054222416415185
test:22839,test,miccai_2019:image:MICCAI-AP-00454,images/miccai_2019/MICCAI-AP-00454.jpg,MICCAI-2019,22839,11,17,0.0769230769230769,1.2021694792028492,1.0278768029970173,1.0063210141819958,0.1958484650208534
test:22840,test,miccai_2019:image:MICCAI-AP-00454,images/miccai_2019/MICCAI-AP-00454.jpg,MICCAI-2019,22840,12,17,0.0769230769230769,0.8310721333248121,1.0170494023116938,0.9322321120056025,0.10115997868079041
test:22841,test,miccai_2019:image:MICCAI-AP-00454,images/miccai_2019/MICCAI-AP-00454.jpg,MICCAI-2019,22841,13,17,0.0769230769230769,0.9737978651965987,0.9266078517665371,0.9517038044412837,0.02209406075531506
test:22842,test,miccai_2019:image:MICCAI-AP-00454,images/miccai_2019/MICCAI-AP-00454.jpg,MICCAI-2019,22842,14,17,0.0769230769230769,1.0179188593870125,1.0,0.9636592343449593,0.05425962504205328
test:22843,test,miccai_2019:image:MICCAI-AP-00454,images/miccai_2019/MICCAI-AP-00454.jpg,MICCAI-2019,22843,15,17,0.0769230769230769,1.0086453780648825,1.0386200494960247,1.0352860117692797,0.026640633704397176
test:22933,test,miccai_2019:image:MICCAI-AP-00460,images/miccai_2019/MICCAI-AP-00460.jpg,MICCAI-2019,22933,3,17,0.0769230769230769,0.958024681929444,1.0033418432783616,0.9604358644198907,0.002411182490446695
test:22934,test,miccai_2019:image:MICCAI-AP-00460,images/miccai_2019/MICCAI-AP-00460.jpg,MICCAI-2019,22934,4,17,0.0769230769230769,1.0185900523767029,0.9849762251598495,0.9800521033813911,0.03853794899531171
test:22935,test,miccai_2019:image:MICCAI-AP-00460,images/miccai_2019/MICCAI-AP-00460.jpg,MICCAI-2019,22935,5,17,0.0769230769230769,0.9983102779876721,1.0015850995533777,0.989932730501206,0.00837754748646613
test:22936,test,miccai_2019:image:MICCAI-AP-00460,images/miccai_2019/MICCAI-AP-00460.jpg,MICCAI-2019,22936,6,17,0.0769230769230769,0.9949633940135184,0.996713890733823,0.9832277903730718,0.011735603640446568
test:22937,test,miccai_2019:image:MICCAI-AP-00460,images/miccai_2019/MICCAI-AP-00460.jpg,MICCAI-2019,22937,7,17,0.0769230769230769,1.003451938433669,1.0253068210776768,1.0173785539563618,0.013926615522692698
test:22938,test,miccai_2019:image:MICCAI-AP-00460,images/miccai_2019/MICCAI-AP-00460.jpg,MICCAI-2019,22938,8,17,0.0769230769230769,1.048837273788354,0.9806899642393266,1.0133227063164387,0.03551456747191528
test:22939,test,miccai_2019:image:MICCAI-AP-00460,images/miccai_2019/MICCAI-AP-00460.jpg,MICCAI-2019,22939,9,17,0.0769230769230769,0.9286028142441818,0.9999999999999999,0.9460773468017577,0.017474532557575917
test:22940,test,miccai_2019:image:MICCAI-AP-00460,images/miccai_2019/MICCAI-AP-00460.jpg,MICCAI-2019,22940,10,17,0.0769230769230769,0.9026175390629034,0.9604597206128014,0.9695073946279658,0.06688985556506233
test:22941,test,miccai_2019:image:MICCAI-AP-00460,images/miccai_2019/MICCAI-AP-00460.jpg,MICCAI-2019,22941,11,17,0.0769230769230769,1.026969031698132,1.0,1.0233691986650229,0.0035998330331090678
test:22942,test,miccai_2019:image:MICCAI-AP-00460,images/miccai_2019/MICCAI-AP-00460.jpg,MICCAI-2019,22942,12,17,0.0769230769230769,1.051628006087919,1.0038484786831798,1.0138832680144372,0.03774473807348189
test:22943,test,miccai_2019:image:MICCAI-AP-00460,images/miccai_2019/MICCAI-AP-00460.jpg,MICCAI-2019,22943,13,17,0.0769230769230769,1.0485019747224897,1.0429526496164894,1.0305695956059193,0.01793237911657042
test:22944,test,miccai_2019:image:MICCAI-AP-00460,images/miccai_2019/MICCAI-AP-00460.jpg,MICCAI-2019,22944,14,17,0.0769230769230769,0.994340803520545,0.9589667646464878,0.9180814577517086,0.07625934576883642
test:22945,test,miccai_2019:image:MICCAI-AP-00460,images/miccai_2019/MICCAI-AP-00460.jpg,MICCAI-2019,22945,15,17,0.0769230769230769,0.9181271710180172,1.0052726883250018,0.9796068873065253,0.061479716288508124
test:23222,test,miccai_2019:image:MICCAI-AP-00477,images/miccai_2019/MICCAI-AP-00477.jpg,MICCAI-2019,23222,3,17,0.0769230769230769,0.8720810897132125,1.088161539921552,0.9942191435787977,0.12213805386558518
test:23223,test,miccai_2019:image:MICCAI-AP-00477,images/miccai_2019/MICCAI-AP-00477.jpg,MICCAI-2019,23223,4,17,0.0769230769230769,1.2897946672225666,1.020323435800549,1.0681978604071107,0.2215968068154559
test:23224,test,miccai_2019:image:MICCAI-AP-00477,images/miccai_2019/MICCAI-AP-00477.jpg,MICCAI-2019,23224,5,17,0.0769230769230769,1.2056527720773746,1.181631614030476,1.0864626062523082,0.11919016582506647
test:23225,test,miccai_2019:image:MICCAI-AP-00477,images/miccai_2019/MICCAI-AP-00477.jpg,MICCAI-2019,23225,6,17,0.0769230769230769,0.8731404847558845,1.0,0.994459567591548,0.1213190828356635
test:23226,test,miccai_2019:image:MICCAI-AP-00477,images/miccai_2019/MICCAI-AP-00477.jpg,MICCAI-2019,23226,7,17,0.0769230769230769,1.155750224592281,0.7996270205632217,0.9324452277079589,0.22330499688432215
test:23227,test,miccai_2019:image:MICCAI-AP-00477,images/miccai_2019/MICCAI-AP-00477.jpg,MICCAI-2019,23227,8,17,0.0769230769230769,0.4074280975139484,0.8837769968212901,1.0305340779722987,0.6231059804583503
test:23228,test,miccai_2019:image:MICCAI-AP-00477,images/miccai_2019/MICCAI-AP-00477.jpg,MICCAI-2019,23228,9,17,0.0769230769230769,0.6899932136282474,0.7478093414560602,0.8563038094893739,0.1663105958611265
test:23229,test,miccai_2019:image:MICCAI-AP-00477,images/miccai_2019/MICCAI-AP-00477.jpg,MICCAI-2019,23229,10,17,0.0769230769230769,1.4399939133590216,1.133369063829222,1.1194983970943477,0.3204955162646739
test:23230,test,miccai_2019:image:MICCAI-AP-00477,images/miccai_2019/MICCAI-AP-00477.jpg,MICCAI-2019,23230,11,17,0.0769230769230769,1.3832019721297386,1.2782288789151584,1.2839097417293464,0.09929223040039226
test:23231,test,miccai_2019:image:MICCAI-AP-00477,images/miccai_2019/MICCAI-AP-00477.jpg,MICCAI-2019,23231,12,17,0.0769230769230769,0.9056973617851434,0.8536602957628133,1.0427567614696387,0.13705939968449532
test:23232,test,miccai_2019:image:MICCAI-AP-00477,images/miccai_2019/MICCAI-AP-00477.jpg,MICCAI-2019,23232,13,17,0.0769230769230769,0.6102968300892131,0.9299907925579729,1.070232370779294,0.4599355406900809
test:23233,test,miccai_2019:image:MICCAI-AP-00477,images/miccai_2019/MICCAI-AP-00477.jpg,MICCAI-2019,23233,14,17,0.0769230769230769,0.9155071812556987,0.8329112131144831,0.9784601081158946,0.06295292686019582
test:23234,test,miccai_2019:image:MICCAI-AP-00477,images/miccai_2019/MICCAI-AP-00477.jpg,MICCAI-2019,23234,15,17,0.0769230769230769,1.19899756279769,1.338406800200463,1.4203244213957793,0.2213268585980892
test:23239,test,nih_chestx_ray14:patient:00000020,images/nih_chestxray14/NIH_00000020_002.png,NIH ChestX-ray14,23239,3,11,0.1428571428571428,0.9251743267289854,1.0,1.0582015998661518,0.13302727313716645
test:23240,test,nih_chestx_ray14:patient:00000020,images/nih_chestxray14/NIH_00000020_002.png,NIH ChestX-ray14,23240,4,11,0.1428571428571428,0.9741856799397086,0.9654237408926708,1.0147975315144282,0.04061185157471958
test:23241,test,nih_chestx_ray14:patient:00000020,images/nih_chestxray14/NIH_00000020_002.png,NIH ChestX-ray14,23241,5,11,0.1428571428571428,1.0040955576733457,1.0,0.9488790109753609,0.055216546697984814
test:23242,test,nih_chestx_ray14:patient:00000020,images/nih_chestxray14/NIH_00000020_002.png,NIH ChestX-ray14,23242,6,11,0.1428571428571428,1.0155132121480552,1.009410727013139,0.9968305949012319,0.018682617246823296
test:23243,test,nih_chestx_ray14:patient:00000020,images/nih_chestxray14/NIH_00000020_002.png,NIH ChestX-ray14,23243,7,11,0.1428571428571428,1.0262127919011392,1.0,0.9778699968010187,0.04834279510012052
test:23244,test,nih_chestx_ray14:patient:00000020,images/nih_chestxray14/NIH_00000020_002.png,NIH ChestX-ray14,23244,8,11,0.1428571428571428,0.9782503421615666,1.0,0.9774907976388931,0.000759544522673461
test:23245,test,nih_chestx_ray14:patient:00000020,images/nih_chestxray14/NIH_00000020_002.png,NIH ChestX-ray14,23245,9,11,0.1428571428571428,1.016942620786967,1.079833153133764,1.0697414311221978,0.05279881033523082
test:23250,test,nih_chestx_ray14:patient:00001205,images/nih_chestxray14/NIH_00001205_006.png,NIH ChestX-ray14,23250,3,11,0.0454545454545454,0.9914941263256835,1.0647762096996138,0.9856273583645652,0.005866767961118291
test:23251,test,nih_chestx_ray14:patient:00001205,images/nih_chestxray14/NIH_00001205_006.png,NIH ChestX-ray14,23251,4,11,0.0454545454545454,1.2009165587613908,1.0084427178251723,1.0080322470337784,0.19288431172761245
test:23252,test,nih_chestx_ray14:patient:00001205,images/nih_chestxray14/NIH_00001205_006.png,NIH ChestX-ray14,23252,5,11,0.0454545454545454,1.036781102264468,1.1104061126877571,0.989726451056173,0.047054651208294995
test:23253,test,nih_chestx_ray14:patient:00001205,images/nih_chestxray14/NIH_00001205_006.png,NIH ChestX-ray14,23253,6,11,0.0454545454545454,1.004605322767981,0.947155401735229,0.9927746063756175,0.011830716392363438
test:23254,test,nih_chestx_ray14:patient:00001205,images/nih_chestxray14/NIH_00001205_006.png,NIH ChestX-ray14,23254,7,11,0.0454545454545454,0.8619357188506647,0.9790333095535623,0.9044971201166497,0.042561401265985066
test:23255,test,nih_chestx_ray14:patient:00001205,images/nih_chestxray14/NIH_00001205_006.png,NIH ChestX-ray14,23255,8,11,0.0454545454545454,0.9022767679235656,0.9393732398312191,0.951404616193066,0.04912784826950045
test:23256,test,nih_chestx_ray14:patient:00001205,images/nih_chestxray14/NIH_00001205_006.png,NIH ChestX-ray14,23256,9,11,0.0454545454545454,1.0865143721435326,1.0,1.0505074225366116,0.03600694960692108
test:23261,test,nih_chestx_ray14:patient:00001205,images/nih_chestxray14/NIH_00001205_007.png,NIH ChestX-ray14,23261,3,12,0.0454545454545454,0.9725239429353918,1.0,1.0102190431207418,0.03769510018535005
test:23262,test,nih_chestx_ray14:patient:00001205,images/nih_chestxray14/NIH_00001205_007.png,NIH ChestX-ray14,23262,4,12,0.0454545454545454,1.0560890968773164,1.1148441071184902,1.0825161682935982,0.026427071416281755
test:23263,test,nih_chestx_ray14:patient:00001205,images/nih_chestxray14/NIH_00001205_007.png,NIH ChestX-ray14,23263,5,12,0.0454545454545454,1.2062738588081878,1.0,1.0344644859433174,0.1718093728648704
test:23264,test,nih_chestx_ray14:patient:00001205,images/nih_chestxray14/NIH_00001205_007.png,NIH ChestX-ray14,23264,6,12,0.0454545454545454,0.877337841514874,1.039802167530873,0.9334105662663963,0.05607272475152225
test:23265,test,nih_chestx_ray14:patient:00001205,images/nih_chestxray14/NIH_00001205_007.png,NIH ChestX-ray14,23265,7,12,0.0454545454545454,0.9729265670672085,0.9050383925392523,0.9322379104747668,0.040688656592441697
test:23266,test,nih_chestx_ray14:patient:00001205,images/nih_chestxray14/NIH_00001205_007.png,NIH ChestX-ray14,23266,8,12,0.0454545454545454,0.9669639198053286,1.0161109556457175,0.9774309200247897,0.01046700021946112
test:23267,test,nih_chestx_ray14:patient:00001205,images/nih_chestxray14/NIH_00001205_007.png,NIH ChestX-ray14,23267,9,12,0.0454545454545454,1.0537692992082088,0.9942556538610512,0.9818408287121707,0.07192847049603812
test:23268,test,nih_chestx_ray14:patient:00001205,images/nih_chestxray14/NIH_00001205_007.png,NIH ChestX-ray14,23268,10,12,0.0454545454545454,0.9548239237650737,0.9999999999999999,1.0410429239273071,0.08621900016223338
test:23273,test,nih_chestx_ray14:patient:00006596,images/nih_chestxray14/NIH_00006596_003.png,NIH ChestX-ray14,23273,3,9,0.2,0.842458332856527,1.0,0.890002578496933,0.047544245640405935
test:23274,test,nih_chestx_ray14:patient:00006596,images/nih_chestxray14/NIH_00006596_003.png,NIH ChestX-ray14,23274,4,9,0.2,0.954984520641921,0.9782316735148147,0.9741912893153444,0.019206768673423413
test:23275,test,nih_chestx_ray14:patient:00006596,images/nih_chestxray14/NIH_00006596_003.png,NIH ChestX-ray14,23275,5,9,0.2,1.160676470451945,1.0,1.065309464931488,0.09536700552045696
test:23276,test,nih_chestx_ray14:patient:00006596,images/nih_chestxray14/NIH_00006596_003.png,NIH ChestX-ray14,23276,6,9,0.2,0.8907415925245241,0.9999999999999998,0.9035522043704984,0.012810611845974318
test:23277,test,nih_chestx_ray14:patient:00006596,images/nih_chestxray14/NIH_00006596_003.png,NIH ChestX-ray14,23277,7,9,0.2,1.0328248689249244,1.0179982885496923,0.9803074218111345,0.05251744711378992
test:23282,test,nih_chestx_ray14:patient:00006718,images/nih_chestxray14/NIH_00006718_000.png,NIH ChestX-ray14,23282,3,7,0.3333333333333333,1.003967475495101,1.0,1.009833856485784,0.005866380990683151
test:23283,test,nih_chestx_ray14:patient:00006718,images/nih_chestxray14/NIH_00006718_000.png,NIH ChestX-ray14,23283,4,7,0.3333333333333333,0.9333560076289611,0.9921901401731451,0.9827701392251332,0.04941413159617214
test:23284,test,nih_chestx_ray14:patient:00006718,images/nih_chestxray14/NIH_00006718_000.png,NIH ChestX-ray14,23284,5,7,0.3333333333333333,1.0526950749747181,1.0556451727351117,1.0210136745771337,0.03168140039758449
test:23289,test,nih_chestx_ray14:patient:00007894,images/nih_chestxray14/NIH_00007894_007.png,NIH ChestX-ray14,23289,3,12,0.125,1.0644493782571756,1.078616458285754,1.072149477262204,0.007700099005028438
test:23290,test,nih_chestx_ray14:patient:00007894,images/nih_chestxray14/NIH_00007894_007.png,NIH ChestX-ray14,23290,4,12,0.125,1.1632550662671182,0.9999999999999998,1.0674292072653768,0.09582585900174134
test:23291,test,nih_chestx_ray14:patient:00007894,images/nih_chestxray14/NIH_00007894_007.png,NIH ChestX-ray14,23291,5,12,0.125,0.8581463206083517,0.9999999999999999,0.9311270564794539,0.07298073587110221
test:23292,test,nih_chestx_ray14:patient:00007894,images/nih_chestxray14/NIH_00007894_007.png,NIH ChestX-ray14,23292,6,12,0.125,0.9474361919173131,0.9228001579976262,0.9785937302148522,0.03115753829753909
test:23293,test,nih_chestx_ray14:patient:00007894,images/nih_chestxray14/NIH_00007894_007.png,NIH ChestX-ray14,23293,7,12,0.125,1.0284776375471494,1.0,1.0577669367194176,0.02928929917226819
test:23294,test,nih_chestx_ray14:patient:00007894,images/nih_chestxray14/NIH_00007894_007.png,NIH ChestX-ray14,23294,8,12,0.125,0.9534230508718796,0.9999999999999999,1.055159691721201,0.10173664084932132
test:23295,test,nih_chestx_ray14:patient:00007894,images/nih_chestxray14/NIH_00007894_007.png,NIH ChestX-ray14,23295,9,12,0.125,1.0034263204251213,1.0,1.0406569503247738,0.037230629899652534
test:23296,test,nih_chestx_ray14:patient:00007894,images/nih_chestxray14/NIH_00007894_007.png,NIH ChestX-ray14,23296,10,12,0.125,0.9891632795921885,1.0,0.9575929082930088,0.03157037129917972
test:23301,test,nih_chestx_ray14:patient:00008046,images/nih_chestxray14/NIH_00008046_000.png,NIH ChestX-ray14,23301,3,13,0.0555555555555555,0.8596585249091173,1.0,0.9965780840720981,0.13691955916298082
test:23302,test,nih_chestx_ray14:patient:00008046,images/nih_chestxray14/NIH_00008046_000.png,NIH ChestX-ray14,23302,4,13,0.0555555555555555,0.9622911028076135,0.9981596543622531,0.9980734544480314,0.035782351640417875
test:23303,test,nih_chestx_ray14:patient:00008046,images/nih_chestxray14/NIH_00008046_000.png,NIH ChestX-ray14,23303,5,13,0.0555555555555555,1.1677044401908816,1.0,1.0204738676548004,0.14723057253608118
test:23304,test,nih_chestx_ray14:patient:00008046,images/nih_chestxray14/NIH_00008046_000.png,NIH ChestX-ray14,23304,6,13,0.0555555555555555,0.990748228625568,1.0674960897385986,1.0198337347328574,0.02908550610728944
test:23305,test,nih_chestx_ray14:patient:00008046,images/nih_chestxray14/NIH_00008046_000.png,NIH ChestX-ray14,23305,7,13,0.0555555555555555,0.9754219786758639,0.93574983118806,0.9786571995798122,0.0032352209039483437
test:23306,test,nih_chestx_ray14:patient:00008046,images/nih_chestxray14/NIH_00008046_000.png,NIH ChestX-ray14,23306,8,13,0.0555555555555555,0.9128361770833221,1.0,0.9990677359746769,0.08623155889135481
test:23307,test,nih_chestx_ray14:patient:00008046,images/nih_chestxray14/NIH_00008046_000.png,NIH ChestX-ray14,23307,9,13,0.0555555555555555,1.0022036738866964,0.9777416338233225,1.0136342209784261,0.011430547091729748
test:23308,test,nih_chestx_ray14:patient:00008046,images/nih_chestxray14/NIH_00008046_000.png,NIH ChestX-ray14,23308,10,13,0.0555555555555555,0.9787882440287695,1.0,0.9906604150310159,0.011872171002246357
test:23309,test,nih_chestx_ray14:patient:00008046,images/nih_chestxray14/NIH_00008046_000.png,NIH ChestX-ray14,23309,11,13,0.0555555555555555,1.0170708920750469,1.0,0.9872799040749669,0.029790988000079954
test:23314,test,nih_chestx_ray14:patient:00008046,images/nih_chestxray14/NIH_00008046_018.png,NIH ChestX-ray14,23314,3,13,0.0555555555555555,0.93817891733439,0.9864250647400067,0.9972628888238714,0.05908397148948141
test:23315,test,nih_chestx_ray14:patient:00008046,images/nih_chestxray14/NIH_00008046_018.png,NIH ChestX-ray14,23315,4,13,0.0555555555555555,1.007148492627076,1.0106811183685291,0.9991314639517892,0.008017028675286753
test:23316,test,nih_chestx_ray14:patient:00008046,images/nih_chestxray14/NIH_00008046_018.png,NIH ChestX-ray14,23316,5,13,0.0555555555555555,1.0601745452173357,1.0,1.01692209020257,0.04325245501476571
test:23317,test,nih_chestx_ray14:patient:00008046,images/nih_chestxray14/NIH_00008046_018.png,NIH ChestX-ray14,23317,6,13,0.0555555555555555,0.954381980505103,1.0000000000000002,1.0075177992694082,0.053135818764305176
test:23318,test,nih_chestx_ray14:patient:00008046,images/nih_chestxray14/NIH_00008046_018.png,NIH ChestX-ray14,23318,7,13,0.0555555555555555,1.0060769839243648,0.9824516930194958,1.004889954677449,0.0011870292469158272
test:23319,test,nih_chestx_ray14:patient:00008046,images/nih_chestxray14/NIH_00008046_018.png,NIH ChestX-ray14,23319,8,13,0.0555555555555555,0.9575201896747281,1.0262433944220233,1.00948539580652,0.0519652061317919
test:23320,test,nih_chestx_ray14:patient:00008046,images/nih_chestxray14/NIH_00008046_018.png,NIH ChestX-ray14,23320,9,13,0.0555555555555555,1.098582617371648,0.9999999999999998,0.9989461846416814,0.09963643272996658
test:23321,test,nih_chestx_ray14:patient:00008046,images/nih_chestxray14/NIH_00008046_018.png,NIH ChestX-ray14,23321,10,13,0.0555555555555555,0.9361669196150091,1.0,0.9623952433466911,0.026228323731682046
test:23322,test,nih_chestx_ray14:patient:00008046,images/nih_chestxray14/NIH_00008046_018.png,NIH ChestX-ray14,23322,11,13,0.0555555555555555,1.0029430976177371,0.976937505440741,1.0032885214555554,0.00034542383781821506
test:23327,test,nih_chestx_ray14:patient:00008053,images/nih_chestxray14/NIH_00008053_000.png,NIH ChestX-ray14,23327,3,10,0.1666666666666666,0.8921583280996199,1.0148627309475486,0.9549507161949222,0.0627923880953023
test:23328,test,nih_chestx_ray14:patient:00008053,images/nih_chestxray14/NIH_00008053_000.png,NIH ChestX-ray14,23328,4,10,0.1666666666666666,1.2229599074528514,1.0,1.0548474416136742,0.16811246583917727
test:23329,test,nih_chestx_ray14:patient:00008053,images/nih_chestxray14/NIH_00008053_000.png,NIH ChestX-ray14,23329,5,10,0.1666666666666666,0.9251538271458917,1.0136763309128178,1.0366931934840573,0.11153936633816564
test:23330,test,nih_chestx_ray14:patient:00008053,images/nih_chestxray14/NIH_00008053_000.png,NIH ChestX-ray14,23330,6,10,0.1666666666666666,0.9484119933990394,0.9409680091360069,0.9954775445678687,0.04706555116882938
test:23331,test,nih_chestx_ray14:patient:00008053,images/nih_chestxray14/NIH_00008053_000.png,NIH ChestX-ray14,23331,7,10,0.1666666666666666,0.9180868730207838,0.9999999999999999,0.9747854471206664,0.05669857409988255
test:23332,test,nih_chestx_ray14:patient:00008053,images/nih_chestxray14/NIH_00008053_000.png,NIH ChestX-ray14,23332,8,10,0.1666666666666666,1.094820984806743,1.0057640502725802,0.9762494637196026,0.11857152108714031
test:23337,test,nih_chestx_ray14:patient:00008147,images/nih_chestxray14/NIH_00008147_013.png,NIH ChestX-ray14,23337,3,11,0.1428571428571428,1.0310059297376974,0.9886938046722984,1.0580546345620727,0.02704870482437527
test:23338,test,nih_chestx_ray14:patient:00008147,images/nih_chestxray14/NIH_00008147_013.png,NIH ChestX-ray14,23338,4,11,0.1428571428571428,1.074914979887827,1.034902951434357,1.0581523578018974,0.0167626220859296
test:23339,test,nih_chestx_ray14:patient:00008147,images/nih_chestxray14/NIH_00008147_013.png,NIH ChestX-ray14,23339,5,11,0.1428571428571428,1.0309795991268005,0.9998674631021252,0.9416104979715576,0.08936910115524288
test:23340,test,nih_chestx_ray14:patient:00008147,images/nih_chestxray14/NIH_00008147_013.png,NIH ChestX-ray14,23340,6,11,0.1428571428571428,0.9320480665109773,1.0018852056568606,1.0073610452568276,0.0753129787458503
test:23341,test,nih_chestx_ray14:patient:00008147,images/nih_chestxray14/NIH_00008147_013.png,NIH ChestX-ray14,23341,7,11,0.1428571428571428,1.009118610542589,0.9673845406632753,1.000867736713204,0.008250873829384942
test:23342,test,nih_chestx_ray14:patient:00008147,images/nih_chestxray14/NIH_00008147_013.png,NIH ChestX-ray14,23342,8,11,0.1428571428571428,0.9833869921502578,1.0,1.0113335829228163,0.027946590772558455
test:23343,test,nih_chestx_ray14:patient:00008147,images/nih_chestxray14/NIH_00008147_013.png,NIH ChestX-ray14,23343,9,11,0.1428571428571428,0.9985097714568667,0.9957732930332008,1.0535680613964382,0.055058289939571514
test:23348,test,nih_chestx_ray14:patient:00028543,images/nih_chestxray14/NIH_00028543_000.png,NIH ChestX-ray14,23348,3,10,0.1666666666666666,0.8594838216581857,1.0,0.8967670053243637,0.037283183666178
test:23349,test,nih_chestx_ray14:patient:00028543,images/nih_chestxray14/NIH_00028543_000.png,NIH ChestX-ray14,23349,4,10,0.1666666666666666,0.9742228778195119,1.01723708338754,0.8921471399785739,0.08207573784093802
test:23350,test,nih_chestx_ray14:patient:00028543,images/nih_chestxray14/NIH_00028543_000.png,NIH ChestX-ray14,23350,5,10,0.1666666666666666,1.1642258547728135,0.9999999999999999,1.0086482353508472,0.15557761942196624
test:23351,test,nih_chestx_ray14:patient:00028543,images/nih_chestxray14/NIH_00028543_000.png,NIH ChestX-ray14,23351,6,10,0.1666666666666666,1.025978797654684,1.1534277688076204,1.1423948456828898,0.11641604802820593
test:23352,test,nih_chestx_ray14:patient:00028543,images/nih_chestxray14/NIH_00028543_000.png,NIH ChestX-ray14,23352,7,10,0.1666666666666666,1.1866457362108234,0.9371129938497094,1.094795755399659,0.09184998081116436
test:23353,test,nih_chestx_ray14:patient:00028543,images/nih_chestxray14/NIH_00028543_000.png,NIH ChestX-ray14,23353,8,10,0.1666666666666666,0.770315157394272,1.0,0.9691761918365955,0.1988610344423235
test:23358,test,nih_chestx_ray14:patient:00028996,images/nih_chestxray14/NIH_00028996_004.png,NIH ChestX-ray14,23358,3,9,0.2,0.8648355358008057,1.0,0.9126611649990082,0.047825629198202435
test:23359,test,nih_chestx_ray14:patient:00028996,images/nih_chestxray14/NIH_00028996_004.png,NIH ChestX-ray14,23359,4,9,0.2,1.0577478028518466,0.9890450571717407,0.9405782145501759,0.11716958830167068
test:23360,test,nih_chestx_ray14:patient:00028996,images/nih_chestxray14/NIH_00028996_004.png,NIH ChestX-ray14,23360,5,9,0.2,1.0130151542297214,1.0328414497107201,0.872150173518055,0.14086498071166642
test:23361,test,nih_chestx_ray14:patient:00028996,images/nih_chestxray14/NIH_00028996_004.png,NIH ChestX-ray14,23361,6,9,0.2,1.125854133516895,1.0313728736660002,0.9562176676413534,0.1696364658755416
test:23362,test,nih_chestx_ray14:patient:00028996,images/nih_chestxray14/NIH_00028996_004.png,NIH ChestX-ray14,23362,7,9,0.2,0.9972202507510731,0.9982604582621384,0.9316737030460167,0.06554654770505641
test:23367,test,nih_chestx_ray14:patient:00029778,images/nih_chestxray14/NIH_00029778_000.png,NIH ChestX-ray14,23367,3,11,0.1428571428571428,1.1002807339397602,1.0,1.0118655497208238,0.08841518421893646
test:23368,test,nih_chestx_ray14:patient:00029778,images/nih_chestxray14/NIH_00029778_000.png,NIH ChestX-ray14,23368,4,11,0.1428571428571428,0.9064262771635234,1.0410922858783414,1.0059136804112603,0.09948740324773686
test:23369,test,nih_chestx_ray14:patient:00029778,images/nih_chestxray14/NIH_00029778_000.png,NIH ChestX-ray14,23369,5,11,0.1428571428571428,1.1504249097776786,0.9873333075922597,1.0643999675196278,0.0860249422580508
test:23370,test,nih_chestx_ray14:patient:00029778,images/nih_chestxray14/NIH_00029778_000.png,NIH ChestX-ray14,23370,6,11,0.1428571428571428,0.926600707952022,1.0,0.9737416990101337,0.04714099105811176
test:23371,test,nih_chestx_ray14:patient:00029778,images/nih_chestxray14/NIH_00029778_000.png,NIH ChestX-ray14,23371,7,11,0.1428571428571428,0.9881379622653147,0.9648532309926923,0.9655774093241307,0.022560552941183976
test:23372,test,nih_chestx_ray14:patient:00029778,images/nih_chestxray14/NIH_00029778_000.png,NIH ChestX-ray14,23372,8,11,0.1428571428571428,1.0081790508813298,1.0040406710916008,0.9729513801150764,0.03522767076625333
test:23373,test,nih_chestx_ray14:patient:00029778,images/nih_chestxray14/NIH_00029778_000.png,NIH ChestX-ray14,23373,9,11,0.1428571428571428,1.0135513755536678,1.0,1.00747103523463,0.0060803403190377026
test:23378,test,nih_chestx_ray14:patient:00029963,images/nih_chestxray14/NIH_00029963_000.png,NIH ChestX-ray14,23378,3,12,0.125,0.9601441215879745,0.962225514797871,0.9266303212925838,0.03351380029539064
test:23379,test,nih_chestx_ray14:patient:00029963,images/nih_chestxray14/NIH_00029963_000.png,NIH ChestX-ray14,23379,4,12,0.125,0.9124342034463826,1.0122937546046837,0.9858968094857796,0.07346260603939703
test:23380,test,nih_chestx_ray14:patient:00029963,images/nih_chestxray14/NIH_00029963_000.png,NIH ChestX-ray14,23380,5,12,0.125,1.1200567148906162,1.0,1.0398275777697563,0.08022913712085988
test:23381,test,nih_chestx_ray14:patient:00029963,images/nih_chestxray14/NIH_00029963_000.png,NIH ChestX-ray14,23381,6,12,0.125,0.9536339903261553,0.9999999999999999,1.0124362353235483,0.05880224499739306
test:23382,test,nih_chestx_ray14:patient:00029963,images/nih_chestxray14/NIH_00029963_000.png,NIH ChestX-ray14,23382,7,12,0.125,1.0131847750748215,1.0160662409276997,1.0465436958135401,0.0333589207387186
test:23383,test,nih_chestx_ray14:patient:00029963,images/nih_chestxray14/NIH_00029963_000.png,NIH ChestX-ray14,23383,8,12,0.125,1.0632008866274054,1.0,0.9963532979600132,0.06684758866739227
test:23384,test,nih_chestx_ray14:patient:00029963,images/nih_chestxray14/NIH_00029963_000.png,NIH ChestX-ray14,23384,9,12,0.125,0.9664007363654434,1.0099799000428817,0.9702810943828724,0.00388035801742892
test:23385,test,nih_chestx_ray14:patient:00029963,images/nih_chestxray14/NIH_00029963_000.png,NIH ChestX-ray14,23385,10,12,0.125,0.9981465522983461,0.9753950516130672,0.9560792221125112,0.04206733018583497
test:23390,test,nih_chestx_ray14:patient:00030121,images/nih_chestxray14/NIH_00030121_001.png,NIH ChestX-ray14,23390,3,13,0.1111111111111111,0.9642322650698876,1.0,0.9828841052949429,0.018651840225055283
test:23391,test,nih_chestx_ray14:patient:00030121,images/nih_chestxray14/NIH_00030121_001.png,NIH ChestX-ray14,23391,4,13,0.1111111111111111,0.9576929172964155,0.9798073378597294,0.9663902308066283,0.008697313510212856
test:23392,test,nih_chestx_ray14:patient:00030121,images/nih_chestxray14/NIH_00030121_001.png,NIH ChestX-ray14,23392,5,13,0.1111111111111111,1.02701609127632,1.0112824643006266,1.0181834551481248,0.008832636128195182
test:23393,test,nih_chestx_ray14:patient:00030121,images/nih_chestxray14/NIH_00030121_001.png,NIH ChestX-ray14,23393,6,13,0.1111111111111111,1.030701469195395,0.9999999999999999,1.0473553910851479,0.016653921889752787
test:23394,test,nih_chestx_ray14:patient:00030121,images/nih_chestxray14/NIH_00030121_001.png,NIH ChestX-ray14,23394,7,13,0.1111111111111111,0.9606555534920722,1.0,1.0113475183025002,0.050691964810428036
test:23395,test,nih_chestx_ray14:patient:00030121,images/nih_chestxray14/NIH_00030121_001.png,NIH ChestX-ray14,23395,8,13,0.1111111111111111,0.9746079911657768,0.9900811214725702,1.0064874508212536,0.03187945965547678
test:23396,test,nih_chestx_ray14:patient:00030121,images/nih_chestxray14/NIH_00030121_001.png,NIH ChestX-ray14,23396,9,13,0.1111111111111111,1.0355848669601744,0.9999999999999999,1.0020298641175032,0.03355500284267121
test:23397,test,nih_chestx_ray14:patient:00030121,images/nih_chestxray14/NIH_00030121_001.png,NIH ChestX-ray14,23397,10,13,0.1111111111111111,0.9595267171887889,1.0063474421624972,0.9505676311676337,0.00895908602115525
test:23398,test,nih_chestx_ray14:patient:00030121,images/nih_chestxray14/NIH_00030121_001.png,NIH ChestX-ray14,23398,11,13,0.1111111111111111,1.1171463144810827,1.0550727043708021,1.0423609512333925,0.07478536324769025
test:23403,test,nih_chestx_ray14:patient:00030209,images/nih_chestxray14/NIH_00030209_001.png,NIH ChestX-ray14,23403,3,13,0.04,0.9727175704245123,0.9660811508106717,1.0644727656650075,0.09175519524049514
test:23404,test,nih_chestx_ray14:patient:00030209,images/nih_chestxray14/NIH_00030209_001.png,NIH ChestX-ray14,23404,4,13,0.04,0.8603369486989314,0.9709032621294604,0.9661020632893191,0.10576511459038773
test:23405,test,nih_chestx_ray14:patient:00030209,images/nih_chestxray14/NIH_00030209_001.png,NIH ChestX-ray14,23405,5,13,0.04,0.9860604830208775,0.965409597380583,0.9820525031523153,0.0040079798685621615
test:23406,test,nih_chestx_ray14:patient:00030209,images/nih_chestxray14/NIH_00030209_001.png,NIH ChestX-ray14,23406,6,13,0.04,1.0461482372543152,1.0,0.9959306842647493,0.05021755298956587
test:23407,test,nih_chestx_ray14:patient:00030209,images/nih_chestxray14/NIH_00030209_001.png,NIH ChestX-ray14,23407,7,13,0.04,1.016205175219826,1.05417988861252,1.0448758885477893,0.028670713327963337
test:23408,test,nih_chestx_ray14:patient:00030209,images/nih_chestxray14/NIH_00030209_001.png,NIH ChestX-ray14,23408,8,13,0.04,1.0873684118540086,0.9922031593293001,1.024319445785885,0.06304896606812349
test:23409,test,nih_chestx_ray14:patient:00030209,images/nih_chestxray14/NIH_00030209_001.png,NIH ChestX-ray14,23409,9,13,0.04,0.8656092464285718,1.0,0.9789177551865578,0.11330850875798593
test:23410,test,nih_chestx_ray14:patient:00030209,images/nih_chestxray14/NIH_00030209_001.png,NIH ChestX-ray14,23410,10,13,0.04,1.0300943803351137,0.9531717562956619,0.9800723960531759,0.050021984281937826
test:23411,test,nih_chestx_ray14:patient:00030209,images/nih_chestxray14/NIH_00030209_001.png,NIH ChestX-ray14,23411,11,13,0.04,1.0285995681951339,1.0645856546454366,1.066997348678508,0.038397780483374166
test:23416,test,nih_chestx_ray14:patient:00030209,images/nih_chestxray14/NIH_00030209_008.png,NIH ChestX-ray14,23416,3,13,0.04,1.012034298587975,1.0078171572082357,0.9903591299795227,0.0216751686084522
test:23417,test,nih_chestx_ray14:patient:00030209,images/nih_chestxray14/NIH_00030209_008.png,NIH ChestX-ray14,23417,4,13,0.04,1.004572551839209,0.9916046960180478,0.9755466664111094,0.029025885428099585
test:23418,test,nih_chestx_ray14:patient:00030209,images/nih_chestxray14/NIH_00030209_008.png,NIH ChestX-ray14,23418,5,13,0.04,0.9297310079247052,0.965624825732995,0.9821433701386938,0.052412362213988595
test:23419,test,nih_chestx_ray14:patient:00030209,images/nih_chestxray14/NIH_00030209_008.png,NIH ChestX-ray14,23419,6,13,0.04,0.923514344112508,0.9730014408955993,0.9856418286467613,0.06212748453425332
test:23420,test,nih_chestx_ray14:patient:00030209,images/nih_chestxray14/NIH_00030209_008.png,NIH ChestX-ray14,23420,7,13,0.04,1.0211223851627147,1.0147677764167882,0.9993092000355817,0.02181318512713304
test:23421,test,nih_chestx_ray14:patient:00030209,images/nih_chestxray14/NIH_00030209_008.png,NIH ChestX-ray14,23421,8,13,0.04,1.0614916734152158,1.0,0.9898518063127995,0.07163986710241632
test:23422,test,nih_chestx_ray14:patient:00030209,images/nih_chestxray14/NIH_00030209_008.png,NIH ChestX-ray14,23422,9,13,0.04,0.9678252504019,1.0,1.008724325336516,0.040899074934615864
test:23423,test,nih_chestx_ray14:patient:00030209,images/nih_chestxray14/NIH_00030209_008.png,NIH ChestX-ray14,23423,10,13,0.04,0.9816135232833153,0.9872286452277402,1.0065848866774538,0.024971363394138524
test:23424,test,nih_chestx_ray14:patient:00030209,images/nih_chestxray14/NIH_00030209_008.png,NIH ChestX-ray14,23424,11,13,0.04,1.0696796554115129,1.0953690714265885,1.0671644049759688,0.002515250435544125
test:23429,test,nih_chestx_ray14:patient:00030387,images/nih_chestxray14/NIH_00030387_000.png,NIH ChestX-ray14,23429,3,9,0.2,0.8627696112033548,1.0,0.9991199354408309,0.13635032423747606
test:23430,test,nih_chestx_ray14:patient:00030387,images/nih_chestxray14/NIH_00030387_000.png,NIH ChestX-ray14,23430,4,9,0.2,1.0317412472437688,0.9670348420789929,1.0605773061564656,0.028836058912696805
test:23431,test,nih_chestx_ray14:patient:00030387,images/nih_chestxray14/NIH_00030387_000.png,NIH ChestX-ray14,23431,5,9,0.2,1.02647456536041,0.9999999999999999,1.016737112775445,0.009737452584964945
test:23432,test,nih_chestx_ray14:patient:00030387,images/nih_chestxray14/NIH_00030387_000.png,NIH ChestX-ray14,23432,6,9,0.2,0.9494294952475539,1.0000000000000002,0.9758878201246264,0.026458324877072448
test:23433,test,nih_chestx_ray14:patient:00030387,images/nih_chestxray14/NIH_00030387_000.png,NIH ChestX-ray14,23433,7,9,0.2,1.061725974621647,1.0167157005903933,1.0195531594486598,0.04217281517298721
test:23436,test,lumos_ap:case:1,images/lumos_ap/lumos_AP_001.png,Lumos AP,23436,3,8,0.25,0.9926964272507994,0.9999999999999999,1.039750825613737,0.04705439836293768
test:23437,test,lumos_ap:case:1,images/lumos_ap/lumos_AP_001.png,Lumos AP,23437,4,8,0.25,0.880583335137932,1.0045833814411376,0.9684354666142676,0.08785213147633564
test:23438,test,lumos_ap:case:1,images/lumos_ap/lumos_AP_001.png,Lumos AP,23438,5,8,0.25,1.1065559810926446,0.9653187262523779,1.0070733296383032,0.09948265145434143
test:23439,test,lumos_ap:case:1,images/lumos_ap/lumos_AP_001.png,Lumos AP,23439,6,8,0.25,0.8941629965507674,0.9999999999999998,1.0101893758401272,0.11602637928935988
test:23444,test,lumos_ap:case:105,images/lumos_ap/lumos_AP_105.png,Lumos AP,23444,3,9,0.2,0.9590234022486982,1.0,0.970130568370223,0.011107166121524847
test:23445,test,lumos_ap:case:105,images/lumos_ap/lumos_AP_105.png,Lumos AP,23445,4,9,0.2,1.0313964961079662,1.0149478174330917,1.012888557282674,0.018507938825292225
test:23446,test,lumos_ap:case:105,images/lumos_ap/lumos_AP_105.png,Lumos AP,23446,5,9,0.2,1.0438872695482844,1.0048636723396025,1.0423328396019182,0.0015544299463661204
test:23447,test,lumos_ap:case:105,images/lumos_ap/lumos_AP_105.png,Lumos AP,23447,6,9,0.2,0.9750919333126287,0.9998283888391418,1.0149499288938206,0.03985799558119196
test:23448,test,lumos_ap:case:105,images/lumos_ap/lumos_AP_105.png,Lumos AP,23448,7,9,0.2,0.9644398913570117,0.9778038559571459,1.0168558580890847,0.05241596673207305
test:23459,test,lumos_ap:case:132,images/lumos_ap/lumos_AP_132.png,Lumos AP,23459,3,9,0.2,1.070015692764736,1.042941430533938,1.0348812853420897,0.035134407422646285
test:23453,test,lumos_ap:case:132,images/lumos_ap/lumos_AP_132.png,Lumos AP,23453,4,9,0.2,0.9771322058336248,0.9594909932539185,0.9559722439926436,0.021159961840981234
test:23454,test,lumos_ap:case:132,images/lumos_ap/lumos_AP_132.png,Lumos AP,23454,5,9,0.2,0.8926332120578557,0.9841644524213631,0.9882832283702452,0.09565001631238945
test:23455,test,lumos_ap:case:132,images/lumos_ap/lumos_AP_132.png,Lumos AP,23455,6,9,0.2,1.0133119822313277,0.9667233876150558,1.00132300846395,0.01198897376737773
test:23456,test,lumos_ap:case:132,images/lumos_ap/lumos_AP_132.png,Lumos AP,23456,7,9,0.2,1.0282131653530748,1.0349406635156029,1.0474916685139888,0.01927850316091395
test:23467,test,lumos_ap:case:148,images/lumos_ap/lumos_AP_148.png,Lumos AP,23467,3,8,0.25,1.0099030198818941,1.006045220275932,0.970221290221029,0.03968172966086514
test:23462,test,lumos_ap:case:148,images/lumos_ap/lumos_AP_148.png,Lumos AP,23462,4,8,0.25,1.028291226497518,1.0,1.0051171104423702,0.023174116055147742
test:23463,test,lumos_ap:case:148,images/lumos_ap/lumos_AP_148.png,Lumos AP,23463,5,8,0.25,0.9870271634526878,1.0,0.9950284939259291,0.008001330473241253
test:23464,test,lumos_ap:case:148,images/lumos_ap/lumos_AP_148.png,Lumos AP,23464,6,8,0.25,0.9897507200962378,1.0154219089577532,1.0178948192893154,0.028144099193077587
test:23470,test,lumos_ap:case:151,images/lumos_ap/lumos_AP_151.png,Lumos AP,23470,3,8,0.25,1.1337224702376758,1.0,1.0235843360424042,0.11013813419527163
test:23471,test,lumos_ap:case:151,images/lumos_ap/lumos_AP_151.png,Lumos AP,23471,4,8,0.25,0.8644787495250754,1.004871198661522,0.9972085740751484,0.13272982455007298
test:23472,test,lumos_ap:case:151,images/lumos_ap/lumos_AP_151.png,Lumos AP,23472,5,8,0.25,0.9850442370228223,0.9255532764603999,0.9463356968721058,0.03870854015071645
test:23473,test,lumos_ap:case:151,images/lumos_ap/lumos_AP_151.png,Lumos AP,23473,6,8,0.25,1.065857983359971,1.0967363971330504,1.075255313427029,0.009397330067058007
test:23483,test,lumos_ap:case:152,images/lumos_ap/lumos_AP_152.png,Lumos AP,23483,3,8,0.25,0.9677632762511775,0.9496303330009463,0.987570168340731,0.01980689208955344
test:23478,test,lumos_ap:case:152,images/lumos_ap/lumos_AP_152.png,Lumos AP,23478,4,8,0.25,1.074880873393849,0.9999999999999999,1.0319637134671211,0.042917159926727955
test:23479,test,lumos_ap:case:152,images/lumos_ap/lumos_AP_152.png,Lumos AP,23479,5,8,0.25,0.9405509235700664,1.0046196776926828,0.9692170444429231,0.028666120872856693
test:23480,test,lumos_ap:case:152,images/lumos_ap/lumos_AP_152.png,Lumos AP,23480,6,8,0.25,1.06265157155907,0.9969815698718854,1.011378441311998,0.05127313024707214
test:23487,test,lumos_ap:case:159,images/lumos_ap/lumos_AP_159.png,Lumos AP,23487,3,7,0.3333333333333333,1.0645205904503978,1.1493169340565226,1.0548498752787134,0.009670715171684385
test:23488,test,lumos_ap:case:159,images/lumos_ap/lumos_AP_159.png,Lumos AP,23488,4,7,0.3333333333333333,1.302438580492235,1.0083722346893367,1.0239222976810154,0.27851628281121954
test:23489,test,lumos_ap:case:159,images/lumos_ap/lumos_AP_159.png,Lumos AP,23489,5,7,0.3333333333333333,0.9259504638038815,1.070867550336978,0.9091014980908843,0.01684896571299721
test:23493,test,lumos_ap:case:162,images/lumos_ap/lumos_AP_162.png,Lumos AP,23493,3,8,0.25,0.9742351963047098,0.9832934986723124,0.9985815899369775,0.02434639363226776
test:23494,test,lumos_ap:case:162,images/lumos_ap/lumos_AP_162.png,Lumos AP,23494,4,8,0.25,0.9266818563059771,0.9688828205815391,0.969139359554729,0.04245750324875186
test:23495,test,lumos_ap:case:162,images/lumos_ap/lumos_AP_162.png,Lumos AP,23495,5,8,0.25,0.9433289134790368,0.979116462728352,1.0068804869413084,0.06355157346227158
test:23496,test,lumos_ap:case:162,images/lumos_ap/lumos_AP_162.png,Lumos AP,23496,6,8,0.25,1.054938946783658,1.0,1.0706531181931496,0.015714171409491495
test:23502,test,lumos_ap:case:228,images/lumos_ap/lumos_AP_228.png,Lumos AP,23502,3,7,0.3333333333333333,1.1793951906454745,0.981755366562281,1.0345998462423425,0.14479534440313202
test:23503,test,lumos_ap:case:228,images/lumos_ap/lumos_AP_228.png,Lumos AP,23503,4,7,0.3333333333333333,0.827471656433908,0.9952818036203805,0.9139153987293664,0.08644374229545848
test:23504,test,lumos_ap:case:228,images/lumos_ap/lumos_AP_228.png,Lumos AP,23504,5,7,0.3333333333333333,0.9840273200463105,1.0,1.0203935522586107,0.036366232212300176
test:23516,test,lumos_ap:case:233,images/lumos_ap/lumos_AP_233.png,Lumos AP,23516,3,9,0.2,1.034183983749305,1.1004968845747243,1.0803225675128232,0.046138583763518204
test:23508,test,lumos_ap:case:233,images/lumos_ap/lumos_AP_233.png,Lumos AP,23508,4,9,0.2,1.2169013689531458,1.0147282361825893,1.0371202390482614,0.17978112990488437
test:23509,test,lumos_ap:case:233,images/lumos_ap/lumos_AP_233.png,Lumos AP,23509,5,9,0.2,0.9898523603160485,1.0706005070105458,1.058003078375783,0.0681507180597345
test:23510,test,lumos_ap:case:233,images/lumos_ap/lumos_AP_233.png,Lumos AP,23510,6,9,0.2,0.8962473542362692,0.9379030200383129,0.9987840125998917,0.10253665836362247
test:23511,test,lumos_ap:case:233,images/lumos_ap/lumos_AP_233.png,Lumos AP,23511,7,9,0.2,0.967468459371893,0.9864826132308104,0.987042949103971,0.019574489732077982
test:23519,test,lumos_ap:case:239,images/lumos_ap/lumos_AP_239.png,Lumos AP,23519,3,8,0.25,0.9570531278674836,1.0,1.0089804166927934,0.051927288825309725
test:23520,test,lumos_ap:case:239,images/lumos_ap/lumos_AP_239.png,Lumos AP,23520,4,8,0.25,0.9805677731060523,0.9017176258249293,0.9359131197316657,0.044654653374386566
test:23521,test,lumos_ap:case:239,images/lumos_ap/lumos_AP_239.png,Lumos AP,23521,5,8,0.25,0.8324207031060711,1.0350105639188545,0.9712648193924682,0.13884411628639715
test:23522,test,lumos_ap:case:239,images/lumos_ap/lumos_AP_239.png,Lumos AP,23522,6,8,0.25,1.1250660842980742,0.9535291273124606,1.0056161809690387,0.11944990332903549
test:23525,test,lumos_ap:case:245,images/lumos_ap/lumos_AP_245.png,Lumos AP,23525,3,8,0.25,1.1669750198312905,1.0,1.0121621834114194,0.1548128364198711
test:23526,test,lumos_ap:case:245,images/lumos_ap/lumos_AP_245.png,Lumos AP,23526,4,8,0.25,0.9121108554961448,1.0,0.9569046087563038,0.044793753260159
test:23527,test,lumos_ap:case:245,images/lumos_ap/lumos_AP_245.png,Lumos AP,23527,5,8,0.25,0.9179668834914473,0.9425425641395568,0.955558513306868,0.037591629815420746
test:23528,test,lumos_ap:case:245,images/lumos_ap/lumos_AP_245.png,Lumos AP,23528,6,8,0.25,1.035136516106031,1.0,1.0742509961128235,0.03911448000679241
test:23537,test,lumos_ap:case:247,images/lumos_ap/lumos_AP_247.png,Lumos AP,23537,3,7,0.3333333333333333,1.0192279042312242,1.0,1.0307297371327877,0.01150183290156348
test:23533,test,lumos_ap:case:247,images/lumos_ap/lumos_AP_247.png,Lumos AP,23533,4,7,0.3333333333333333,0.9954240915378684,0.9999999999999999,0.9272164776921271,0.06820761384574126
test:23534,test,lumos_ap:case:247,images/lumos_ap/lumos_AP_247.png,Lumos AP,23534,5,7,0.3333333333333333,1.0810080754653273,1.0691894172386,1.0252741045013736,0.055733970963953716
test:23542,test,lumos_ap:case:253,images/lumos_ap/lumos_AP_253.png,Lumos AP,23542,3,9,0.2,1.0802421347590387,0.9999999999999999,1.0939001590013504,0.013658024242311662
test:23543,test,lumos_ap:case:253,images/lumos_ap/lumos_AP_253.png,Lumos AP,23543,4,9,0.2,0.8546573679660683,1.0,0.9813249316066504,0.12666756364058207
test:23544,test,lumos_ap:case:253,images/lumos_ap/lumos_AP_253.png,Lumos AP,23544,5,9,0.2,1.032192360908088,0.9717188651464498,0.9913031446538484,0.04088921625423969
test:23545,test,lumos_ap:case:253,images/lumos_ap/lumos_AP_253.png,Lumos AP,23545,6,9,0.2,1.0405224214509352,1.0,1.018579499796033,0.021942921654902303
test:23546,test,lumos_ap:case:253,images/lumos_ap/lumos_AP_253.png,Lumos AP,23546,7,9,0.2,0.9805627101965604,1.0,1.0030422064010054,0.022479496204445004
test:23551,test,lumos_ap:case:268,images/lumos_ap/lumos_AP_268.png,Lumos AP,23551,3,6,0.5,0.8351709076057571,1.007772652739931,0.9845112062341461,0.14934029862838905
test:23552,test,lumos_ap:case:268,images/lumos_ap/lumos_AP_268.png,Lumos AP,23552,4,6,0.5,1.1075801256332776,0.9582498290630381,1.0393949740620654,0.06818515157121219
test:23556,test,lumos_ap:case:5,images/lumos_ap/lumos_AP_005.png,Lumos AP,23556,3,7,0.3333333333333333,0.870139280270884,0.9802003406939903,0.9680988422615329,0.09795956199064881
test:23557,test,lumos_ap:case:5,images/lumos_ap/lumos_AP_005.png,Lumos AP,23557,4,7,0.3333333333333333,1.1827936077311647,0.9920537833427181,1.0015079889749279,0.18128561875623683
test:23558,test,lumos_ap:case:5,images/lumos_ap/lumos_AP_005.png,Lumos AP,23558,5,7,0.3333333333333333,0.9391664218554061,1.0299050313982967,1.0210219695795182,0.08185554772411208
test:23564,test,nih_chestx_ray14:patient:00000042,images/nih_chestxray14/NIH_00000042_000.png,NIH ChestX-ray14,23564,3,8,0.25,0.982331728099419,1.0,0.9484254792332649,0.03390624886615412
test:23565,test,nih_chestx_ray14:patient:00000042,images/nih_chestxray14/NIH_00000042_000.png,NIH ChestX-ray14,23565,4,8,0.25,1.0799022255934156,1.0456986150467742,0.9955183586800445,0.08438386691337119
test:23566,test,nih_chestx_ray14:patient:00000042,images/nih_chestxray14/NIH_00000042_000.png,NIH ChestX-ray14,23566,5,8,0.25,1.0910787687882681,1.0239705787961575,1.0081666028117033,0.08291216597656481
test:23567,test,nih_chestx_ray14:patient:00000042,images/nih_chestxray14/NIH_00000042_000.png,NIH ChestX-ray14,23567,6,8,0.25,0.9385894505204727,0.9775599736142875,1.0376146520841838,0.09902520156371108
test:23572,test,nih_chestx_ray14:patient:00001205,images/nih_chestxray14/NIH_00001205_004.png,NIH ChestX-ray14,23572,3,11,0.0454545454545454,1.1380141251506788,0.9999999999999999,1.0244438163936138,0.11357030875706497
test:23573,test,nih_chestx_ray14:patient:00001205,images/nih_chestxray14/NIH_00001205_004.png,NIH ChestX-ray14,23573,4,11,0.0454545454545454,0.9504749980888849,1.002903587720452,0.9926884365967494,0.04221343850786452
test:23574,test,nih_chestx_ray14:patient:00001205,images/nih_chestxray14/NIH_00001205_004.png,NIH ChestX-ray14,23574,5,11,0.0454545454545454,1.0080846620693822,0.9763762423586816,0.9923316588443488,0.01575300322503337
test:23575,test,nih_chestx_ray14:patient:00001205,images/nih_chestxray14/NIH_00001205_004.png,NIH ChestX-ray14,23575,6,11,0.0454545454545454,0.9824182655213107,1.0289442573283127,0.9755553227458409,0.006862942775469838
test:23576,test,nih_chestx_ray14:patient:00001205,images/nih_chestxray14/NIH_00001205_004.png,NIH ChestX-ray14,23576,7,11,0.0454545454545454,1.06977813761895,0.9971539442418178,1.0013861394478043,0.06839199817114561
test:23577,test,nih_chestx_ray14:patient:00001205,images/nih_chestxray14/NIH_00001205_004.png,NIH ChestX-ray14,23577,8,11,0.0454545454545454,0.9662217759654361,1.0124520449563492,0.9786690300926197,0.012447254127183616
test:23578,test,nih_chestx_ray14:patient:00001205,images/nih_chestxray14/NIH_00001205_004.png,NIH ChestX-ray14,23578,9,11,0.0454545454545454,1.0224154373773273,1.0,0.993248148355633,0.029167289021694298
test:23583,test,nih_chestx_ray14:patient:00009005,images/nih_chestxray14/NIH_00009005_000.png,NIH ChestX-ray14,23583,3,14,0.1,1.027065829672424,0.9999999999999999,1.0429350659251213,0.015869236252697316
test:23584,test,nih_chestx_ray14:patient:00009005,images/nih_chestxray14/NIH_00009005_000.png,NIH ChestX-ray14,23584,4,14,0.1,1.0408850712182667,0.9999999999999999,0.9864632263779639,0.05442184484030277
test:23585,test,nih_chestx_ray14:patient:00009005,images/nih_chestxray14/NIH_00009005_000.png,NIH ChestX-ray14,23585,5,14,0.1,0.9990501896844628,1.0569073721239357,0.9722001492450028,0.026850040439460043
test:23586,test,nih_chestx_ray14:patient:00009005,images/nih_chestxray14/NIH_00009005_000.png,NIH ChestX-ray14,23586,6,14,0.1,1.1228106899152945,1.0054372529866846,1.0267310980143698,0.09607959190092474
test:23587,test,nih_chestx_ray14:patient:00009005,images/nih_chestxray14/NIH_00009005_000.png,NIH ChestX-ray14,23587,7,14,0.1,0.949277361401847,0.9918329746226049,0.9941761801248616,0.0448988187230146
test:23588,test,nih_chestx_ray14:patient:00009005,images/nih_chestxray14/NIH_00009005_000.png,NIH ChestX-ray14,23588,8,14,0.1,0.8435399277702252,0.9511040127166598,0.9684941912331669,0.1249542634629417
test:23589,test,nih_chestx_ray14:patient:00009005,images/nih_chestxray14/NIH_00009005_000.png,NIH ChestX-ray14,23589,9,14,0.1,1.08656079766513,0.9893588563751419,1.0184047362159927,0.06815606144913722
test:23590,test,nih_chestx_ray14:patient:00009005,images/nih_chestxray14/NIH_00009005_000.png,NIH ChestX-ray14,23590,10,14,0.1,0.9915007243286482,1.0,0.99206249602139,0.0005617716927417415
test:23591,test,nih_chestx_ray14:patient:00009005,images/nih_chestxray14/NIH_00009005_000.png,NIH ChestX-ray14,23591,11,14,0.1,0.9565153983140674,1.0,0.9956676354631782,0.03915223714911076
test:23592,test,nih_chestx_ray14:patient:00009005,images/nih_chestxray14/NIH_00009005_000.png,NIH ChestX-ray14,23592,12,14,0.1,1.0334934355773482,0.9999999999999998,0.9770360160619018,0.05645741951544636
test:23597,test,nih_chestx_ray14:patient:00009632,images/nih_chestxray14/NIH_00009632_000.png,NIH ChestX-ray14,23597,3,13,0.1111111111111111,1.0716366466727183,1.0000000000000002,0.9500188007950785,0.1216178458776398
test:23598,test,nih_chestx_ray14:patient:00009632,images/nih_chestxray14/NIH_00009632_000.png,NIH ChestX-ray14,23598,4,13,0.1111111111111111,0.9747374307316635,1.01073013796575,0.9725531096673721,0.00218432106429145
test:23599,test,nih_chestx_ray14:patient:00009632,images/nih_chestxray14/NIH_00009632_000.png,NIH ChestX-ray14,23599,5,13,0.1111111111111111,1.0471152565118143,1.0010293677456967,1.0410012260087125,0.006114030503101775
test:23600,test,nih_chestx_ray14:patient:00009632,images/nih_chestxray14/NIH_00009632_000.png,NIH ChestX-ray14,23600,6,13,0.1111111111111111,0.9913002716898338,1.0,0.9442133679986,0.047086903691233806
test:23601,test,nih_chestx_ray14:patient:00009632,images/nih_chestxray14/NIH_00009632_000.png,NIH ChestX-ray14,23601,7,13,0.1111111111111111,0.9326561311748682,0.9901919465521045,0.9538369018593498,0.021180770684481542
test:23602,test,nih_chestx_ray14:patient:00009632,images/nih_chestxray14/NIH_00009632_000.png,NIH ChestX-ray14,23602,8,13,0.1111111111111111,1.0418327779304766,0.9984091354132865,0.9952053806343351,0.046627397296141515
test:23603,test,nih_chestx_ray14:patient:00009632,images/nih_chestxray14/NIH_00009632_000.png,NIH ChestX-ray14,23603,9,13,0.1111111111111111,0.9809851279197127,1.0,1.0182737465947866,0.03728861867507394
test:23604,test,nih_chestx_ray14:patient:00009632,images/nih_chestxray14/NIH_00009632_000.png,NIH ChestX-ray14,23604,10,13,0.1111111111111111,0.9973145422617569,1.0057918305894615,0.9777495588561775,0.019564983405579328
test:23605,test,nih_chestx_ray14:patient:00009632,images/nih_chestxray14/NIH_00009632_000.png,NIH ChestX-ray14,23605,11,13,0.1111111111111111,1.0421401486814905,1.0000000000000002,0.925648093223572,0.11649205545791852
test:23610,test,nih_chestx_ray14:patient:00009633,images/nih_chestxray14/NIH_00009633_000.png,NIH ChestX-ray14,23610,3,14,0.1,0.8732338348011637,1.0,0.9861428253352642,0.11290899053410053
test:23611,test,nih_chestx_ray14:patient:00009633,images/nih_chestxray14/NIH_00009633_000.png,NIH ChestX-ray14,23611,4,14,0.1,0.9598331133525597,0.9900661759676138,0.9845217663461069,0.024688652993547167
test:23612,test,nih_chestx_ray14:patient:00009633,images/nih_chestxray14/NIH_00009633_000.png,NIH ChestX-ray14,23612,5,14,0.1,1.074460144008654,1.0000000000000002,0.982210520654917,0.0922496233537371
test:23613,test,nih_chestx_ray14:patient:00009633,images/nih_chestxray14/NIH_00009633_000.png,NIH ChestX-ray14,23613,6,14,0.1,1.0011873942450082,1.0602032818397906,0.9662891380986598,0.03489825614634845
test:23614,test,nih_chestx_ray14:patient:00009633,images/nih_chestxray14/NIH_00009633_000.png,NIH ChestX-ray14,23614,7,14,0.1,1.1490186676793894,1.0,1.009520503692329,0.1394981639870605
test:23615,test,nih_chestx_ray14:patient:00009633,images/nih_chestxray14/NIH_00009633_000.png,NIH ChestX-ray14,23615,8,14,0.1,0.9677898143597821,1.0327695884654602,1.0026785132387956,0.03488869887901358
test:23616,test,nih_chestx_ray14:patient:00009633,images/nih_chestxray14/NIH_00009633_000.png,NIH ChestX-ray14,23616,9,14,0.1,0.9470180762054764,0.9477883995717071,0.9626690008883976,0.015650924682921175
test:23617,test,nih_chestx_ray14:patient:00009633,images/nih_chestxray14/NIH_00009633_000.png,NIH ChestX-ray14,23617,10,14,0.1,0.9789028043034234,1.0,1.0090073589235544,0.030104554620131063
test:23618,test,nih_chestx_ray14:patient:00009633,images/nih_chestxray14/NIH_00009633_000.png,NIH ChestX-ray14,23618,11,14,0.1,0.9725981219319471,1.0147914685593524,0.9659556582854667,0.006642463646480357
test:23619,test,nih_chestx_ray14:patient:00009633,images/nih_chestxray14/NIH_00009633_000.png,NIH ChestX-ray14,23619,12,14,0.1,1.184502686639592,1.0923934617517403,1.1155463719246796,0.06895631471491237
test:23624,test,nih_chestx_ray14:patient:00009635,images/nih_chestxray14/NIH_00009635_000.png,NIH ChestX-ray14,23624,3,7,0.3333333333333333,0.9900110509845895,0.9784191040405635,0.9895649015986924,0.00044614938589715436
test:23625,test,nih_chestx_ray14:patient:00009635,images/nih_chestxray14/NIH_00009635_000.png,NIH ChestX-ray14,23625,4,7,0.3333333333333333,0.8023701622076407,0.969709327265841,0.9053662175389352,0.10299605533129452
test:23626,test,nih_chestx_ray14:patient:00009635,images/nih_chestxray14/NIH_00009635_000.png,NIH ChestX-ray14,23626,5,7,0.3333333333333333,1.096770241646816,0.9911422138110122,0.9625670597896299,0.13420318185718605
test:23631,test,nih_chestx_ray14:patient:00009637,images/nih_chestxray14/NIH_00009637_000.png,NIH ChestX-ray14,23631,3,11,0.1428571428571428,1.078745012084183,1.04878742587277,0.9987872239620359,0.07995778812214716
test:23632,test,nih_chestx_ray14:patient:00009637,images/nih_chestxray14/NIH_00009637_000.png,NIH ChestX-ray14,23632,4,11,0.1428571428571428,1.09878282675805,1.0000000000000002,1.0631733387708666,0.03560948798718333
test:23633,test,nih_chestx_ray14:patient:00009637,images/nih_chestxray14/NIH_00009637_000.png,NIH ChestX-ray14,23633,5,11,0.1428571428571428,0.9148611805427649,1.0,0.9812722876667976,0.06641110712403275
test:23634,test,nih_chestx_ray14:patient:00009637,images/nih_chestxray14/NIH_00009637_000.png,NIH ChestX-ray14,23634,6,11,0.1428571428571428,0.9633614219664489,0.9610155115595926,0.9474493714741339,0.015912050492315033
test:23635,test,nih_chestx_ray14:patient:00009637,images/nih_chestxray14/NIH_00009637_000.png,NIH ChestX-ray14,23635,7,11,0.1428571428571428,1.0340861245526187,1.0,0.9662934504449368,0.06779267410768197
test:23636,test,nih_chestx_ray14:patient:00009637,images/nih_chestxray14/NIH_00009637_000.png,NIH ChestX-ray14,23636,8,11,0.1428571428571428,0.9792821552016977,1.0,0.9312756285071373,0.0480065266945604
test:23637,test,nih_chestx_ray14:patient:00009637,images/nih_chestxray14/NIH_00009637_000.png,NIH ChestX-ray14,23637,9,11,0.1428571428571428,1.0073528248744745,1.0,0.982349531725049,0.02500329314942551
test:23642,test,nih_chestx_ray14:patient:00009641,images/nih_chestxray14/NIH_00009641_000.png,NIH ChestX-ray14,23642,3,10,0.1666666666666666,0.9280076147414438,1.0,0.9179255738854408,0.01008204085600295
test:23643,test,nih_chestx_ray14:patient:00009641,images/nih_chestxray14/NIH_00009641_000.png,NIH ChestX-ray14,23643,4,10,0.1666666666666666,0.9535932904527642,0.9592484764384395,0.9952312565969592,0.041637966144195016
test:23644,test,nih_chestx_ray14:patient:00009641,images/nih_chestxray14/NIH_00009641_000.png,NIH ChestX-ray14,23644,5,10,0.1666666666666666,1.0211084262486332,1.0,1.0024561469908804,0.018652279257752813
test:23645,test,nih_chestx_ray14:patient:00009641,images/nih_chestxray14/NIH_00009641_000.png,NIH ChestX-ray14,23645,6,10,0.1666666666666666,1.0161752257403753,1.0044352764097109,1.0036481345022163,0.012527091238158983
test:23646,test,nih_chestx_ray14:patient:00009641,images/nih_chestxray14/NIH_00009641_000.png,NIH ChestX-ray14,23646,7,10,0.1666666666666666,1.0093881610939568,1.003875313825753,0.999800642520037,0.009587518573919818
test:23647,test,nih_chestx_ray14:patient:00009641,images/nih_chestxray14/NIH_00009641_000.png,NIH ChestX-ray14,23647,8,10,0.1666666666666666,0.995935035129107,0.9997168822741648,1.0126471907428045,0.016712155613697544
test:23652,test,nih_chestx_ray14:patient:00009652,images/nih_chestxray14/NIH_00009652_000.png,NIH ChestX-ray14,23652,3,13,0.1111111111111111,0.9242961528961526,0.9634870591529419,0.9381318691142608,0.013835716218108196
test:23653,test,nih_chestx_ray14:patient:00009652,images/nih_chestxray14/NIH_00009652_000.png,NIH ChestX-ray14,23653,4,13,0.1111111111111111,1.0548646961713994,0.9999999999999998,0.9934125710278747,0.061452125143524716
test:23654,test,nih_chestx_ray14:patient:00009652,images/nih_chestxray14/NIH_00009652_000.png,NIH ChestX-ray14,23654,5,13,0.1111111111111111,0.943319572959558,1.0,0.9504788890480995,0.007159316088541479
test:23655,test,nih_chestx_ray14:patient:00009652,images/nih_chestxray14/NIH_00009652_000.png,NIH ChestX-ray14,23655,6,13,0.1111111111111111,1.0649138258448045,0.9999999999999999,1.0145822213962674,0.050331604448537126
test:23656,test,nih_chestx_ray14:patient:00009652,images/nih_chestxray14/NIH_00009652_000.png,NIH ChestX-ray14,23656,7,13,0.1111111111111111,1.023678555580482,1.0326684204798746,1.0269723459084141,0.0032937903279322
test:23657,test,nih_chestx_ray14:patient:00009652,images/nih_chestxray14/NIH_00009652_000.png,NIH ChestX-ray14,23657,8,13,0.1111111111111111,1.061989825418906,1.0,1.0204670503735542,0.041522775045351734
test:23658,test,nih_chestx_ray14:patient:00009652,images/nih_chestxray14/NIH_00009652_000.png,NIH ChestX-ray14,23658,9,13,0.1111111111111111,0.9322967198419294,1.0,0.9809999652206898,0.04870324537876036
test:23659,test,nih_chestx_ray14:patient:00009652,images/nih_chestxray14/NIH_00009652_000.png,NIH ChestX-ray14,23659,10,13,0.1111111111111111,0.9696028861948567,0.971267707454743,0.9859609126995822,0.01635802650472551
test:23660,test,nih_chestx_ray14:patient:00009652,images/nih_chestxray14/NIH_00009652_000.png,NIH ChestX-ray14,23660,11,13,0.1111111111111111,1.0135483756883663,1.0,0.9998687837214675,0.01367959196689883
test:23665,test,nih_chestx_ray14:patient:00009658,images/nih_chestxray14/NIH_00009658_000.png,NIH ChestX-ray14,23665,3,8,0.25,1.0678206756415958,1.0,1.0047583812847733,0.06306229435682242
test:23666,test,nih_chestx_ray14:patient:00009658,images/nih_chestxray14/NIH_00009658_000.png,NIH ChestX-ray14,23666,4,8,0.25,0.9207075806638028,1.0279489044096568,0.9408747587349513,0.02016717807114854
test:23667,test,nih_chestx_ray14:patient:00009658,images/nih_chestxray14/NIH_00009658_000.png,NIH ChestX-ray14,23667,5,8,0.25,1.0402620309085866,0.9525359013765378,0.9687904922007842,0.07147153870780243
test:23668,test,nih_chestx_ray14:patient:00009658,images/nih_chestxray14/NIH_00009658_000.png,NIH ChestX-ray14,23668,6,8,0.25,0.949809332041903,1.003204326606065,1.0264885588499606,0.07667922680805761
test:23673,test,nih_chestx_ray14:patient:00009686,images/nih_chestxray14/NIH_00009686_000.png,NIH ChestX-ray14,23673,3,11,0.1428571428571428,1.017281492711155,1.0148939684120053,1.020810806014859,0.0035293133037039848
test:23674,test,nih_chestx_ray14:patient:00009686,images/nih_chestxray14/NIH_00009686_000.png,NIH ChestX-ray14,23674,4,11,0.1428571428571428,1.1268086743774597,1.0633894797048713,1.135109416731372,0.008300742353912316
test:23675,test,nih_chestx_ray14:patient:00009686,images/nih_chestxray14/NIH_00009686_000.png,NIH ChestX-ray14,23675,5,11,0.1428571428571428,1.079933605822905,1.032362387595557,0.9430340836624134,0.13689952216049162
test:23676,test,nih_chestx_ray14:patient:00009686,images/nih_chestxray14/NIH_00009686_000.png,NIH ChestX-ray14,23676,6,11,0.1428571428571428,0.872395678082887,0.9433334161587266,0.8363602672763375,0.036035410806549484
test:23677,test,nih_chestx_ray14:patient:00009686,images/nih_chestxray14/NIH_00009686_000.png,NIH ChestX-ray14,23677,7,11,0.1428571428571428,0.8398357151621163,0.9621217155456958,0.9453692713380275,0.1055335561759112
test:23678,test,nih_chestx_ray14:patient:00009686,images/nih_chestxray14/NIH_00009686_000.png,NIH ChestX-ray14,23678,8,11,0.1428571428571428,1.156894675442134,1.0,1.0301255155354738,0.12676915990666027
test:23679,test,nih_chestx_ray14:patient:00009686,images/nih_chestxray14/NIH_00009686_000.png,NIH ChestX-ray14,23679,9,11,0.1428571428571428,0.9656783977674384,1.0,0.98983243573457,0.02415403796713167
test:23684,test,nih_chestx_ray14:patient:00009709,images/nih_chestxray14/NIH_00009709_000.png,NIH ChestX-ray14,23684,3,11,0.1428571428571428,1.0413097275545342,1.0,1.0200640391558409,0.02124568839869334
test:23685,test,nih_chestx_ray14:patient:00009709,images/nih_chestxray14/NIH_00009709_000.png,NIH ChestX-ray14,23685,4,11,0.1428571428571428,0.9976928131726273,0.9999999999999998,1.0070117088034747,0.009318895630847424
test:23686,test,nih_chestx_ray14:patient:00009709,images/nih_chestxray14/NIH_00009709_000.png,NIH ChestX-ray14,23686,5,11,0.1428571428571428,0.9730678045826209,1.0,0.995583307929337,0.022515503346716148
test:23687,test,nih_chestx_ray14:patient:00009709,images/nih_chestxray14/NIH_00009709_000.png,NIH ChestX-ray14,23687,6,11,0.1428571428571428,1.0412838621873417,0.9999999999999998,1.0146372541785238,0.026646608008817907
test:23688,test,nih_chestx_ray14:patient:00009709,images/nih_chestxray14/NIH_00009709_000.png,NIH ChestX-ray14,23688,7,11,0.1428571428571428,0.9810752066584509,0.9999999999999999,0.9982932546408846,0.01721804798243365
test:23689,test,nih_chestx_ray14:patient:00009709,images/nih_chestxray14/NIH_00009709_000.png,NIH ChestX-ray14,23689,8,11,0.1428571428571428,1.0320114320705835,1.0,0.9960743295960128,0.035937102474570715
test:23690,test,nih_chestx_ray14:patient:00009709,images/nih_chestxray14/NIH_00009709_000.png,NIH ChestX-ray14,23690,9,11,0.1428571428571428,0.9446028218434661,1.0,0.968945138156414,0.02434231631294792
test:23695,test,nih_chestx_ray14:patient:00009714,images/nih_chestxray14/NIH_00009714_000.png,NIH ChestX-ray14,23695,3,14,0.1,0.8223199433290542,1.0248546385501411,1.0156881659586814,0.19336822262962716
test:23696,test,nih_chestx_ray14:patient:00009714,images/nih_chestxray14/NIH_00009714_000.png,NIH ChestX-ray14,23696,4,14,0.1,1.1429887839567692,0.9771383686828514,0.9195286392140289,0.22346014474274023
test:23697,test,nih_chestx_ray14:patient:00009714,images/nih_chestxray14/NIH_00009714_000.png,NIH ChestX-ray14,23697,5,14,0.1,1.0279320081557572,1.0053512062159862,0.9243567790118541,0.10357522914390316
test:23698,test,nih_chestx_ray14:patient:00009714,images/nih_chestxray14/NIH_00009714_000.png,NIH ChestX-ray14,23698,6,14,0.1,0.8710639182919527,0.9770521084079579,0.9369343267986611,0.06587040850670833
test:23699,test,nih_chestx_ray14:patient:00009714,images/nih_chestxray14/NIH_00009714_000.png,NIH ChestX-ray14,23699,7,14,0.1,0.9435439535482653,0.9582600180665701,1.0223688144842833,0.07882486093601804
test:23700,test,nih_chestx_ray14:patient:00009714,images/nih_chestxray14/NIH_00009714_000.png,NIH ChestX-ray14,23700,8,14,0.1,1.0227506061882075,1.0,1.0508289001882076,0.02807829400000017
test:23701,test,nih_chestx_ray14:patient:00009714,images/nih_chestxray14/NIH_00009714_000.png,NIH ChestX-ray14,23701,9,14,0.1,1.0406852938144393,1.0295083663473616,0.9977858430753241,0.042899450739115164
test:23702,test,nih_chestx_ray14:patient:00009714,images/nih_chestxray14/NIH_00009714_000.png,NIH ChestX-ray14,23702,10,14,0.1,1.0588803870597694,1.0,0.9603670760989189,0.09851331096085048
test:23703,test,nih_chestx_ray14:patient:00009714,images/nih_chestxray14/NIH_00009714_000.png,NIH ChestX-ray14,23703,11,14,0.1,0.9344665392425866,1.0000000000000002,0.9903982318937781,0.05593169265119147
test:23704,test,nih_chestx_ray14:patient:00009714,images/nih_chestxray14/NIH_00009714_000.png,NIH ChestX-ray14,23704,12,14,0.1,1.0036512876102377,1.0406348806997134,1.02207097496887,0.018419687358632197
test:23709,test,nih_chestx_ray14:patient:00030209,images/nih_chestxray14/NIH_00030209_009.png,NIH ChestX-ray14,23709,3,11,0.04,0.9723891816645658,0.9374550962742848,1.0817783707675024,0.1093891891029366
test:23710,test,nih_chestx_ray14:patient:00030209,images/nih_chestxray14/NIH_00030209_009.png,NIH ChestX-ray14,23710,4,11,0.04,0.907380912996361,1.0,1.0131622571498156,0.10578134415345453
test:23711,test,nih_chestx_ray14:patient:00030209,images/nih_chestxray14/NIH_00030209_009.png,NIH ChestX-ray14,23711,5,11,0.04,1.005724920504115,0.9704192185382554,0.9865805765222022,0.01914434398191278
test:23712,test,nih_chestx_ray14:patient:00030209,images/nih_chestxray14/NIH_00030209_009.png,NIH ChestX-ray14,23712,6,11,0.04,0.990709367954828,1.0,1.0044167060405016,0.013707338085673593
test:23713,test,nih_chestx_ray14:patient:00030209,images/nih_chestxray14/NIH_00030209_009.png,NIH ChestX-ray14,23713,7,11,0.04,1.0125603649677846,1.0,1.023425430059433,0.010865065091648418
test:23714,test,nih_chestx_ray14:patient:00030209,images/nih_chestxray14/NIH_00030209_009.png,NIH ChestX-ray14,23714,8,11,0.04,0.9682949848483222,1.0184532564361723,1.0044233866264256,0.03612840177810339
test:23715,test,nih_chestx_ray14:patient:00030209,images/nih_chestxray14/NIH_00030209_009.png,NIH ChestX-ray14,23715,9,11,0.04,1.084756178491984,1.0,1.0139027796685696,0.07085339882341435
