sample_id,split,group_id,image_path,source_dataset,view,target_annotation_id,target_chain_rank,chain_count,sample_weight,left_height_actual,left_height_baseline,left_height_predicted,left_height_absolute_error,right_height_actual,right_height_baseline,right_height_predicted,right_height_absolute_error,superior_width_actual,superior_width_baseline,superior_width_predicted,superior_width_absolute_error,inferior_width_actual,inferior_width_baseline,inferior_width_predicted,inferior_width_absolute_error,orientation_actual,orientation_baseline,orientation_predicted,orientation_absolute_error
val:13,val,buu_ap:image:BUU-AP-00003,images/buu_ap/BUU-AP-00003.jpg,BUU AP,AP,13,3,5,1.0,0.9734715848723828,1.0439461413439883,1.0531399435964002,0.07966835872401734,1.0919401948244425,1.1047970082970742,1.114645065589476,0.02270487076503369,0.9543862129670994,0.9622696943216652,0.9615560360354066,0.007169823068307121,0.9950022105370118,1.037730305678335,1.0379365240995613,0.04293431356254947,8.62783839902606,6.102804097299924,8.469870003824582,0.15796839520147898
val:78,val,buu_ap:image:BUU-AP-00016,images/buu_ap/BUU-AP-00016.jpg,BUU AP,AP,78,3,5,1.0,0.9446152580764664,0.9995121749220184,1.0126241369275144,0.06800887885104782,1.049172261654279,1.0004878250779814,1.0103358823703832,0.03883637928389571,0.9789602058191492,0.9569051907912244,0.9629832496449698,0.01597695617417944,1.02399076065018,1.0430948092087755,1.035774972331489,0.011784211681309165,1.4672589555341489,1.3022071968082116,1.7009430180553125,0.23368406252116358
val:123,val,buu_ap:image:BUU-AP-00025,images/buu_ap/BUU-AP-00025.jpg,BUU AP,AP,123,3,5,1.0,1.0345638475420778,0.9637371367559312,0.9774535252497075,0.05711032229237027,1.05950215316765,1.031096889713578,1.0347156925888583,0.02478646057879172,0.9588917863062794,0.9671628900676972,0.965225202670694,0.006333416364414627,1.0564940243313248,1.0328371099323028,1.0349272187460208,0.02156680558530394,14.557719314024864,11.989149142172865,14.703378964331677,0.14565965030681127
val:198,val,buu_ap:image:BUU-AP-00040,images/buu_ap/BUU-AP-00040.jpg,BUU AP,AP,198,3,5,1.0,1.0801207457487116,1.0228815117667704,1.031169256363371,0.048951489385340566,1.120407078568478,1.1116351235715645,1.1214831808639663,0.0010761022954881901,1.0121979465150628,0.9410177991779634,0.9540140629800149,0.05818388353504786,1.0844860474540272,1.0589822008220369,1.0535344694686943,0.030951577985332834,17.068283968416324,8.416940694498578,11.349317079233685,5.718966889182639
val:218,val,buu_ap:image:BUU-AP-00044,images/buu_ap/BUU-AP-00044.jpg,BUU AP,AP,218,3,5,1.0,0.9578328881711288,1.0050838249672391,1.023019633715246,0.06518674554411721,0.9947157142608912,0.984155247793646,0.994960386180432,0.0002446719195409834,0.9742287205385952,0.9779528672252714,0.9773019606391832,0.0030732401005880597,1.0173266740104654,1.0220471327747287,1.0273678782950224,0.010041204284557011,-10.518238189158351,-7.904379431639995,-10.225076262389507,0.2931619267688461
val:233,val,buu_ap:image:BUU-AP-00047,images/buu_ap/BUU-AP-00047.jpg,BUU AP,AP,233,3,5,1.0,0.970199322843356,0.971616992431573,0.9654317905035534,0.004767532339802623,0.9405675009375424,0.9837778217751844,0.9849009381268484,0.04433343718930627,0.9405322319985118,0.9452719254438746,0.9548334585522282,0.014301226553716415,1.0715712918492408,1.0547280745561254,1.0475208294558358,0.024050462393404984,-1.472999184049911,-2.066519429563158,-1.8458524100767306,0.3728532260268196
val:313,val,buu_ap:image:BUU-AP-00063,images/buu_ap/BUU-AP-00063.jpg,BUU AP,AP,313,3,5,1.0,1.001091846710017,0.9948707263342572,1.0067623530871703,0.005670506377153398,1.0109828842597892,1.005129273665743,1.0149773309581447,0.00399444669835549,0.9822383604360644,0.979062164634106,0.9813688173551236,0.0008695430809410008,1.052485661744934,1.0209378353658942,1.0267758407037584,0.02570982104117544,3.98865532977527,2.9876372213064,3.4897677893338965,0.4988875404413733
val:418,val,buu_ap:image:BUU-AP-00084,images/buu_ap/BUU-AP-00084.jpg,BUU AP,AP,418,3,5,1.0,0.9659191240649944,0.9860002694560308,1.0035231949670333,0.037604070902038836,1.012880167181995,1.067385024663194,1.0829551036396463,0.07007493645765135,0.97052464015318,0.9716715017849684,0.9791641930634261,0.008639552910246142,1.065978659703269,1.0283284982150316,1.0419619980683446,0.024016661634924434,11.589810583865656,7.039726556588008,10.316078962136103,1.273731621729553
val:473,val,buu_ap:image:BUU-AP-00095,images/buu_ap/BUU-AP-00095.jpg,BUU AP,AP,473,3,5,1.0,1.0412932141232842,1.0063850431659098,1.0227355918803092,0.01855762224297506,1.0026133991569357,0.975708815722402,0.9871168606790265,0.015496538477908793,0.9695224778397562,0.9622114054169312,0.9679584596548035,0.001564018184952538,1.0187671176312676,1.0377885945830685,1.0428849723879439,0.024117854756675973,3.9519669629023326,2.5536062683220564,3.048500266229695,0.9034666966726377
val:498,val,buu_ap:image:BUU-AP-00100,images/buu_ap/BUU-AP-00100.jpg,BUU AP,AP,498,3,5,1.0,0.9973962139575416,0.9609969005184076,0.9834560536043546,0.013940160353186966,1.0351011297377395,1.0534601156643644,1.0660361080474272,0.03093497830968764,0.9947836158445124,0.9709166234901908,0.9772159208155039,0.01756769502900851,1.020150332315923,1.0290833765098093,1.0416948066481588,0.021544474332236135,2.095369535051248,1.1268853566960075,1.503391744883416,0.5919777901678316
val:583,val,buu_ap:image:BUU-AP-00117,images/buu_ap/BUU-AP-00117.jpg,BUU AP,AP,583,3,5,1.0,1.073791507659256,1.0235551859212475,1.0469011592639046,0.02689034839535151,1.0936761701821376,1.0114552244123465,1.028458563196326,0.06521760698581189,1.0600625340358665,0.9792513974268496,0.9810055916920811,0.07905694234378541,1.0668386048854968,1.0207486025731505,1.0509859438728035,0.01585266101269315,-0.5569540832882751,0.5940873088863441,1.0791015687015602,1.6360556519898353
val:613,val,buu_ap:image:BUU-AP-00123,images/buu_ap/BUU-AP-00123.jpg,BUU AP,AP,613,3,5,1.0,1.1345511403374229,0.8700540518798375,0.9082848882712865,0.22626625206613632,1.1863595467686687,1.002441771652684,1.012289828945086,0.17406971782358302,1.0383919854001549,1.0650772274002094,1.0685033978424627,0.03011141244230785,1.0550843609444271,1.061555409747646,1.0705499220076062,0.015465561063179076,-1.919748641597536,0.4681345626328124,0.9724600717041625,2.8922087133016987
val:618,val,buu_ap:image:BUU-AP-00124,images/buu_ap/BUU-AP-00124.jpg,BUU AP,AP,618,3,5,1.0,1.1767819278170777,0.9273125286944548,0.9613868500836531,0.2153950777334244,1.130568213700616,1.120030267571582,1.120772656053322,0.009795557647293892,0.9446764450434372,0.9776072133972696,0.975175842846503,0.03049939780306561,0.9880727699652342,1.0223927866027305,1.0223858875979284,0.034313117632694096,-2.60685757102911,-0.6723269796946596,-0.5625329366901468,2.044324634338963
val:623,val,buu_ap:image:BUU-AP-00125,images/buu_ap/BUU-AP-00125.jpg,BUU AP,AP,623,3,5,1.0,1.05659107837044,1.005110864728984,1.01822282673448,0.03836825163595998,1.0876162941801073,1.055007906708044,1.0648559640004458,0.022760330179661406,0.966087071550916,0.961667075875497,0.9623207589088032,0.0037663126421127483,1.0771076496895462,1.038332924124503,1.04288879071241,0.03421885897713613,2.7903088915134617,2.257774157747434,2.880979759916471,0.09067086840300931
val:643,val,buu_ap:image:BUU-AP-00129,images/buu_ap/BUU-AP-00129.jpg,BUU AP,AP,643,3,5,1.0,0.9799535730781632,0.9888073863264096,1.0066570887144577,0.026703515636294674,1.0080591054184016,1.0111926136735905,1.022600658630215,0.014541553211813309,0.9745775642504874,0.9778824280732878,0.980186741311998,0.005609177061510566,1.0363435777231802,1.0221175719267122,1.0315394429704539,0.004804134752726298,1.5571580386231003,2.1568074632175467,2.6853892612941763,1.1282312226710758
val:673,val,buu_ap:image:BUU-AP-00135,images/buu_ap/BUU-AP-00135.jpg,BUU AP,AP,673,3,5,1.0,1.2726938636819958,1.103242669975342,1.110296570951076,0.1623972927309196,1.3833499189548666,1.0410899153466964,1.0509379726390982,0.3324119463157684,0.9978714384783152,0.9608446463562657,0.9699450909711529,0.02792634750716226,1.011548038853204,1.039155353643734,1.0317995602644867,0.020251521411283013,0.3502502831289149,-0.7338506440546553,-0.6637247214939634,1.0139750046228784
val:698,val,buu_ap:image:BUU-AP-00140,images/buu_ap/BUU-AP-00140.jpg,BUU AP,AP,698,3,5,1.0,1.060537793033001,1.0169875943017566,1.0271972468969786,0.033340546136022504,1.0821452812346,1.064562670703743,1.0744107279961448,0.007734553238455108,0.9539908818799064,0.9711848971501696,0.9784356261671293,0.024444744287222868,1.016956306885763,1.0288151028498305,1.0346193915165258,0.017663084630762757,0.6543789102179005,1.1890337872944483,1.5163571644268643,0.8619782542089638
val:843,val,buu_ap:image:BUU-AP-00169,images/buu_ap/BUU-AP-00169.jpg,BUU AP,AP,843,3,5,1.0,1.6111185572606073,0.9731537769781576,0.990510370139979,0.6206081871206284,1.6211513576475054,1.0268462230218427,1.0382542679784672,0.5828970896690382,0.955785490033596,0.9698215011579232,0.9724236816239791,0.01663819159038277,1.0471793219182255,1.030178498842077,1.0406014392080472,0.006577882710178264,-1.4080871778521669,-1.3191570874342915,-1.168490686644077,0.2395964912080899
val:868,val,buu_ap:image:BUU-AP-00174,images/buu_ap/BUU-AP-00174.jpg,BUU AP,AP,868,3,5,1.0,1.0324436874021656,0.9465215360771356,0.9658190278361974,0.06662465956596808,0.9830803900819032,0.9864794923023162,0.9978875372589407,0.014807147177037608,0.9574754275829648,0.9777189103702036,0.9790003864841489,0.021524958901183847,1.0029858132775389,1.0222810896297962,1.033292416315344,0.03030660303780513,-5.819711262888276,-5.67464314233662,-5.852083562129749,0.032372299241473
val:888,val,buu_ap:image:BUU-AP-00178,images/buu_ap/BUU-AP-00178.jpg,BUU AP,AP,888,3,5,1.0,1.043591378728589,0.9098056782313172,0.9510359917112176,0.09255538701737165,1.1255936212154445,0.9180016030152034,0.9338369943727445,0.19175662684269973,0.8816069899027276,0.9815087316684822,0.9821701819320606,0.10056319202933305,0.8938031137170882,1.0184912683315177,1.0216177699029048,0.12781465618581656,-2.9493803004468475,-4.988404266605357,-4.804930426249484,1.8555501258026368
val:928,val,buu_ap:image:BUU-AP-00186,images/buu_ap/BUU-AP-00186.jpg,BUU AP,AP,928,3,5,1.0,1.1563182325295205,1.0219424526347438,1.0352364397748033,0.12108179275471692,1.107265260794971,1.0262204780616135,1.0360685353540153,0.07119672544095532,0.97495085351839,0.9497360977520476,0.9536608214666377,0.02129003205175233,1.0741567389301023,1.0502639022479523,1.050629247899469,0.02352749103063331,-4.007246511721178,-2.53049513584601,-2.4736013252161655,1.5336451865050122
val:943,val,buu_ap:image:BUU-AP-00189,images/buu_ap/BUU-AP-00189.jpg,BUU AP,AP,943,3,5,1.0,0.9586393213075948,0.9899325525139212,1.0115338159476162,0.052894494640021036,1.088732833102342,1.010067447486079,1.0226434398691417,0.06608939323320046,0.9544918853451358,0.9826361278451484,0.9896797707683843,0.0351878854232484,0.9987888102611534,1.0352380132844698,1.0529364949634326,0.054147684702279104,3.3656360301109203,1.751281787507267,2.8719341055080605,0.4937019246028598
val:993,val,buu_ap:image:BUU-AP-00199,images/buu_ap/BUU-AP-00199.jpg,BUU AP,AP,993,3,5,1.0,1.0266411884788786,1.047162471530116,1.0636408684822682,0.03699968000338955,0.9958445230725604,1.0391645194992605,1.0490125767916623,0.05316805371910159,0.9327987707117272,0.9575661643279212,0.9643239983228462,0.031525227611119123,1.0104491101845394,1.0424338356720788,1.0458466244059188,0.03539751422137929,-4.82761516640339,-4.955745283575652,-4.998026665361522,0.17041149895813135
val:1008,val,buu_ap:image:BUU-AP-00202,images/buu_ap/BUU-AP-00202.jpg,BUU AP,AP,1008,3,5,1.0,1.035157214455527,1.056773322698432,1.0665304428606805,0.03137322840515351,0.9806379515429172,1.0178437075762907,1.0292517525329152,0.048613800989998006,1.0039005968628627,0.9495568757877778,0.9566077373922895,0.04729285947057306,1.038681506734063,1.050443124212222,1.0595786098389792,0.020897103104916544,3.9731091019797296,2.4399134877121043,2.840183621922691,1.1329254800570396
val:1073,val,buu_ap:image:BUU-AP-00215,images/buu_ap/BUU-AP-00215.jpg,BUU AP,AP,1073,3,5,1.0,1.1150235390318364,1.0282538791815894,1.0621793714980738,0.05284416753376245,1.1043397570532072,1.076593916917196,1.086528386043361,0.017811371009846186,0.9369201045397902,0.994012689053274,0.9978933593474396,0.06097325480764931,1.0374418213086103,1.0425342171380858,1.048408395044748,0.010966573736137726,2.7071553990124078,2.6410015026401226,3.1481742659877483,0.441018866975341
val:1088,val,buu_ap:image:BUU-AP-00218,images/buu_ap/BUU-AP-00218.jpg,BUU AP,AP,1088,3,5,1.0,0.9995441033914058,0.9134148353223288,0.9401757189516509,0.05936838443975495,0.99900803457943,0.9916660678891858,1.0015141251815876,0.0025060906021574904,0.9397860158149096,0.9666222075142108,0.966436822371525,0.026650806556615253,1.0033441523995297,1.0305696827044772,1.033040718749358,0.029696566349828247,0.4019972426209506,0.6057503476698969,1.0053394392092798,0.6033421965883292
val:1208,val,buu_ap:image:BUU-AP-00242,images/buu_ap/BUU-AP-00242.jpg,BUU AP,AP,1208,3,5,1.0,0.9843617067531822,1.0046388190615485,1.0184712028506706,0.034109496097488104,0.9220551397518348,0.9953611809384516,1.0052092382308535,0.08315409847901858,0.9206077576474856,0.947106160121927,0.9541570217264388,0.03354926407895314,1.0673949040901831,1.052893839878073,1.0537888592658993,0.013606044824283776,-3.8518028442491774,-2.4376866044840284,-2.457738568111367,1.3940642761378115
val:1298,val,buu_ap:image:BUU-AP-00260,images/buu_ap/BUU-AP-00260.jpg,BUU AP,AP,1298,3,5,1.0,1.0992092108372944,1.0759200366980295,1.089645015711234,0.009564195126060326,1.092428268583952,1.0830940961885094,1.0929421534809112,0.0005138848969592907,0.9939814414944708,0.9654977674623352,0.9725486290668469,0.021432812427623762,1.0671937091382695,1.034502232537665,1.0373781536212792,0.029815555516990472,-1.2132056761313097,-0.730653383721446,-0.6605274611607541,0.5526782149705554
val:1318,val,buu_ap:image:BUU-AP-00264,images/buu_ap/BUU-AP-00264.jpg,BUU AP,AP,1318,3,5,1.0,1.1048508817732308,1.070080520289595,1.0708904738376093,0.03396040793562144,1.1275484945250085,1.074536864543897,1.0870191565627279,0.04052933796228062,1.1270179281040829,1.04132922743128,1.0424299349976456,0.0845879931064372,1.1423459648739762,1.0277254515502587,1.0393967013049856,0.1029492635689905,-4.488046288397115,-4.704912357736561,-4.560610093880626,0.0725638054835116
val:1353,val,buu_ap:image:BUU-AP-00271,images/buu_ap/BUU-AP-00271.jpg,BUU AP,AP,1353,3,5,1.0,0.9933097011357824,0.9816568192621749,1.000312672608165,0.007002971472382581,0.9850343273678196,1.018343180737825,1.0297512256944494,0.04471689832662991,0.9659527028633964,0.9592168530117337,0.9657808676030103,0.00017183526038605425,1.0577650930955174,1.0407831469882665,1.0583960680622992,0.0006309749667818831,0.2939238152755052,-0.1787950500811916,0.19452150613409458,0.09940230914141068
val:1428,val,buu_ap:image:BUU-AP-00286,images/buu_ap/BUU-AP-00286.jpg,BUU AP,AP,1428,3,5,1.0,0.9991305596059252,1.0362249378356925,1.0492332138363114,0.05010265423038583,1.0107944026032298,1.0224779591545077,1.0323260164469095,0.02153161384367939,0.9356206874039178,0.9557385399453328,0.9642471905313418,0.028626503127423927,1.0380969018298445,1.0442614600546674,1.04005409390852,0.0019571920786755487,0.4977852302810106,1.2733377348500028,1.666944487007214,1.1691592567262035
val:1448,val,buu_ap:image:BUU-AP-00290,images/buu_ap/BUU-AP-00290.jpg,BUU AP,AP,1448,3,5,1.0,1.137695453213865,1.0825950638337036,1.0896489648094376,0.0480464884044273,1.1455517614976447,1.1091863819898715,1.1190344392822733,0.026517322215371307,0.9350463148318814,0.954380134046537,0.9614309956510487,0.02638468081916734,1.0299429535670512,1.045619865953463,1.0461598484120396,0.01621689484498826,-2.0864820205627552,-2.162935843065938,-2.0876852174555864,0.0012031968928312153
val:1583,val,buu_ap:image:BUU-AP-00317,images/buu_ap/BUU-AP-00317.jpg,BUU AP,AP,1583,3,5,1.0,1.0778213719387948,1.0129969048953245,1.0289921130693147,0.048829258869480044,1.0574731411200462,1.0821629917343534,1.0920110490267552,0.034537907906708895,0.9757245729305938,0.9778705461647982,0.975932858767795,0.0002082858372012262,1.0363022915276685,1.01875672816268,1.0341298920192459,0.0021723995084221466,-1.9348774235982944,0.3935027437113945,0.5919403301381294,2.526817753736424
val:1618,val,buu_ap:image:BUU-AP-00324,images/buu_ap/BUU-AP-00324.jpg,BUU AP,AP,1618,3,5,1.0,1.0077314969541522,0.976938021338182,0.9944914681525998,0.01324002880155246,1.072448610646922,1.0230619786618182,1.0338671170486042,0.038581493598317716,0.9638405507569168,0.9779295639917944,0.9739238287173901,0.010083277960473513,0.9649540009272994,1.0220704360082056,1.0336006770058777,0.06864667607857819,-3.818373224283974,-2.622909072413876,-2.2780372235922357,1.5403360006917381
val:1623,val,buu_ap:image:BUU-AP-00325,images/buu_ap/BUU-AP-00325.jpg,BUU AP,AP,1623,3,5,1.0,1.052244002706841,1.0192015124822298,1.0374331241810957,0.01481087852574521,1.0552246871799642,1.0453413923566268,1.0567494373132513,0.0015247501332872077,0.9867631840665944,0.9879899887721524,0.9870674078240529,0.000304223757458606,1.0213714435877914,1.0120100112278478,1.0189210147243457,0.0024504288634456303,3.5600306882978003,3.8671522768900246,4.496210697548136,0.9361800092503358
val:1643,val,buu_ap:image:BUU-AP-00329,images/buu_ap/BUU-AP-00329.jpg,BUU AP,AP,1643,3,5,1.0,1.0774166153981748,0.9718594476717232,0.9924206771093128,0.08499593828886186,1.0595996613061696,0.9963161738659884,1.0061642311583903,0.05343543014777921,0.9437971603013912,0.9669711255657892,0.9670715047352422,0.023274344433851034,1.0070907493846424,1.0330288744342109,1.0332347993142033,0.02614404992956058,4.344321060912364,4.138231984165103,4.640362552192599,0.29604149128023494
val:1788,val,buu_ap:image:BUU-AP-00358,images/buu_ap/BUU-AP-00358.jpg,BUU AP,AP,1788,3,5,1.0,1.0698453237037189,1.0721904828651707,1.0802629801883261,0.010417656484607404,1.1265398952311632,1.1031853492980122,1.113033406590414,0.013506488640749208,0.9680836915862818,0.9805175279809246,0.9774557961693118,0.009372104583029856,1.048452384008245,1.0194824720190754,1.0223061119129797,0.026146272095265172,-4.736123230591261,-3.466669910907598,-3.5089512926934674,1.2271719378977934
val:1873,val,buu_ap:image:BUU-AP-00375,images/buu_ap/BUU-AP-00375.jpg,BUU AP,AP,1873,3,5,1.0,0.9800856852038944,1.0021661282086447,1.0171999982127622,0.03711431300886789,1.025222200015239,1.0314682275726397,1.0428762725292642,0.01765407251402551,0.9825675985617754,0.968698314730708,0.9692837301894803,0.013283868372295168,1.043297047872555,1.031301685269292,1.0305944351808387,0.012702612691716193,2.2819115586118244,0.7300360856667112,1.1065424738541196,1.1753690847577047
val:1903,val,buu_ap:image:BUU-AP-00381,images/buu_ap/BUU-AP-00381.jpg,BUU AP,AP,1903,3,5,1.0,1.0845307894350136,1.024882945686119,1.0423657963867359,0.042164993048277664,1.1517567769341104,1.0309105087454238,1.0467459001029649,0.10501087683114552,0.966115566936038,0.985366092310432,0.9846207300575037,0.018505163121465683,1.054196439402965,1.014633907689568,1.0271429696444836,0.02705346975848138,-0.2815861596340454,-1.4248314527300323,-0.9454326657083953,0.6638465060743499
val:1998,val,buu_ap:image:BUU-AP-00400,images/buu_ap/BUU-AP-00400.jpg,BUU AP,AP,1998,3,5,1.0,0.993807061691658,1.018283169395995,1.0302372841683745,0.0364302224767165,0.9164372992971216,0.9605734846954526,0.9719815296520771,0.05554423035495531,0.9182513981005084,0.9413093115329568,0.949409627461416,0.031158229360907567,0.9727619567040278,1.058690688467043,1.0543026373595172,0.08154068065548947,1.717003207722442,0.2686750976942562,0.7401555864714169,0.9768476212510251
val:2100,val,mendeley_pa:image:MENDE-PA-00007,images/mendeley_pa/MENDE-PA-00007.jpg,Mendeley PA,PA,2100,3,17,0.0769230769230769,1.144325857356103,1.1579938716926998,1.2114898822942204,0.06716402493811734,1.047192699910077,1.0334775597233483,1.058186335526795,0.01099363561671847,0.8693547967005504,0.8839573592215321,0.8901672886952302,0.020812491994679737,0.9115172961422886,0.9921496213784996,1.014990989249069,0.10347369310678033,-4.731897913502024,-1.5902936940889705,-1.5094233116011964,3.222474601900828
val:2101,val,mendeley_pa:image:MENDE-PA-00007,images/mendeley_pa/MENDE-PA-00007.jpg,Mendeley PA,PA,2101,4,17,0.0769230769230769,0.9744270879880024,0.8126568792934602,0.8536936341400331,0.12073345384796921,0.7402318485343888,0.7432473247765577,0.7602506635605372,0.020018815026148315,0.7328644143815333,0.9237526814249126,0.9259439269807903,0.19307951259925699,0.9492489386954684,0.9316330609349756,0.9529560395954398,0.0037071008999716853,-2.468875182142241,-1.3197199254714036,-1.2511283382259393,1.2177468439163022
val:2102,val,mendeley_pa:image:MENDE-PA-00007,images/mendeley_pa/MENDE-PA-00007.jpg,Mendeley PA,PA,2102,5,17,0.0769230769230769,0.5491669311638668,1.0318759539856632,1.0410001305623968,0.49183319939853,0.501693777961764,0.7949796647683303,0.8108150561258713,0.3091212781641074,1.0119091955313655,0.905300083676892,0.9164002603987033,0.0955089351326621,0.9845962594300904,1.043616330438392,1.034225871042447,0.04962961161235663,2.092458062559217,-1.1091743462574757,-0.761338030625609,2.853796093184826
val:2103,val,mendeley_pa:image:MENDE-PA-00007,images/mendeley_pa/MENDE-PA-00007.jpg,Mendeley PA,PA,2103,6,17,0.0769230769230769,1.120362486326759,0.8628179240303121,0.8643666309334345,0.2559958553933244,0.8739384028084962,0.7958263027316766,0.8056743600240784,0.06826404278441771,0.9836388031206446,1.0075540101269214,1.0049380928857206,0.021299289765075995,1.0329682472377624,0.9924459898730787,1.004246312554744,0.02872193468301818,0.2505264896273047,-0.1235305926228562,0.2260222175692519,0.024504272058052834
val:2104,val,mendeley_pa:image:MENDE-PA-00007,images/mendeley_pa/MENDE-PA-00007.jpg,Mendeley PA,PA,2104,7,17,0.0769230769230769,1.0798623095192772,1.0790176419606885,1.072714723187544,0.007147586331733384,1.00064400639647,0.9209823580393118,0.9350246377223653,0.0656193686741047,1.0025307650083572,0.9725859749855976,0.9741559089420866,0.02837485606627063,0.998135056171681,1.0471353433380337,1.047341268218026,0.04920621204634488,-2.3395192478049296,1.93621600029077,2.3354307150563187,4.674949962861248
val:2105,val,mendeley_pa:image:MENDE-PA-00007,images/mendeley_pa/MENDE-PA-00007.jpg,Mendeley PA,PA,2105,8,17,0.0769230769230769,0.9275673760703308,1.0370898315874983,1.0370290137786542,0.10946163770832334,0.8553836513278456,1.0030580527773258,1.014074057496166,0.15869040616832042,0.9956017921313124,0.9953984618009456,0.9964696783394941,0.0008678862081815695,1.0956990924110173,1.0046015381990543,1.0182201592429152,0.07747893316810178,3.6219055109542353,-1.1697596239024648,-0.8202068137103566,4.442112324664592
val:2106,val,mendeley_pa:image:MENDE-PA-00007,images/mendeley_pa/MENDE-PA-00007.jpg,Mendeley PA,PA,2106,9,17,0.0769230769230769,1.2423910094331194,1.1169590192079373,1.142342277446372,0.1000487319867473,1.2400574404882616,1.0232754617852475,1.0342914665040877,0.20576597398417387,0.977068067444061,0.9816865177809734,0.9873077903858859,0.01023972294182482,0.9989019907389004,1.0486293010421288,1.0673765357591403,0.06847454502023985,0.0,2.2056393042327898,2.8267684593917863,2.8267684593917863
val:2107,val,mendeley_pa:image:MENDE-PA-00007,images/mendeley_pa/MENDE-PA-00007.jpg,Mendeley PA,PA,2107,10,17,0.0769230769230769,1.09086735451857,1.0140553886901678,1.0408074843596757,0.050059870158894126,0.9942158561018988,0.9859446113098324,1.0029479500938119,0.008732093991913216,1.0050870173620323,0.9825943976516366,0.9857369526630729,0.019350064698959557,1.0426269926291718,0.998931817612344,1.0221278722348748,0.020499120394296765,0.78937309751133,0.0808521007251528,0.4274102543544558,0.3619628431568742
val:2108,val,mendeley_pa:image:MENDE-PA-00007,images/mendeley_pa/MENDE-PA-00007.jpg,Mendeley PA,PA,2108,11,17,0.0769230769230769,0.8486480134313529,0.9966728424553576,1.0137120241199438,0.16506401068859086,0.800119118582905,0.970310674242454,0.9828866666255168,0.18276754804261194,0.9314312622565636,0.983261393512346,0.9840789366408513,0.052647674384287746,0.9416502247505354,1.016738606487654,1.0376530306984408,0.09600280594790542,0.1617042014503056,1.3878546983040252,1.8899852663315215,1.728281064881216
val:2109,val,mendeley_pa:image:MENDE-PA-00007,images/mendeley_pa/MENDE-PA-00007.jpg,Mendeley PA,PA,2109,12,17,0.0769230769230769,1.1564195163002424,1.1438060396803644,1.1691892979187992,0.012769781618556892,1.1949032000554316,1.0203222980785684,1.0313383027974086,0.16356489725802298,1.0071632459211275,0.9799897265361118,0.9773099100889134,0.02985333583221399,1.0383616858841993,0.9917683830140842,1.0132426680653108,0.02511901781888838,1.9863362990967344,0.6464981610722305,1.1536709244198562,0.8326653746768784
val:2110,val,mendeley_pa:image:MENDE-PA-00007,images/mendeley_pa/MENDE-PA-00007.jpg,Mendeley PA,PA,2110,13,17,0.0769230769230769,1.2511036038687406,0.961574390180375,1.020040988571908,0.2310626152968327,1.069647359789241,0.9670605508913236,0.988225925557776,0.0814214342314652,1.0023787249072158,1.0106782179081972,1.014968208664858,0.0125894837576421,1.0153566999632675,0.9893217820918024,1.0108177334314048,0.004538966531862431,1.1312921206941695,-0.3330280967525993,0.07479668776468884,1.0564954329294807
val:2111,val,mendeley_pa:image:MENDE-PA-00007,images/mendeley_pa/MENDE-PA-00007.jpg,Mendeley PA,PA,2111,14,17,0.0769230769230769,0.7210375062100234,1.0066553622961876,1.0443602174998161,0.32332271128979273,0.698903183242329,0.9933446377038124,1.0045846515788797,0.3056814683365505,1.0526733590698472,1.0144808644447665,1.017207206973825,0.03546615209602214,0.9796978621217574,1.0201887344012943,1.0464199283163038,0.0667220661945466,-2.652392492601919,-0.0532393233293504,-0.03878307169320294,2.613609420908716
val:2112,val,mendeley_pa:image:MENDE-PA-00007,images/mendeley_pa/MENDE-PA-00007.jpg,Mendeley PA,PA,2112,15,17,0.0769230769230769,1.0145878086583369,1.0262207758530943,1.040231272290644,0.02564346363230699,1.1585374624897302,0.918399699120671,0.9294157038395111,0.22912175865021908,1.010250626076408,0.958450815190199,0.9554313081471354,0.05481931792927274,1.0086784499908352,0.969117578950838,0.9868172340962448,0.021861215894590474,-1.2377707673528846,-1.62325398518162,-1.605784662872722,0.3680138955198373
val:2202,val,mendeley_pa:image:MENDE-PA-00014,images/mendeley_pa/MENDE-PA-00014.jpg,Mendeley PA,PA,2202,3,17,0.0769230769230769,1.0825233572803123,0.9942958793269372,1.0055226721467352,0.0770006851335772,1.146354326609112,1.1044562849632265,1.1130532593882443,0.033301067220867765,1.0677307732304764,1.03175409274366,1.0393261275832006,0.028404645647275677,0.9501486173908296,0.96824590725634,1.0055812471899737,0.0554326297991443,11.805235676509142,13.621426253954752,14.966383844057901,3.1611481675487596
val:2203,val,mendeley_pa:image:MENDE-PA-00014,images/mendeley_pa/MENDE-PA-00014.jpg,Mendeley PA,PA,2203,4,17,0.0769230769230769,0.8602123519467817,0.9550182368674538,0.9663633830913565,0.1061510311445748,0.9944353123573596,1.0116398264755646,1.015258629350845,0.02082331699348538,1.0417143062280103,1.017795677905187,1.0198499752704353,0.021864330957574698,0.8796387051261736,0.9566675186990512,0.9906065375446094,0.11096783241843587,15.252394071173155,12.676650582997866,14.2948530308891,0.9575410402840561
val:2204,val,mendeley_pa:image:MENDE-PA-00014,images/mendeley_pa/MENDE-PA-00014.jpg,Mendeley PA,PA,2204,5,17,0.0769230769230769,0.9099202426377112,0.9085763463340456,0.8988066933639104,0.011113549273800512,0.9641955375333866,1.0080555797928994,1.0116743826681798,0.04747884513479308,0.9581785457382688,1.0279981842729642,1.030609395774026,0.07243085003575732,0.9579157390558408,0.9486341669196756,0.9775399870211752,0.019624247965334258,13.54806548948659,14.325157705181836,16.265750113362074,2.717684623875485
val:2205,val,mendeley_pa:image:MENDE-PA-00014,images/mendeley_pa/MENDE-PA-00014.jpg,Mendeley PA,PA,2205,6,17,0.0769230769230769,0.9908017800228052,1.010730962737352,0.98016898846522,0.010632791557585019,1.0573217801200905,1.0237703710682498,1.0217528066951589,0.035568973424931566,0.980088373436706,0.972206580646592,0.9737864343526539,0.006301939084051959,0.9887559806974676,0.9936303876249096,1.0167713712809583,0.028015390583490875,13.397921339190518,11.369788130030829,13.162803133235172,0.23511820595534516
val:2206,val,mendeley_pa:image:MENDE-PA-00014,images/mendeley_pa/MENDE-PA-00014.jpg,Mendeley PA,PA,2206,7,17,0.0769230769230769,1.0486071514493631,1.0145326789157805,1.0334938645052132,0.015113286944149887,1.0188822561154631,0.9854673210842196,0.9890861239595,0.02979613215596342,0.9793577180566077,0.9928296697060072,0.9924951936434449,0.013137475586837383,1.0221675348239678,1.0071703302939927,1.036206230082134,0.01403869525816615,9.191510770575064,7.645488678440657,9.579417644962874,0.38790687438780935
val:2207,val,mendeley_pa:image:MENDE-PA-00014,images/mendeley_pa/MENDE-PA-00014.jpg,Mendeley PA,PA,2207,8,17,0.0769230769230769,1.0242789545095046,1.06860002308695,1.0699790836459246,0.04570012913642024,0.905521703452746,0.9313999769130497,0.9293824125399588,0.023860709087212537,0.9976518707375752,0.9858599024063864,0.986819080257132,0.010832790480443081,1.0174334949742403,1.0141400975936132,1.0371411481701809,0.01970765319594065,1.893056017690796,0.1341274940265719,0.7832043730510776,1.1098516446397184
val:2208,val,mendeley_pa:image:MENDE-PA-00014,images/mendeley_pa/MENDE-PA-00014.jpg,Mendeley PA,PA,2208,9,17,0.0769230769230769,1.1437116411645534,1.0632110880253791,1.0688427350981116,0.07486890606644175,0.8940055922453776,0.969471039532784,0.9773678121185932,0.08336221987321574,0.9583660842418448,0.9779340601213312,0.9757659809816664,0.01739989673982173,0.972051252453464,1.0220659398786685,1.0332063292466065,0.06115507679314244,-8.923255782521935,-7.404309121425882,-7.379453822504416,1.5438019600175181
val:2209,val,mendeley_pa:image:MENDE-PA-00014,images/mendeley_pa/MENDE-PA-00014.jpg,Mendeley PA,PA,2209,10,17,0.0769230769230769,1.0826727378383885,1.0650489356837145,1.0825097494295708,0.0001629884088176145,1.0160519919477191,0.9349510643162856,0.947885654074801,0.06816633787291844,0.9464301768003354,0.9998316051703624,0.9964494033981792,0.05001922659784372,1.0117460766144646,1.0001683948296378,1.0142096165302465,0.0024635399157820308,-16.701674260542575,-15.202998910333108,-17.52369574108262,0.8220214805400445
val:2210,val,mendeley_pa:image:MENDE-PA-00014,images/mendeley_pa/MENDE-PA-00014.jpg,Mendeley PA,PA,2210,11,17,0.0769230769230769,0.8974472126884422,1.00892030577726,1.029564828980633,0.13211761629219076,0.8873365887782154,0.9910796942227398,0.9946984970980202,0.10736190831980467,1.0603946740871757,0.9924406290350576,0.9936100437602122,0.06678463032696316,1.048612989958188,1.0075593709649424,1.0208338115068059,0.02777917845138206,-21.48274203814428,-19.088833427999603,-21.015900946233856,0.46684109191042467
val:2211,val,mendeley_pa:image:MENDE-PA-00014,images/mendeley_pa/MENDE-PA-00014.jpg,Mendeley PA,PA,2211,12,17,0.0769230769230769,0.9845070732354532,0.9590317982976644,0.9575663493044062,0.02694072393104698,1.0080301646734922,0.9844611642233188,0.9853628428585919,0.02266732181490007,1.013327264742581,0.9735197421453332,0.9756469602055287,0.037680304537052456,0.9822578073792412,1.0264802578546672,1.0361806120433479,0.05392280466410655,-21.47599259545665,-20.361420581157887,-22.28848809939214,0.8124955039354944
val:2212,val,mendeley_pa:image:MENDE-PA-00014,images/mendeley_pa/MENDE-PA-00014.jpg,Mendeley PA,PA,2212,13,17,0.0769230769230769,1.017362383154548,0.9576329409691636,0.9661453904199545,0.05121699273459332,1.0751240023097952,1.0423670590308365,1.0548493510496673,0.020274651260127924,0.933954404395528,0.9831647113192588,0.9842526554589852,0.05029825106345716,1.0498150946664544,1.016835288680741,1.0308388085808842,0.01897628608557015,-19.240099124171508,-17.13711910165263,-18.444824861654766,0.7952742625167417
val:2213,val,mendeley_pa:image:MENDE-PA-00014,images/mendeley_pa/MENDE-PA-00014.jpg,Mendeley PA,PA,2213,14,17,0.0769230769230769,0.91014363847483,1.0034315138570309,1.019790509667182,0.1096468711923519,1.0473868472737269,1.076672831214898,1.0876888359337382,0.04030198866001132,0.9379383643141784,0.9657405784640606,0.9709393724154826,0.03300100810130398,1.0334299804140274,1.0342594215359393,1.048121855379254,0.014691874965226448,-12.798245607848614,-12.110264615259595,-11.834903911791272,0.9633416960573413
val:2214,val,mendeley_pa:image:MENDE-PA-00014,images/mendeley_pa/MENDE-PA-00014.jpg,Mendeley PA,PA,2214,15,17,0.0769230769230769,1.0608171524330452,0.9453391922991706,0.9594124971311523,0.10140465530189284,1.153704287546319,1.0638152647797117,1.0736633220721135,0.08004096547420551,0.972287494104296,0.9458144461433808,0.9537968398700873,0.018490654234208495,0.9953481740542586,1.0541855538566192,1.057316374436446,0.06196820038218733,-4.980430106347697,-6.5917136600130135,-5.761556082021528,0.7811259756738309
val:2267,val,mendeley_pa:image:MENDE-PA-00018,images/mendeley_pa/MENDE-PA-00018.jpg,Mendeley PA,PA,2267,3,17,0.0769230769230769,0.9363787630240192,1.0897427983827588,1.1163673009968993,0.17998853797287992,1.0692174772712404,0.9980042632031166,1.009412308159741,0.05980516911149919,1.0114806276757549,1.001747175017527,0.9936044056808266,0.017876221994928138,0.9543795839305226,1.013024578422176,1.0276460662408344,0.07326648231031185,-20.69499759532688,-18.205194741648697,-20.51116326467421,0.1838343306526724
val:2268,val,mendeley_pa:image:MENDE-PA-00018,images/mendeley_pa/MENDE-PA-00018.jpg,Mendeley PA,PA,2268,4,17,0.0769230769230769,1.199116714133801,0.980347247937289,1.0054694396942527,0.19364727443954827,1.0435678078088977,1.065164495142496,1.0777404875255587,0.03417267971666124,1.0416295909692683,1.0272755782629788,1.0150733759205282,0.026556215048740117,1.0579877300971363,0.9727244217370214,0.9928048726592722,0.06518285743786426,-20.20310036259255,-20.281332363937796,-21.92302500233501,1.7199246397424588
val:2269,val,mendeley_pa:image:MENDE-PA-00018,images/mendeley_pa/MENDE-PA-00018.jpg,Mendeley PA,PA,2269,5,17,0.0769230769230769,0.95276967473816,0.9913416076100736,1.0407843235529333,0.08801464881477325,0.9860674101050648,0.9704048144199507,0.9874081532039302,0.0013407430988653171,0.9942811060294178,1.0060154088558029,1.0058175184665579,0.011536412437139796,0.9445961994148436,0.9939845911441976,1.018118595632785,0.07352239621794107,-19.86766713254869,-17.830049019265033,-19.83085153620229,0.036815596346400525
val:2270,val,mendeley_pa:image:MENDE-PA-00018,images/mendeley_pa/MENDE-PA-00018.jpg,Mendeley PA,PA,2270,6,17,0.0769230769230769,0.8155186130638362,0.9524046248097152,0.9657134404678077,0.1501948274039715,0.9146106978161886,0.9684390296443566,0.9792441680311426,0.06463347021495389,0.9701353097536662,1.000733554364426,0.9993228575924988,0.029187547838832522,0.933283922248553,0.9865625877312748,0.9936136761128335,0.06032975386428046,-15.456997675937515,-10.41546847466472,-10.41033539716247,5.046662278775045
val:2271,val,mendeley_pa:image:MENDE-PA-00018,images/mendeley_pa/MENDE-PA-00018.jpg,Mendeley PA,PA,2271,7,17,0.0769230769230769,0.9300670079758152,0.9376134094405087,0.9495050361934217,0.0194380282176066,0.9304260070708168,1.0089454958829378,1.0187935531753396,0.0883675461045229,1.0005103868659495,1.006790402085855,1.0069264337968633,0.0064160469309135,1.0174693624656443,0.9932095979141452,1.0003970272640146,0.01707233520162961,-0.9632698167807376,-1.5602951163591854,0.2381425982175358,1.2014124149982734
val:2272,val,mendeley_pa:image:MENDE-PA-00018,images/mendeley_pa/MENDE-PA-00018.jpg,Mendeley PA,PA,2272,8,17,0.0769230769230769,1.073348108382009,1.0018769723004113,1.0137685990533243,0.059579509328684305,1.1217889133995855,1.0179846890127189,1.0304669810315497,0.09132193236803582,1.005380943887423,0.9937429643029316,0.9913835083859011,0.013997435501521972,1.0119765010138586,1.0202209556557458,1.0312939880497973,0.019317487035938653,12.336407443219144,6.823942705857888,8.968577667939797,3.367829775279347
val:2273,val,mendeley_pa:image:MENDE-PA-00018,images/mendeley_pa/MENDE-PA-00018.jpg,Mendeley PA,PA,2273,9,17,0.0769230769230769,1.0068584158656693,0.9801759179412524,0.9817783685597727,0.02508004730589632,1.0357996914338337,1.0198240820587476,1.0272406772979399,0.008559014135893751,1.0623764264780684,1.022690853016622,1.0271956589130533,0.03518076756501529,1.0993534971397323,1.0375038522633049,1.0492286353709432,0.05012486176878924,14.6111552284965,14.416692557520191,17.10078841704778,2.489633188551281
val:2274,val,mendeley_pa:image:MENDE-PA-00018,images/mendeley_pa/MENDE-PA-00018.jpg,Mendeley PA,PA,2274,10,17,0.0769230769230769,0.9768298017311016,1.0646375097596348,1.0826461628341377,0.10581636110303624,1.0118212331664622,1.097268159478295,1.1047728918263198,0.09295165865985755,1.0534003642989755,1.0183678050785834,1.0261747651062483,0.0272255991927272,1.0764856911087497,1.0651661117739064,1.0969515142208917,0.020465823112142047,16.49697767182124,15.829271078648771,17.27218771034738,0.77521003852614
val:2275,val,mendeley_pa:image:MENDE-PA-00018,images/mendeley_pa/MENDE-PA-00018.jpg,Mendeley PA,PA,2275,11,17,0.0769230769230769,1.1277355636091353,0.8394542145010836,0.8482923893657334,0.2794431742434019,1.164195280421792,0.9154956999228094,0.9222551832900141,0.24194009713177772,0.9111035533240144,0.9439529725430096,0.9449121503937552,0.03380859706974082,0.9640002841402286,0.9781092746798876,1.0100682160501364,0.0460679319099077,17.047386928801046,14.814374038976696,16.74268777112391,0.30469915767713474
val:2276,val,mendeley_pa:image:MENDE-PA-00018,images/mendeley_pa/MENDE-PA-00018.jpg,Mendeley PA,PA,2276,12,17,0.0769230769230769,0.6352239814616716,1.0170424260529545,0.9927826371374395,0.35755865567576767,0.7407908536339786,0.9872935739423588,0.9909123768176392,0.2501215231836605,0.8439750759123309,0.9538962758714384,0.9587147917235321,0.1147397158112011,0.8875912530828325,0.9938397590918002,1.0031744741750417,0.11558322109220916,13.131770406132148,13.121480671180136,14.812169162047752,1.6803987559156042
val:2277,val,mendeley_pa:image:MENDE-PA-00018,images/mendeley_pa/MENDE-PA-00018.jpg,Mendeley PA,PA,2277,13,17,0.0769230769230769,0.9886700552621308,0.8162635117188962,0.7918960973040136,0.19677395795811706,0.8990227835745477,0.8495979425159207,0.8563574258831254,0.04266535769142223,1.0669550847344311,0.9775717260409624,0.9836868086923392,0.08326827604209228,1.0977692695985786,1.0138824570734226,1.0125099700220102,0.08525929957656836,9.195574413559244,4.188026560729426,5.152279569095057,4.043294844464185
val:2278,val,mendeley_pa:image:MENDE-PA-00018,images/mendeley_pa/MENDE-PA-00018.jpg,Mendeley PA,PA,2278,14,17,0.0769230769230769,1.023595357670435,1.0203747683436732,1.0243066152789753,0.0007112576085402189,0.9874977532892822,0.9796252316563266,0.9936675113393801,0.006169758050097994,0.9576485739155668,0.9940376338127884,0.9910257347438368,0.03337716082826999,0.9824915183451796,1.0303299246488904,1.0363231456040238,0.05383162725884424,-4.755717284673295,2.164447984698512,2.5088717258007307,7.264589010474026
val:2279,val,mendeley_pa:image:MENDE-PA-00018,images/mendeley_pa/MENDE-PA-00018.jpg,Mendeley PA,PA,2279,15,17,0.0769230769230769,1.0429246023820355,1.042275132917123,1.054194632292049,0.01127002991001349,1.0517468584721152,1.0369704046574135,1.0468184619498153,0.00492839652229991,1.0619802689280529,1.0005637136068726,1.004329798162409,0.05765047076564369,1.1078082999327603,1.029380019476807,1.0445284244624733,0.06327987547028692,-4.866678444162204,-5.962996730213476,-6.409078130131078,1.5423996859688742
val:2425,val,mendeley_pa:image:MENDE-PA-00029,images/mendeley_pa/MENDE-PA-00029.jpg,Mendeley PA,PA,2425,3,17,0.0769230769230769,1.1635134327921228,1.0061199652152129,1.0267429804550476,0.1367704523370751,1.1434900763382476,0.9938800347847866,1.0090902618942783,0.13439981444396917,0.9544454909674326,0.974247157260146,0.9802182169289552,0.025772725961522674,0.9630838265207105,0.9919055960278867,1.0114121808808205,0.04832835436011038,-0.2558171355950662,-2.391286934844416,-2.2933162256397424,2.037499090044676
val:2426,val,mendeley_pa:image:MENDE-PA-00029,images/mendeley_pa/MENDE-PA-00029.jpg,Mendeley PA,PA,2426,4,17,0.0769230769230769,1.0019615952120706,1.064969179653381,1.0933648659519897,0.09140327073991898,0.9842093715339826,1.0519244867837467,1.0645004791668096,0.08029110763282694,0.9297230976559114,0.9395580537396416,0.9399349952012234,0.010211897545311837,0.9306641602944246,0.9977376043432874,1.0201015911632698,0.08943743086884533,-6.191454628877025,-4.937271657682473,-5.069149184323365,1.1223054445536604
val:2427,val,mendeley_pa:image:MENDE-PA-00029,images/mendeley_pa/MENDE-PA-00029.jpg,Mendeley PA,PA,2427,5,17,0.0769230769230769,0.981878409461844,0.9290501111179964,0.955582612100281,0.026295797361563053,0.9751373357669766,0.9696349079528837,0.9804400463396696,0.005302710572693084,0.910737645219719,0.9577723986576798,0.9572543836539167,0.04651673843419766,1.0183323086684055,0.9996605491786216,1.0182914188652252,4.088980318055213e-05,-9.61872617976988,-6.290835177248567,-7.2996374719797075,2.319088707790172
val:2428,val,mendeley_pa:image:MENDE-PA-00029,images/mendeley_pa/MENDE-PA-00029.jpg,Mendeley PA,PA,2428,6,17,0.0769230769230769,0.8843775343974047,1.0100212687252998,1.0264857554434776,0.1421082210460729,0.9814531548782784,0.9899787312747,1.0013867762313247,0.01993362135304621,0.9654798199619278,0.9714512087827344,0.976693646372648,0.011213826410720107,1.046605799525795,1.0285487912172655,1.0384007675150613,0.008205032010733627,-6.390215725620124,-5.272281229619892,-6.147024095182331,0.24319163043779213
val:2429,val,mendeley_pa:image:MENDE-PA-00029,images/mendeley_pa/MENDE-PA-00029.jpg,Mendeley PA,PA,2429,7,17,0.0769230769230769,0.990669170676214,0.945069702749981,0.9572469707931415,0.03342219988307256,0.9591266598666608,1.022797039519589,1.0320421902421522,0.07291553037549117,0.9929045876726256,0.9686699065739331,0.9744169608118055,0.01848762686081984,1.0012380096562823,1.0313300934260667,1.0372113391397477,0.035973329483465384,-0.9258362794699052,-2.984898274379418,-2.10861731095855,1.1827810314886449
val:2430,val,mendeley_pa:image:MENDE-PA-00029,images/mendeley_pa/MENDE-PA-00029.jpg,Mendeley PA,PA,2430,8,17,0.0769230769230769,1.0204922467306552,0.9984053757251268,1.0128343358845477,0.0076579108461074345,1.0822151472372272,1.0199174090088636,1.0317967944578559,0.050418352779371345,0.9937001878196348,0.98201118370441,0.9827876736099573,0.01091251420967735,1.0408806396750303,1.01798881629559,1.0292032867864032,0.011677352888627344,0.4204191768612872,0.4973990781609245,1.6945042474571892,1.274085070595902
val:2431,val,mendeley_pa:image:MENDE-PA-00029,images/mendeley_pa/MENDE-PA-00029.jpg,Mendeley PA,PA,2431,9,17,0.0769230769230769,1.0179229703481565,1.012429971862277,1.0294859713499154,0.011563001001758975,1.0899490095151818,1.0535527538105112,1.0649607987671357,0.024988210748046094,0.9411904498353482,0.9794485448249596,0.9820628397022354,0.04087238986688713,1.0012145883461712,1.0205514551750403,1.0326943508959394,0.031479762549768406,1.9206344357917688,2.630964281955727,3.0798650709781725,1.159230635186404
val:2432,val,mendeley_pa:image:MENDE-PA-00029,images/mendeley_pa/MENDE-PA-00029.jpg,Mendeley PA,PA,2432,10,17,0.0769230769230769,1.0105488415264636,0.9805517316814812,1.0146025762912187,0.004053734764754995,1.0320162406466586,1.0146628941367275,1.0304982854942686,0.0015179551523900152,0.9903735041063318,0.9784232156737538,0.9783675270366778,0.012005977069653945,1.0269606360656212,1.0215767843262462,1.0313613114492206,0.004400675383599496,4.841509387050166,3.26297551922066,3.7666404300139646,1.0748689570362018
val:2433,val,mendeley_pa:image:MENDE-PA-00029,images/mendeley_pa/MENDE-PA-00029.jpg,Mendeley PA,PA,2433,11,17,0.0769230769230769,0.929617215144501,0.9756173700382852,1.0124589711716316,0.08284175602713065,0.926917061987957,0.9716147265152664,0.9886180652992458,0.061701003311288916,0.9914350827171862,0.9930672719347722,0.9976774900424725,0.006242407325286348,1.0182362962105007,1.006932728065228,1.0251148492824789,0.0068785530719782245,4.605316602649552,2.7885821405270264,3.2455899360993072,1.3597266665502445
val:2434,val,mendeley_pa:image:MENDE-PA-00029,images/mendeley_pa/MENDE-PA-00029.jpg,Mendeley PA,PA,2434,12,17,0.0769230769230769,0.9708613874861366,1.0192568248414229,1.0358396305047701,0.06497824301863345,0.9419982386869348,1.0000993032142371,1.0111153079330772,0.06911706924614272,1.012912456634597,1.014558198175754,1.013176786260109,0.0002643296255119966,1.0062533380232626,0.9854418018242462,1.000471279711102,0.005782058312160696,0.7356548940038863,1.303654499409589,1.6258488074521154,0.8901939134482291
val:2435,val,mendeley_pa:image:MENDE-PA-00029,images/mendeley_pa/MENDE-PA-00029.jpg,Mendeley PA,PA,2435,13,17,0.0769230769230769,1.1283969413207082,0.9866410660629068,1.0108870956187044,0.11750984570200393,1.092138140467306,1.0133589339370932,1.0243749386559333,0.06776320181137267,1.020017172706141,0.9963438454176023,0.9944625654349759,0.02555460727116464,0.9399534774495636,1.0036561545823974,1.0200030804519815,0.08004960300241798,-1.9980076038303596,-2.9668280378826357,-2.9920090892263147,0.9940014853959553
val:2436,val,mendeley_pa:image:MENDE-PA-00029,images/mendeley_pa/MENDE-PA-00029.jpg,Mendeley PA,PA,2436,14,17,0.0769230769230769,0.8885706153398739,0.9953312037705078,1.021642226931323,0.13307161159144903,0.9632983024902088,1.0046687962294925,1.016076841186117,0.052778538695908206,1.013947943406646,1.012987105810938,1.0094387097581454,0.004509233648500568,1.034612840093922,1.027130807163019,1.0417473580407093,0.007134517946787215,-6.669310969769143,-5.665867282949705,-6.194141342245359,0.47516962752378333
val:2437,val,mendeley_pa:image:MENDE-PA-00029,images/mendeley_pa/MENDE-PA-00029.jpg,Mendeley PA,PA,2437,15,17,0.0769230769230769,0.9503435755835962,0.9409717894706312,0.9758323259267393,0.025488750343143095,1.000560625735854,0.9849359711322342,0.997511963515297,0.003048662220557061,0.9915899932409874,0.9936883136167814,0.9968308686282178,0.005240875387230343,1.0957696936626626,1.0063116863832189,1.0227077674582912,0.07306192620437162,-9.333726962069036,-6.803180799682778,-7.199146614273232,2.1345803477958043
val:2705,val,mendeley_pa:image:MENDE-PA-00053,images/mendeley_pa/MENDE-PA-00053.jpg,Mendeley PA,PA,2705,3,17,0.0769230769230769,1.1158866439471382,0.93250095906011,0.9859616092061175,0.12992503474102077,1.1016562501528724,1.0240350375272127,1.0481905164517256,0.05346573370114674,0.9553295091386936,1.0078087730383811,1.0153808078779218,0.06005129873922832,0.964282596469337,0.9713152654887584,1.0034029938699152,0.039120397400578225,1.371331869539148,4.93754143407503,5.604026207234057,4.232694337694909
val:2706,val,mendeley_pa:image:MENDE-PA-00053,images/mendeley_pa/MENDE-PA-00053.jpg,Mendeley PA,PA,2706,4,17,0.0769230769230769,0.6470495391504929,1.0012312545127826,1.0095208375401454,0.36247129838965253,0.8111223358716653,0.9400141652630464,0.9436329681383268,0.13251063226666157,0.925543121530291,0.9539730936148816,0.9560273909801298,0.030484269449838904,0.9164105414584176,0.9911940786072376,1.0232673267850045,0.106856785326587,9.6278228375252,5.265910570321125,7.100578729805989,2.5272441077192127
val:2707,val,mendeley_pa:image:MENDE-PA-00053,images/mendeley_pa/MENDE-PA-00053.jpg,Mendeley PA,PA,2707,5,17,0.0769230769230769,1.0073532810353258,0.8528833776174577,0.825072606599191,0.18228067443613477,0.891965276479133,0.9305057732344244,0.9341245761097048,0.04215929963057158,0.9102331250670824,0.9546645109995,0.9560903395513736,0.04585721448429096,0.9753248006339876,0.9639241111232696,0.9844352689339576,0.00911046829997002,9.160489271103105,7.712887711774272,9.6436609699835,0.48317169888039757
val:2708,val,mendeley_pa:image:MENDE-PA-00053,images/mendeley_pa/MENDE-PA-00053.jpg,Mendeley PA,PA,2708,6,17,0.0769230769230769,1.053789165321488,1.0458814330510362,1.0358772963396772,0.01791186898181092,1.0348145180529686,0.954118566948964,0.9646758431457418,0.07013867490722688,0.95828921097791,0.9684923941356754,0.9678414875495872,0.00955227657167706,0.985224342627794,1.0315076058643249,1.037857672377148,0.052633329749353606,5.797952586023328,6.577434365836297,7.226511244860802,1.4285586588374741
val:2709,val,mendeley_pa:image:MENDE-PA-00053,images/mendeley_pa/MENDE-PA-00053.jpg,Mendeley PA,PA,2709,7,17,0.0769230769230769,1.039390614273102,1.0880020583822567,1.027967146302684,0.011423467970417975,0.9757328556510704,1.0711339200134986,1.0663992315750235,0.09066637592395317,0.9970874795193088,0.996204016723261,0.9899106854503609,0.0071767940689477045,1.056537943020186,1.0398485954499448,1.0482943622043932,0.008243580815792788,3.9943794605694896,3.9296529437649497,4.453105642949367,0.45872618237987695
val:2710,val,mendeley_pa:image:MENDE-PA-00053,images/mendeley_pa/MENDE-PA-00053.jpg,Mendeley PA,PA,2710,8,17,0.0769230769230769,1.1130825352601956,0.9183091031046102,0.9222887115211675,0.1907938237390281,1.0983805144537335,0.8887243110638623,0.8923431139391427,0.20603740051459082,1.0290288698379353,0.9921896976304928,0.9911995026634762,0.03782936717445898,1.0876886898138738,1.0078103023695073,1.024912573687943,0.06277611612593073,2.061353301506557,2.4689135341076,2.9913108734516243,0.9299575719450672
val:2711,val,mendeley_pa:image:MENDE-PA-00053,images/mendeley_pa/MENDE-PA-00053.jpg,Mendeley PA,PA,2711,9,17,0.0769230769230769,0.713812927090165,0.990055151181738,0.9790440051727697,0.26523107808260454,0.7166626444926845,1.009944848818262,1.0135636516935425,0.296901007200858,0.958594893966404,0.9745171076739576,0.9751264988682602,0.016531604901856088,0.9352367984169416,1.0254828923260424,1.0401204892312739,0.10488369081433217,0.9434476076457088,1.895423290717929,2.446713504779666,1.5032658971339572
val:2712,val,mendeley_pa:image:MENDE-PA-00053,images/mendeley_pa/MENDE-PA-00053.jpg,Mendeley PA,PA,2712,10,17,0.0769230769230769,1.0908105250031714,0.953003899109854,0.8819283180956976,0.20888220690747364,1.147760318154298,0.9531785311555986,0.9515845229762171,0.1961757951780808,0.9479531028907058,1.0034519655679808,0.9993779629518733,0.051424860061167435,0.9932741371894714,0.9664404816914468,0.981794109194365,0.011480027995106355,1.7294932799293008,0.6699529837662084,1.1476352464252813,0.5818580335040195
val:2713,val,mendeley_pa:image:MENDE-PA-00053,images/mendeley_pa/MENDE-PA-00053.jpg,Mendeley PA,PA,2713,11,17,0.0769230769230769,1.093010326237486,0.9749217767998186,0.9639487861454097,0.12906154009207624,1.0903730594904697,1.0250782232001814,1.0393108074754867,0.05106225201498282,1.031090430838241,0.9649842534792316,0.9626536953375381,0.06843673550070277,0.9823323077115804,1.0350157465207686,1.0450814827698578,0.06274917505827744,0.3964583598867079,0.6724423079371888,0.9168730734467943,0.5204147135600863
val:2714,val,mendeley_pa:image:MENDE-PA-00053,images/mendeley_pa/MENDE-PA-00053.jpg,Mendeley PA,PA,2714,12,17,0.0769230769230769,0.8249984684346285,1.0273331677358215,1.0065537256937092,0.18155525725908084,0.8667054175660586,1.001730509815234,1.0053493126905144,0.13864389512445577,0.9694887777727378,1.0279662585064937,1.0188784109607507,0.049389633188012615,1.0604715598766632,0.9890133005712328,1.0073545345250663,0.05311702535159682,-0.3846086640549089,0.0198438047591622,0.1641460686150964,0.5487547326700053
val:2715,val,mendeley_pa:image:MENDE-PA-00053,images/mendeley_pa/MENDE-PA-00053.jpg,Mendeley PA,PA,2715,13,17,0.0769230769230769,1.0768695211264523,0.9061271321784936,0.9223303419362985,0.15453917919015392,1.0268615938577104,0.9830469350578894,0.9866657379331698,0.04019585592454052,1.0535986122671432,0.9849855301917976,0.9880178671346491,0.06558074513249415,1.0223943118911214,1.0150144698082024,1.0358399359493071,0.013445624058185798,-0.3567707503683834,1.667188744758704,1.7769827877632167,2.1337535381316
val:2716,val,mendeley_pa:image:MENDE-PA-00053,images/mendeley_pa/MENDE-PA-00053.jpg,Mendeley PA,PA,2716,14,17,0.0769230769230769,0.9523423153920216,1.0037488847238172,1.0382814838749517,0.08593916848292998,1.0617966320470476,0.9962511152761832,0.9998699181514635,0.06192671389558402,0.9917251036873272,1.0052965704219703,1.005939793771441,0.014214690084113645,0.9652492162661804,0.9947034295780296,1.012762117026531,0.047512900760350786,3.718986153572303,4.200078976993368,5.023432863597677,1.304446710025374
val:2717,val,mendeley_pa:image:MENDE-PA-00053,images/mendeley_pa/MENDE-PA-00053.jpg,Mendeley PA,PA,2717,15,17,0.0769230769230769,0.892550247278033,0.9640960139091708,0.9593982333186664,0.06684798604063319,0.9248769928686048,1.0082188533733394,1.014978336740544,0.09010134387193906,0.9521641665946372,0.9845319281646766,0.9824840534327336,0.030319886838096485,0.9604359810776512,1.0005641461406969,1.0109233514462732,0.050487370368621824,8.756928704355118,6.770511353378524,9.096166098480452,0.33923739412533394
val:2870,val,mendeley_pa:image:MENDE-PA-00066,images/mendeley_pa/MENDE-PA-00066.jpg,Mendeley PA,PA,2870,3,17,0.0769230769230769,1.175861600764602,1.0576044658273305,1.103768669262513,0.07209293150208923,1.0672568390266275,0.9487603329895412,0.9657636717735206,0.10149316725310688,0.8775215059192358,0.9942385630129432,1.0001971452875589,0.12267563936832296,0.987781062355498,1.001765460851376,1.026487433495705,0.03870637114020687,-12.297473530609023,-7.981988279482238,-8.871767489572875,3.4257060410361504
val:2871,val,mendeley_pa:image:MENDE-PA-00066,images/mendeley_pa/MENDE-PA-00066.jpg,Mendeley PA,PA,2871,4,17,0.0769230769230769,0.9010132265614008,1.0153216639848202,1.0249598449410646,0.12394661837966386,0.875585452428038,1.0387781228738924,1.0423969257491728,0.16681147332113477,0.9825771462482455,0.9205951823498064,0.9274990230443829,0.0550781232038627,0.9226565554916336,0.9864371718817896,0.9972351400160736,0.07457858452444022,-9.171394048564508,-8.363740265245653,-9.864233314867235,0.6928392663027267
val:2872,val,mendeley_pa:image:MENDE-PA-00066,images/mendeley_pa/MENDE-PA-00066.jpg,Mendeley PA,PA,2872,5,17,0.0769230769230769,0.9904845824809126,0.9678797824590508,0.9639522894567851,0.02653229302412749,1.150874853348651,0.9784845751151016,0.9852440584823062,0.16563079486634463,0.9424644231778752,1.0147269092570164,1.010191698938153,0.0677272757602777,0.9648782376749993,0.9852730907429834,0.9999599117715736,0.0350816740965743,-4.430006999882281,-5.74631760718097,-5.857649055139916,1.4276420552576354
val:2873,val,mendeley_pa:image:MENDE-PA-00066,images/mendeley_pa/MENDE-PA-00066.jpg,Mendeley PA,PA,2873,6,17,0.0769230769230769,0.9312762366933286,0.9698042212568156,0.9505237261347406,0.019247489441411816,0.977967273203304,1.0301957787431846,1.0411135922603378,0.06314631905703377,1.006054132813382,0.9809844709383448,0.9758345793383321,0.03021955347504978,1.004954293271315,1.0190155290616552,1.0342628172216812,0.029308523950366275,-2.3212411657974314,-3.254670302009643,-3.5241114893913874,1.202870323593956
val:2874,val,mendeley_pa:image:MENDE-PA-00066,images/mendeley_pa/MENDE-PA-00066.jpg,Mendeley PA,PA,2874,7,17,0.0769230769230769,0.9184886903168846,0.9444135458575644,0.9188675539003768,0.0003788635834921471,0.8872581296224141,0.9852110600892444,0.9888298629645248,0.10157173334211048,0.9996001168058538,1.0124455348012031,1.0068480952066363,0.007247978400782479,1.0504262849132049,0.9996018820106533,1.0222319029867197,0.02819438192648501,-2.0793336041370054,-0.8275491448444257,-2.1307378264469037,0.05140422230989827
val:2875,val,mendeley_pa:image:MENDE-PA-00066,images/mendeley_pa/MENDE-PA-00066.jpg,Mendeley PA,PA,2875,8,17,0.0769230769230769,1.0179178883869178,1.0492989552470828,1.0546516265052344,0.03673373811831653,1.0558983612237818,0.9882173435792642,0.9945541285008507,0.06134423272293109,1.0912089001420249,1.029953484923283,1.031468481441664,0.05974041870036066,1.066713057032809,1.054605217585371,1.071118820393489,0.004405763360680066,0.6661428761085801,-0.3738837147251956,-1.2455498481289737,1.9116927242375539
val:2876,val,mendeley_pa:image:MENDE-PA-00066,images/mendeley_pa/MENDE-PA-00066.jpg,Mendeley PA,PA,2876,9,17,0.0769230769230769,1.15748869499874,1.032414590370177,1.0531527878607498,0.10433590713799007,1.068446245331643,1.0578926747770765,1.0689086794959166,0.0004624341642734224,1.028384856134787,1.0285355828386176,1.030335453819521,0.0019505976847340064,1.0272741792786446,0.9571897833464524,0.9834645128665349,0.04380966641210973,1.331566174686614,2.513476604418429,3.185915702776583,1.8543495280899691
val:2877,val,mendeley_pa:image:MENDE-PA-00066,images/mendeley_pa/MENDE-PA-00066.jpg,Mendeley PA,PA,2877,10,17,0.0769230769230769,1.005523503560367,1.008929624993389,1.0566706953831366,0.051147191822769916,1.0185124831816743,0.9646889781105584,0.9787915152955121,0.03972096788616211,0.9768431724282334,0.9887129539594244,0.9905128249403279,0.013669652512094307,0.8611909580189621,0.9997221659080812,1.0231546144144366,0.1619636563954745,4.360810332728278,3.3544467526631507,4.607398851509586,0.2465885187813086
val:2878,val,mendeley_pa:image:MENDE-PA-00066,images/mendeley_pa/MENDE-PA-00066.jpg,Mendeley PA,PA,2878,11,17,0.0769230769230769,0.8794570961621054,0.9806068605317936,1.0122711090876924,0.13281401292558667,0.8749577486914408,0.986751826829972,0.9987249126431963,0.12376716395175541,1.0017667566507429,1.0126089920798491,1.0136121613016527,0.011845404650909946,1.0254064296668195,0.9534242200456294,0.9755679155491027,0.04983851411771671,5.377327330639673,4.837340264564915,6.092994599586888,0.7156672689472146
val:2879,val,mendeley_pa:image:MENDE-PA-00066,images/mendeley_pa/MENDE-PA-00066.jpg,Mendeley PA,PA,2879,12,17,0.0769230769230769,1.0619715908303604,1.0753254928145182,1.091517942071296,0.029546351240935464,1.0619715908303622,1.0319672915635811,1.0429832962824213,0.01898829454794088,1.029531857737455,0.9952230864452744,0.9983656414567107,0.031166216280744154,1.0295318577374553,1.0047769135547255,1.0241580939603423,0.00537376377711294,5.313870196401552,5.473031334608976,6.824286393851224,1.510416197449672
val:2880,val,mendeley_pa:image:MENDE-PA-00066,images/mendeley_pa/MENDE-PA-00066.jpg,Mendeley PA,PA,2880,13,17,0.0769230769230769,1.2672074004143874,1.0940498651443609,1.113673044133056,0.15353435628133136,1.1824507145728833,1.0303847381495852,1.0515501128160376,0.1309006017568457,0.9447305703178198,1.001739957332331,1.0041146701757788,0.05938409985795872,0.9402914783328168,0.9982600426676692,1.0237556836011827,0.08346420526836604,5.568735338578264,5.573294010651466,7.0110964446190565,1.4423611060407922
val:2881,val,mendeley_pa:image:MENDE-PA-00066,images/mendeley_pa/MENDE-PA-00066.jpg,Mendeley PA,PA,2881,14,17,0.0769230769230769,1.05268044154899,1.1146222451269905,1.1367448182344715,0.08406437668548111,0.929734638685936,1.007956492148766,1.027953917526135,0.09821927884019903,0.972354087699412,0.9696745517444072,0.9676769498050419,0.004677137894370168,0.965691292857086,0.9869911166084944,1.0079585759146152,0.04226728305752897,5.83271782490138,4.886719243646112,6.257065909028498,0.4243480841271179
val:2882,val,mendeley_pa:image:MENDE-PA-00066,images/mendeley_pa/MENDE-PA-00066.jpg,Mendeley PA,PA,2882,15,17,0.0769230769230769,0.9252400470488258,0.8877386941965877,0.9003623954411804,0.024877651607645435,0.8042633209072018,0.8883266730817296,0.8950861564489343,0.09082283554173247,1.001384025440572,1.0005028561254847,0.9973909826049465,0.003993042835625311,1.0390061611560812,0.9994971438745152,1.0211586974064004,0.017847463749680853,4.204703148713946,4.916571459762608,5.594541213504826,1.3898380647908795
val:3033,val,mendeley_pa:image:MENDE-PA-00079,images/mendeley_pa/MENDE-PA-00079.jpg,Mendeley PA,PA,3033,3,17,0.0769230769230769,0.9985417408192614,0.9696089919769004,1.0067396979891494,0.008197957169887991,0.9247830285580332,0.9868717449065164,1.0038750836904957,0.07909205513246262,0.9662514791530122,0.9958991358738156,0.9976764707110586,0.03142499155804626,0.8978976003055337,1.0041008641261844,1.0246050295669822,0.1267074292614485,-1.1018754106504076,-4.701907838456947,-4.885533998482543,3.783658587832136
val:3034,val,mendeley_pa:image:MENDE-PA-00079,images/mendeley_pa/MENDE-PA-00079.jpg,Mendeley PA,PA,3034,4,17,0.0769230769230769,1.0416774752848423,1.1324738351961263,1.1504317703058609,0.10875429502101873,1.0114312346713537,1.0510030753452966,1.0620190800641367,0.05058784539278302,1.0170138508294964,1.0150545898208638,1.0085257401073595,0.008488110722136814,1.018629224183787,0.9215261409928116,0.9468178204198393,0.0718114037639479,-5.416889395788502,-3.622763053818119,-4.415313200397861,1.0015761953906406
val:3035,val,mendeley_pa:image:MENDE-PA-00079,images/mendeley_pa/MENDE-PA-00079.jpg,Mendeley PA,PA,3035,5,17,0.0769230769230769,1.214766628491451,0.9915440633858714,1.036310299482492,0.17845632900895883,1.1293466284881577,0.9748892798788416,0.991892618662821,0.13745400982533637,0.9987113645087862,1.003707578693942,1.003374079996214,0.0046627154874278815,0.8868100901093247,0.996292421306058,1.0158722546794854,0.12906216457016068,-6.143650696985844,-7.325944071073664,-7.596735005636347,1.453084308650503
val:3036,val,mendeley_pa:image:MENDE-PA-00079,images/mendeley_pa/MENDE-PA-00079.jpg,Mendeley PA,PA,3036,6,17,0.0769230769230769,0.8062806044538512,1.0077888933601906,1.0078302878401126,0.20154968338626142,0.803388394439692,1.0215261409255685,1.0251449438008489,0.22175654936115657,0.9380336861703024,0.9817771788165957,0.9827612377648294,0.044727551594526925,0.9232986623759918,0.996902100747202,1.0101339677402121,0.08683530536422004,-9.234998746358812,-4.637467911572443,-4.994360616536127,4.240638129822685
val:3037,val,mendeley_pa:image:MENDE-PA-00079,images/mendeley_pa/MENDE-PA-00079.jpg,Mendeley PA,PA,3037,7,17,0.0769230769230769,1.0250473365706405,0.9001504379914719,0.9246674898670632,0.10037984670357712,1.1284083855040017,0.980670935861046,0.9899160865836093,0.13849229892039244,1.04991980272489,1.0301764325212193,1.0207774850513291,0.02914231767356072,1.179164364039669,1.0087751845708504,1.026952448009552,0.15221191603011697,-3.1312851261590424,-4.226058713757766,-3.89873533662535,0.7674502104663077
val:3038,val,mendeley_pa:image:MENDE-PA-00079,images/mendeley_pa/MENDE-PA-00079.jpg,Mendeley PA,PA,3038,8,17,0.0769230769230769,1.0193131231681083,1.033448570634469,1.0794637475565518,0.0601506243884435,1.1927090219899918,1.1328092787638009,1.1497529942765534,0.042956027713438566,1.0334674587973327,0.9723112702191554,0.9782313613974236,0.05523609739990901,1.007729129861748,1.0276887297808448,1.0418558113455096,0.03412668148376144,0.7828813188432946,2.943219901767648,4.730149747577585,3.94726842873429
val:3039,val,mendeley_pa:image:MENDE-PA-00079,images/mendeley_pa/MENDE-PA-00079.jpg,Mendeley PA,PA,3039,9,17,0.0769230769230769,0.9465217381897448,0.9434223191981788,1.006821447814035,0.06029970962429017,1.032633093505711,1.0565776808018212,1.0777430554682736,0.045109961962562506,0.9533961240456056,0.9868377744910865,0.9888663526849447,0.03547022863933896,0.9467114669818782,1.0131622255089134,1.0421100519838185,0.09539858500194011,9.01772492969434,6.807466011467199,9.700294475975255,0.6825695462809165
val:3040,val,mendeley_pa:image:MENDE-PA-00079,images/mendeley_pa/MENDE-PA-00079.jpg,Mendeley PA,PA,3040,10,17,0.0769230769230769,0.8818750131166909,0.9139028467386184,0.9272132493703781,0.04533823625368704,0.939724223134586,0.8759979305584359,0.8796167334337163,0.06010748970086982,0.9623825263975656,1.0037098651007597,1.0029523499031399,0.0405698235055741,1.0386938127999137,0.9625967405972498,0.9849675968525426,0.05372621594737101,12.832050704091117,11.999632813944018,15.291029670252001,2.4589789661608847
val:3041,val,mendeley_pa:image:MENDE-PA-00079,images/mendeley_pa/MENDE-PA-00079.jpg,Mendeley PA,PA,3041,11,17,0.0769230769230769,0.8814098470718691,1.1319897793586742,1.1412135050054084,0.2598036579335393,0.7261296138215918,1.0944686639978047,1.1054846687166449,0.379355054895053,1.034270276879528,0.9789044162065696,0.9820716731523138,0.052198603727214146,0.9610376626406778,1.0210955837934304,1.0315184645547557,0.07048080191407785,14.981540698193696,7.278136862547626,8.951781882078876,6.029758816114821
val:3042,val,mendeley_pa:image:MENDE-PA-00079,images/mendeley_pa/MENDE-PA-00079.jpg,Mendeley PA,PA,3042,12,17,0.0769230769230769,1.4432426688695312,1.0475020686429846,1.065183136452447,0.37805953241708407,1.3084815233954394,0.8682498090019041,0.8796578539585286,0.4288236694369108,0.9543245831981806,1.0433809903452935,1.0415486373941245,0.08722405419594409,0.9640916428468906,0.9821161619064528,0.9992084028807598,0.03511676003386906,1.7242230210041214,6.560976735438089,7.355617574537973,5.631394553533852
val:3043,val,mendeley_pa:image:MENDE-PA-00079,images/mendeley_pa/MENDE-PA-00079.jpg,Mendeley PA,PA,3043,13,17,0.0769230769230769,0.8637294003132872,1.0334551002256518,1.026879145147646,0.16314974483435882,0.7192388926558121,0.9665448997743482,0.9739614950135405,0.25472260235772837,1.192112211528746,1.0722079415747476,1.0754740057920618,0.11663820573668437,1.1344384053556265,1.0806407300372345,1.0960561023642046,0.0383823029914218,-1.859587227317533,-6.899165267270234,-6.391921574395326,4.532334347077793
val:3044,val,mendeley_pa:image:MENDE-PA-00079,images/mendeley_pa/MENDE-PA-00079.jpg,Mendeley PA,PA,3044,14,17,0.0769230769230769,0.9846517538930284,1.3077829354521706,1.251314310830541,0.2666625569375124,0.9498502768625444,1.235507745483875,1.227473085934281,0.2776228090717365,1.0395069013529046,0.8225116394596729,0.8259147438357207,0.21359215751718386,1.0454835570503502,0.8285870544500851,0.8460602193959259,0.19942333765442427,-15.52255355554459,28.211095251084103,28.343915037751927,43.86646859329652
val:3045,val,mendeley_pa:image:MENDE-PA-00079,images/mendeley_pa/MENDE-PA-00079.jpg,Mendeley PA,PA,3045,15,17,0.0769230769230769,1.7786105480481482,0.9611260804926184,0.9545637413506535,0.8240468066974947,1.7735882349833152,1.0388739195073815,1.0397755981426546,0.7338126368406606,0.512972512143734,0.985980189767318,0.9864690619414916,0.4734965497977577,0.573517158009221,0.9909496835738272,1.0132110852122158,0.4396939272029948,58.28177772948575,-21.113653347546617,-23.114455864483872,81.39623359396961
val:3080,val,mendeley_pa:image:MENDE-PA-00083,images/mendeley_pa/MENDE-PA-00083.jpg,Mendeley PA,PA,3080,3,17,0.0769230769230769,0.8307559003821734,0.9306301963633458,0.9801837396925847,0.1494278393104112,1.0859170197739596,0.9837401662607717,1.004905540927224,0.0810114788467356,1.0568565594884218,1.0224847933145704,1.0255730498916003,0.03128350959682157,1.1056422502786258,0.9955741362484868,1.0267235459598476,0.07891870431877797,7.715690858810092,6.655990672194292,8.444498491370013,0.7288076325599206
val:3081,val,mendeley_pa:image:MENDE-PA-00083,images/mendeley_pa/MENDE-PA-00083.jpg,Mendeley PA,PA,3081,4,17,0.0769230769230769,0.8178043735752628,0.915800055665258,0.9411623814975058,0.12335800792224304,0.7973409747149334,1.0009638918113384,1.0045826946866188,0.2072417199716854,1.0186992987664942,0.9384578171133652,0.9428692812047555,0.07583001756173872,0.9265234460871844,1.023391286411807,1.045197161415145,0.11867371532796056,14.61105216659992,14.347328211359596,17.240156675867652,2.6291045092677336
val:3082,val,mendeley_pa:image:MENDE-PA-00083,images/mendeley_pa/MENDE-PA-00083.jpg,Mendeley PA,PA,3082,5,17,0.0769230769230769,1.0870857823849664,0.9527672628958372,0.9577139101077465,0.12937187227722,1.017775742745735,0.9634144347892456,0.9708310300284378,0.04694471271729715,0.8459475481388762,1.0435983132318014,1.0396926392548138,0.1937450911159376,0.9665545241680596,0.951059142826128,0.9808550502639294,0.014300526095869761,20.9789655639091,17.974065643812082,20.58729730274763,0.39166826116147035
val:3083,val,mendeley_pa:image:MENDE-PA-00083,images/mendeley_pa/MENDE-PA-00083.jpg,Mendeley PA,PA,3083,6,17,0.0769230769230769,0.9977618002195584,1.0643356862584272,1.0344590517798582,0.036697251560299876,1.0374240478373506,0.935664313741573,0.9405852229228102,0.09683882491454038,1.1244310174996308,0.9716402887859812,0.9814366902717819,0.14299432722784874,1.0265906444074706,0.9799800530208166,1.0013587713373715,0.025231873070098977,21.33707912102426,18.539933487540736,20.18311338103439,1.1539657399898715
val:3084,val,mendeley_pa:image:MENDE-PA-00083,images/mendeley_pa/MENDE-PA-00083.jpg,Mendeley PA,PA,3084,7,17,0.0769230769230769,1.0079850134702153,1.036065357043323,0.9843260145326227,0.023658998937592626,0.8332816267556834,0.9835045025265758,0.981486938153485,0.14820531139780155,0.9623388215021464,0.9879085465220366,0.9867450163585697,0.02440619485642317,0.865309610803618,1.0120914534779637,1.0164375149758904,0.15112790417227212,16.100901411172373,12.856439866467454,14.338699736042955,1.7622016751294183
val:3085,val,mendeley_pa:image:MENDE-PA-00083,images/mendeley_pa/MENDE-PA-00083.jpg,Mendeley PA,PA,3085,8,17,0.0769230769230769,1.2321082073821257,1.1017542539302512,1.113400045982401,0.11870816139972443,1.0829888735368014,1.007827620496914,1.017675677789316,0.06531319574748551,0.9298584425970722,0.9882622283183558,0.9886299705247914,0.05877152792771915,1.0613705234516222,0.9599612751909704,0.9746406549521894,0.08672986849943287,4.375800611910648,7.056974761355761,7.793480150569323,3.4176795386586747
val:3086,val,mendeley_pa:image:MENDE-PA-00083,images/mendeley_pa/MENDE-PA-00083.jpg,Mendeley PA,PA,3086,9,17,0.0769230769230769,1.0553858070721298,1.0662054402266188,1.0915249960009499,0.036139188928819996,1.052356816330061,0.9558313210010512,0.9699338581860049,0.0824229581440561,1.0051155894274229,0.9663470497332926,0.9711150138616974,0.034000575565725444,1.0405471434348323,1.0336529502667076,1.05476721208762,0.014220068652787661,-1.986951888460851,-3.019838781028412,-2.9563762852245787,0.9694243967637277
val:3087,val,mendeley_pa:image:MENDE-PA-00083,images/mendeley_pa/MENDE-PA-00083.jpg,Mendeley PA,PA,3087,10,17,0.0769230769230769,0.9409175521805304,1.0134157486714022,1.0351533763564722,0.09423582417594174,0.8625130530509832,0.9865842513285978,1.0035875901125773,0.1410745370615939,0.9850642321108076,0.9821792352075468,0.9847019028446417,0.0003623292661657446,0.9931494385730496,1.017820764792453,1.0354508780812133,0.042301439508163986,-10.415478173967472,-4.875747034087354,-4.94265574379223,5.472822430175242
val:3088,val,mendeley_pa:image:MENDE-PA-00083,images/mendeley_pa/MENDE-PA-00083.jpg,Mendeley PA,PA,3088,11,17,0.0769230769230769,1.0336448340403928,0.9696416774357098,0.9855240055883664,0.04812082845202635,0.9823830436803016,0.9297746781994212,0.9411827231560457,0.041200320524255894,0.9839287217779072,0.9539398613197344,0.954935522451772,0.02899319932613506,1.0205908573050455,1.0460601386802657,1.051793231461422,0.031202374156376,-7.764542179713857,-8.944363950733845,-10.276445507054035,2.5119033273401783
val:3089,val,mendeley_pa:image:MENDE-PA-00083,images/mendeley_pa/MENDE-PA-00083.jpg,Mendeley PA,PA,3089,12,17,0.0769230769230769,0.9317052115767992,0.971813178691747,0.9653777229373477,0.0336725113605483,0.931146599655448,1.028186821308253,1.0322291803772428,0.10108258072179475,0.9097580409183144,0.954705757491056,0.9551339071423264,0.04537586622401196,1.0783894241509355,1.0452942425089442,1.046161109703362,0.03222831444757364,-7.473249727500203,-7.683557114422172,-8.017069569647163,0.5438198421469593
val:3090,val,mendeley_pa:image:MENDE-PA-00083,images/mendeley_pa/MENDE-PA-00083.jpg,Mendeley PA,PA,3090,13,17,0.0769230769230769,0.9260625217719938,1.0226779424467105,1.0089339197495002,0.0828713979775064,1.079721717113894,1.020013640820289,1.0263504257418754,0.05337129137201849,0.9172155387110152,0.9278877154074764,0.9409387456335282,0.02372320692251291,1.0555667797355304,1.072112284592524,1.0606819009326247,0.005115121197094265,-7.602572049130487,-5.856301592605036,-5.876353556232374,1.7262184928981128
val:3091,val,mendeley_pa:image:MENDE-PA-00083,images/mendeley_pa/MENDE-PA-00083.jpg,Mendeley PA,PA,3091,14,17,0.0769230769230769,1.110408131423403,0.982624158296152,0.9916310906739673,0.11877704074943604,1.1058025788871235,1.0314410501608418,1.0428490951174663,0.06295348376965719,0.937962655227502,0.920031644915766,0.9326117602638666,0.005350894963635139,1.0594409827246165,1.0799683550842336,1.074681775598251,0.015240792873634643,-4.2393534577098535,-6.239179034761619,-6.326832917563152,2.0874794598532986
val:3092,val,mendeley_pa:image:MENDE-PA-00083,images/mendeley_pa/MENDE-PA-00083.jpg,Mendeley PA,PA,3092,15,17,0.0769230769230769,1.003168888032674,0.9660379334555286,1.0038503117130415,0.0006814236803677487,0.9566045111822838,1.033962066544471,1.0453701115010956,0.08876560031881171,0.9395842027045808,0.9252142434979096,0.933236882467033,0.006347320237547936,1.1220964172725187,1.0747857565020906,1.073758272659755,0.04833814461276374,-4.875786020392752,-1.120309853411101,-0.0672121284965499,4.808573891896202
val:3165,val,mendeley_pa:image:MENDE-PA-00090,images/mendeley_pa/MENDE-PA-00090.jpg,Mendeley PA,PA,3165,3,17,0.0769230769230769,0.8851226071405651,0.9891503086848292,1.013549116121057,0.1284265089804919,0.9362369158546142,0.9644849000558448,0.9755009047746849,0.03926398892007072,0.9941344207190904,0.9825590318132776,0.9857241229683745,0.008410297750715811,0.8803629404901182,0.9542228225694938,0.9697989057825847,0.08943596529246639,-7.089334185389873,-6.52359673286449,-8.158223717460743,1.0688895320708696
val:3166,val,mendeley_pa:image:MENDE-PA-00090,images/mendeley_pa/MENDE-PA-00090.jpg,Mendeley PA,PA,3166,4,17,0.0769230769230769,1.0756846754428293,1.003526592411325,1.0059679730499542,0.069716702392875,1.0356701776454282,1.059776828064935,1.073427067510204,0.03775688986477571,0.9218950320624985,0.990275379995736,0.9882062259399469,0.0663111938774485,0.8978978067896594,0.935739798141556,0.9513866227547695,0.05348881596511004,-4.263797953911023,-5.527336308263443,-6.020101138852738,1.7563031849417143
val:3167,val,mendeley_pa:image:MENDE-PA-00090,images/mendeley_pa/MENDE-PA-00090.jpg,Mendeley PA,PA,3167,5,17,0.0769230769230769,1.092184077480283,0.981629405698451,0.9862661963018503,0.10591788117843252,1.1521269283748383,1.052861234647958,1.066511474093227,0.08561545428161119,1.004855580474417,1.0205783802625086,1.0121048517134335,0.007249271239016374,1.0111328174241945,0.9725678486103836,0.9958414712275091,0.01529134619668509,-3.965338431137027,-2.557866013526961,-2.3033388917446587,1.6619995393923688
val:3168,val,mendeley_pa:image:MENDE-PA-00090,images/mendeley_pa/MENDE-PA-00090.jpg,Mendeley PA,PA,3168,6,17,0.0769230769230769,0.9056721482011924,0.9531256583793146,0.9987799552543146,0.0931078070531222,1.072291357108795,1.0468743416206852,1.0582823865773097,0.014008970531485393,1.0744629466942412,0.9739666680918038,0.9771975169070959,0.09726542978714528,1.0042303248965745,1.0260333319081962,1.0457786799295843,0.04154835503300995,-0.8519340731428855,-3.99086822665258,-4.009385858689981,3.157451785547096
val:3169,val,mendeley_pa:image:MENDE-PA-00090,images/mendeley_pa/MENDE-PA-00090.jpg,Mendeley PA,PA,3169,7,17,0.0769230769230769,0.8640205103800754,0.9324827195799954,0.9624552188164599,0.0984347084363844,0.9918042432523444,1.072839468667705,1.083855473386545,0.09205123013420062,0.904840868025973,1.0101932289354505,1.0056621406503023,0.10082127262432916,0.9973801144791986,0.9898067710645496,1.008899120400101,0.01151900592090246,-4.016398022168147,-3.0675509675641592,-3.021188798477226,0.9952092236909209
val:3170,val,mendeley_pa:image:MENDE-PA-00090,images/mendeley_pa/MENDE-PA-00090.jpg,Mendeley PA,PA,3170,8,17,0.0769230769230769,1.013326781120027,0.9117461447908116,0.9530447465671731,0.06028203455285394,1.1356813178983711,1.056328288579962,1.0661763458723639,0.06950497202600721,1.0400583235168432,0.980418571056254,0.9873898357799423,0.05266848773690084,1.0665257838739413,1.0613924492572848,1.0696668377568428,0.0031410538829015717,-5.283167861985419,-2.2785150426192047,-1.8944540041250946,3.388713857860324
val:3171,val,mendeley_pa:image:MENDE-PA-00090,images/mendeley_pa/MENDE-PA-00090.jpg,Mendeley PA,PA,3171,9,17,0.0769230769230769,0.8525445084670479,1.0038213742759572,1.0160884395104395,0.1635439310433916,0.9963704603898088,1.0154056147714376,1.0306158418809295,0.034245381491120726,1.0058891503926866,0.9882076594370478,0.9918183942648643,0.014070756127822215,1.0708803015826656,1.001074755222124,1.0173820495908679,0.0534982519917976,-0.5406320630702766,-2.5182147209939814,-2.0693139319715357,1.5286818689012591
val:3172,val,mendeley_pa:image:MENDE-PA-00090,images/mendeley_pa/MENDE-PA-00090.jpg,Mendeley PA,PA,3172,10,17,0.0769230769230769,1.0848628091414338,0.9384281866883412,0.9544233948623314,0.13043941427910244,0.9966098670154389,1.0075386467711287,1.0189466917277532,0.02233682471231431,0.8974013958382321,0.9324525808606636,0.9375850590568375,0.040183663218605406,0.8971682223679214,1.0675474191393362,1.0720730023767457,0.17490478000882428,0.246738419997456,-0.7830211841819619,-0.07544204828718648,0.32218046828464253
val:3173,val,mendeley_pa:image:MENDE-PA-00090,images/mendeley_pa/MENDE-PA-00090.jpg,Mendeley PA,PA,3173,11,17,0.0769230769230769,0.9725761666640872,1.0299296010081092,1.0443264538217703,0.071750287157683,0.9672542325079164,0.9700703989918906,0.9841126786749441,0.016858446167027794,0.8875005693299416,0.962513603149482,0.9659263555617416,0.07842578623179979,1.0892363666017686,0.9622042411328124,0.9656357252360153,0.12360064136575327,-1.0254103052936614,0.6276251269837161,0.9771779371758242,2.0025882424694856
val:3174,val,mendeley_pa:image:MENDE-PA-00090,images/mendeley_pa/MENDE-PA-00090.jpg,Mendeley PA,PA,3174,12,17,0.0769230769230769,0.9888837594786548,1.025721450728254,1.036760919188039,0.047877159709383985,0.9543878143805624,1.039262045797569,1.0491101030899708,0.0947222887094084,0.975764693152496,0.9722195029538012,0.9822684604953862,0.006503767342890168,0.9754019778088868,1.03792477400006,1.0347852325156444,0.059383254706757566,1.008511833969976,0.5661755074616224,0.8902480770703107,0.1182637568996654
val:3175,val,mendeley_pa:image:MENDE-PA-00090,images/mendeley_pa/MENDE-PA-00090.jpg,Mendeley PA,PA,3175,13,17,0.0769230769230769,1.1049494588636806,1.015150375840514,1.0335631260548523,0.0713863328088282,1.1367796185566716,0.984849624159486,0.9974256165425488,0.13935400201412265,1.0914051095376818,1.0052766934795463,1.0029891980638885,0.08841591147379316,1.0387278324744118,0.9947233065204536,1.0100855701776061,0.028642262296805346,2.157761320216906,1.6758796816069434,2.147009873886759,0.010751446330147019
val:3176,val,mendeley_pa:image:MENDE-PA-00090,images/mendeley_pa/MENDE-PA-00090.jpg,Mendeley PA,PA,3176,14,17,0.0769230769230769,1.0112701336777732,1.1207351861208523,1.1375975431561316,0.12632740947835835,0.985815523708228,1.060259866165337,1.0737983860172005,0.08798286230897229,0.9818749158045909,1.0065288824170224,0.9999677605136625,0.01809284470907171,0.9627505425558232,0.9934711175829776,1.0122757776499398,0.04952523509411654,2.343247529243925,1.782438642273405,2.423757321129301,0.0805097918853761
val:3177,val,mendeley_pa:image:MENDE-PA-00090,images/mendeley_pa/MENDE-PA-00090.jpg,Mendeley PA,PA,3177,15,17,0.0769230769230769,1.1403597075245078,0.8680159743478825,0.9007068384042313,0.2396528691202765,0.9938958120687084,0.8385355695626974,0.8555389083466768,0.13835690372203138,0.9776778268970828,0.9971111508839168,0.9982282231849022,0.020550396287819555,0.9994376791151168,0.99410441513491,1.016140539155725,0.016702860040607895,1.4071159643299185,0.1155098773664491,0.5881744124120729,0.8189415519178453
val:3566,val,mendeley_pa:image:MENDE-PA-00121,images/mendeley_pa/MENDE-PA-00121.jpg,Mendeley PA,PA,3566,3,17,0.0769230769230769,1.0557574219275607,1.0323270265473947,1.050229514436327,0.005527907491233771,1.0219020837729855,1.0666222607601616,1.0752192351851795,0.05331715141219393,0.8402319330754161,0.9398750150966791,0.9411477784551082,0.10091584537969217,0.9135905896923404,1.0086360757370163,1.0397667211611439,0.12617613146880358,3.8255599836246574,3.2714268616899744,3.829387789176394,0.003827805551736674
val:3567,val,mendeley_pa:image:MENDE-PA-00121,images/mendeley_pa/MENDE-PA-00121.jpg,Mendeley PA,PA,3567,4,17,0.0769230769230769,0.9213138874786906,0.9733386479808562,0.9824903833238953,0.06117649584520463,0.9762816159397952,0.9336715550285064,0.9372903579037868,0.03899125803600832,0.8185278887895321,0.9051171402011882,0.9056899706398021,0.0871620818502699,1.0756647808461608,1.0051993346033294,1.0253766933647592,0.05028808748140151,-1.9642620952312768,0.1095488378661428,0.2487220475333487,2.2129841427646255
val:3568,val,mendeley_pa:image:MENDE-PA-00121,images/mendeley_pa/MENDE-PA-00121.jpg,Mendeley PA,PA,3568,5,17,0.0769230769230769,0.9534957003586688,0.9605522487185986,0.9571744521021933,0.003678751743524551,0.9060281051749988,1.01201116489026,1.0156299677655405,0.10960186259054178,0.9821035654666148,0.9457228056704452,0.9620318024968555,0.020071762969759405,1.111923135647365,1.0913205887427149,1.0894939390945775,0.02242919655278719,-3.606462307892372,-5.819009725592551,-6.366448227904257,2.7599859200118857
val:3569,val,mendeley_pa:image:MENDE-PA-00121,images/mendeley_pa/MENDE-PA-00121.jpg,Mendeley PA,PA,3569,6,17,0.0769230769230769,0.9998394451707712,0.9925415139671014,0.9909157785379858,0.008923666632785193,1.0478032892900082,0.989443322966677,0.9962028063338817,0.05160048295612643,1.0067386186588383,0.967348658598416,0.9720907887699236,0.0346478298889145,1.0282462047057248,1.0326513414015837,1.0453227915545769,0.017076586848852,-9.673757355953825,-6.556597308681134,-8.424657897517804,1.2490994584360209
val:3570,val,mendeley_pa:image:MENDE-PA-00121,images/mendeley_pa/MENDE-PA-00121.jpg,Mendeley PA,PA,3570,7,17,0.0769230769230769,0.9646364219589252,0.9456058625075858,0.9442719224318754,0.020364499527049718,1.003155077569971,1.0543941374924142,1.058436496561404,0.05528141899143316,0.9548332700706842,0.9313067690098092,0.9360320543499098,0.018801215720774474,0.959041207264358,1.0676681811993978,1.0740653288623354,0.11502412159797744,-9.506732309469896,-9.179478242883434,-11.500175073632946,1.9934427641630492
val:3571,val,mendeley_pa:image:MENDE-PA-00121,images/mendeley_pa/MENDE-PA-00121.jpg,Mendeley PA,PA,3571,8,17,0.0769230769230769,0.924603456979953,0.9704469383401184,0.9436502136928349,0.019046756712881745,1.0915081857981703,1.0295530616598814,1.036312545027086,0.055195640771084235,0.829594642700385,0.9553060830344128,0.9555818761705103,0.1259872334701253,1.0666508333160498,1.0116091438106236,1.0224204484841761,0.044230384831873686,-8.685199129813057,-7.277345768557566,-9.598042599307078,0.9128434694940211
val:3572,val,mendeley_pa:image:MENDE-PA-00121,images/mendeley_pa/MENDE-PA-00121.jpg,Mendeley PA,PA,3572,9,17,0.0769230769230769,0.953961982731552,0.9181016097780574,0.9130042708482851,0.04095771188326678,1.0305456825320405,1.0818983902219426,1.0859407492909323,0.055395066758891755,0.9777561394494289,0.8947039814103753,0.9078340092111737,0.06992213023825508,1.0827736716665786,1.1052960185896248,1.103091979921201,0.02031830825462231,-5.047959227645222,-3.262937826909777,-1.9738609025857414,3.074098325059481
val:3573,val,mendeley_pa:image:MENDE-PA-00121,images/mendeley_pa/MENDE-PA-00121.jpg,Mendeley PA,PA,3573,10,17,0.0769230769230769,0.9227168536970792,0.9919221258321456,0.9583022116282633,0.03558535793118418,1.085570498214266,1.0080778741678544,1.0089686751882867,0.07660182302597923,0.9024751045166556,0.9568229709733324,0.9626244340073363,0.060149329490680574,1.0779799143357838,1.0431770290266675,1.0460604747310234,0.03191943960476036,2.159323475993503,-0.204244926270519,1.6343692991170542,0.5249541768764487
val:3574,val,mendeley_pa:image:MENDE-PA-00121,images/mendeley_pa/MENDE-PA-00121.jpg,Mendeley PA,PA,3574,11,17,0.0769230769230769,1.019469649364088,0.9484283298314936,0.9388598835156686,0.08060976584841928,0.9802262637925572,1.051571670168506,1.0583311535357107,0.07810488974315337,0.9936971391299776,0.9229685595581254,0.9324883750030717,0.06120876412690571,1.0684456844944965,1.0770314404418746,1.07838936335445,0.009943678859953304,4.639469375104198,4.499301095782116,6.960160632906749,2.320691257802551
val:3575,val,mendeley_pa:image:MENDE-PA-00121,images/mendeley_pa/MENDE-PA-00121.jpg,Mendeley PA,PA,3575,12,17,0.0769230769230769,0.9642786027326272,1.0292051000466351,0.9972147917320733,0.03293618899944606,1.0126044919070691,0.99007538298457,0.991198499336234,0.021405992570835135,0.8521786180245032,0.9518639030018528,0.9535309799564708,0.1013523619319677,0.9730769346194704,1.0481360969981472,1.0475540342424359,0.07447709962296542,6.839278715570742,4.183271630058272,4.886009855518324,1.9532688600524182
val:3576,val,mendeley_pa:image:MENDE-PA-00121,images/mendeley_pa/MENDE-PA-00121.jpg,Mendeley PA,PA,3576,13,17,0.0769230769230769,1.0700555419954103,1.020555589507817,1.0281188689838339,0.04193667301157644,1.029822503795739,0.9794444104921828,0.9952798018497239,0.03454270194601502,0.9788746566520632,0.9577396570107468,0.9638547396621235,0.015019916989939576,1.0994984408961703,1.0422603429892532,1.035092191551017,0.06440624934515334,3.727073885012345,2.8545616586902014,3.381365509817826,0.34570837519451914
val:3577,val,mendeley_pa:image:MENDE-PA-00121,images/mendeley_pa/MENDE-PA-00121.jpg,Mendeley PA,PA,3577,14,17,0.0769230769230769,0.9903899492611884,1.0410418338913785,1.036146078801559,0.04575612954037077,0.8732644183980494,0.9589581661086216,0.9600812824602857,0.08681686406223617,1.0054657607509057,0.9698706324622962,0.9746930053868327,0.03077275536407293,1.0545621307309367,1.030129367537704,1.0480538681670097,0.0065082625639269615,-1.1301553981903396,-0.0765475179031227,0.2190204118415977,1.3491758100319373
val:3578,val,mendeley_pa:image:MENDE-PA-00121,images/mendeley_pa/MENDE-PA-00121.jpg,Mendeley PA,PA,3578,15,17,0.0769230769230769,1.1086448728659106,1.016134557777105,1.0331095377886874,0.07553533507722313,0.9815669148732732,0.9668808980594472,0.9761260487820105,0.0054408660912627325,0.9802463702455306,0.9637562399267484,0.9650773580189128,0.015169012226617904,0.990206066016622,1.0362437600732517,1.0376724328842681,0.04746636686764604,-3.880168920818576,-2.550620872225153,-2.7638689909833545,1.1162999298352219
val:3733,val,mendeley_pa:image:MENDE-PA-00132,images/mendeley_pa/MENDE-PA-00132.jpg,Mendeley PA,PA,3733,3,17,0.0769230769230769,1.0471091840592095,1.0834118536467767,1.0312128624673105,0.01589632159189925,0.94822718676797,1.03097009005553,1.026235401617055,0.07800821484908477,0.9999219929854112,1.0207390531567773,1.0233994673607787,0.023477474375367326,0.9355130623672075,0.9792609468432224,1.0018367387684144,0.06632367640120658,0.5666125250406253,0.3115490383575121,0.8714492625663439,0.3048367375257186
val:3734,val,mendeley_pa:image:MENDE-PA-00132,images/mendeley_pa/MENDE-PA-00132.jpg,Mendeley PA,PA,3734,4,17,0.0769230769230769,1.3530675790230744,1.1588410102956352,1.1879814417295513,0.165086137293523,1.1702435660376442,1.0282653446319656,1.0392813493508057,0.13096221668683847,1.0202612400311284,1.0313326576186808,1.034792016672203,0.014530776641074649,1.021465342418402,0.9686673423813192,0.9977524979577868,0.023712844460615487,-0.6218630175993383,-2.325291412927129,-2.186118203259923,1.5642551856605849
val:3735,val,mendeley_pa:image:MENDE-PA-00132,images/mendeley_pa/MENDE-PA-00132.jpg,Mendeley PA,PA,3735,5,17,0.0769230769230769,1.1468825850537434,1.1083988829759397,1.134823914921049,0.01205867013269453,0.9988471159290132,0.9741283089709843,0.981905441530552,0.01694167439846121,1.011063561837431,0.9771445642441604,0.9804062447261158,0.030657317111315092,0.9534028327523996,0.9857265822742723,1.0178735539470458,0.06447072119464606,-5.217195350894883,-7.320967651667928,-7.427103347840642,2.209907996945759
val:3736,val,mendeley_pa:image:MENDE-PA-00132,images/mendeley_pa/MENDE-PA-00132.jpg,Mendeley PA,PA,3736,6,17,0.0769230769230769,0.9044233725628305,1.0949102554621353,1.0653578944655313,0.16093452190270094,0.8118635972966015,0.9050897445378644,0.9030721801647735,0.09120858286817203,0.9376363635027036,0.9820328232540348,0.9801725960510382,0.042536232548334385,0.953512494841881,0.9887158983241472,1.0146900229941758,0.06117752815229489,-14.020072285736518,-10.844902648274982,-12.689777507131183,1.3302947786053352
val:3737,val,mendeley_pa:image:MENDE-PA-00132,images/mendeley_pa/MENDE-PA-00132.jpg,Mendeley PA,PA,3737,7,17,0.0769230769230769,1.1067214093963658,0.9288482868022,0.9297628829397907,0.176958526456575,0.8656373633006622,0.9060781770504112,0.9096969799256915,0.04405961662502928,0.968190927543342,0.9517320633844156,0.9481574606128652,0.020033466930476918,1.0395538858090487,1.0253126735950342,1.0356802524218789,0.003873633387169808,-16.47260994565508,-10.740770418601528,-13.120474178748623,3.352135766906457
val:3738,val,mendeley_pa:image:MENDE-PA-00132,images/mendeley_pa/MENDE-PA-00132.jpg,Mendeley PA,PA,3738,8,17,0.0769230769230769,0.9321423525891817,1.043216307327054,1.033193429611526,0.1010510770223444,0.9798634417038504,0.9567836926729458,0.9635431760401505,0.016320265663699835,0.9482557244606418,0.9602555574861574,0.96086494868046,0.012609224219818188,1.0782126144291722,1.039744442513843,1.0584087932470039,0.019803821182168425,-7.461468551466524,-7.639734168822542,-6.775533695990816,0.6859348554757076
val:3739,val,mendeley_pa:image:MENDE-PA-00132,images/mendeley_pa/MENDE-PA-00132.jpg,Mendeley PA,PA,3739,9,17,0.0769230769230769,0.94951887079118,0.9715056833299104,0.9612810699688498,0.011762199177669682,1.0125545994763046,1.009127477075732,1.0158869604429366,0.003332360966632066,0.872604375398122,0.9693610854975652,0.9786451459459733,0.10604077054785113,0.9527409945079096,1.0306389145024348,1.026807288586371,0.07406629407846152,1.193141608009995,2.9041733264837437,4.494667005530374,3.301525397520379
val:3740,val,mendeley_pa:image:MENDE-PA-00132,images/mendeley_pa/MENDE-PA-00132.jpg,Mendeley PA,PA,3740,10,17,0.0769230769230769,0.97963440346903,0.9470579834057128,0.9276956045402324,0.051938798928797825,1.0071770661127,1.052942016594287,1.050543724525895,0.043366658413195265,1.1760678091679413,1.057348400984332,1.064519349649921,0.11154845951802021,1.181036321422375,1.1936361577536807,1.203473868983601,0.02243754756122609,13.269815204434025,14.106147700689109,16.926235371969014,3.656420167534989
val:3741,val,mendeley_pa:image:MENDE-PA-00132,images/mendeley_pa/MENDE-PA-00132.jpg,Mendeley PA,PA,3741,11,17,0.0769230769230769,0.9178844102041772,1.2467644302121266,1.195188966946946,0.2773045567427686,1.0571487057558977,1.2550206305999494,1.2566415696013904,0.1994928638454927,1.0691361000726791,0.914430425930264,0.9180237329187417,0.15111236715393758,1.2394010763315142,0.9026618488486544,0.9154562065731422,0.32394486975837183,27.019153793368236,-17.516805952880134,-16.347557014319648,43.366710807687866
val:3742,val,mendeley_pa:image:MENDE-PA-00132,images/mendeley_pa/MENDE-PA-00132.jpg,Mendeley PA,PA,3742,12,17,0.0769230769230769,1.5377290165734845,0.963802294798916,0.9536622073434049,0.5840668092300793,1.529503634874414,1.036197705201084,1.0398165080763644,0.4896871267980496,0.6342231354183202,0.9789429377276136,0.9872943326342537,0.35307119721593333,0.6103656730352619,1.0210570622723865,1.0434512276690768,0.4330855546338149,-48.30342711019431,26.257986019075812,29.13620919984669,77.439636310041
val:3743,val,mendeley_pa:image:MENDE-PA-00132,images/mendeley_pa/MENDE-PA-00132.jpg,Mendeley PA,PA,3743,13,17,0.0769230769230769,0.9380684649261172,1.1971604394674784,1.184140930785287,0.24607246585916975,0.947996894679133,1.1425731168714306,1.170526387694194,0.22252949301506103,1.0385355447201587,0.8471745114183155,0.8508119561119106,0.18772358860824812,0.978921245140616,0.8163553314164086,0.8229807751133843,0.1559404700272316,25.496818244783384,-16.543372314440603,-15.108999531733389,40.60581777651677
val:3744,val,mendeley_pa:image:MENDE-PA-00132,images/mendeley_pa/MENDE-PA-00132.jpg,Mendeley PA,PA,3744,14,17,0.0769230769230769,0.9791831887532366,1.024807963471318,1.0032195318000563,0.02403634304681941,0.8810367480622212,0.8824909424450446,0.8804733780719537,0.0005633699902675632,1.0658940105287549,1.0608625461088623,1.0633915139103438,0.0025024966184108146,1.027893403385716,0.976509670302986,1.0017746375359287,0.026118765849787222,15.216682481313086,9.316058316557331,11.41263214620821,3.8040503351048756
val:3745,val,mendeley_pa:image:MENDE-PA-00132,images/mendeley_pa/MENDE-PA-00132.jpg,Mendeley PA,PA,3745,15,17,0.0769230769230769,1.185522685663428,1.0387204166109,1.015773518716756,0.16974916694667197,0.8809612725634595,0.9612795833891,0.9680390667563047,0.08707779419284517,1.0558701263239785,0.987425233185581,0.9883844110363266,0.06748571528765168,0.949587112386992,0.9981366265034076,1.024136172554433,0.0745490601674409,-6.864701611668721,-5.870258964850166,-6.749704040838935,0.1149975708297859
val:3842,val,mendeley_pa:image:MENDE-PA-00139,images/mendeley_pa/MENDE-PA-00139.jpg,Mendeley PA,PA,3842,3,17,0.0769230769230769,0.8243164067169841,1.0254448323704357,1.0481616656489725,0.22384525893198828,0.9666600008338286,1.0016656142535278,1.012681618972368,0.04602161813853932,1.080697921143651,0.9928548081850064,0.9961460856327218,0.0845518355109292,1.0368486713848108,1.0071451918149936,1.0267221939677942,0.010126477417016638,4.471330394157377,7.466261941189558,9.54982097744444,5.0784905832870635
val:3843,val,mendeley_pa:image:MENDE-PA-00139,images/mendeley_pa/MENDE-PA-00139.jpg,Mendeley PA,PA,3843,4,17,0.0769230769230769,1.2852447897045842,0.952183495296544,0.9859377434685888,0.29930704623599536,1.233988352588425,1.0478165047034562,1.060392497086519,0.17359585550190587,0.9701366988796278,1.0123662485730651,1.0172522471275929,0.04711554824796526,1.016640071401045,0.9560983565102332,0.9746265292565339,0.042013542144511,11.327914525253531,6.149101328971014,7.609537196280584,3.7183773289729487
val:3844,val,mendeley_pa:image:MENDE-PA-00139,images/mendeley_pa/MENDE-PA-00139.jpg,Mendeley PA,PA,3844,5,17,0.0769230769230769,0.8262207195080514,1.0023625960435634,1.0394472500171428,0.2132265305090913,0.855836511793713,0.9976374039564366,1.0050539991956289,0.14921748740191584,0.9292561974359538,0.9378325268603273,0.9420638475544162,0.012807650118462336,0.860374968761886,1.0278611689446309,1.0558168351290562,0.19544186636717015,7.826872263784651,10.908787529444112,13.5928833889717,5.766011125187049
val:3845,val,mendeley_pa:image:MENDE-PA-00139,images/mendeley_pa/MENDE-PA-00139.jpg,Mendeley PA,PA,3845,6,17,0.0769230769230769,0.8740383443294203,0.8943005202591634,0.8867539831690705,0.012715638839650201,0.9041401970823864,0.92689722409612,0.9305160269714003,0.02637582988901398,0.8801648184895521,0.919978309090616,0.9233541997553723,0.0431893812658202,1.012502932424136,0.95547745366019,0.9760601091049312,0.03644282331920465,10.489660533634677,11.307567707108106,12.962636581467237,2.47297604783256
val:3846,val,mendeley_pa:image:MENDE-PA-00139,images/mendeley_pa/MENDE-PA-00139.jpg,Mendeley PA,PA,3846,7,17,0.0769230769230769,1.0569070995189649,1.0205325744445095,1.0261815254906783,0.030725574028286497,1.0959041662536322,0.9794674255554906,0.9899984328677288,0.10590573338590328,0.8819120070478598,0.9784544192331976,0.9874688962551899,0.1055568892073299,1.0173697530743593,1.0215455807668024,1.0251061873898708,0.0077364343155114515,14.78826315043156,8.123884407719473,9.711445061405996,5.076818089025565
val:3847,val,mendeley_pa:image:MENDE-PA-00139,images/mendeley_pa/MENDE-PA-00139.jpg,Mendeley PA,PA,3847,8,17,0.0769230769230769,1.1113048513654848,1.0434020217553164,1.0564429555133368,0.054861895852148,1.001230540538933,1.10191342666009,1.099515134591698,0.09828459405276496,1.0858263182588554,0.9629812417232954,0.9767626793736183,0.10906363888523718,1.0445660384846456,1.0879993924480105,1.0918767910059715,0.047310752521325786,5.758108281804255,7.9990038901075025,9.410022500108113,3.651914218303858
val:3848,val,mendeley_pa:image:MENDE-PA-00139,images/mendeley_pa/MENDE-PA-00139.jpg,Mendeley PA,PA,3848,9,17,0.0769230769230769,1.01695602696209,1.0287662110646971,1.0565552934428462,0.039599266480756234,1.092945509198452,0.9016599777018915,0.9157625148868452,0.17718299431160672,0.9936010871807816,1.007148719706037,1.00765680419181,0.014055717011028196,1.103258734495506,0.9928512802939632,1.0173195569436766,0.08593917755182928,1.2097446297834438,-0.2351660548963536,0.39168139106845956,0.8180632387149842
val:3849,val,mendeley_pa:image:MENDE-PA-00139,images/mendeley_pa/MENDE-PA-00139.jpg,Mendeley PA,PA,3849,10,17,0.0769230769230769,0.956007454494953,0.9746148367624649,0.9809558196205564,0.024948365125603493,0.8126073873326364,1.0041807380541856,1.007799540929466,0.1951921535968296,0.8986197652275665,0.9531672544245012,0.9584764743622728,0.05985670913470626,0.9077517067352944,1.0468327455754984,1.0567804553147067,0.14902874857941223,-6.228440391596962,-6.316835470392007,-5.794438131047983,0.4340022605489793
val:3850,val,mendeley_pa:image:MENDE-PA-00139,images/mendeley_pa/MENDE-PA-00139.jpg,Mendeley PA,PA,3850,11,17,0.0769230769230769,0.860559708965173,1.029267814322285,0.9756120707233471,0.11505236175817432,0.847843127110963,0.8603168875161613,0.8582993231430704,0.010456196032107437,0.992400095507399,0.9830536507553232,0.9770764103642476,0.015323685143151512,1.0792555627496083,0.9745011322674754,0.9887526950342062,0.09050286771540232,-13.843415570567458,-12.354457253302089,-12.664711260879983,1.1787043096874754
val:3851,val,mendeley_pa:image:MENDE-PA-00139,images/mendeley_pa/MENDE-PA-00139.jpg,Mendeley PA,PA,3851,12,17,0.0769230769230769,1.255884098309963,1.0025037442773477,0.9577180584400788,0.2981660398698842,1.0372120300654306,1.02238921231148,1.0174952337194716,0.01971679634595895,1.0241547267716522,0.9861604913185258,0.9887005851651449,0.03545414160650727,0.9994820022079018,1.0138395086814742,1.0312420607497077,0.03176005854180579,-18.48047411500721,-17.986529886889855,-19.854590475726525,1.374116360719313
val:3852,val,mendeley_pa:image:MENDE-PA-00139,images/mendeley_pa/MENDE-PA-00139.jpg,Mendeley PA,PA,3852,13,17,0.0769230769230769,0.9830873927266318,1.052954694333,1.029369212763829,0.04628182003719715,1.0300265995553155,0.947045305667,0.9544619009061922,0.07556469864912345,0.9777813265060736,0.988107773810499,0.9834021221472552,0.00562079564118163,0.9524253988738188,1.0176415386931743,1.023492872654065,0.07106747378024647,-22.129644203212266,-20.10590774236401,-22.485611502511105,0.35596729929883963
val:3853,val,mendeley_pa:image:MENDE-PA-00139,images/mendeley_pa/MENDE-PA-00139.jpg,Mendeley PA,PA,3853,14,17,0.0769230769230769,0.9477232643912216,0.9794639016971918,0.9667642687917681,0.01904100440054666,0.9304183194214172,1.0120148680093428,1.0156336708846232,0.08521535146320598,1.003375593000711,1.0144451756904862,1.0135494089162937,0.010173815915582347,1.08546020733976,0.9855548243095138,1.0048184494544723,0.08064175788528781,-21.73134136972081,-23.28415364508916,-25.20067900901128,3.4693376392904725
val:3854,val,mendeley_pa:image:MENDE-PA-00139,images/mendeley_pa/MENDE-PA-00139.jpg,Mendeley PA,PA,3854,15,17,0.0769230769230769,0.9772031976197793,0.982979650051652,0.9879272062343941,0.01072400861461482,0.996656232067706,0.9968966934613972,0.9977983720966703,0.0011421400289642288,0.9820223768510868,0.96792932284835,0.9721071642062368,0.00991521264484991,0.9517463901469688,1.03207067715165,1.042449462583035,0.09070307243606623,-24.438663086966045,-18.782079115702544,-20.709146633936797,3.729516453029248
val:3922,val,mendeley_pa:image:MENDE-PA-00144,images/mendeley_pa/MENDE-PA-00144.jpg,Mendeley PA,PA,3922,3,17,0.0769230769230769,0.9172975750529976,1.0302584537104478,1.049530337823998,0.13223276277100018,0.9162385027412482,1.0078886660708453,1.0295588231606747,0.11332032041942644,0.8538681848168778,0.9759730015569406,0.9804070017919915,0.1265388169751137,0.8945194598864298,1.0240269984430597,1.0475171163058803,0.1529976564194505,-0.8887350778096561,0.9257055231113752,1.409114540435823,2.297849618245479
val:3923,val,mendeley_pa:image:MENDE-PA-00144,images/mendeley_pa/MENDE-PA-00144.jpg,Mendeley PA,PA,3923,4,17,0.0769230769230769,0.9984409330109576,0.9309379370600968,0.9513317184240608,0.04710921458689672,0.8865660524626628,0.9327129449687258,0.9452889373517886,0.05872288488912574,1.006438617220892,0.9556041708850738,0.9584194752091046,0.048019142011787225,1.0664737581643464,1.0155095323265155,1.033677756348308,0.03279600181603839,0.0481394909018888,2.1370061598053667,3.3864505253067705,3.3383110344048816
val:3924,val,mendeley_pa:image:MENDE-PA-00144,images/mendeley_pa/MENDE-PA-00144.jpg,Mendeley PA,PA,3924,5,17,0.0769230769230769,0.94595853453415,1.0457571599830278,1.054718209822882,0.10875967528873204,0.9503716101382816,0.9719157438087024,0.9817638011011042,0.03139219096282249,0.9818381710380376,0.98934236269295,0.9954087138906099,0.01357054285257217,1.0579011572255757,1.079717778950107,1.0958740575007317,0.03797290027515605,5.162747397420404,3.289881640287234,4.702056938024356,0.4606904593960479
val:3925,val,mendeley_pa:image:MENDE-PA-00144,images/mendeley_pa/MENDE-PA-00144.jpg,Mendeley PA,PA,3925,6,17,0.0769230769230769,1.1177582862843478,1.0219919033728784,1.0283408839635795,0.0894174023207683,1.0784637013621217,0.998873831705569,1.0102818766621935,0.06818182469992809,0.9237664416224698,0.8919098508749184,0.8947851887177702,0.028981252904699523,1.0395482868989157,1.0469725835021997,1.0621786988225246,0.022630411923608897,6.531623789672565,5.947757243518225,8.109304427508704,1.5776806378361385
test:48,test,buu_ap:image:BUU-AP-00010,images/buu_ap/BUU-AP-00010.jpg,BUU AP,AP,48,3,5,1.0,1.0233378187546074,0.9538296680861535,0.9786556284838739,0.04468219027073336,1.045312818085903,0.9880862552995722,1.0000593411127965,0.045253476973106485,0.9842980861905452,0.9670293523906796,0.9717973165190844,0.012500769671460844,1.1023359165405098,1.0329706476093206,1.0507361956895265,0.051599720850983286,-19.192560731936155,-14.50024024923573,-16.501042766172986,2.6915179657631683
test:63,test,buu_ap:image:BUU-AP-00013,images/buu_ap/BUU-AP-00013.jpg,BUU AP,AP,63,3,5,1.0,0.9932526642488596,0.9697396230971048,0.9590322493662665,0.0342204148825932,1.0061008205587716,0.9898452677022856,0.9907469463375588,0.015353874221212871,0.9641400064852762,1.020141957583463,1.0136395090023038,0.04949950251702759,1.0493539488127723,0.995319457179998,1.0164723334974992,0.03288161531527313,-20.280270428977857,-14.158894750129136,-16.15969726706639,4.120573161911466
test:98,test,buu_ap:image:BUU-AP-00020,images/buu_ap/BUU-AP-00020.jpg,BUU AP,AP,98,3,5,1.0,0.9898176703370276,1.010074592601113,0.986187017928414,0.0036306524086136757,1.099295329532947,1.079523511275899,1.0802658997576389,0.019029429775308193,0.9988620162341312,0.979500860327469,0.9866824805527793,0.012179535681351973,1.0019223511699522,1.020499139672531,1.0151457443110776,0.013223393141125406,-30.58159953339451,-26.10092444082747,-28.027991959061723,2.553607574332787
test:113,test,buu_ap:image:BUU-AP-00023,images/buu_ap/BUU-AP-00023.jpg,BUU AP,AP,113,3,5,1.0,1.0015529337679492,0.9984635802905376,1.0142185109655673,0.012665577197618355,1.0385619605983751,1.0132940112495168,1.0240991496363028,0.014462810962072317,0.990612763260974,0.982983537025629,0.9864415787233696,0.004171184537604546,1.0345515807109495,1.017016462974371,1.0373407304213658,0.0027891497104162825,-1.0937146087112524,-0.2206241475122254,0.2587746395094115,1.3524892482206639
test:343,test,buu_ap:image:BUU-AP-00069,images/buu_ap/BUU-AP-00069.jpg,BUU AP,AP,343,3,5,1.0,1.0029464102328751,1.010097216401109,1.0191041487789243,0.016157738546048947,0.9830385556380872,0.9899027835988914,1.001310828555516,0.018272272917428608,0.9598067769584242,0.9417987492385146,0.9529443651887414,0.006862411769682816,1.102647076321964,1.0520962610367446,1.0494687015648692,0.05317837475709483,-0.6021724577249046,-0.7140363781980597,-0.3644835680059515,0.23768888971895308
test:388,test,buu_ap:image:BUU-AP-00078,images/buu_ap/BUU-AP-00078.jpg,BUU AP,AP,388,3,5,1.0,1.0914014558547314,0.9783215600707992,1.01969891075878,0.07170254509595164,1.0870425002610384,1.0144445426839106,1.025852587640535,0.06118991262050329,1.0267468981225856,0.9930019597984192,1.0024362938008544,0.024310604321731093,1.099563226184186,1.0858477740775496,1.1013981099467427,0.0018348837625568777,-2.7706349097311715,-1.9346550419540307,-1.7283912017555139,1.0422437079756577
test:393,test,buu_ap:image:BUU-AP-00079,images/buu_ap/BUU-AP-00079.jpg,BUU AP,AP,393,3,5,1.0,1.083543273855669,0.944981847360736,0.9866258766800223,0.09691739717564654,1.1329845637728275,0.9571587729976168,0.9729941643551578,0.1599903994176697,0.9774546596284897,0.9732011378869208,0.9781763794958385,0.0007217198673490129,1.031265477533343,1.0267988621130797,1.036926090797803,0.0056606132644599775,-5.888141066458246,-7.033008137288363,-6.053549805226595,0.16540873876834894
test:408,test,buu_ap:image:BUU-AP-00082,images/buu_ap/BUU-AP-00082.jpg,BUU AP,AP,408,3,5,1.0,1.0036691067089103,1.1833167084927243,1.189917464690892,0.1862483579819818,0.9736678813850896,1.1613056929923409,1.1711537502847427,0.19748586889965308,0.958327098700888,1.001565934735854,1.0000833022590176,0.041756203558129555,1.0399982793514284,0.9984340652641458,1.005936407838444,0.03406187151298422,4.977662595667965,2.673291727260107,3.3052682721171323,1.672394323550833
test:413,test,buu_ap:image:BUU-AP-00083,images/buu_ap/BUU-AP-00083.jpg,BUU AP,AP,413,3,5,1.0,1.106727651457984,1.0989806233680304,1.111629997450715,0.004902345992730917,1.131340168995376,1.077600833717544,1.0874488910099458,0.04389127798543011,0.9504204039664782,0.9939557123140854,0.9900500243672592,0.03962962040078098,0.9585959859789852,1.0060442876859144,1.0150675284533337,0.05647154247434854,-0.399173651773026,-0.7828915417431119,-0.43180441858751806,0.03263076681449206
test:433,test,buu_ap:image:BUU-AP-00087,images/buu_ap/BUU-AP-00087.jpg,BUU AP,AP,433,3,5,1.0,1.0232641523260038,1.051977000886228,1.0632119278773926,0.03994777555138879,1.055906053455731,1.0729873634078215,1.0828354207002233,0.02692936724449229,0.9790213380133592,0.9787099844583316,0.9747061835409148,0.004315154472444311,1.001216171364281,1.0212900155416684,1.021477284866338,0.020261113502056914,-1.8162510117806927,-1.3840675289115296,-1.0329804057559357,0.7832706060247574
test:508,test,buu_ap:image:BUU-AP-00102,images/buu_ap/BUU-AP-00102.jpg,BUU AP,AP,508,3,5,1.0,1.065547713077917,0.9545562880927876,0.9726660827988938,0.09288163027902302,1.0786216107507882,0.9518232076771366,0.9616712649695384,0.1169503457812498,0.9824555461971982,0.982489272960386,0.98832172202777,0.005866175830571696,1.0162472439710966,1.0175107270396142,1.0226784367031245,0.006431192732027922,-0.2414414839452661,0.4463499610102701,0.7959027712023783,1.0373442551476444
test:528,test,buu_ap:image:BUU-AP-00106,images/buu_ap/BUU-AP-00106.jpg,BUU AP,AP,528,3,5,1.0,1.1760116115688295,1.0258499425839114,1.0478740227411913,0.12813758882763834,1.1301364189132872,1.0236328459643689,1.0362088383474317,0.09392758056585546,0.8916265297874367,0.9916568516099044,0.9837657088690587,0.09213917908162202,0.968988423580594,1.0083431483900955,1.0239554628453067,0.054967039264712664,-4.889968206492071,-7.157578090930713,-7.070281567776931,2.1803133612848598
test:553,test,buu_ap:image:BUU-AP-00111,images/buu_ap/BUU-AP-00111.jpg,BUU AP,AP,553,3,5,1.0,1.0464227691857029,0.9913848500450214,1.0003917824228368,0.046030986762866155,1.0509230991879477,1.0006463661632237,1.0104944234556255,0.04042867573232221,1.0085564830547855,0.9570181372715696,0.9632831242075726,0.04527335884721323,1.0295968919271237,1.0429818627284306,1.0411926307109582,0.011595738783834514,-3.814725853033792,-3.036338926539884,-3.0786203083257533,0.7361055447080389
test:558,test,buu_ap:image:BUU-AP-00112,images/buu_ap/BUU-AP-00112.jpg,BUU AP,AP,558,3,5,1.0,1.040853223366379,1.1428287701298423,1.1467172393192477,0.10586401595286875,1.0204904491219933,1.2157816991342567,1.2256297564266585,0.2051393073046652,0.9940618537090752,0.9691787233073786,0.9718650613409058,0.022196792368169363,0.9976743636882583,1.0308212766926212,1.0332051877434774,0.03553082405521881,-1.4504679387901689,-2.443991123223469,-2.1655235574485516,0.7150556186583827
test:708,test,buu_ap:image:BUU-AP-00142,images/buu_ap/BUU-AP-00142.jpg,BUU AP,AP,708,3,5,1.0,0.9084846982909716,0.9658137309670012,0.9806446313231747,0.07215993303220322,1.027940494091815,1.0191882868860993,1.0284334376086626,0.0004929435168475674,0.9461807711351096,0.9605899514823788,0.9648278682686025,0.01864709713349285,1.0298371720049615,1.0394100485176214,1.0400979191802808,0.010260747175319307,4.920667460144983,2.0795831809764422,3.554241431785158,1.3664260283598253
test:743,test,buu_ap:image:BUU-AP-00149,images/buu_ap/BUU-AP-00149.jpg,BUU AP,AP,743,3,5,1.0,1.0452575523949938,1.0667554424219428,1.0782594089471398,0.03300185655214593,1.0967277094340846,1.0756180559729451,1.085466113265347,0.01126159616873761,1.0084395025135346,0.9773756050338848,0.9814552835954232,0.02698421891811134,1.0234055136220166,1.022624394966115,1.0322740740308656,0.008868560408849072,-2.21135231222803,-1.972660010539784,-2.014941392325653,0.1964109199023767
test:748,test,buu_ap:image:BUU-AP-00150,images/buu_ap/BUU-AP-00150.jpg,BUU AP,AP,748,3,5,1.0,1.1534592307781986,0.8618522521975727,0.8874688719335289,0.2659903588446697,1.1178573746369762,0.9112242720404424,0.9210723293328442,0.1967850453041319,0.9321755296530684,0.9771476839828024,0.9779022687739412,0.04572673912087287,1.0213816026726137,1.0228523160171974,1.0346987624493706,0.013317159776757152,-4.834070873500679,-1.1690634164035032,-1.0881621736108968,3.7459086998897817
test:778,test,buu_ap:image:BUU-AP-00156,images/buu_ap/BUU-AP-00156.jpg,BUU AP,AP,778,3,5,1.0,0.938188938714652,0.9232181410222248,0.9556719015269474,0.017482962812295295,0.9428703796007688,0.9861035367177784,1.0019389280753195,0.059068548474550786,0.9532649353209136,0.9545657585307492,0.9542531585660765,0.0009882232451630005,1.0161038816626844,0.983903731850018,0.9936558433594603,0.02244803830322417,-0.813510962791554,-1.9650942512949712,-1.6377708741625554,0.8242599113710014
test:833,test,buu_ap:image:BUU-AP-00167,images/buu_ap/BUU-AP-00167.jpg,BUU AP,AP,833,3,5,1.0,0.9872803847184114,1.023654441057306,1.042670524387222,0.0553901396688106,1.009293362633412,0.976345558942694,0.9855907096652573,0.023702652968154533,0.9784473393871542,0.955939312019739,0.9571414566797947,0.021305882707359464,1.006459882688596,1.0440606879802607,1.0339024425285124,0.02744255983991633,-7.535575284686246,-5.8294897115466,-6.73566407325238,0.7999112114338658
test:1028,test,buu_ap:image:BUU-AP-00206,images/buu_ap/BUU-AP-00206.jpg,BUU AP,AP,1028,3,5,1.0,0.9724968482083384,0.9742335938432288,0.9917409457781386,0.01924409756980032,0.9454977163433398,1.007502652761607,1.017350710054009,0.07185299371066929,0.9731180932614428,0.9605624841275832,0.9719956412661096,0.0011224519953330608,1.1203153725265926,1.039437515872417,1.0425107236736249,0.0778046488529677,3.9129251775991634,0.2331429724916489,0.7301444714292558,3.1827807061699076
test:1098,test,buu_ap:image:BUU-AP-00220,images/buu_ap/BUU-AP-00220.jpg,BUU AP,AP,1098,3,5,1.0,1.0574696400851116,1.1520292879612557,1.1750698228896967,0.11760018280458495,1.1878957112413786,1.1634695886343902,1.1734040577605551,0.014491653480823485,1.0204056106338903,1.0071046011321234,1.0168078833989787,0.00359772723491166,1.0871235456849573,1.0872715932718544,1.0910031953762351,0.003879649691277827,4.416713983162083,3.867150351209858,4.533635124368885,0.1169211412068023
test:1218,test,buu_ap:image:BUU-AP-00244,images/buu_ap/BUU-AP-00244.jpg,BUU AP,AP,1218,3,5,1.0,1.0626463249065976,1.01858860536357,1.0278354715823157,0.03481085332428189,1.0310291833414615,0.989664229203163,1.0010722741597875,0.029956909181673992,0.9582695407610512,0.9733676666920178,0.9738988749859959,0.015629334224944523,1.0250347127383996,1.026632333307982,1.0273412770065373,0.002306564268137631,3.523514890420998,2.649713707509477,3.175608051362474,0.34790683905852404
test:1238,test,buu_ap:image:BUU-AP-00248,images/buu_ap/BUU-AP-00248.jpg,BUU AP,AP,1238,3,5,1.0,1.0246691962928478,1.0644111029246155,1.074024559129149,0.049355362836301174,1.0462850074075911,1.0683683876823202,1.078216444974722,0.031931437567130586,0.9778439611758664,0.9703594257059266,0.9722872918407192,0.005556669335147234,1.046569460869082,1.0296405742940735,1.033172298741458,0.013397162127624023,2.7551208477359665,1.0702402294859894,1.9325096906409271,0.8226111570950394
test:1253,test,buu_ap:image:BUU-AP-00251,images/buu_ap/BUU-AP-00251.jpg,BUU AP,AP,1253,3,5,1.0,1.015539654659338,0.989333680672212,0.9993033994265035,0.016236255232834364,1.0435104644013216,0.997381927260326,1.007229984552728,0.03628047984859371,0.9278497480674408,0.9516811749749156,0.9587320365794273,0.030882288511986437,1.055643730377028,1.0483188250250843,1.0482554188088709,0.00738831156815718,1.3052065266644064,1.7157487212334104,2.0860706208858915,0.7808640942214851
test:1328,test,buu_ap:image:BUU-AP-00266,images/buu_ap/BUU-AP-00266.jpg,BUU AP,AP,1328,3,5,1.0,1.0499587349073756,1.0593842057915408,1.0720156668158252,0.02205693190844956,1.0591234933278966,1.0435950184218734,1.0534430757142752,0.00568041761362131,0.9782983282962254,0.9919700793031534,0.9962400699075242,0.01794174161129873,1.0580336752208668,1.0257693910299932,1.0347336064352786,0.023300068785588143,-5.342941795144725,-3.3973357964196964,-3.4340018022695347,1.9089399928751902
test:1393,test,buu_ap:image:BUU-AP-00279,images/buu_ap/BUU-AP-00279.jpg,BUU AP,AP,1393,3,5,1.0,1.161254076632624,1.1278164835023332,1.1375104525434423,0.023743624089181715,1.1701767595247934,1.1092687298628896,1.1191167871552914,0.05105997236950191,0.9582934803385404,0.930951581932184,0.9378450560751824,0.020448424263357842,1.08788223457191,1.069048418067816,1.0674076245496527,0.020474610022257162,-2.248374459673343,-1.9268636524042648,-1.72842606597753,0.5199483936958131
test:1463,test,buu_ap:image:BUU-AP-00293,images/buu_ap/BUU-AP-00293.jpg,BUU AP,AP,1463,3,5,1.0,0.9653991982451644,1.007820685378262,1.0187495257546988,0.05335032750953411,0.9837080815649752,0.992179314621738,1.0035873595783626,0.019879278013387507,1.0072277289928506,0.9572541487202116,0.9638530120052465,0.043374716987604006,1.0624818891480363,1.0427458512797885,1.043183046372461,0.01929884277557532,1.0094998629504914,0.7168520643282932,1.115587885575394,0.10608802262490258
test:1483,test,buu_ap:image:BUU-AP-00297,images/buu_ap/BUU-AP-00297.jpg,BUU AP,AP,1483,3,5,1.0,1.0801644203295089,1.0698420694091353,1.080439978278521,0.0002755579490124199,1.1548455853338588,1.084993893231923,1.096009897950763,0.05883568738309568,1.022325224052912,0.9972420554248362,0.9995040880156427,0.022821136037269117,1.069695796620459,1.002757944575164,1.018597616291258,0.05109818032920098,5.289906112095949,4.353602846546011,4.929533501548605,0.36037261054734415
test:1503,test,buu_ap:image:BUU-AP-00301,images/buu_ap/BUU-AP-00301.jpg,BUU AP,AP,1503,3,5,1.0,1.05079392029514,0.9772870456735308,0.9999143322865183,0.050879588008621676,0.8822800739936421,0.9543846529183648,0.9651897913051508,0.08290971731150878,0.9382663291056412,0.9582143272720216,0.9640477085933028,0.025781379487661595,1.0577049319858949,1.0417856727279784,1.0475179259218337,0.010187006064061116,-7.265794718438173,-4.934101813298113,-4.887017094355471,2.3787776240827014
test:1553,test,buu_ap:image:BUU-AP-00311,images/buu_ap/BUU-AP-00311.jpg,BUU AP,AP,1553,3,5,1.0,1.0062500692964236,1.0175429339699504,1.031479265465593,0.025229196169169462,1.0831347528693946,1.0855840183594512,1.095432075651853,0.01229732278245829,0.97027947298795,0.9622164119538708,0.964581786425863,0.005697686562086846,1.0590145887057931,1.0377835880461292,1.0395944982263403,0.019420090479452732,-2.1353285349755997,-1.0443595450043972,-0.9979973759174641,1.1373311590581352
test:1648,test,buu_ap:image:BUU-AP-00330,images/buu_ap/BUU-AP-00330.jpg,BUU AP,AP,1648,3,5,1.0,0.996253232600498,1.0106248145844174,1.029056565641923,0.03280333304142491,1.0891936967579556,1.034795464443662,1.0462035094002866,0.04299018735766919,0.99556286328148,0.9962042609572874,0.9914930800319182,0.004069783249561762,1.0097874495626518,1.0037957390427126,1.0241299437015785,0.01434249413892683,1.5076301238376146,-1.1054895891778784,-0.6105955912702399,2.1182257151078545
test:1658,test,buu_ap:image:BUU-AP-00332,images/buu_ap/BUU-AP-00332.jpg,BUU AP,AP,1658,3,5,1.0,1.0700139089610166,0.9882934025831588,1.012237558827556,0.057776350133460636,0.955702815121914,0.9769441189014756,0.980562921776756,0.02486010665484178,0.9932316336175862,0.9855815519415474,0.9834672287408894,0.009764404876696664,1.0052035218533395,1.0144184480584526,1.0232427313155794,0.018039209462239608,-8.653572644472646,-4.566313546332182,-5.444968741568388,3.208603902904258
test:1683,test,buu_ap:image:BUU-AP-00337,images/buu_ap/BUU-AP-00337.jpg,BUU AP,AP,1683,3,5,1.0,0.9902184855765972,1.011552005738768,1.0384007279880374,0.04818224241144009,0.9923905441688262,1.0109946775824168,1.0268300689399579,0.03443952477113159,0.9924148520668448,0.9731684041709558,0.9788628400803463,0.013552011986498452,1.0372958330277164,1.0268315958290442,1.0388512030675157,0.0015553700397993083,-1.2680365976879102,-2.56041061861643,-2.0719838736785334,0.8039472759906232
test:1718,test,buu_ap:image:BUU-AP-00344,images/buu_ap/BUU-AP-00344.jpg,BUU AP,AP,1718,3,5,1.0,0.9597416216805,0.9846822890007234,0.996680534493301,0.03693891281280075,1.0795342566315993,1.052849385743292,1.0568917448122817,0.022642511819317646,0.9015403731239447,0.9536904861455016,0.9531078472503625,0.0515674741264176,1.0328206186885556,1.0463095138544982,1.0483431277095174,0.015522509020961812,-1.3627147116517335,-0.1695428182677574,1.117762536804264,2.4804772484559976
test:1733,test,buu_ap:image:BUU-AP-00347,images/buu_ap/BUU-AP-00347.jpg,BUU AP,AP,1733,3,5,1.0,0.9774578947691852,1.0179916199869965,1.0272384862057422,0.04978059143655681,0.9810635693356248,1.0252178783081365,1.0350659356005383,0.05400236626491359,0.957703766433646,0.9789274166910136,0.9798432080647135,0.022139441631067503,1.0336468098016935,1.0210725833089869,1.0224989757766794,0.011147834025014106,0.0,0.5071881913155494,0.8604816996067939,0.8604816996067939
test:1768,test,buu_ap:image:BUU-AP-00354,images/buu_ap/BUU-AP-00354.jpg,BUU AP,AP,1768,3,5,1.0,1.1310570765682342,0.974787742199074,0.9814378105305839,0.14961926603765038,1.0088786213245302,1.025212257800926,1.0371975355579746,0.028318914233444306,0.9315398078771224,0.9645366604841622,0.9625549760117503,0.03101516813462773,1.0304891567604009,1.035463339515838,1.0340614386199667,0.003572281859565778,19.33672587193422,10.5477023879196,13.353922919383223,5.982802952550998
test:1818,test,buu_ap:image:BUU-AP-00364,images/buu_ap/BUU-AP-00364.jpg,BUU AP,AP,1818,3,5,1.0,0.9031105328721604,0.8357379204671831,0.8496489721428604,0.0534615607293,0.90279091060892,0.8411586954500226,0.8479181788172273,0.05487273179169273,0.8570193606074652,1.0102469749428915,1.0099134762451636,0.15289411563769859,0.8809849060191979,0.9897530250571082,1.0130293242953132,0.13204441827611516,2.3516748539962293,3.057746421957191,3.7068233009816964,1.355148446985467
test:1868,test,buu_ap:image:BUU-AP-00374,images/buu_ap/BUU-AP-00374.jpg,BUU AP,AP,1868,3,5,1.0,1.0098721306914284,0.9733663497678284,0.9936900695971493,0.016182061094278992,1.0265293305306311,0.998791520060718,1.0086395773531198,0.01788975317751131,0.9742761620557874,0.9755828916827016,0.9792140818467163,0.004937919790928897,1.042865749733014,1.0244171083172984,1.0364263164079017,0.0064394333251122475,-0.5204941644286123,-0.4790585826005156,-0.09499754410640548,0.4254966203222068
test:1888,test,buu_ap:image:BUU-AP-00378,images/buu_ap/BUU-AP-00378.jpg,BUU AP,AP,1888,3,5,1.0,0.8771559479645307,0.9592418445509896,0.9770615043354258,0.09990555637089503,1.014296643096567,1.053174394782873,1.0630224520752747,0.048725808978707694,0.9620735584503576,0.9713111769278648,0.9764527345878187,0.014379176137461033,1.066165906359075,1.028688823072135,1.0330983537378604,0.03306755262121443,-0.2820989604157233,1.2719614420339838,1.896932712595202,2.1790316730109254
test:1978,test,buu_ap:image:BUU-AP-00396,images/buu_ap/BUU-AP-00396.jpg,BUU AP,AP,1978,3,5,1.0,1.0420542781864706,0.9776070493771946,0.9910281164138829,0.051026161772587675,1.0916579777374276,1.0223929506228056,1.0322410079152073,0.05941696982222021,1.0090298356612413,0.9923597570879362,0.9905551067924104,0.018474728868830788,1.0029644046577142,1.0076402429120637,1.0182724551858402,0.015308050528125932,1.5151569055727094,2.089193367791978,2.4646443365343487,0.9494874309616392
test:2034,test,mendeley_pa:image:MENDE-PA-00003,images/mendeley_pa/MENDE-PA-00003.jpg,Mendeley PA,PA,2034,3,18,0.0714285714285714,1.0216729972621987,1.0012130116366291,1.0363430132411862,0.014670015978987736,1.1340851816930346,0.9987869883633708,1.0113629807464335,0.12272220094660086,1.0455015600964466,1.0088969845234896,1.01205572126466,0.03344583883178661,0.991386493560821,1.0101547636336514,1.0303309563792178,0.038944462818396766,-6.5090321380089335,-3.9814458588496393,-3.1375702718630976,3.371461866145836
test:2035,test,mendeley_pa:image:MENDE-PA-00003,images/mendeley_pa/MENDE-PA-00003.jpg,Mendeley PA,PA,2035,4,18,0.0714285714285714,0.928000397238558,0.9745176168552137,1.0106305921843743,0.08263019494581639,0.98726695603359,1.046577997674511,1.059153990057574,0.07188703402398404,0.9354983317069596,0.9873685959191552,0.9891684669000587,0.053670135193099,0.9939659458604204,0.991991851353031,1.01814016128419,0.02417421542376982,-1.0877012283573748,1.6114450210648528,3.342862438591098,4.430563666948473
test:2036,test,mendeley_pa:image:MENDE-PA-00003,images/mendeley_pa/MENDE-PA-00003.jpg,Mendeley PA,PA,2036,5,18,0.0714285714285714,0.9719327568376556,0.9524706615263728,0.9810303853953389,0.009097628557683202,1.0092434880914416,0.9852130263283512,0.9971861121415755,0.012057375949865983,0.9326611851302516,0.9630137498556476,0.9637822629833434,0.03112107785309167,0.9985663854123146,1.012026609145141,1.02681825984273,0.028251874430415422,9.73192218013864,5.662210294161895,8.555038758669951,1.1768834214686876
test:2037,test,mendeley_pa:image:MENDE-PA-00003,images/mendeley_pa/MENDE-PA-00003.jpg,Mendeley PA,PA,2037,6,18,0.0714285714285714,0.9718630752936206,1.0105400326121732,1.023004857676117,0.051141782382496365,0.9785709790283772,1.0543626566187083,1.0653786613375484,0.08680768230917112,0.967691793663056,0.9645449262034556,0.9675228550486674,0.00016893861438843638,1.005822587375128,1.012785690586131,1.0344236201895884,0.028601032814460352,12.41212181668115,10.211232716750644,13.309578234862826,0.897456418181676
test:2038,test,mendeley_pa:image:MENDE-PA-00003,images/mendeley_pa/MENDE-PA-00003.jpg,Mendeley PA,PA,2038,7,18,0.0714285714285714,1.0632317918889478,1.0464376360724534,1.065197553540286,0.0019657616513382645,1.1141069863598374,0.9525460909820566,0.9683814823395976,0.1457255040202397,0.9753383589477184,0.9729723764635728,0.974767968017246,0.0005703909304725519,1.0052675119567782,1.0270276235364273,1.036624613026519,0.0313571010697408,10.690543253362648,9.3946594343483,11.190952454596712,0.5004092012340635
test:2039,test,mendeley_pa:image:MENDE-PA-00003,images/mendeley_pa/MENDE-PA-00003.jpg,Mendeley PA,PA,2039,8,18,0.0714285714285714,1.0359113891404397,1.003457199232505,1.012247174428628,0.02366421471181128,0.8561850344689471,0.996542800767495,1.0033022841346997,0.14711724966575257,0.9274895070932112,0.9822475911990056,0.9823479703684586,0.05485846327524743,0.9932266520394416,1.017752408800994,1.024634801136677,0.03140814909723541,6.377197052015447,6.084929572029324,7.775618062896939,1.398421010881492
test:2040,test,mendeley_pa:image:MENDE-PA-00003,images/mendeley_pa/MENDE-PA-00003.jpg,Mendeley PA,PA,2040,9,18,0.0714285714285714,0.9936857688931522,1.0142553988717666,1.0119304216806015,0.01824465278744931,0.9346679603827835,0.9435551351113728,0.9471739379866532,0.01250597760386958,1.014965964115767,0.9886895804383056,0.98271234004723,0.03225362406853681,1.056394963886904,1.0359388927886497,1.0443607022011887,0.012034261685715395,1.479315890695986,2.9104800615766777,3.456162193820788,1.9768463031248018
test:2041,test,mendeley_pa:image:MENDE-PA-00003,images/mendeley_pa/MENDE-PA-00003.jpg,Mendeley PA,PA,2041,10,18,0.0714285714285714,1.029672547300423,1.0381491558608973,1.0372620876977594,0.007589540397336418,1.0628037967429025,0.9618508441391028,0.9709155641513504,0.09188823259155204,1.02904932085371,0.9979813464443804,0.9978093086093803,0.031240012244329884,1.0588163841103129,1.0020186535556197,1.0177498094279647,0.04106657468234813,-0.5562369288620914,0.5814373765641108,1.1004376087838068,1.6566745376458982
test:2042,test,mendeley_pa:image:MENDE-PA-00003,images/mendeley_pa/MENDE-PA-00003.jpg,Mendeley PA,PA,2042,11,18,0.0714285714285714,0.9596493132383668,0.9797145893611264,0.9666667377390218,0.007017424500654856,0.8765584127673688,1.0202854106388737,1.023904213514154,0.14734580074678527,0.9714069899970148,0.9835396918349528,0.9841232304459067,0.012716240448891938,0.9422502620866688,1.0164603081650472,1.0294459474391675,0.08719568535249873,-0.3164411375677787,-1.5247051004831746,-1.0519696359102682,0.7355284983424895
test:2043,test,mendeley_pa:image:MENDE-PA-00003,images/mendeley_pa/MENDE-PA-00003.jpg,Mendeley PA,PA,2043,12,18,0.0714285714285714,1.0202535053701944,0.9977938918632868,1.0045178634350602,0.015735641935134208,1.0708022927805545,0.988169138738024,0.9922114978070138,0.07859079497354045,0.9762631094416836,0.9800185223669278,0.9776323416829573,0.0013692322412736488,1.0132103867236149,0.998717189038159,1.0072909288275853,0.005919457896029474,-2.493173272104258,-0.9601832543135628,-0.8193259303093896,1.6738473417948683
test:2044,test,mendeley_pa:image:MENDE-PA-00003,images/mendeley_pa/MENDE-PA-00003.jpg,Mendeley PA,PA,2044,13,18,0.0714285714285714,0.990579440065592,1.034081291405933,0.9853492975220848,0.005230142543507288,1.048870956098326,1.0498475662919533,1.0561843512135398,0.007313395115213714,0.9323532108047116,0.9760939888157204,0.9761943679851733,0.043841157180461734,0.9928542091888436,1.0239060111842797,1.0363795012734578,0.04352529208461409,-1.603925371059347,-1.8237513673281427,-1.4996787977194543,0.10424657333989273
test:2045,test,mendeley_pa:image:MENDE-PA-00003,images/mendeley_pa/MENDE-PA-00003.jpg,Mendeley PA,PA,2045,14,18,0.0714285714285714,1.0897797298919074,0.9935657370510804,1.0087453338924157,0.0810343959994915,1.074185674043422,1.0064342629489194,1.0178423079055439,0.05634336613787819,1.0122586283794557,0.9792896707903332,0.9773262039188034,0.03493242446065212,1.0714400622794669,1.020710329209667,1.0275433763500568,0.04389668592941002,-1.1543294625520275,0.0992115304819236,0.42653490761433943,1.580864370166367
test:2046,test,mendeley_pa:image:MENDE-PA-00003,images/mendeley_pa/MENDE-PA-00003.jpg,Mendeley PA,PA,2046,15,18,0.0714285714285714,0.9987798169660868,1.0371478047306064,1.055534198516083,0.05675438154999619,0.9678466954321494,1.0122396128221287,1.0280750041796698,0.06022830874752039,0.9898802302210126,0.9707983982925966,0.9720714176483184,0.01780881257269413,1.012927325523867,1.029201601707403,1.041407833882634,0.02848050835876668,1.8023484320231944,1.1781295068188342,1.5546358950062427,0.24771253701695173
test:2047,test,mendeley_pa:image:MENDE-PA-00003,images/mendeley_pa/MENDE-PA-00003.jpg,Mendeley PA,PA,2047,16,18,0.0714285714285714,1.0032126973090902,1.016461909250065,1.0340214767164433,0.030808779407353014,0.96870497460193,0.9835380907499348,0.9949461357065593,0.02624116110462911,0.9499904601759084,0.9723658470406468,0.9664424510642226,0.01645199088831398,1.0086599615824536,1.0276341529593536,1.0316407785781392,0.02298081699568552,3.510588476189696,3.2577773467761237,3.8910942808848574,0.3805058046951615
test:2082,test,mendeley_pa:image:MENDE-PA-00006,images/mendeley_pa/MENDE-PA-00006.jpg,Mendeley PA,PA,2082,3,18,0.0714285714285714,1.041117203277204,0.9669691404587574,0.9755573213360257,0.06555988194117829,0.9753340429257356,0.9093020991149606,0.912920901990241,0.06241314093549452,0.9190408766729592,1.0054137495876232,1.0074680469528714,0.08842717027991201,0.9440140470151402,0.9916559352367178,1.0117072897790924,0.06769324276395211,0.5323822082014402,-4.054015283458568,-3.8926126556328313,4.4249948638342715
test:2083,test,mendeley_pa:image:MENDE-PA-00006,images/mendeley_pa/MENDE-PA-00006.jpg,Mendeley PA,PA,2083,4,18,0.0714285714285714,0.9547981917854176,1.068769203891493,1.0041415490410102,0.04934335725559266,0.8781095508411944,1.009194041026782,1.0109742697160948,0.13286471887490042,1.087383607487315,0.9950341026892068,0.996738613223389,0.09064499426392642,1.0328347676609315,1.0080278016774362,1.0260145668087906,0.006820200852141169,-10.081008394479111,-6.662755949510213,-7.507692797196981,2.573315597282132
test:2084,test,mendeley_pa:image:MENDE-PA-00006,images/mendeley_pa/MENDE-PA-00006.jpg,Mendeley PA,PA,2084,5,18,0.0714285714285714,1.1927944919923066,1.0182705401275285,0.9838558538649209,0.20893863812738567,1.1333087009906524,0.9817294598724716,0.9797118954993808,0.15359680549127147,1.0546777280886843,1.030418666004401,1.0368737256333347,0.017804002455349834,1.0545679117840845,1.0452642656358413,1.0632602415474586,0.00869232976337438,-13.857894107221869,-14.754215159455851,-16.622275748292523,2.7643816410706563
test:2085,test,mendeley_pa:image:MENDE-PA-00006,images/mendeley_pa/MENDE-PA-00006.jpg,Mendeley PA,PA,2085,6,18,0.0714285714285714,0.9576457921904702,1.002529547231819,1.0033637489854241,0.04571795679495386,0.9607086954587716,1.0242690565883987,1.0310285399556034,0.07031984449683176,0.8850155291782302,0.916937808916312,0.9189921062815603,0.033976577103330005,0.9649638239551442,1.0058055012301466,1.0311450487748643,0.06618122481972008,-19.427421924432597,-16.590550855856463,-18.23224349425368,1.1951784301789132
test:2086,test,mendeley_pa:image:MENDE-PA-00006,images/mendeley_pa/MENDE-PA-00006.jpg,Mendeley PA,PA,2086,7,18,0.0714285714285714,0.9371690656056864,0.9194407229897172,0.9177487799551876,0.019420285650498987,1.0318459660101265,1.0127655374545317,1.0195250208217363,0.012320945188390234,0.8208883682664592,0.908193811133755,0.9133263391556866,0.09243797088922745,0.9929647740881806,1.0333043308452703,1.031655400128942,0.038690626040761275,-19.32320760449105,-16.166215034967877,-18.54591879511497,0.7772888093760741
test:2087,test,mendeley_pa:image:MENDE-PA-00006,images/mendeley_pa/MENDE-PA-00006.jpg,Mendeley PA,PA,2087,8,18,0.0714285714285714,0.8744963859255132,0.8331337512215027,0.8300896679726788,0.04440671795283428,1.0539247396880516,1.166866248778497,1.167608637260237,0.11368389757218561,0.950476293482809,0.9241732189291892,0.9383544640475688,0.012121829435240206,1.1216163219142112,1.0758267810708109,1.0672054488351765,0.054410873079034625,-12.90500814550316,-8.889627518023886,-8.85206785973493,4.05294028576823
test:2088,test,mendeley_pa:image:MENDE-PA-00006,images/mendeley_pa/MENDE-PA-00006.jpg,Mendeley PA,PA,2088,9,18,0.0714285714285714,0.7485213030603443,0.8898434405209651,0.8941184449004164,0.14559714184007208,1.3219256227765122,1.110156559479035,1.110898947960775,0.2110266748157372,0.9238745090794748,0.9529530203654536,0.9644066898836859,0.04053218080421114,1.0424729018690089,1.0470469796345467,1.045122621559062,0.002649719690053367,1.5439525684432738,1.3012271332309808,3.1548329996631708,1.610880431219897
test:2089,test,mendeley_pa:image:MENDE-PA-00006,images/mendeley_pa/MENDE-PA-00006.jpg,Mendeley PA,PA,2089,10,18,0.0714285714285714,0.8371447964940644,0.8644168627962094,0.8637555400074084,0.026610743513343957,1.078526342555812,1.1355831372037908,1.1551610893056175,0.07663474674980536,1.0019225470110094,0.9584897724708348,0.9657300008257657,0.03619254618524372,1.0355570325800736,1.0415102275291657,1.0478863119350945,0.01232927935502085,15.507462411965122,9.49407824945662,11.998057217123247,3.509405194841875
test:2090,test,mendeley_pa:image:MENDE-PA-00006,images/mendeley_pa/MENDE-PA-00006.jpg,Mendeley PA,PA,2090,11,18,0.0714285714285714,0.9855620467309494,0.9894949363563684,0.9410225877557424,0.04453945897520689,0.998290474301341,1.074391955471305,1.076172184160618,0.07788170985927693,0.9820890788439722,1.0077630179402657,1.006635003879597,0.02454592503562455,1.0327251942524645,1.0177942268154208,1.0346516143134419,0.001926420060977525,17.444203930469968,16.531088421650097,18.8572169044687,1.4130129739987325
test:2091,test,mendeley_pa:image:MENDE-PA-00006,images/mendeley_pa/MENDE-PA-00006.jpg,Mendeley PA,PA,2091,12,18,0.0714285714285714,1.1532759530348604,1.0090651701754731,0.9938701692587537,0.15940578377610665,1.0955262654871318,1.018967578471145,1.0263841737103372,0.06914209177679455,1.0593180831439668,1.0027934769598643,1.0028346400497823,0.056483443094184425,1.047812127272885,1.0216584190145832,1.0451432749048573,0.0026688523680277534,17.55471443133507,15.697558466966,17.595867816979734,0.04115338564466242
test:2092,test,mendeley_pa:image:MENDE-PA-00006,images/mendeley_pa/MENDE-PA-00006.jpg,Mendeley PA,PA,2092,13,18,0.0714285714285714,0.9807348445285234,1.0359995814565497,1.0405555979873913,0.05982075345886759,0.9876015899540344,0.9640004185434506,0.967619221418731,0.01998236853530342,1.0344636468076684,1.0470357507142392,1.0515339754196968,0.01707032861202839,1.022122806260758,1.0103706850539524,1.0425955637227375,0.020472757461979497,13.950913003462034,13.120632504472496,14.845829104432823,0.8949161009707893
test:2093,test,mendeley_pa:image:MENDE-PA-00006,images/mendeley_pa/MENDE-PA-00006.jpg,Mendeley PA,PA,2093,14,18,0.0714285714285714,0.9612358936080272,0.9785379833525468,0.9755405309593727,0.014304637351345528,0.8745510999259567,0.9662491081217102,0.9698679109969905,0.09531681107103378,0.9940670818060532,0.98069628648245,0.9805982539039151,0.013468827902137912,0.9346738229018884,0.943352737789872,0.9682960522825745,0.03362222938068618,8.686550577609935,8.73824777596316,9.702500784328791,1.0159502067188555
test:2094,test,mendeley_pa:image:MENDE-PA-00006,images/mendeley_pa/MENDE-PA-00006.jpg,Mendeley PA,PA,2094,15,18,0.0714285714285714,1.0937902845285223,1.1800777362620485,1.1934992941057336,0.09970900957721104,1.0603015777931113,1.1090842396504963,1.1201002443693364,0.059798666576225123,0.9535439318589672,0.9983498825433086,0.9943050680423509,0.040761136183383576,0.8916254192093493,0.9785009981702898,1.0068969694536065,0.11527155024425702,3.5255825484643,3.591033383685172,4.065805419760764,0.5402228712964643
test:2095,test,mendeley_pa:image:MENDE-PA-00006,images/mendeley_pa/MENDE-PA-00006.jpg,Mendeley PA,PA,2095,16,18,0.0714285714285714,1.5181990211206238,1.0538277052816345,1.114430303173919,0.4037687179467051,1.4623526057524718,1.0496228300299653,1.074331605833412,0.3880209999190598,1.016111400669345,0.9898922824250216,0.9869119856921638,0.029199414977181225,1.0349259846645518,0.9823612652437328,1.001511265309298,0.03341471935525369,-1.5044838102395772,-0.8691147570931292,-0.8442594581716634,0.6602243520679139
test:2232,test,mendeley_pa:image:MENDE-PA-00016,images/mendeley_pa/MENDE-PA-00016.jpg,Mendeley PA,PA,2232,3,18,0.0714285714285714,1.0559574742795506,0.9992191167105012,1.0019528273981089,0.05400464688144177,1.1717234317141874,1.0007808832894989,1.0043996861647793,0.16732374554940802,1.1905293416419698,0.9805940880713152,0.9826483854365634,0.2078809562054062,1.092758187693235,0.9709079659687916,0.9989464192795197,0.09381176841371533,0.070482968832735,-0.6873984184521902,-0.12382940914814355,0.19431237798087864
test:2233,test,mendeley_pa:image:MENDE-PA-00016,images/mendeley_pa/MENDE-PA-00016.jpg,Mendeley PA,PA,2233,4,18,0.0714285714285714,0.9433067656947394,0.9617683140686007,0.9738258382430526,0.03051907254831323,0.9866452833721532,1.0546805849102965,1.067855087089323,0.08120980371716971,0.973296303572293,1.0849728285216695,1.0907463164881772,0.11745001291588417,0.9227240864524916,1.0431888685947022,1.073531488460835,0.15080740200834333,-3.888271927498337,-1.5982720142780806,-1.4590988046108748,2.4291731228874625
test:2234,test,mendeley_pa:image:MENDE-PA-00016,images/mendeley_pa/MENDE-PA-00016.jpg,Mendeley PA,PA,2234,5,18,0.0714285714285714,0.9434381895350532,0.9827463437817956,0.9597917811028625,0.016353591567809057,1.0216647765268512,1.0172536562182044,1.0208724590934848,0.0007923174333663201,0.9818407451775232,0.9812608796538586,0.9756500439153785,0.006190701262144691,0.9951208981432992,0.9557160733603052,0.9754171947352699,0.019703703408029287,-3.267026997388882,-3.5595248083680247,-3.5842015802025173,0.3171745828136352
test:2235,test,mendeley_pa:image:MENDE-PA-00016,images/mendeley_pa/MENDE-PA-00016.jpg,Mendeley PA,PA,2235,6,18,0.0714285714285714,1.0409272219594676,0.9391558309287782,0.946572619883066,0.09435460207640163,1.0669548592956697,1.0566956738606417,1.0634551572278463,0.003499702067823034,1.000542448311004,1.0087333307345945,1.0087744938245125,0.008232045513508273,0.9996346605920844,0.9912666692654056,1.0166755519131585,0.01704089132107396,-3.230777689237698,-1.6004178972915497,-1.4683944286779251,1.7623832605597727
test:2236,test,mendeley_pa:image:MENDE-PA-00016,images/mendeley_pa/MENDE-PA-00016.jpg,Mendeley PA,PA,2236,7,18,0.0714285714285714,0.8408144627527261,0.9666613262886062,0.9479471106821552,0.10713264792942906,0.9836525704971532,1.0397909822447935,1.0434097851200739,0.05975721462292068,0.9611656372415646,1.0019496660622509,0.9930429616885932,0.03187732444702859,0.9162052159179354,0.9996329428869236,1.018671348156308,0.10246613223837259,0.0661912028057969,2.622076758390804,4.448931941038509,4.382740738232712
test:2237,test,mendeley_pa:image:MENDE-PA-00016,images/mendeley_pa/MENDE-PA-00016.jpg,Mendeley PA,PA,2237,8,18,0.0714285714285714,0.9739510271239492,0.9103305669258074,0.8803414975980953,0.09360952952585386,1.0962219407975544,1.0305371251264843,1.037296608493689,0.05892533230386514,1.0680860800553682,0.9993664083958884,0.9962972097055336,0.07178887034983443,1.0643116120269764,1.0006335916041114,1.0109040521128752,0.053407559914101205,8.474931206019306,7.129291672255448,9.811201471831254,1.3362702658119474
test:2238,test,mendeley_pa:image:MENDE-PA-00016,images/mendeley_pa/MENDE-PA-00016.jpg,Mendeley PA,PA,2238,9,18,0.0714285714285714,0.9111928837793096,0.9540755341074748,0.9527192768653242,0.041526393086014496,1.001931216770925,1.0459244658925253,1.0564817420893031,0.05455052531837842,0.9197441940791268,0.9908567414224796,0.9868175912254207,0.06707339714629398,0.9615686902528277,1.0091432585775202,1.0220018114357536,0.06043312118292595,14.1923921417051,12.19904007437222,14.482031960511137,0.2896398188060374
test:2239,test,mendeley_pa:image:MENDE-PA-00016,images/mendeley_pa/MENDE-PA-00016.jpg,Mendeley PA,PA,2239,10,18,0.0714285714285714,1.0446855717525965,1.0592518860955031,1.0157126451391967,0.028972926613399858,1.1176292203206857,1.0697821080585004,1.0677645436854095,0.04986467663527616,0.9990047361689616,1.0191402111712489,1.0145796292971465,0.015574893128185045,1.037413627394459,1.0411561070050288,1.054179795462935,0.016766168068476046,15.92314894272512,13.617869145018048,15.771280294996686,0.15186864772843478
test:2240,test,mendeley_pa:image:MENDE-PA-00016,images/mendeley_pa/MENDE-PA-00016.jpg,Mendeley PA,PA,2240,11,18,0.0714285714285714,1.1250183545855132,0.9639166512421676,0.9817615051648924,0.14325684942062086,1.0542765935477914,1.023462548737295,1.0302220321044997,0.024054561443291635,1.092171592511356,0.9927430993160016,0.9913772652838162,0.10079432722753967,1.0957503874544727,1.0072569006839984,1.0255652626762384,0.07018512477823435,13.043346148331011,13.323801155175971,15.120087857332038,2.076741709001027
test:2241,test,mendeley_pa:image:MENDE-PA-00016,images/mendeley_pa/MENDE-PA-00016.jpg,Mendeley PA,PA,2241,12,18,0.0714285714285714,0.8308233483928134,1.016848292758694,1.017494409203535,0.18667106081072182,0.8748581355990659,1.022224805337213,1.0258436082124933,0.15098547261342737,0.923106744294244,0.9933108743317328,0.9928817316868711,0.06977498739262689,0.9165761835039103,1.0066891256682673,1.0277820024602213,0.11120581895631083,10.724453367626808,8.005828134895381,8.889716260314998,1.8347371073118097
test:2242,test,mendeley_pa:image:MENDE-PA-00016,images/mendeley_pa/MENDE-PA-00016.jpg,Mendeley PA,PA,2242,13,18,0.0714285714285714,1.0203447188900323,0.929248164897168,0.9567709542115572,0.06357376467847538,1.0948178560824804,0.9421007664891208,0.9535088114457453,0.141309044636735,1.0388616994688962,1.0082700363591384,1.00416876601503,0.03469293345386615,1.062957744999385,1.0216483524308593,1.0322754731641204,0.03068227183526459,2.968310121459752,3.495126090143586,3.923241070602799,0.9549309491430478
test:2243,test,mendeley_pa:image:MENDE-PA-00016,images/mendeley_pa/MENDE-PA-00016.jpg,Mendeley PA,PA,2243,14,18,0.0714285714285714,0.9315604861624576,0.9833551752075508,0.9961537797629788,0.06459329360052113,0.914945165421296,1.016644824792449,1.0312521453321024,0.1163069799108065,1.042971224032417,0.9834907892315228,0.9850374382610012,0.05793378577141567,1.0754622148471706,1.0165092107684774,1.0348929372461004,0.04056927760107011,-3.734201187339636,-0.0191019078224599,-0.044282959166139335,3.6899182281734966
test:2244,test,mendeley_pa:image:MENDE-PA-00016,images/mendeley_pa/MENDE-PA-00016.jpg,Mendeley PA,PA,2244,15,18,0.0714285714285714,0.9886294482266724,0.9559956813345536,0.9833326419929846,0.005296806233687848,0.987748061747564,1.0103929515437302,1.0214089562625703,0.03366089451500622,0.907408334551138,0.9743350818863946,0.9768165240640628,0.06940818951292481,0.9478043742022304,1.0256649181136053,1.039163557801501,0.09135918359927057,-3.006513937104671,-5.682012486257946,-5.696449073949253,2.689935136844582
test:2245,test,mendeley_pa:image:MENDE-PA-00016,images/mendeley_pa/MENDE-PA-00016.jpg,Mendeley PA,PA,2245,16,18,0.0714285714285714,0.9570079476470922,0.9856479507357356,0.9850400656646592,0.02803211801756685,1.0729713674176031,1.0143520492642644,1.024765147413266,0.0482062200043371,0.9479532851929358,0.938172204722262,0.9408408131679362,0.007112472024999419,1.0189083762228497,0.9864101465010854,0.9993180147522899,0.019590361470559807,-7.629823785176242,-4.204037359140671,-4.605618586920059,3.0242051982561833
test:2328,test,mendeley_pa:image:MENDE-PA-00023,images/mendeley_pa/MENDE-PA-00023.jpg,Mendeley PA,PA,2328,3,18,0.0714285714285714,1.0217910098223637,0.9857752500873012,1.0209052516918582,0.000885758130505461,1.0106679423055809,1.0142247499126988,1.0268007422957617,0.01613279999018074,1.0676037542305747,1.016253838796636,1.0194125755378063,0.04819117869276841,1.0115092343776382,0.983746161203364,1.0050020511108433,0.006507183266794815,-0.6702782246358794,-1.473608550833703,-1.3705087501873976,0.7002305255515182
test:2329,test,mendeley_pa:image:MENDE-PA-00023,images/mendeley_pa/MENDE-PA-00023.jpg,Mendeley PA,PA,2329,4,18,0.0714285714285714,0.90969374028437,1.0061700353526069,1.0296060582750035,0.11991231799063336,0.9368433594272336,0.9938299646473936,1.0048459693662337,0.06800260993899993,0.8959908253995795,0.932641073900328,0.9333975029429952,0.03740667754341555,0.8799343871368167,0.9212004756498986,0.9376486977506333,0.05771431061381651,-2.9567007663033564,-0.2061097827596114,0.17795125573449866,3.134652022037855
test:2330,test,mendeley_pa:image:MENDE-PA-00023,images/mendeley_pa/MENDE-PA-00023.jpg,Mendeley PA,PA,2330,5,18,0.0714285714285714,0.999120569923758,0.980701176071696,0.9919557865654752,0.007164783358282717,0.9856669467551972,1.0113305453264203,1.0223465500452604,0.03667960329006352,0.8485553370381975,0.9451099554538204,0.9454972681818007,0.09694193114360311,0.8790954609901047,0.9528365002783024,0.9670071096928798,0.08791164870277518,0.2580586591166707,-0.2900301222250476,0.059522687967060506,0.1985359711496102
test:2331,test,mendeley_pa:image:MENDE-PA-00023,images/mendeley_pa/MENDE-PA-00023.jpg,Mendeley PA,PA,2331,6,18,0.0714285714285714,1.0222458830301409,1.0342992753333295,1.0093033467030967,0.01294253632704421,1.0552465819216523,1.0557349677173562,1.0647059873653717,0.0094594054437193,0.9883541939549804,1.0031587142994884,1.0061832206821326,0.017829026727152277,1.0196775323234035,1.003711992861409,0.9960053805128526,0.023672151810550917,2.376640521853261,0.9886239062910532,1.4635701667433239,0.9130703551099373
test:2332,test,mendeley_pa:image:MENDE-PA-00023,images/mendeley_pa/MENDE-PA-00023.jpg,Mendeley PA,PA,2332,7,18,0.0714285714285714,1.0836106276890505,0.9815895679817824,0.9874331989736586,0.09617742871539177,1.1354542315177591,1.0190944366332777,1.0258539200004824,0.10960031151727694,1.0962863123241933,0.9925194515838184,0.9926198307532713,0.10366648157092206,1.068705958350842,1.0074805484161815,1.0316952371046981,0.037010721246143886,1.7191891534654502,1.5780648208947952,2.055747083553868,0.33655793008841783
test:2333,test,mendeley_pa:image:MENDE-PA-00023,images/mendeley_pa/MENDE-PA-00023.jpg,Mendeley PA,PA,2333,8,18,0.0714285714285714,1.0029551281870674,1.048573323373692,1.0552615163261163,0.05230638813904879,1.046966390587813,1.0852358610020931,1.0900350425975378,0.04306865200972468,0.928638686598561,1.0013421736050991,0.9913790011171846,0.06274031451862354,0.9289825497255758,0.9986578263949006,1.024250544668302,0.09526799494272606,0.7794891199363292,0.858025929288587,1.3611884325310797,0.5816993125947505
test:2334,test,mendeley_pa:image:MENDE-PA-00023,images/mendeley_pa/MENDE-PA-00023.jpg,Mendeley PA,PA,2334,9,18,0.0714285714285714,0.9496736970498536,0.9189406411144736,0.8988541272822621,0.05081956976759129,0.9698016333102164,0.9548818819282252,0.9585006848035056,0.01130094850671102,1.0262975257119986,0.97942725799845,0.9822781171915813,0.04401940852041737,1.0450687729141666,0.9951557652441188,1.0093480074194594,0.035720765494707145,-0.0031372948882903,0.1309307284904264,0.6325589485717558,0.6356962434600462
test:2335,test,mendeley_pa:image:MENDE-PA-00023,images/mendeley_pa/MENDE-PA-00023.jpg,Mendeley PA,PA,2335,10,18,0.0714285714285714,0.859277346020305,0.9875348948015632,0.949055060006565,0.08977771398626003,0.8885962989702515,1.0118519189763304,1.0127427199967627,0.12414642102651116,0.976503777619978,0.9940302487833664,0.9972300503308192,0.020726272710841306,1.0057495630470312,1.0175286522557114,1.0322950808753346,0.026545517828303382,-0.5176276629554621,-0.086175403788502,0.4737248204203297,0.9913524833757918
test:2336,test,mendeley_pa:image:MENDE-PA-00023,images/mendeley_pa/MENDE-PA-00023.jpg,Mendeley PA,PA,2336,11,18,0.0714285714285714,1.0411039513955496,0.9784004015712436,0.9442190823940929,0.09688486900145672,1.0697818811859074,0.9783616054648772,0.9794847218165412,0.09029715936936604,1.0144795612788802,0.985378294620592,0.9859618332315458,0.028517728047334163,1.0435760035689905,1.0146217053794078,1.0302071074061803,0.01336889616281,-0.1692135126887279,-0.8299244974648303,-0.3045325015580005,0.13531898886927252
test:2337,test,mendeley_pa:image:MENDE-PA-00023,images/mendeley_pa/MENDE-PA-00023.jpg,Mendeley PA,PA,2337,12,18,0.0714285714285714,0.9988385371012752,0.9865914484730076,0.9632134264579129,0.035625110643362455,0.9731973566125528,1.0134085515269924,1.0208251467661846,0.047627790153631645,0.9086302913189968,0.98825604687036,0.9878821961773651,0.0792519048583683,0.9353573518460016,1.01174395312964,1.022512726163855,0.08715537431785317,-1.1422213319741985,-1.0083408141323815,-0.7350215697476159,0.4071997622265826
test:2338,test,mendeley_pa:image:MENDE-PA-00023,images/mendeley_pa/MENDE-PA-00023.jpg,Mendeley PA,PA,2338,13,18,0.0714285714285714,1.068413959167146,1.0849681993684543,1.0159398888907207,0.05247407027642531,1.0971081799957287,1.085726883008647,1.0808329044166387,0.016275275579089952,1.0517664590060054,0.9830626482696496,0.981030913823586,0.07073554518241953,1.0722705062323383,1.0066105499059868,1.0186603543476176,0.05361015188472096,-1.847468115576035,-1.4856965471628598,-1.375902504158347,0.47156561141768805
test:2339,test,mendeley_pa:image:MENDE-PA-00023,images/mendeley_pa/MENDE-PA-00023.jpg,Mendeley PA,PA,2339,14,18,0.0714285714285714,1.146772214750004,1.007343080875652,1.0216884995374849,0.125083715212519,1.1745552261127064,1.065386626760039,1.0701858083554836,0.10436941775722272,0.9680225675367248,0.977433002037348,0.9739793945992158,0.005956827062490934,0.9867121017810434,1.022566997962652,1.0445934585804326,0.05788135679938919,-1.829171762351507,-1.0798914466333258,-0.8469456468057501,0.9822261155457568
test:2340,test,mendeley_pa:image:MENDE-PA-00023,images/mendeley_pa/MENDE-PA-00023.jpg,Mendeley PA,PA,2340,15,18,0.0714285714285714,0.900561219735948,0.9824446788745352,0.9873795620853433,0.08681834234939514,0.9837324576051334,1.0039128319239965,1.0116899644835642,0.02795750687843079,1.0001061650698275,1.0072851658395776,1.0098342974732915,0.009728132403463641,1.0719546216015523,1.0142617233400946,1.0448226098274593,0.027132011774092933,-0.3123147776906165,-0.9142803476041336,-0.40037333228049476,0.08805855458987821
test:2341,test,mendeley_pa:image:MENDE-PA-00023,images/mendeley_pa/MENDE-PA-00023.jpg,Mendeley PA,PA,2341,16,18,0.0714285714285714,0.9138652599226744,0.984830624074978,1.0018161876362983,0.087950927713624,0.93112265112025,1.0151693759250218,1.027142461738246,0.09601981061799601,1.0150255464889373,0.9872369306179862,0.9906400349940341,0.024385511494903152,1.0103485438777513,1.0127630693820138,1.0341115290281195,0.023762985150368166,0.0006110671432253,0.1797274475187862,0.5308145706743801,0.5302035035311548
test:2346,test,mendeley_pa:image:MENDE-PA-00024,images/mendeley_pa/MENDE-PA-00024.jpg,Mendeley PA,PA,2346,3,17,0.0769230769230769,0.9963955629743708,0.9017437740441052,0.9185109014834849,0.077884661490886,0.821974411792137,1.0982562259558952,1.1092722306747353,0.2872978188825983,1.0605410856774355,0.9810798491254984,0.9842449402805953,0.07629614539684021,0.9300266878086584,0.9392770724633996,0.9599443255255287,0.02991763771687022,-0.1652355578792992,1.542265194464278,2.0789039907937763,2.2441395486730755
test:2347,test,mendeley_pa:image:MENDE-PA-00024,images/mendeley_pa/MENDE-PA-00024.jpg,Mendeley PA,PA,2347,4,17,0.0769230769230769,0.954316441577332,1.1688120252104237,1.1906415483565762,0.2363251067792443,1.0831882990945778,1.0713213161696653,1.0849715556149344,0.0017832565203566072,0.8915391528706132,1.0301901418460602,1.0296973658004844,0.13815821292987115,0.895861236594559,0.9698098581539396,0.9926574584351782,0.09679622184061926,3.33267620970787,3.6160117361926174,4.130421099462424,0.7977448897545543
test:2348,test,mendeley_pa:image:MENDE-PA-00024,images/mendeley_pa/MENDE-PA-00024.jpg,Mendeley PA,PA,2348,5,17,0.0769230769230769,1.327022294740979,0.9423814355314986,0.9571150853217856,0.3699072094191937,1.3027243736035456,1.085629723863213,1.095477781155615,0.2072465924479307,1.0577337007276342,0.971490407392604,0.9750233183449485,0.08271038238268556,1.0716444097084026,1.025487237165143,1.0362401395313638,0.03540427017703895,7.397259030264536,7.022119502883783,8.835663537841668,1.4384045075771326
test:2349,test,mendeley_pa:image:MENDE-PA-00024,images/mendeley_pa/MENDE-PA-00024.jpg,Mendeley PA,PA,2349,6,17,0.0769230769230769,0.8562736132098757,1.0438582713598306,1.1146432126754815,0.2583695994656058,1.0004813018899104,1.03452438733304,1.0592331631364869,0.05875186124657627,0.9888581266254858,0.9845777851287844,0.9933078017775537,0.004449675152068079,1.093555391921905,1.0802260320372266,1.0954816955811661,0.0019263036592611898,10.71156279605971,8.50817217312941,10.843921560870498,0.1323587648107889
test:2350,test,mendeley_pa:image:MENDE-PA-00024,images/mendeley_pa/MENDE-PA-00024.jpg,Mendeley PA,PA,2350,7,17,0.0769230769230769,0.8063922669583052,0.8732376559595313,0.8671806249725368,0.06078835801423149,0.8091160178497261,0.9375075815632284,0.9411263844385088,0.13201036658878268,0.8729587291654332,0.9385596296733388,0.9443935614062616,0.07143483224082839,1.04537689273401,1.061440370326661,1.0798528318310012,0.03447593909699107,9.619085315994283,9.294357364291171,10.9347892452421,1.3157039292478174
test:2351,test,mendeley_pa:image:MENDE-PA-00024,images/mendeley_pa/MENDE-PA-00024.jpg,Mendeley PA,PA,2351,8,17,0.0769230769230769,1.1001570670938037,1.0683918260212306,1.0770016759808425,0.02315539111296091,1.0996995124820428,0.9810819724740804,0.9936579648571432,0.10604154762489947,0.9195745950893408,0.8962541434789131,0.9061155289286802,0.013459066160660487,1.064192539671641,1.0495207753593574,1.0662459150517831,0.002053375380142228,7.8771519325226365,10.835390951441354,12.567171480463571,4.690019547940935
test:2352,test,mendeley_pa:image:MENDE-PA-00024,images/mendeley_pa/MENDE-PA-00024.jpg,Mendeley PA,PA,2352,9,17,0.0769230769230769,1.1363713111751843,1.0065651365762176,1.0229192466681423,0.11345206450704204,0.972523509155186,0.9934348634237826,1.0092702547813237,0.036746745626137486,0.8293790815390807,0.9528811297341004,0.9566101492809818,0.12723106774190102,0.9501357332630954,1.0471188702658996,1.047158338989016,0.09702260572592054,12.051696586888411,4.886217581934645,6.389259803003981,5.662436783884431
test:2353,test,mendeley_pa:image:MENDE-PA-00024,images/mendeley_pa/MENDE-PA-00024.jpg,Mendeley PA,PA,2353,10,17,0.0769230769230769,0.9430396973438528,1.0409650128170969,1.0541554378181817,0.1111157404743289,0.9186384675443384,0.9590349871829036,0.9704430321395281,0.05180456459518961,1.0424857980313724,0.9239559293841172,0.9296920932014633,0.1127937048299092,1.098294951170642,1.067111043122481,1.06351560433663,0.034779346834012,1.8952832313466388,6.025848293444199,6.656046950956863,4.760763719610225
test:2354,test,mendeley_pa:image:MENDE-PA-00024,images/mendeley_pa/MENDE-PA-00024.jpg,Mendeley PA,PA,2354,11,17,0.0769230769230769,0.9639403326171496,0.9847753325281128,0.9991072851968392,0.03516695257968955,0.955219060021379,0.9531605972956372,0.9645686422522617,0.009349582230882707,0.9100175637125996,0.9558577254643852,0.959131495211851,0.04911393149925145,1.0575910625895557,1.0441422745356148,1.0452767320679313,0.012314330521624154,0.0,-2.3405547813780743,-2.3657358327217537,2.3657358327217537
test:2355,test,mendeley_pa:image:MENDE-PA-00024,images/mendeley_pa/MENDE-PA-00024.jpg,Mendeley PA,PA,2355,12,17,0.0769230769230769,1.0800342407017511,1.0641461078835226,1.0772148872552014,0.0028193534465496724,1.0396877639474758,1.0848169696959464,1.0946650269883482,0.05497726304087239,0.9076792525216236,0.9680126040798392,0.9695588023491916,0.06187954982756802,1.0235810146003177,1.0671281862799769,1.0540106391330009,0.03042962453268311,-6.576392794102787,-2.809840700831444,-2.752946890201599,3.823445903901188
test:2356,test,mendeley_pa:image:MENDE-PA-00024,images/mendeley_pa/MENDE-PA-00024.jpg,Mendeley PA,PA,2356,13,17,0.0769230769230769,1.1042653257601525,0.957885994111541,0.9948521726777584,0.10941315308239408,1.1522665790410007,1.0421140058884588,1.0519620631808606,0.10030451586014011,1.0714307512742258,0.9356314159989672,0.944358635886045,0.12707211538818078,1.1335565942244823,1.0643685840010328,1.0669113656446023,0.06664522857987994,-5.619681401662902,-6.608790882342504,-7.352411278002904,1.7327298763400023
test:2357,test,mendeley_pa:image:MENDE-PA-00024,images/mendeley_pa/MENDE-PA-00024.jpg,Mendeley PA,PA,2357,14,17,0.0769230769230769,0.7241752860404028,0.9618123354546192,0.9800009833804729,0.25582569734007,0.8941570111355511,1.038187664545381,1.049203669264221,0.1550466581286699,0.8954763911588275,0.9766043094581024,0.9783816442953454,0.08290525313651796,1.0264859688879555,1.0233956905418975,1.0287817362101717,0.002295767322216164,-6.6411889705822205,0.4773709295361357,1.9472292183010893,8.58841818888331
test:2358,test,mendeley_pa:image:MENDE-PA-00024,images/mendeley_pa/MENDE-PA-00024.jpg,Mendeley PA,PA,2358,15,17,0.0769230769230769,1.029547570206492,0.9602861047596176,0.9692930371374329,0.06025453306905895,1.1442773257806829,0.9968750192172964,1.0067230765096982,0.1375542492709845,0.9491935597545632,0.9426198041673876,0.953921305821476,0.004727746066912997,0.9853642769237814,1.0428437684115093,1.040784807215638,0.055420530291856666,6.574423260735188,2.2366984256912303,4.673051393907173,1.9013718668280148
test:2469,test,mendeley_pa:image:MENDE-PA-00034,images/mendeley_pa/MENDE-PA-00034.jpg,Mendeley PA,PA,2469,3,18,0.0714285714285714,0.999874037350881,1.0310475107477446,1.0457147088096876,0.04584067145880666,0.818228092027691,0.9689524892522554,0.9803605342088799,0.1621324421811889,1.1191321145328867,1.0319083452503222,1.0304274790267485,0.08870463550613819,1.0090935652013135,1.0048033153562168,1.020769753113232,0.011676187911918528,-3.912908474747596,-2.796989241453815,-2.447436431261707,1.4654720434858888
test:2470,test,mendeley_pa:image:MENDE-PA-00034,images/mendeley_pa/MENDE-PA-00034.jpg,Mendeley PA,PA,2470,4,18,0.0714285714285714,1.2545288101336594,1.181736186483676,1.1993480197729416,0.05518079036071777,1.1603815294096826,1.0661126900435007,1.0759607473359025,0.0844207820737801,1.00294574863733,1.0141140554609678,1.018911498742827,0.015965750105496758,1.06374795349844,1.0466339748674784,1.058572720023409,0.005175233475030981,-3.1982407530542787,-2.264432202075625,-1.9058514041649346,1.292389348889344
test:2471,test,mendeley_pa:image:MENDE-PA-00034,images/mendeley_pa/MENDE-PA-00034.jpg,Mendeley PA,PA,2471,5,18,0.0714285714285714,1.141333412524534,1.0526902566268534,1.0883985834732146,0.05293482905131934,1.113304778321311,0.9273418864339528,0.9443452252179322,0.16895955310337868,0.9359966221176276,0.978311461568474,0.9831974601230018,0.04720083800537416,1.1162556712830027,0.9995662566832672,1.0195924226752888,0.09666324860771394,-0.6159559294036683,-2.932126778180205,-2.9176705265440575,2.301714597140389
test:2472,test,mendeley_pa:image:MENDE-PA-00034,images/mendeley_pa/MENDE-PA-00034.jpg,Mendeley PA,PA,2472,6,18,0.0714285714285714,0.8414120262047251,1.0262970971917629,1.0472861184781312,0.20587409227340606,0.6978538336850688,1.006960960559919,1.0195369529429819,0.32168311925791304,0.9275055664864416,0.9215221890555068,0.92801707529736,0.0005115088109186369,0.9073375453213336,1.0481253341308243,1.067631229805053,0.16029368448371928,-2.666012803306131,-0.6758298987658122,-0.3172491008551219,2.3487637024510093
test:2473,test,mendeley_pa:image:MENDE-PA-00034,images/mendeley_pa/MENDE-PA-00034.jpg,Mendeley PA,PA,2473,7,18,0.0714285714285714,1.0624944920693262,0.9502673468139804,0.9656601271179355,0.09683436495139072,1.0481368862607006,0.8414232145442482,0.8533963003574725,0.194740585903228,0.9034961523736664,0.9214820288193218,0.9235468748097114,0.020050722436045085,0.9757594072457556,0.9659197837079452,0.9795228712225841,0.0037634639768285,-0.735703868127942,-1.838353444223316,-1.358452339057834,0.622748470929892
test:2474,test,mendeley_pa:image:MENDE-PA-00034,images/mendeley_pa/MENDE-PA-00034.jpg,Mendeley PA,PA,2474,8,18,0.0714285714285714,0.9554381406355263,0.944240587977658,0.9345866900216443,0.020851450613882182,0.8885651519305456,1.055759412022342,1.0598760375473992,0.17131088561685381,0.8849506235315117,0.9670117535733874,0.9732349832647736,0.08828435973326192,0.9903602533860136,1.0329882464266125,1.03659444548066,0.046234192094646166,-1.0106940851405,0.3418721614108619,0.885268157504612,1.895962242645112
test:2475,test,mendeley_pa:image:MENDE-PA-00034,images/mendeley_pa/MENDE-PA-00034.jpg,Mendeley PA,PA,2475,9,18,0.0714285714285714,0.923876068714632,1.0360179424297342,1.034987966368189,0.11111189765355689,1.1583114716307752,1.057556236073712,1.0674042933661139,0.0909071782646615,1.0343971135313308,0.959583770961518,0.963044179615582,0.07135293391574866,1.094958771887456,1.0404162290384815,1.0328767713969396,0.06208200049051626,1.4194481909496517,0.3705434951407653,0.7692793163878662,0.6501688745617855
test:2476,test,mendeley_pa:image:MENDE-PA-00034,images/mendeley_pa/MENDE-PA-00034.jpg,Mendeley PA,PA,2476,10,18,0.0714285714285714,1.0717876409454958,0.9646025713589126,0.9873593043591911,0.08442833658630473,1.17631300137357,1.0353974286410874,1.0553948540184563,0.12091814735511366,0.9775000809422943,0.9624526420266888,0.9664095736698768,0.0110905072724174,1.0319817514409122,1.037547357973311,1.0469243318183756,0.014942580377463339,1.7517810754220309,1.0348130106190752,1.457312577889354,0.29446849753267657
test:2477,test,mendeley_pa:image:MENDE-PA-00034,images/mendeley_pa/MENDE-PA-00034.jpg,Mendeley PA,PA,2477,11,18,0.0714285714285714,0.9657887867367267,0.9883029588647236,1.0088263188637843,0.04303753212705723,0.8900134753551046,1.027873401256398,1.0384306774531757,0.14841720209807113,0.917108082782076,0.991933204280913,0.9947149227845968,0.0776068400025207,1.006340470812167,1.0080667957190868,1.02692988323909,0.02058941242692302,0.6501778302884986,-0.6247297306153996,-0.15324924183823896,0.8034270721267376
test:2478,test,mendeley_pa:image:MENDE-PA-00034,images/mendeley_pa/MENDE-PA-00034.jpg,Mendeley PA,PA,2478,12,18,0.0714285714285714,0.9610099164117712,0.9831250650620112,1.003518144208754,0.04250822779698262,0.9442437340842474,0.9112835869775476,0.924218176736063,0.020025557348184543,1.0257259651667852,0.9430397271767098,0.9496388591483075,0.07608710601847762,1.0069275476032822,1.0649184175055084,1.0692577385563014,0.06233019095301913,-3.00124053665283,-1.3121945110472524,-0.941800638786205,2.059439897866625
test:2479,test,mendeley_pa:image:MENDE-PA-00034,images/mendeley_pa/MENDE-PA-00034.jpg,Mendeley PA,PA,2479,13,18,0.0714285714285714,1.0190427466993737,1.031796340499863,1.0457453798920362,0.026702633192662292,0.9495937918884856,0.9682036595001372,0.9807796518832,0.03118585999471454,0.95650189169333,1.0078853032196002,1.007740822026326,0.05123893033299604,1.1074045484114234,0.9921146967803997,1.0069385051151674,0.10046604329625608,-3.274566852382989,-3.716032655569976,-3.741213706913655,0.4666468545306657
test:2480,test,mendeley_pa:image:MENDE-PA-00034,images/mendeley_pa/MENDE-PA-00034.jpg,Mendeley PA,PA,2480,14,18,0.0714285714285714,1.035674666961114,1.039440617658296,1.0477283622548965,0.012053695293782331,0.9325402275439744,1.0044072396335384,1.0142552969259402,0.0817150693819657,0.9352364377588068,0.9208638288553794,0.9323198322679838,0.0029166054908229683,0.9229960896734488,1.1065401050874906,1.1026655631286966,0.1796694734552476,-4.430824774487121,-4.548326127937685,-4.375430294087778,0.05539448039934314
test:2481,test,mendeley_pa:image:MENDE-PA-00034,images/mendeley_pa/MENDE-PA-00034.jpg,Mendeley PA,PA,2481,15,18,0.0714285714285714,1.0922558540260807,1.0378700704042334,1.04778306043786,0.044472793588220746,1.087146903863359,0.9621299295957668,0.9735379745523913,0.11360892931096758,0.9741205842703844,0.9737590639904172,0.9772760584071309,0.0031554741367465144,1.2085949836367778,1.0193110497364215,1.0240918889337591,0.18450309470301837,-5.82208540349238,-4.46750381750482,-4.4875557811321585,1.3345296223602219
test:2482,test,mendeley_pa:image:MENDE-PA-00034,images/mendeley_pa/MENDE-PA-00034.jpg,Mendeley PA,PA,2482,16,18,0.0714285714285714,0.9455984085055872,0.9978226099760512,0.999748022541521,0.054149614035933644,0.9000995596274656,1.002177390023949,1.0135854349805735,0.1134858753531079,0.9028138270182884,0.9270000919701986,0.9395014444368415,0.036687617418552955,0.9949825203370228,1.0729999080298014,1.0837944237513013,0.08881190341427853,-4.504182860522505,-1.1307734805735947,-1.1508254442009331,3.353357416321572
test:2589,test,mendeley_pa:image:MENDE-PA-00044,images/mendeley_pa/MENDE-PA-00044.jpg,Mendeley PA,PA,2589,3,17,0.0769230769230769,0.871894771953323,0.8531423566026742,0.894002219764715,0.02210744781139201,1.083733432663384,0.9523101448318976,0.9633261495507377,0.12040728311264637,1.030164724206191,1.02923740352847,1.0303086200670184,0.00014389586082736957,0.984726575831136,0.9361922361374512,0.9522812806487694,0.032445295182366794,1.709586551180351,2.536944490511985,3.3967158613997412,1.6871293102193903
test:2590,test,mendeley_pa:image:MENDE-PA-00044,images/mendeley_pa/MENDE-PA-00044.jpg,Mendeley PA,PA,2590,4,17,0.0769230769230769,0.8602340428943351,0.928534777776425,0.9439261536459376,0.08369211075160236,1.0119200604897285,1.071465222223575,1.085115461668844,0.0731954011791158,1.0116687019369948,1.0321770655929643,1.0353421567480612,0.02367345481106659,0.9006551473682404,0.9678229344070356,0.9854863350272577,0.08483118765901719,8.287869327856654,6.721193834171572,8.372401638851443,0.08453231099478842
test:2591,test,mendeley_pa:image:MENDE-PA-00044,images/mendeley_pa/MENDE-PA-00044.jpg,Mendeley PA,PA,2591,5,17,0.0769230769230769,1.0105236116806864,0.9531898487784516,0.9824199833401095,0.028103628340576697,1.0930252011619492,1.0468101512215486,1.0604603906668177,0.03256481049513149,1.1585926272801088,1.048991528993605,1.0517178715226634,0.10687475575744534,1.065232301070537,0.9510084710063952,0.9725604488494414,0.09267185222109561,11.73280111716278,11.03474463727602,13.616410153175678,1.8836090360128992
test:2592,test,mendeley_pa:image:MENDE-PA-00044,images/mendeley_pa/MENDE-PA-00044.jpg,Mendeley PA,PA,2592,6,17,0.0769230769230769,1.0049441457333563,1.0679075294249345,1.0834758901112367,0.07853174437788028,1.0407304986289632,1.0963187505222904,1.1064577175967443,0.06572721896778103,0.9656484291292664,1.0221021038919935,1.0276211652413259,0.06197273611205943,0.8940438653524553,1.0168835101066136,1.0419458047835135,0.14790193943105823,13.781619946695372,11.1893851581612,12.815444571117439,0.966175375577933
test:2593,test,mendeley_pa:image:MENDE-PA-00044,images/mendeley_pa/MENDE-PA-00044.jpg,Mendeley PA,PA,2593,7,17,0.0769230769230769,1.1700443313647748,0.990413213007634,1.0203857122440985,0.1496586191206764,1.1486306499739418,1.0230671178648714,1.0356431102479342,0.11298753972600756,0.928744944757904,0.9948017871095406,0.9943530116900409,0.06560806693213687,1.0163704733091632,0.9433800399496872,0.971559057776602,0.04481141553256121,10.645969199159625,9.217084837656444,11.038657022219127,0.39268782305950367
test:2594,test,mendeley_pa:image:MENDE-PA-00044,images/mendeley_pa/MENDE-PA-00044.jpg,Mendeley PA,PA,2594,8,17,0.0769230769230769,0.9014044202447228,0.9972793060643188,1.0397378067774288,0.13833338653270577,0.928698594468958,0.9903355331606866,1.0061709245182278,0.07747233004926979,0.972769956446004,0.945599560957092,0.9501920718286812,0.022577884617322616,0.9453264994876078,1.04782454898402,1.0581782520358256,0.1128517525482175,4.6525497286175295,3.553810071708938,4.424852382900497,0.22769734571703282
test:2595,test,mendeley_pa:image:MENDE-PA-00044,images/mendeley_pa/MENDE-PA-00044.jpg,Mendeley PA,PA,2595,9,17,0.0769230769230769,0.838653068343064,1.0001882504147714,1.007091590523464,0.16843852218040004,0.8439303314137173,0.9269788994916948,0.9383869444483193,0.09445661303460201,0.9374118515537014,0.9851796078497668,0.9810721898453434,0.04366033829164182,1.0511966157943418,1.0016624175049278,1.0101924167983147,0.04100419899602696,-3.5383490557417474,-1.6245214442268718,-1.6497024955705513,1.8886465601711961
test:2596,test,mendeley_pa:image:MENDE-PA-00044,images/mendeley_pa/MENDE-PA-00044.jpg,Mendeley PA,PA,2596,10,17,0.0769230769230769,1.2602927654895928,1.0202477208325034,1.033975184614337,0.22631758087525575,1.0770595418651925,0.9797522791674964,0.9896003364598982,0.08745920540529421,0.950234941114692,0.9688475014782318,0.973826755224801,0.023591814110108956,1.0056893282918984,1.0311524985217682,1.0343265017354122,0.028637173443513728,-7.901592617071287,-9.57337996866042,-11.820341562288348,3.918748945217061
test:2597,test,mendeley_pa:image:MENDE-PA-00044,images/mendeley_pa/MENDE-PA-00044.jpg,Mendeley PA,PA,2597,11,17,0.0769230769230769,0.9423797775922708,1.0264524466139548,1.0280476433937722,0.08566786580150154,0.8709805226362818,0.9752857437641096,0.9871651292131018,0.11618460657682005,0.992728096493632,0.9355784694649248,0.9380925384335189,0.05463555806011292,1.0103222843851982,1.064421530535075,1.0656967472299963,0.05537446284479806,-15.60841088157909,-12.180314999785123,-14.56001875993222,1.0483921216468701
test:2598,test,mendeley_pa:image:MENDE-PA-00044,images/mendeley_pa/MENDE-PA-00044.jpg,Mendeley PA,PA,2598,12,17,0.0769230769230769,1.0142537706253223,0.9587274844259588,0.9780059865177242,0.0362477841075982,1.0629292405035544,0.9848059808746916,0.9946540381670934,0.068275202336461,0.9097203661028346,0.9783308177512964,0.9794525208209535,0.06973215471811899,1.0996773156125077,1.0216691822487038,1.025890319861762,0.07378699575074552,-16.459037382498977,-14.522926416565356,-16.90263017671245,0.44359279421347253
test:2599,test,mendeley_pa:image:MENDE-PA-00044,images/mendeley_pa/MENDE-PA-00044.jpg,Mendeley PA,PA,2599,13,17,0.0769230769230769,0.9003539135392019,0.9859730655231536,0.9866135865819663,0.08625967304276444,1.0144418857225237,1.0140269344768462,1.0254349794334707,0.010993093710947309,0.9352934189496622,0.940596519810374,0.9508235080439998,0.015530089094337588,0.998560123618994,1.0594034801896264,1.0495990395273616,0.05103891590836757,-13.43744195155162,-11.948710218106996,-14.254678741132508,0.817236789580889
test:2600,test,mendeley_pa:image:MENDE-PA-00044,images/mendeley_pa/MENDE-PA-00044.jpg,Mendeley PA,PA,2600,14,17,0.0769230769230769,1.055932073786601,1.0153127796751256,1.0245596458938713,0.03137242789272959,1.067315581015917,1.0504156931483046,1.0602637504407064,0.00705183057521051,1.0293815537257671,0.9628894844746424,0.9635431675079486,0.06583838621781855,1.0942278641865966,1.0371105155253575,1.0348053748065398,0.05942248938005651,-7.438383053715015,-8.460707569561734,-8.52084099321796,1.0824579395029446
test:2601,test,mendeley_pa:image:MENDE-PA-00044,images/mendeley_pa/MENDE-PA-00044.jpg,Mendeley PA,PA,2601,15,17,0.0769230769230769,1.113342842242533,1.0243556018224418,1.0505047331801116,0.06283810906242147,1.0671623200229343,1.0609699053419643,1.0735458977250272,0.00638357770209264,0.8988121885341217,1.0028057018054386,1.000528531730335,0.10171634319621325,0.9756080747711446,1.0053922795899433,1.0252361000724357,0.04962802530129105,-3.4839731875718485,-3.783037985492939,-2.7853221546900215,0.698651032881827
test:2621,test,mendeley_pa:image:MENDE-PA-00047,images/mendeley_pa/MENDE-PA-00047.jpg,Mendeley PA,PA,2621,3,18,0.0714285714285714,1.0747303456914048,1.01267869067911,1.0408094492328535,0.033920896458551536,1.1577026113822817,0.9817745786882552,0.9927905834070954,0.16491202797518628,1.1032265698655788,0.9906020905971634,0.9915838047079849,0.11164276515759382,0.9854074437933358,1.014280394828201,1.0368299923746593,0.051422548581323745,-6.596218289914873,-4.896775165372986,-4.391136744791169,2.2050815451237042
test:2622,test,mendeley_pa:image:MENDE-PA-00047,images/mendeley_pa/MENDE-PA-00047.jpg,Mendeley PA,PA,2622,4,18,0.0714285714285714,0.8866165615734993,1.0179409019385457,0.9597853205834508,0.0731687590099514,0.9447810125612948,1.0596945305322447,1.0549598420937696,0.11017882953247486,0.945202629869144,1.0016113413950372,1.000847013223538,0.055644383354394124,0.9977954034531544,0.9786592945142838,1.002659969000444,0.004864565547289677,-3.714322845980689,-3.9244704730434,-3.3012648708743626,0.4130579751063266
test:2623,test,mendeley_pa:image:MENDE-PA-00047,images/mendeley_pa/MENDE-PA-00047.jpg,Mendeley PA,PA,2623,5,18,0.0714285714285714,1.1121733250643184,0.9611988004711606,0.983627702337239,0.12854562272707942,1.1243676379096983,0.9951350356124542,0.9987538384877346,0.1256137994219637,0.918004761416333,1.008428526864586,1.0119014995258429,0.09389673810950978,0.986167263911333,1.0550227752652372,1.061817787657341,0.07565052374600788,-1.252722656171926,-1.682454366051303,0.0027124697336091685,1.2554351259055352
test:2624,test,mendeley_pa:image:MENDE-PA-00047,images/mendeley_pa/MENDE-PA-00047.jpg,Mendeley PA,PA,2624,6,18,0.0714285714285714,0.9167314484487892,1.0206733894551272,0.9994897515529866,0.08275830310419738,0.9253236568899732,1.0595237150039822,1.0669403102431745,0.14161665335320126,1.1311444907852264,1.0315468103170076,1.0316173009876308,0.09952718979759555,1.174184846619769,1.002380291586179,1.0307495041092818,0.14343534251048723,0.3494141138780691,-1.3948024702125537,-0.26187541008529536,0.6112895239633644
test:2625,test,mendeley_pa:image:MENDE-PA-00047,images/mendeley_pa/MENDE-PA-00047.jpg,Mendeley PA,PA,2625,7,18,0.0714285714285714,1.0570033467948967,0.9689755192558112,0.9599114036719145,0.09709194312298204,1.1239112630841042,0.962312233893961,0.9659310367692414,0.15798022631486272,1.0273002977998866,0.9465844697431918,0.9512628378459509,0.07603745995393568,0.9066369907992068,1.039893867397759,1.0587329174821114,0.1520959266829045,-1.5368822842531813,0.4020169005122511,1.0799866542544692,2.6168689385076505
test:2626,test,mendeley_pa:image:MENDE-PA-00047,images/mendeley_pa/MENDE-PA-00047.jpg,Mendeley PA,PA,2626,8,18,0.0714285714285714,0.9552165422917932,1.0062254789954368,0.9791537664568368,0.02393722416504373,0.934714408716535,1.0185741395381294,1.0221929424134097,0.08747853369687468,0.7797620974709657,0.9722001612744638,0.9655579677409837,0.18579587027001793,0.915800510086454,0.9291643658418544,0.9579195873577483,0.042119077271294436,0.4546196871464474,-2.1776860304878625,-1.6779970475243005,2.132616734670748
test:2627,test,mendeley_pa:image:MENDE-PA-00047,images/mendeley_pa/MENDE-PA-00047.jpg,Mendeley PA,PA,2627,9,18,0.0714285714285714,1.055347234571084,0.9909027663981276,1.0129961853837328,0.042351049187351164,1.0162921879259916,1.0090972336018722,1.0199023719886582,0.0036101840626665844,1.009430186282703,0.9403330071040324,0.9434671341118298,0.06596305217087355,1.0358601097577516,1.008865642251682,1.0168682903817412,0.018991819376010258,-2.818489776722544,-0.9375860879845136,-0.4599038253254406,2.358585951397103
test:2628,test,mendeley_pa:image:MENDE-PA-00047,images/mendeley_pa/MENDE-PA-00047.jpg,Mendeley PA,PA,2628,10,18,0.0714285714285714,0.9921896896608556,0.994963852862312,1.0288291444875735,0.036639454826717904,1.0494288405501089,0.9860695341756528,0.9990041239341682,0.05042471661594054,1.0029874427019445,1.0024164473324546,1.0019297364960422,0.001057706205901985,1.0015673785123222,1.0783149360043582,1.085249126173335,0.08368174766101269,-2.3297918631154744,-2.742994594351416,-2.191102373377447,0.1386894897380273
test:2629,test,mendeley_pa:image:MENDE-PA-00047,images/mendeley_pa/MENDE-PA-00047.jpg,Mendeley PA,PA,2629,11,18,0.0714285714285714,0.911260038392428,0.9720940257973444,0.9922535497314703,0.0809935113390425,0.9316934163397792,1.0183173750926091,1.0250768584598138,0.09338344212003487,1.04251483919956,0.966651377336832,0.9681108849577255,0.07440395424183457,1.1663177688704047,1.033348622663168,1.0356337427405993,0.1306840261298054,-2.6674994119802875,-4.66419512653971,-4.470210066682341,1.8027106547020537
test:2630,test,mendeley_pa:image:MENDE-PA-00047,images/mendeley_pa/MENDE-PA-00047.jpg,Mendeley PA,PA,2630,12,18,0.0714285714285714,0.9077451367822846,1.0132972818469093,0.9758403745149657,0.06809523773268109,0.9418927155503776,0.9422042157379849,0.940186651364894,0.0017060641854835632,0.8342348502442798,0.9611631640614408,0.9659855369859772,0.13175068674169738,0.9515276754122622,1.0388368359385591,1.0548560852734905,0.10332840986122817,-6.998598389963959,-3.753307779942261,-3.6773302458865516,3.3212681440774077
test:2631,test,mendeley_pa:image:MENDE-PA-00047,images/mendeley_pa/MENDE-PA-00047.jpg,Mendeley PA,PA,2631,13,18,0.0714285714285714,1.1784736263185158,1.001459643223451,1.0114748682613834,0.1669987580571323,1.0182008486307703,0.998540356776549,1.0083884140689507,0.00981243456181951,0.9655111824607367,0.9458450911675936,0.950742573860789,0.014768608599947858,1.0107915301176018,0.9892061965479132,0.9849784311777529,0.02581309893984894,-4.839116147904235,-7.969812563652454,-8.018757364744602,3.1796412168403663
test:2632,test,mendeley_pa:image:MENDE-PA-00047,images/mendeley_pa/MENDE-PA-00047.jpg,Mendeley PA,PA,2632,14,18,0.0714285714285714,0.972021785099404,1.0405834316822329,1.058313395789508,0.08629161069010391,0.9368271921911172,0.9594165683177668,0.9728559414309818,0.03602874923986437,1.045208839135523,0.9631861460566756,0.9612311621368167,0.08397767699870623,1.021559283405474,1.0477720498491738,1.0480670091672994,0.02650772576182532,-8.941026737340934,-6.247566592471685,-6.455685642139997,2.485341095200937
test:2633,test,mendeley_pa:image:MENDE-PA-00047,images/mendeley_pa/MENDE-PA-00047.jpg,Mendeley PA,PA,2633,15,18,0.0714285714285714,1.025467492597582,1.006995668068824,1.0276399249139405,0.002172432316358615,1.0050801661358733,0.9950846381186256,1.0054977362676272,0.0004175701317539991,0.9627080503869034,0.9907830546072716,0.9935593958872402,0.03085134550033682,1.083187801523363,1.0092169453927282,1.0209396795907024,0.062248121932660494,-7.656017037039135,-6.644002979605148,-6.669367924316475,0.9866491127226595
test:2634,test,mendeley_pa:image:MENDE-PA-00047,images/mendeley_pa/MENDE-PA-00047.jpg,Mendeley PA,PA,2634,16,18,0.0714285714285714,1.0255821350123815,1.0177844517748973,1.0358130556415936,0.010230920629212258,1.0361749297423617,0.9822155482251026,0.985834351100383,0.05034057864197872,0.9563524333354466,0.949578705035964,0.9553800921671781,0.0009723411682685578,1.014223340569614,1.0504212949640364,1.0652398813731283,0.05101654080351435,-4.346979221869347,-5.229960150516405,-5.407400570309534,1.0604213484401868
test:2673,test,mendeley_pa:image:MENDE-PA-00051,images/mendeley_pa/MENDE-PA-00051.jpg,Mendeley PA,PA,2673,3,18,0.0714285714285714,1.0228578374703576,1.0860570422154838,1.0963794220951373,0.07352158462477955,1.0449449358382874,1.022884989895582,1.033023956970036,0.01192097886825147,0.9840677812815368,0.9953150719618364,0.996978357036592,0.01291057575505505,0.961546112675812,1.0246743354440822,1.0413819346071376,0.07983582193132562,1.6888191011352802,-0.3049288377671928,0.22447341824477007,1.4643456828905101
test:2674,test,mendeley_pa:image:MENDE-PA-00051,images/mendeley_pa/MENDE-PA-00051.jpg,Mendeley PA,PA,2674,4,18,0.0714285714285714,1.200041158063868,1.0095126499981126,1.0194869182631812,0.18055423980068666,1.082524814028412,0.9904873500018871,1.0050946705415404,0.0774301434868715,0.99889222100182,1.0056109629021237,1.0082521648527334,0.009359943850913183,1.0468990640414615,0.9896953569351736,1.0132372283934656,0.03366183564799599,-1.2569636302575162,-1.306273497272656,-0.593795515228436,0.6631681150290802
test:2675,test,mendeley_pa:image:MENDE-PA-00051,images/mendeley_pa/MENDE-PA-00051.jpg,Mendeley PA,PA,2675,5,18,0.0714285714285714,0.9470382374121472,1.1164016440319195,1.0824787817703858,0.13544054435823846,0.8951833766593753,0.991161649680034,0.9891440853069431,0.09396070864756774,1.0044677194873923,0.9660273621837092,0.9701120377565218,0.03435568173087064,0.9955699345270008,1.0339726378162912,1.0605693628033213,0.06499942827632052,-4.301366095680578,-5.624555422023747,-5.43124688978574,1.129880794105162
test:2676,test,mendeley_pa:image:MENDE-PA-00051,images/mendeley_pa/MENDE-PA-00051.jpg,Mendeley PA,PA,2676,6,18,0.0714285714285714,1.1700927954476716,0.9650740809544052,0.9618698558575536,0.2082229395901181,1.0236807805972803,0.9453602203918788,0.9489790232671592,0.07470175733012112,0.9030349716906232,0.9867714020636872,0.9822299556088642,0.07919498391824098,0.9877466558591068,0.9986992643676956,1.0172820647709329,0.029535408911826242,-9.992147213789991,-8.383156054237489,-9.301828019836549,0.6903191939534423
test:2677,test,mendeley_pa:image:MENDE-PA-00051,images/mendeley_pa/MENDE-PA-00051.jpg,Mendeley PA,PA,2677,7,18,0.0714285714285714,0.949941772881818,1.052009658459509,1.0420794529280906,0.09213768004627218,0.96194964581205,0.991684985353032,0.9953037882283123,0.033354142416262375,1.0221433694446953,0.9869404631262556,0.990796442196323,0.0313469272483721,1.0549521560113126,1.011354536162285,1.0347696266784947,0.020182529332817695,-12.4649460127944,-9.951536228723157,-11.53422193772279,0.930724075071609
test:2678,test,mendeley_pa:image:MENDE-PA-00051,images/mendeley_pa/MENDE-PA-00051.jpg,Mendeley PA,PA,2678,8,18,0.0714285714285714,0.9392925474625372,0.9406168745465558,0.943767579329012,0.00447503186647486,0.9593858768722232,0.9624056718286578,0.9660244747039382,0.0066385978317148805,1.0253326061497534,0.976264326747752,0.9772235045984976,0.04810910155125568,0.9895599526540224,1.0237356732522482,1.035836906257772,0.046276953603749484,-9.910925243656322,-9.84250266641547,-11.784298253955143,1.8733730102988204
test:2679,test,mendeley_pa:image:MENDE-PA-00051,images/mendeley_pa/MENDE-PA-00051.jpg,Mendeley PA,PA,2679,9,18,0.0714285714285714,0.9918221544026647,0.9908058688001328,0.9857954646417492,0.006026689760915508,1.0247161418441224,1.0335597167023995,1.03717851957768,0.01246237773355748,0.9571829071311692,1.0328457925236092,1.0349000898888574,0.0777171827576881,1.0199745124300863,0.9982357028478815,1.0224908370131685,0.0025163245830822183,-7.220059320036555,-5.845454277911259,-4.90512234202869,2.3149369780078644
test:2680,test,mendeley_pa:image:MENDE-PA-00051,images/mendeley_pa/MENDE-PA-00051.jpg,Mendeley PA,PA,2680,10,18,0.0714285714285714,0.9997365275829744,0.9324052185524968,0.9510283899266986,0.048708137656275824,1.0635584801413067,1.067594781447503,1.0684964600827762,0.004937979941469429,1.0522079455974014,0.9739953199391148,0.9749544977898604,0.07725344780754088,1.0183617667438565,1.0024255067742347,1.023101463977146,0.004739697233289878,-1.7799833121661948,-0.9045560224125068,-0.0002211792537849533,1.7797621329124098
test:2681,test,mendeley_pa:image:MENDE-PA-00051,images/mendeley_pa/MENDE-PA-00051.jpg,Mendeley PA,PA,2681,11,18,0.0714285714285714,0.848074554439916,0.9544870909856904,0.9670075318398226,0.11893297739990648,1.0752086639191507,1.0455129090143098,1.0491317118895902,0.02607695202956042,0.9221849244669338,1.0045661837815312,1.0029873990009543,0.08080247453402048,0.9163328333659786,0.995433816218469,1.0117917894364332,0.09545895607045457,5.410947275211541,7.38495105247199,9.40916365127265,3.9982163760611087
test:2682,test,mendeley_pa:image:MENDE-PA-00051,images/mendeley_pa/MENDE-PA-00051.jpg,Mendeley PA,PA,2682,12,18,0.0714285714285714,0.91445243006222,0.941326653090512,0.8711644834552161,0.04328794660700387,1.0304656535858674,1.076673302847162,1.0748469797440023,0.044381326158134934,0.9934139160974635,0.9610129206774972,0.9612202720235318,0.03219364407393184,1.0063981823573842,0.9913329308426968,1.0086879519320122,0.0022897695746282136,16.54988541711016,12.70342683988666,15.34125495153522,1.2086304655749416
test:2683,test,mendeley_pa:image:MENDE-PA-00051,images/mendeley_pa/MENDE-PA-00051.jpg,Mendeley PA,PA,2683,13,18,0.0714285714285714,1.054871264883393,0.9974559082594266,0.9683339076992622,0.08653735718413044,1.1072750650387395,1.0025440917405732,1.0043243204298862,0.10295074460885327,0.993522812411803,1.0143634843455418,1.01523323194606,0.021710419534256967,1.057601668494757,1.0344850947380526,1.0379636634838296,0.01963800501092719,19.995906404561797,17.225881695730777,20.406554818136783,0.4106484135749895
test:2684,test,mendeley_pa:image:MENDE-PA-00051,images/mendeley_pa/MENDE-PA-00051.jpg,Mendeley PA,PA,2684,14,18,0.0714285714285714,1.0022972910688122,0.9995494146392996,1.0104817595825846,0.008184468513772388,0.9068675731236542,1.0004505853607004,1.0040693882359808,0.09720181511232658,1.037979304208576,0.9621838165928808,0.9638245655239758,0.0741547386845999,1.0648775892181983,1.0378161834071191,1.0625023914019378,0.002375197816260711,17.90187797435138,13.710466366861452,15.34553561792194,2.5563423564294396
test:2685,test,mendeley_pa:image:MENDE-PA-00051,images/mendeley_pa/MENDE-PA-00051.jpg,Mendeley PA,PA,2685,15,18,0.0714285714285714,0.9967156479189564,1.028209736401638,1.038589183072051,0.04187353515309462,0.9520996832525044,0.936996777746004,0.9460614977582515,0.006038185494252538,0.9026563335686698,0.9826438978194448,0.9842846467505398,0.0816283131818699,0.9864164940450892,1.0173561021805553,1.030750931066349,0.044334437021259686,7.425026329161113,8.600605777165654,9.395246616265538,1.970220287104425
test:2686,test,mendeley_pa:image:MENDE-PA-00051,images/mendeley_pa/MENDE-PA-00051.jpg,Mendeley PA,PA,2686,16,18,0.0714285714285714,1.057520923886856,1.0381268500566492,1.0501098516613254,0.007411072225530654,0.9698165618856144,1.0223988536478354,1.0322469109402372,0.06243034905462269,0.9409930557690256,0.9424891562378817,0.942944349750489,0.001951293981463166,0.9829800546145588,1.0150356483397578,1.01470333029712,0.03172327568256112,-0.7006664200200703,-0.3247279318777174,0.1495418456586748,0.8502082656787451
test:3016,test,mendeley_pa:image:MENDE-PA-00078,images/mendeley_pa/MENDE-PA-00078.jpg,Mendeley PA,PA,3016,3,17,0.0769230769230769,1.0032185406995515,0.9593605264976032,0.9683768847911961,0.03484165590835547,0.9492032456386824,0.9953694271313582,0.9933518627582674,0.04414861711958504,0.9627297672139732,0.9777238815861592,0.9843155261899182,0.02158575897594515,1.0103795770082216,1.0198559972615195,1.0404340761871291,0.030054499178907488,7.518312294672526,6.941437618322908,8.589726464338838,1.071414169666312
test:3017,test,mendeley_pa:image:MENDE-PA-00078,images/mendeley_pa/MENDE-PA-00078.jpg,Mendeley PA,PA,3017,4,17,0.0769230769230769,1.0504455953476644,1.0136489804550228,1.0337963189645825,0.01664927638308187,1.0415396664619263,0.9863510195449772,0.9993983524204078,0.042141314041518614,0.9297234773531294,0.970833226605074,0.9755341313171549,0.045810653964025554,1.0097422225309207,1.0291667733949257,1.054433146924956,0.04469092439403515,5.562469499561189,4.550918873272991,5.082428630314922,0.48004086924626677
test:3018,test,mendeley_pa:image:MENDE-PA-00078,images/mendeley_pa/MENDE-PA-00078.jpg,Mendeley PA,PA,3018,5,17,0.0769230769230769,1.0402334720177262,1.0522201143673957,1.067479955824405,0.027246483806678816,1.0375679669655011,1.018367462167983,1.0309434545510459,0.006624512414455261,0.9625229322527574,0.9645825575322156,0.9677949968941753,0.005272064641417896,1.0312488443171697,1.0197867630818882,1.0440325635323324,0.012783719215163022,1.5835254518734416,2.1928963225396103,2.6676683586152024,1.0841429067417607
test:3019,test,mendeley_pa:image:MENDE-PA-00078,images/mendeley_pa/MENDE-PA-00078.jpg,Mendeley PA,PA,3019,6,17,0.0769230769230769,1.0592952935666424,1.0141585953141752,1.031965292951018,0.027330000615624475,1.001288436582459,0.9681835214012682,0.9840189127588093,0.017269523823649713,0.9746275441443324,0.940696960558726,0.9430752887964086,0.03155225534792372,1.002953338705039,1.059303039441274,1.0681057774819596,0.06515243877692045,-1.176676854481954,-0.9016637451015868,-0.6049496776424803,0.5717271768394738
test:3020,test,mendeley_pa:image:MENDE-PA-00078,images/mendeley_pa/MENDE-PA-00078.jpg,Mendeley PA,PA,3020,7,17,0.0769230769230769,0.9976074438305113,1.0291418899740366,1.0461746436502126,0.04856719981970147,0.9089840196668632,0.9796278099325244,0.9954632012900655,0.08647918162320228,0.8724161760379956,0.9658498676896194,0.964595198415416,0.09217902237742032,1.0322524662343189,1.02769446591659,1.0341286643855137,0.001876198151194869,-3.386852942076615,-4.1037140275604,-4.213014603710818,0.8261616616342025
test:3021,test,mendeley_pa:image:MENDE-PA-00078,images/mendeley_pa/MENDE-PA-00078.jpg,Mendeley PA,PA,3021,8,17,0.0769230769230769,1.0322115528070177,0.9972607905208056,1.0132905321358625,0.018921020671154906,0.9897085188192816,0.9090189811231584,0.9248543724806995,0.06485414633858191,0.9587733604005342,0.9405124411543986,0.9499427564999243,0.008830603900609857,1.0509132403435824,1.0594875588456016,1.0468476209232431,0.004065619420339313,-7.030751200638846,-6.553642654742632,-7.909914756144914,0.879163555506068
test:3022,test,mendeley_pa:image:MENDE-PA-00078,images/mendeley_pa/MENDE-PA-00078.jpg,Mendeley PA,PA,3022,9,17,0.0769230769230769,0.9559816148835568,1.0238667907297798,1.0367546513781138,0.08077303649455683,0.871745922280912,0.9761332092702202,0.9919686006277613,0.12022267834684928,0.954754838074783,0.9775432187477666,0.9752026942903715,0.020447856215588523,1.032759849480596,1.0224567812522334,1.0276246143159848,0.005135235164611141,-9.720432367408648,-8.73332977153271,-10.980291365160639,1.2598589977519907
test:3023,test,mendeley_pa:image:MENDE-PA-00078,images/mendeley_pa/MENDE-PA-00078.jpg,Mendeley PA,PA,3023,10,17,0.0769230769230769,0.9778926672089282,0.9750585722552813,0.9926833937691725,0.01479072656024422,0.9270711805438968,0.9490793281422208,0.960095332861061,0.03302415231716412,1.0332611357567825,0.9875294147790626,0.9915203140848533,0.041740821671929135,1.0390902596783342,1.012470585220937,1.025821275935952,0.013268983742382265,-10.435908342426558,-9.252788057329909,-11.179855575564162,0.7439472331376038
test:3024,test,mendeley_pa:image:MENDE-PA-00078,images/mendeley_pa/MENDE-PA-00078.jpg,Mendeley PA,PA,3024,11,17,0.0769230769230769,1.0092040347980018,0.9987719288604128,0.9949270083145964,0.014277026483405522,1.0360469753026949,1.0311443720354536,1.0409924293278554,0.004945454025160591,0.9844475284812688,0.9744666033784308,0.9707417051667728,0.013705823314496102,0.9618279490591868,1.0255333966215692,1.0272150437686212,0.06538709470943449,-8.785143747251169,-6.34950359115723,-8.59646518478516,0.18867856246600923
test:3025,test,mendeley_pa:image:MENDE-PA-00078,images/mendeley_pa/MENDE-PA-00078.jpg,Mendeley PA,PA,3025,12,17,0.0769230769230769,1.0016780895971975,0.981316999199606,0.9973122073735963,0.004365882223601552,1.1099403011844722,1.0186830008003942,1.0300910457570187,0.07984925542745339,0.9566709799456264,0.9905705251914602,0.9877030565587025,0.031032076613076033,1.0497992384413593,1.0094294748085395,1.0201055123287097,0.02969372611264949,-2.2630988398878884,-1.9557147673279616,-0.9112784317643019,1.3518204081235865
test:3026,test,mendeley_pa:image:MENDE-PA-00078,images/mendeley_pa/MENDE-PA-00078.jpg,Mendeley PA,PA,3026,13,17,0.0769230769230769,0.9071591298441896,0.9485077158310358,0.9658643089928571,0.05870517914866746,0.9516696638915164,1.051492284168964,1.0613403414613658,0.1096706775698495,0.9684131668103104,0.9666247530852006,0.9723103940498576,0.0038972272395473686,1.024158318910184,1.0333752469147996,1.0369232064101355,0.012764887499951517,4.873714212595246,7.188532677894514,9.002512542014998,4.128798329419752
test:3027,test,mendeley_pa:image:MENDE-PA-00078,images/mendeley_pa/MENDE-PA-00078.jpg,Mendeley PA,PA,3027,14,17,0.0769230769230769,0.9416711600841702,0.951898154223339,0.9650123793426914,0.02334121925852114,1.044339339874904,1.023637449028496,1.0334855063208979,0.010853833554006008,0.9670101809742568,0.9632903237370783,0.963597570488696,0.00341261048556076,1.0101343599428985,1.0367096762629215,1.0372083376850922,0.027073977742193698,16.64016419567693,12.7824463065882,15.228546064736392,1.4116181309405391
test:3028,test,mendeley_pa:image:MENDE-PA-00078,images/mendeley_pa/MENDE-PA-00078.jpg,Mendeley PA,PA,3028,15,17,0.0769230769230769,0.999854654505677,0.9947136918112104,1.0039605580299562,0.004105903524279209,1.0969719080622595,1.0436048731103271,1.053452930402729,0.04351897765953061,0.9720483933666336,0.9791074805458462,0.9814728550178384,0.009424461651204854,1.062138443300546,1.0208925194541538,1.0248724310162092,0.037266012284336854,20.69117840058115,17.90895322775438,20.230241574998644,0.4609368255825075
test:3182,test,mendeley_pa:image:MENDE-PA-00091,images/mendeley_pa/MENDE-PA-00091.jpg,Mendeley PA,PA,3182,3,17,0.0769230769230769,0.9790438742545196,0.989080964278753,0.9901088223963483,0.011064948141828615,0.9533599227914492,1.010919035721247,1.0145378385965274,0.06117791580507808,0.8823755212767482,0.9979699643599992,0.9989291422107448,0.11655362093399642,0.8833199235467242,0.9883198554025028,1.0150864648030136,0.1317665412562894,-2.9814623741273465,-5.348488479452087,-5.536816879706336,2.5553545055789897
test:3183,test,mendeley_pa:image:MENDE-PA-00091,images/mendeley_pa/MENDE-PA-00091.jpg,Mendeley PA,PA,3183,4,17,0.0769230769230769,0.9719646360913838,0.978836022202418,0.9563907420975425,0.015573893993841466,0.9629021341829704,0.9828959807049163,0.9865147835801967,0.02361264939722628,1.0037041067535073,0.9522878418377092,0.950663792218869,0.05304031453463812,0.9673557611510392,0.9307711087087268,0.9456346854487533,0.021721075702285923,-8.586667509484442,-7.860782858290563,-9.802578445830235,1.215910936345793
test:3184,test,mendeley_pa:image:MENDE-PA-00091,images/mendeley_pa/MENDE-PA-00091.jpg,Mendeley PA,PA,3184,5,17,0.0769230769230769,1.040175006879286,1.022960732598395,1.0167772801598318,0.023397726719454007,1.0744314666434347,1.0610092192935825,1.0619108979288556,0.01252056871457907,1.02830114250236,0.9941841413134334,0.992685609996095,0.035615532506264945,0.9840183597649452,1.0058158586865666,1.0205346371179822,0.03651627735303706,-12.74010334245378,-12.86876578675961,-14.436723188035245,1.6966198455814663
test:3185,test,mendeley_pa:image:MENDE-PA-00091,images/mendeley_pa/MENDE-PA-00091.jpg,Mendeley PA,PA,3185,6,17,0.0769230769230769,1.0106828001968156,0.9693633423545536,0.9740989132211682,0.03658388697564732,1.0937337864243435,1.0285812005011177,1.032200003376398,0.06153378304794582,0.9494025992972646,1.005496011140261,1.000954564685438,0.051551965388173686,1.0075312384295418,0.9945039888597388,1.018604039189901,0.011072800760358948,-17.150864064034764,-13.763559731792055,-15.405252370189274,1.7456116938454898
test:3186,test,mendeley_pa:image:MENDE-PA-00091,images/mendeley_pa/MENDE-PA-00091.jpg,Mendeley PA,PA,3186,7,17,0.0769230769230769,0.8690191426433607,0.9562727652195946,0.9480644941035763,0.0790453514602156,0.9487539971280068,1.043727234780405,1.0473460376556853,0.09859204052767838,0.9910966309087932,0.9841051353136128,0.9873268003569966,0.003769830551796663,1.0116685486037376,1.0158948646863877,1.029372511432129,0.01770396282839117,-14.787016121130335,-12.951686223328691,-14.534371932328327,0.2526441888020088
test:3187,test,mendeley_pa:image:MENDE-PA-00091,images/mendeley_pa/MENDE-PA-00091.jpg,Mendeley PA,PA,3187,8,17,0.0769230769230769,0.9552395741272066,0.9077954966855816,0.9067768230383865,0.0484627510888201,1.0512833555137566,1.0166667775345706,1.0234262609017752,0.027857094611981333,0.9881470399306088,0.9988893945462584,0.9965714816696524,0.008424441739043612,0.9944996140331612,1.0011106054537415,1.0161914662696838,0.021691852236522587,-8.752508382622636,-6.925124378241989,-5.7861833286661835,2.966325053956453
test:3188,test,mendeley_pa:image:MENDE-PA-00091,images/mendeley_pa/MENDE-PA-00091.jpg,Mendeley PA,PA,3188,9,17,0.0769230769230769,0.889409528508632,0.9671083119688094,0.9333410066542686,0.04393147814563654,1.018590181051357,1.0328916880311905,1.0403082832703827,0.021718102219025946,0.9765783275419216,0.9967554540834572,0.9975139287761595,0.020935601234237794,0.962578245948276,1.0032445459165429,1.0175414231144642,0.054963177166187774,0.936767364646343,2.242778118682409,4.178809341025854,3.242041976379511
test:3189,test,mendeley_pa:image:MENDE-PA-00091,images/mendeley_pa/MENDE-PA-00091.jpg,Mendeley PA,PA,3189,10,17,0.0769230769230769,1.0238706300196776,0.9832655135411246,0.9303265865761263,0.09354404344355124,1.0652304550472524,1.0336166346493747,1.0315990702762838,0.03363138477096856,1.0425966020873587,1.0004841636842006,0.9956707626556867,0.04692583943167201,1.0494561136700082,0.9995158363157994,1.0173627242470271,0.032093389422981115,13.23806461998744,6.361999710449027,8.988437612899588,4.249627007087852
test:3190,test,mendeley_pa:image:MENDE-PA-00091,images/mendeley_pa/MENDE-PA-00091.jpg,Mendeley PA,PA,3190,11,17,0.0769230769230769,1.0383963196523909,0.9892019195084364,0.9919864296515376,0.04640989000085319,1.0139849615733996,1.0107980804915635,1.0144168833668439,0.0004319217934443801,0.9923849497126312,1.0053759587660591,1.0043599114485244,0.011974961735893314,1.003266655383724,0.9946240412339404,1.017615391154571,0.014348735770847054,11.787232056251725,9.789752985633726,13.113459612525816,1.326227556274091
test:3191,test,mendeley_pa:image:MENDE-PA-00091,images/mendeley_pa/MENDE-PA-00091.jpg,Mendeley PA,PA,3191,12,17,0.0769230769230769,0.963916379171485,0.9868073012029837,1.003563753823013,0.03964737465152795,0.9677408282476642,1.013192698797016,1.0168115016722963,0.04907067342463228,1.0092173527941752,1.0364393664824796,1.0385331775362623,0.029315824742087,0.9818941934140266,1.0266501714885423,1.046231370180864,0.06433717676683767,6.341441351279997,4.454012309639765,5.11536798390658,1.2260733673734165
test:3192,test,mendeley_pa:image:MENDE-PA-00091,images/mendeley_pa/MENDE-PA-00091.jpg,Mendeley PA,PA,3192,13,17,0.0769230769230769,0.9766185085076464,0.9806976905915668,1.0046787402484347,0.028060231740788283,1.0524024398450396,1.004073035400162,1.0160461212133862,0.03635631863165308,1.0916592349488865,1.0014695872444392,1.002465161996308,0.08919407295257836,1.0617373852527865,0.9985304127555606,1.0230194392722365,0.03871794598054985,-2.8792074369721945,-2.639839017120096,-2.6970150110394684,0.1821924259327261
test:3193,test,mendeley_pa:image:MENDE-PA-00091,images/mendeley_pa/MENDE-PA-00091.jpg,Mendeley PA,PA,3193,14,17,0.0769230769230769,0.9715200774033356,0.9669617367486912,0.996035686651941,0.024515609248605442,1.013172660110847,1.0330382632513089,1.0366570661265893,0.02348440601574188,0.9049857627108682,1.0063800730420416,1.000756406472451,0.09577064376158283,0.9240804680080642,0.9936199269579582,1.012344074188345,0.08826360618028073,-11.621119385520188,-9.57695840922159,-11.159644118221223,0.46147526729896526
test:3194,test,mendeley_pa:image:MENDE-PA-00091,images/mendeley_pa/MENDE-PA-00091.jpg,Mendeley PA,PA,3194,15,17,0.0769230769230769,0.9984353546111,1.0359918067967755,1.0452878440534932,0.04685248944239298,1.0577820042796924,1.083085454652571,1.0929335119449728,0.03515150766528039,1.0136900245187543,0.9505495504569824,0.9523023362132351,0.0613876883055193,1.0151294529163333,0.9939276761372507,1.0121814551760377,0.0029479977402956103,-16.274709381470984,-12.357867817113132,-14.222533683011264,2.0521756984597204
test:3244,test,mendeley_pa:image:MENDE-PA-00097,images/mendeley_pa/MENDE-PA-00097.jpg,Mendeley PA,PA,3244,3,17,0.0769230769230769,0.9600570385741666,1.0310577152843123,1.0289938481139487,0.06893680953978204,1.0315403423002518,1.0010471541816666,1.0135294462004973,0.018010896099754425,0.8637593973927313,0.999323035779683,1.0051721508645397,0.14141275347180834,1.056723180280218,1.000676964220317,1.0013646936129834,0.05535848666723453,-0.7291813096096149,-3.387321308048243,-3.4362661091403908,2.707084799530776
test:3245,test,mendeley_pa:image:MENDE-PA-00097,images/mendeley_pa/MENDE-PA-00097.jpg,Mendeley PA,PA,3245,4,17,0.0769230769230769,1.0719759222699476,0.9615896079312402,0.9635150204967099,0.10846090177323765,1.1001641793856252,1.0384103920687595,1.0482584493611613,0.05190573002446361,0.9320779981186422,0.967875988181252,0.9774380977782793,0.0453600996596371,1.0958610312171844,1.0321240118187478,1.0356651409943214,0.06019589022286291,-3.407922759957586,-1.8288108137819563,-1.8250990230042134,1.5828237369533724
test:3246,test,mendeley_pa:image:MENDE-PA-00097,images/mendeley_pa/MENDE-PA-00097.jpg,Mendeley PA,PA,3246,5,17,0.0769230769230769,0.9626296991842018,1.0842196850684496,1.1039454250243517,0.1413157258401498,1.0442348006216442,1.0893158048976714,1.0991638621900732,0.05492906156842899,1.0592438576930543,0.9465717154704546,0.954534293446741,0.10470956424631349,1.0061111694123994,1.0534282845295453,1.062844758558967,0.056733589146567606,-2.928440317954312,-4.669404573999202,-4.633804813288009,1.705364495333697
test:3247,test,mendeley_pa:image:MENDE-PA-00097,images/mendeley_pa/MENDE-PA-00097.jpg,Mendeley PA,PA,3247,6,17,0.0769230769230769,1.129245735572577,0.8681836746892372,0.9034837246200481,0.2257620109525288,1.1129353724250082,1.0682072381163856,1.0786203362653872,0.0343150361596209,0.9854726280441782,1.0297664108579552,1.0315662818388587,0.0460936537946804,1.0419514223718414,1.0005270831471738,1.0164989896303471,0.025452432741494127,-5.930886388040818,-2.328092817954243,-2.2249930173079377,3.7058933707328805
test:3248,test,mendeley_pa:image:MENDE-PA-00097,images/mendeley_pa/MENDE-PA-00097.jpg,Mendeley PA,PA,3248,7,17,0.0769230769230769,0.7605993371838948,1.0834073551315622,1.0857708269115345,0.3251714897276396,1.068311666523408,1.0467537874182338,1.0558185074304813,0.012493159092926639,1.0069363298543883,0.945923741943079,0.9489163919713972,0.058019937882991035,1.000664820737375,1.0283064633711598,1.055676126490476,0.0550113057531009,-1.7277453179541735,-2.4913136182180864,-2.2583678183905107,0.530622500436337
test:3249,test,mendeley_pa:image:MENDE-PA-00097,images/mendeley_pa/MENDE-PA-00097.jpg,Mendeley PA,PA,3249,8,17,0.0769230769230769,1.2133235811739485,0.7935412161654938,0.8623085253543366,0.35101505581961184,1.148624640300005,0.9573536184259088,0.979404736740175,0.16921990355983038,0.9034202820364364,0.9970210254273963,1.0022515676997257,0.09883128566328914,1.0105589075746622,1.0029789745726037,1.0271090060390877,0.01655009846442557,0.9482591516046456,-1.2004047300053458,-0.3034041191769461,1.2516632707815916
test:3250,test,mendeley_pa:image:MENDE-PA-00097,images/mendeley_pa/MENDE-PA-00097.jpg,Mendeley PA,PA,3250,9,17,0.0769230769230769,0.7329955817456726,1.076007968127665,1.1366930588483186,0.40369747710264603,0.7150862247131718,1.0781122112473318,1.0916876822536656,0.37660145754049373,0.9985146033459112,0.9393175153383096,0.9475696461596569,0.05094495718625426,1.0164836108845097,1.0314862271951837,1.0539994808094901,0.03751586992498045,-0.6730641420565178,0.8699657118226298,1.2702358460332164,1.9432999880897341
test:3251,test,mendeley_pa:image:MENDE-PA-00097,images/mendeley_pa/MENDE-PA-00097.jpg,Mendeley PA,PA,3251,10,17,0.0769230769230769,0.8896702207699749,0.7980229626415333,0.8258107262669167,0.06385949450305822,0.9549790363373982,0.7689066438479806,0.7847420352055217,0.1702370011318765,0.9344471659395762,0.9687105428179918,0.965634629990366,0.03118746405078973,1.008624284599203,1.0455160452922254,1.0479719790102362,0.039347694411033085,0.7916722720406142,-1.4809061243737034,-1.0765548899376682,1.8682271619782824
test:3252,test,mendeley_pa:image:MENDE-PA-00097,images/mendeley_pa/MENDE-PA-00097.jpg,Mendeley PA,PA,3252,11,17,0.0769230769230769,0.8695317432797824,1.018803921225764,1.0150197364159899,0.14548799313620733,0.8297287479381831,0.981196078774236,0.9964063058837278,0.16667755794554462,0.980328911324508,1.0000624538646563,1.002255786980085,0.021926875655576886,1.11603520217552,0.9999375461353438,1.0184479008181468,0.09758730135737295,-2.288748106690889,0.6693083696971769,1.0685230844627256,3.3572711911536146
test:3253,test,mendeley_pa:image:MENDE-PA-00097,images/mendeley_pa/MENDE-PA-00097.jpg,Mendeley PA,PA,3253,12,17,0.0769230769230769,1.154047523452676,1.0352286940489268,1.049430485074625,0.10461703837805111,1.0187896478720333,0.979599425409521,0.9906154301283612,0.028174217743672077,1.0097904076034712,0.9664640799278876,0.974267625726994,0.03552278187647704,0.9400207380885106,1.033535920072112,1.0422063926120733,0.10218565452356283,0.5469444673537396,-1.743979386868574,-1.4233193917895335,1.970263859143273
