sample_id,split,group_id,image_path,source_dataset,view,target_annotation_id,target_chain_rank,chain_count,sample_weight,reference_height_px,actual_mean_height_norm,baseline_mean_height_norm,predicted_mean_height_norm,absolute_error_norm
val:13,val,buu_ap:image:BUU-AP-00003,images/buu_ap/BUU-AP-00003.jpg,BUU AP,AP,13,3,5,1.0,120.16260329911432,1.0327058898484127,1.0743715748205314,1.0867987167104611,0.054092826862048415
val:78,val,buu_ap:image:BUU-AP-00016,images/buu_ap/BUU-AP-00016.jpg,BUU AP,AP,78,3,5,1.0,163.69160634464785,0.9968937598653727,0.9999999999999999,1.0200407765805721,0.023147016715199475
val:123,val,buu_ap:image:BUU-AP-00025,images/buu_ap/BUU-AP-00025.jpg,BUU AP,AP,123,3,5,1.0,152.02040721474032,1.047033000354864,0.9974170132347546,1.0215277216204606,0.025505278734403447
val:198,val,buu_ap:image:BUU-AP-00040,images/buu_ap/BUU-AP-00040.jpg,BUU AP,AP,198,3,5,1.0,145.33322532370224,1.1002639121585949,1.0672583176691675,1.1001800044376993,8.390772089561516e-05
val:218,val,buu_ap:image:BUU-AP-00044,images/buu_ap/BUU-AP-00044.jpg,BUU AP,AP,218,3,5,1.0,153.77659479256852,0.97627430121601,0.9946195363804426,1.0038278709903088,0.02755356977429879
val:233,val,buu_ap:image:BUU-AP-00047,images/buu_ap/BUU-AP-00047.jpg,BUU AP,AP,233,3,5,1.0,166.01668306911674,0.9553834118904492,0.9776974071033786,1.005647731221516,0.05026431933106679
val:313,val,buu_ap:image:BUU-AP-00063,images/buu_ap/BUU-AP-00063.jpg,BUU AP,AP,313,3,5,1.0,144.96272117609976,1.006037365484903,1.0,1.0398545153439045,0.033817149859001416
val:418,val,buu_ap:image:BUU-AP-00084,images/buu_ap/BUU-AP-00084.jpg,BUU AP,AP,418,3,5,1.0,139.73243348423756,0.9893996456234946,1.0266926470596123,1.0216113683219779,0.03221172269848327
val:473,val,buu_ap:image:BUU-AP-00095,images/buu_ap/BUU-AP-00095.jpg,BUU AP,AP,473,3,5,1.0,183.3556962141569,1.02195330664011,0.991046929444156,1.006703272174082,0.015250034466028017
val:498,val,buu_ap:image:BUU-AP-00100,images/buu_ap/BUU-AP-00100.jpg,BUU AP,AP,498,3,5,1.0,200.504604929096,1.0162486718476407,1.0072285080913859,1.0114735914048212,0.00477508044281949
val:583,val,buu_ap:image:BUU-AP-00117,images/buu_ap/BUU-AP-00117.jpg,BUU AP,AP,583,3,5,1.0,174.67949400569762,1.0837338389206967,1.017505205166797,1.0933504765157502,0.00961663759505349
val:613,val,buu_ap:image:BUU-AP-00123,images/buu_ap/BUU-AP-00123.jpg,BUU AP,AP,613,3,5,1.0,180.60496397910032,1.1604553435530458,0.9362479117662608,1.0505479541570841,0.10990738939596167
val:618,val,buu_ap:image:BUU-AP-00124,images/buu_ap/BUU-AP-00124.jpg,BUU AP,AP,618,3,5,1.0,164.60998467870283,1.153675070758847,1.0236713981330183,1.0317745685651687,0.12190050219367832
val:623,val,buu_ap:image:BUU-AP-00125,images/buu_ap/BUU-AP-00125.jpg,BUU AP,AP,623,3,5,1.0,201.2566391026799,1.0721036862752737,1.030059385718514,1.0563638560936943,0.01573983018157943
val:643,val,buu_ap:image:BUU-AP-00129,images/buu_ap/BUU-AP-00129.jpg,BUU AP,AP,643,3,5,1.0,216.81211717319744,0.9940063392482824,1.0,1.037957552820444,0.043951213572161696
val:673,val,buu_ap:image:BUU-AP-00135,images/buu_ap/BUU-AP-00135.jpg,BUU AP,AP,673,3,5,1.0,153.50436734100964,1.3280218913184312,1.0721662926610191,1.1384492206509789,0.18957267066745231
val:698,val,buu_ap:image:BUU-AP-00140,images/buu_ap/BUU-AP-00140.jpg,BUU AP,AP,698,3,5,1.0,183.42377945731488,1.0713415371338004,1.0407751325027497,1.064153262551263,0.007188274582537346
val:843,val,buu_ap:image:BUU-AP-00169,images/buu_ap/BUU-AP-00169.jpg,BUU AP,AP,843,3,5,1.0,132.5023509862861,1.6161349574540562,1.0000000000000002,1.2510887980461123,0.36504615940794394
val:868,val,buu_ap:image:BUU-AP-00174,images/buu_ap/BUU-AP-00174.jpg,BUU AP,AP,868,3,5,1.0,180.87568523271332,1.0077620387420345,0.9665005141897259,1.000147962014204,0.007614076727830543
val:888,val,buu_ap:image:BUU-AP-00178,images/buu_ap/BUU-AP-00178.jpg,BUU AP,AP,888,3,5,1.0,178.59768085385207,1.084592499972017,0.9139036406232603,1.0980457235528716,0.013453223580854656
val:928,val,buu_ap:image:BUU-AP-00186,images/buu_ap/BUU-AP-00186.jpg,BUU AP,AP,928,3,5,1.0,170.20632616147003,1.1317917466622456,1.0240814653481787,1.067066234096462,0.06472551256578352
val:943,val,buu_ap:image:BUU-AP-00189,images/buu_ap/BUU-AP-00189.jpg,BUU AP,AP,943,3,5,1.0,179.33935235198646,1.0236860772049683,1.0,1.0613757073879242,0.0376896301829559
val:993,val,buu_ap:image:BUU-AP-00199,images/buu_ap/BUU-AP-00199.jpg,BUU AP,AP,993,3,5,1.0,194.29858701442456,1.0112428557757196,1.0431634955146882,1.0407543451563988,0.029511489380679157
val:1008,val,buu_ap:image:BUU-AP-00202,images/buu_ap/BUU-AP-00202.jpg,BUU AP,AP,1008,3,5,1.0,179.7462671939408,1.007897582999222,1.0373085151373613,1.0545672896265257,0.04666970662730363
val:1073,val,buu_ap:image:BUU-AP-00215,images/buu_ap/BUU-AP-00215.jpg,BUU AP,AP,1073,3,5,1.0,176.10487263399693,1.1096816480425218,1.0524238980493927,1.112469740130701,0.002788092088179317
val:1088,val,buu_ap:image:BUU-AP-00218,images/buu_ap/BUU-AP-00218.jpg,BUU AP,AP,1088,3,5,1.0,200.8766946498924,0.9992760689854179,0.9525404516057573,1.0055299754635891,0.006253906478171256
val:1208,val,buu_ap:image:BUU-AP-00242,images/buu_ap/BUU-AP-00242.jpg,BUU AP,AP,1208,3,5,1.0,183.26315349649676,0.9532084232525085,1.0,1.0089262323454022,0.0557178090928937
val:1298,val,buu_ap:image:BUU-AP-00260,images/buu_ap/BUU-AP-00260.jpg,BUU AP,AP,1298,3,5,1.0,188.28142636177083,1.0958187397106232,1.0795070664432695,1.0779792800719714,0.017839459638651745
val:1318,val,buu_ap:image:BUU-AP-00264,images/buu_ap/BUU-AP-00264.jpg,BUU AP,AP,1318,3,5,1.0,203.7486771297893,1.1161996881491196,1.0723086924167462,1.157533276161749,0.04133358801262932
val:1353,val,buu_ap:image:BUU-AP-00271,images/buu_ap/BUU-AP-00271.jpg,BUU AP,AP,1353,3,5,1.0,221.61279073144527,0.989172014251801,0.9999999999999999,1.0303673334419727,0.04119531919017172
val:1428,val,buu_ap:image:BUU-AP-00286,images/buu_ap/BUU-AP-00286.jpg,BUU AP,AP,1428,3,5,1.0,171.13140359229678,1.0049624811045774,1.0293514484951,1.0253019145169955,0.020339433412418062
val:1448,val,buu_ap:image:BUU-AP-00290,images/buu_ap/BUU-AP-00290.jpg,BUU AP,AP,1448,3,5,1.0,195.88689509029672,1.1416236073557549,1.0958907229117876,1.0934128949642008,0.048210712391554056
val:1583,val,buu_ap:image:BUU-AP-00317,images/buu_ap/BUU-AP-00317.jpg,BUU AP,AP,1583,3,5,1.0,210.1189141074772,1.0676472565294204,1.047579948314839,1.0504230342241012,0.01722422230531917
val:1618,val,buu_ap:image:BUU-AP-00324,images/buu_ap/BUU-AP-00324.jpg,BUU AP,AP,1618,3,5,1.0,180.9128224760479,1.040090053800537,1.0,0.9901633271947503,0.049926726605786786
val:1623,val,buu_ap:image:BUU-AP-00325,images/buu_ap/BUU-AP-00325.jpg,BUU AP,AP,1623,3,5,1.0,189.2225675256285,1.0537343449434027,1.0322714524194283,1.0613326189890189,0.0075982740456161935
val:1643,val,buu_ap:image:BUU-AP-00329,images/buu_ap/BUU-AP-00329.jpg,BUU AP,AP,1643,3,5,1.0,194.181699196756,1.0685081383521722,0.9840878107688558,0.9983369874871504,0.07017115086502179
val:1788,val,buu_ap:image:BUU-AP-00358,images/buu_ap/BUU-AP-00358.jpg,BUU AP,AP,1788,3,5,1.0,217.21831975883143,1.098192609467441,1.0876879160815913,1.0925849116930801,0.005607697774360876
val:1873,val,buu_ap:image:BUU-AP-00375,images/buu_ap/BUU-AP-00375.jpg,BUU AP,AP,1873,3,5,1.0,197.26065237076813,1.0026539426095666,1.0168171778906423,1.032009984611376,0.0293560420018093
val:1903,val,buu_ap:image:BUU-AP-00381,images/buu_ap/BUU-AP-00381.jpg,BUU AP,AP,1903,3,5,1.0,179.61576496337284,1.118143783184562,1.0278967272157713,1.0884318601007505,0.02971192308381143
val:1998,val,buu_ap:image:BUU-AP-00400,images/buu_ap/BUU-AP-00400.jpg,BUU AP,AP,1998,3,5,1.0,207.3824403969162,0.9551221804943898,0.9894283270457238,1.0295913485804051,0.07446916808601534
val:2100,val,mendeley_pa:image:MENDE-PA-00007,images/mendeley_pa/MENDE-PA-00007.jpg,Mendeley PA,PA,2100,3,17,0.0769230769230769,65.63391925446037,1.09575927863309,1.095735715708024,1.055063309153802,0.04069596947928811
val:2101,val,mendeley_pa:image:MENDE-PA-00007,images/mendeley_pa/MENDE-PA-00007.jpg,Mendeley PA,PA,2101,4,17,0.0769230769230769,69.79214081999592,0.8573294682611956,0.777952102035009,0.9867223771509758,0.12939290888978017
val:2102,val,mendeley_pa:image:MENDE-PA-00007,images/mendeley_pa/MENDE-PA-00007.jpg,Mendeley PA,PA,2102,5,17,0.0769230769230769,69.79214081999592,0.5254303545628154,0.9134278093769967,0.9968982954814851,0.4714679409186697
val:2103,val,mendeley_pa:image:MENDE-PA-00007,images/mendeley_pa/MENDE-PA-00007.jpg,Mendeley PA,PA,2103,6,17,0.0769230769230769,67.85867267321143,0.9971504445676276,0.8293221133809944,0.8927172633868118,0.10443318118081579
val:2104,val,mendeley_pa:image:MENDE-PA-00007,images/mendeley_pa/MENDE-PA-00007.jpg,Mendeley PA,PA,2104,7,17,0.0769230769230769,72.94617256185079,1.0402531579578738,1.0000000000000002,1.1618138402700426,0.12156068231216888
val:2105,val,mendeley_pa:image:MENDE-PA-00007,images/mendeley_pa/MENDE-PA-00007.jpg,Mendeley PA,PA,2105,8,17,0.0769230769230769,87.75007086312941,0.8914755136990882,1.020073942182412,1.0444690857956314,0.15299357209654318
val:2106,val,mendeley_pa:image:MENDE-PA-00007,images/mendeley_pa/MENDE-PA-00007.jpg,Mendeley PA,PA,2106,9,17,0.0769230769230769,83.09589273375488,1.2412242249606904,1.0701172404965924,1.0811239543414282,0.16010027061926224
val:2107,val,mendeley_pa:image:MENDE-PA-00007,images/mendeley_pa/MENDE-PA-00007.jpg,Mendeley PA,PA,2107,10,17,0.0769230769230769,95.55269051177082,1.0425416053102343,1.0,0.9748234003782272,0.06771820493200709
val:2108,val,mendeley_pa:image:MENDE-PA-00007,images/mendeley_pa/MENDE-PA-00007.jpg,Mendeley PA,PA,2108,11,17,0.0769230769230769,106.70366270609208,0.8243835660071289,0.9834917583489058,0.9674230688237784,0.14303950281664946
val:2109,val,mendeley_pa:image:MENDE-PA-00007,images/mendeley_pa/MENDE-PA-00007.jpg,Mendeley PA,PA,2109,12,17,0.0769230769230769,93.7912006627618,1.175661358177837,1.0820641688794663,1.2244096867532304,0.04874832857539335
val:2110,val,mendeley_pa:image:MENDE-PA-00007,images/mendeley_pa/MENDE-PA-00007.jpg,Mendeley PA,PA,2110,13,17,0.0769230769230769,99.11571816199134,1.1603754818289909,0.9643174705358493,1.0271855217667567,0.13318996006223416
val:2111,val,mendeley_pa:image:MENDE-PA-00007,images/mendeley_pa/MENDE-PA-00007.jpg,Mendeley PA,PA,2111,14,17,0.0769230769230769,113.9362333950964,0.7099703447261763,1.0,0.8781511411070824,0.1681807963809061
val:2112,val,mendeley_pa:image:MENDE-PA-00007,images/mendeley_pa/MENDE-PA-00007.jpg,Mendeley PA,PA,2112,15,17,0.0769230769230769,103.86977600377442,1.0865626355740337,0.9723102374868826,1.019235804577394,0.06732683099663972
val:2202,val,mendeley_pa:image:MENDE-PA-00014,images/mendeley_pa/MENDE-PA-00014.jpg,Mendeley PA,PA,2202,3,17,0.0769230769230769,71.04007059222104,1.1144388419447122,1.049376082145082,0.9938332033384909,0.12060563860622131
val:2203,val,mendeley_pa:image:MENDE-PA-00014,images/mendeley_pa/MENDE-PA-00014.jpg,Mendeley PA,PA,2203,4,17,0.0769230769230769,76.45174129503567,0.9273238321520707,0.9833290316715092,0.911157440449223,0.016166391702847727
val:2204,val,mendeley_pa:image:MENDE-PA-00014,images/mendeley_pa/MENDE-PA-00014.jpg,Mendeley PA,PA,2204,5,17,0.0769230769230769,75.96608515353526,0.9370578900855489,0.9583159630634726,0.9620249982905478,0.024967108204998922
val:2205,val,mendeley_pa:image:MENDE-PA-00014,images/mendeley_pa/MENDE-PA-00014.jpg,Mendeley PA,PA,2205,6,17,0.0769230769230769,72.94823793787191,1.0240617800714478,1.0172506669028007,1.008967319080075,0.015094460991372793
val:2206,val,mendeley_pa:image:MENDE-PA-00014,images/mendeley_pa/MENDE-PA-00014.jpg,Mendeley PA,PA,2206,7,17,0.0769230769230769,74.70767939972276,1.0337447037824132,1.0,1.0011562616564333,0.03258844212597989
val:2207,val,mendeley_pa:image:MENDE-PA-00014,images/mendeley_pa/MENDE-PA-00014.jpg,Mendeley PA,PA,2207,8,17,0.0769230769230769,77.42961025062971,0.9649003289811253,0.9999999999999998,0.9868853585794566,0.021985029598331263
val:2208,val,mendeley_pa:image:MENDE-PA-00014,images/mendeley_pa/MENDE-PA-00014.jpg,Mendeley PA,PA,2208,9,17,0.0769230769230769,76.19364582789925,1.0188586167049656,1.0163410637790815,0.9983497947717563,0.020508821933209243
val:2209,val,mendeley_pa:image:MENDE-PA-00014,images/mendeley_pa/MENDE-PA-00014.jpg,Mendeley PA,PA,2209,10,17,0.0769230769230769,76.39458816719103,1.049362364893054,1.0,1.00022465721122,0.04913770768183401
val:2210,val,mendeley_pa:image:MENDE-PA-00014,images/mendeley_pa/MENDE-PA-00014.jpg,Mendeley PA,PA,2210,11,17,0.0769230769230769,84.22154401300425,0.8923919007333287,0.9999999999999999,0.9960081265307962,0.10361622579746743
val:2211,val,mendeley_pa:image:MENDE-PA-00014,images/mendeley_pa/MENDE-PA-00014.jpg,Mendeley PA,PA,2211,12,17,0.0769230769230769,88.60811295501428,0.9962686189544727,0.9717464812604916,0.9780194142407012,0.01824920471377156
val:2212,val,mendeley_pa:image:MENDE-PA-00014,images/mendeley_pa/MENDE-PA-00014.jpg,Mendeley PA,PA,2212,13,17,0.0769230769230769,92.76105295599098,1.0462431927321716,1.0,1.0221320446580648,0.024111148074106747
val:2213,val,mendeley_pa:image:MENDE-PA-00014,images/mendeley_pa/MENDE-PA-00014.jpg,Mendeley PA,PA,2213,14,17,0.0769230769230769,99.35438992965852,0.9787652428742785,1.0400521725359644,1.0301146505343999,0.051349407660121416
val:2214,val,mendeley_pa:image:MENDE-PA-00014,images/mendeley_pa/MENDE-PA-00014.jpg,Mendeley PA,PA,2214,15,17,0.0769230769230769,98.99825398827548,1.1072607199896822,1.0045772285394412,1.0218890977285844,0.08537162226109785
val:2267,val,mendeley_pa:image:MENDE-PA-00018,images/mendeley_pa/MENDE-PA-00018.jpg,Mendeley PA,PA,2267,3,17,0.0769230769230769,34.24561775826719,1.00279812014763,1.0438735307929377,1.0417151299574683,0.038917009809838365
val:2268,val,mendeley_pa:image:MENDE-PA-00018,images/mendeley_pa/MENDE-PA-00018.jpg,Mendeley PA,PA,2268,4,17,0.0769230769230769,33.90772946679797,1.1213422609713493,1.0227558715398923,1.0585529683287755,0.06278929264257371
val:2269,val,mendeley_pa:image:MENDE-PA-00018,images/mendeley_pa/MENDE-PA-00018.jpg,Mendeley PA,PA,2269,5,17,0.0769230769230769,36.12187735418169,0.9694185424216124,0.9808732110150122,1.02135097487643,0.0519324324548176
val:2270,val,mendeley_pa:image:MENDE-PA-00018,images/mendeley_pa/MENDE-PA-00018.jpg,Mendeley PA,PA,2270,6,17,0.0769230769230769,37.96224181089141,0.8650646554400124,0.960421827227036,0.9730932708607711,0.1080286154207587
val:2271,val,mendeley_pa:image:MENDE-PA-00018,images/mendeley_pa/MENDE-PA-00018.jpg,Mendeley PA,PA,2271,7,17,0.0769230769230769,40.74437613099962,0.930246507523316,0.9732794526617232,1.0186029102306071,0.08835640270729117
val:2272,val,mendeley_pa:image:MENDE-PA-00018,images/mendeley_pa/MENDE-PA-00018.jpg,Mendeley PA,PA,2272,8,17,0.0769230769230769,42.34044080770815,1.097568510890797,1.009930830656565,1.036910778119243,0.06065773277155406
val:2273,val,mendeley_pa:image:MENDE-PA-00018,images/mendeley_pa/MENDE-PA-00018.jpg,Mendeley PA,PA,2273,9,17,0.0769230769230769,46.625051293056856,1.0213290536497515,1.0,0.9865907020866871,0.034738351563064374
val:2274,val,mendeley_pa:image:MENDE-PA-00018,images/mendeley_pa/MENDE-PA-00018.jpg,Mendeley PA,PA,2274,10,17,0.0769230769230769,47.045527040642526,0.994325517448782,1.080952834618965,1.1021086110749634,0.10778309362618144
val:2275,val,mendeley_pa:image:MENDE-PA-00018,images/mendeley_pa/MENDE-PA-00018.jpg,Mendeley PA,PA,2275,11,17,0.0769230769230769,47.19904376592321,1.1459654220154638,0.8774749572119465,0.9812667603335132,0.16469866168195058
val:2276,val,mendeley_pa:image:MENDE-PA-00018,images/mendeley_pa/MENDE-PA-00018.jpg,Mendeley PA,PA,2276,12,17,0.0769230769230769,52.40261787882952,0.688007417547825,1.0021679999976567,0.843190044417899,0.155182626870074
val:2277,val,mendeley_pa:image:MENDE-PA-00018,images/mendeley_pa/MENDE-PA-00018.jpg,Mendeley PA,PA,2277,13,17,0.0769230769230769,53.97486323250403,0.9438464194183392,0.8329307271174085,0.9683874083689343,0.02454098895059509
val:2278,val,mendeley_pa:image:MENDE-PA-00018,images/mendeley_pa/MENDE-PA-00018.jpg,Mendeley PA,PA,2278,14,17,0.0769230769230769,53.56415778418366,1.0055465554798586,1.0,1.0430104807019234,0.037463925222064764
val:2279,val,mendeley_pa:image:MENDE-PA-00018,images/mendeley_pa/MENDE-PA-00018.jpg,Mendeley PA,PA,2279,15,17,0.0769230769230769,53.64500850635866,1.0473357304270754,1.0396227687872681,1.0489112641937766,0.0015755337667011649
val:2425,val,mendeley_pa:image:MENDE-PA-00029,images/mendeley_pa/MENDE-PA-00029.jpg,Mendeley PA,PA,2425,3,17,0.0769230769230769,71.62503052437751,1.1535017545651853,0.9999999999999998,1.046301733702421,0.10720002086276437
val:2426,val,mendeley_pa:image:MENDE-PA-00029,images/mendeley_pa/MENDE-PA-00029.jpg,Mendeley PA,PA,2426,4,17,0.0769230769230769,75.17900123798161,0.9930854833730266,1.058446833218564,1.0700806456684364,0.07699516229540981
val:2427,val,mendeley_pa:image:MENDE-PA-00029,images/mendeley_pa/MENDE-PA-00029.jpg,Mendeley PA,PA,2427,5,17,0.0769230769230769,78.20719212471143,0.9785078726144103,0.94934250953544,0.958262572800108,0.020245299814302342
val:2428,val,mendeley_pa:image:MENDE-PA-00029,images/mendeley_pa/MENDE-PA-00029.jpg,Mendeley PA,PA,2428,6,17,0.0769230769230769,79.14078132729918,0.9329153446378415,1.0,1.0042882589623332,0.07137291432449167
val:2429,val,mendeley_pa:image:MENDE-PA-00029,images/mendeley_pa/MENDE-PA-00029.jpg,Mendeley PA,PA,2429,7,17,0.0769230769230769,83.86027725040081,0.9748979152714374,0.983933371134785,0.9837433808056945,0.008845465534257024
val:2430,val,mendeley_pa:image:MENDE-PA-00029,images/mendeley_pa/MENDE-PA-00029.jpg,Mendeley PA,PA,2430,8,17,0.0769230769230769,86.73979230140732,1.0513536969839412,1.009161392366995,0.9890097306580441,0.062343966325897116
val:2431,val,mendeley_pa:image:MENDE-PA-00029,images/mendeley_pa/MENDE-PA-00029.jpg,Mendeley PA,PA,2431,9,17,0.0769230769230769,88.53828939419154,1.0539359899316691,1.032991362836394,1.0211107284838292,0.032825261447839926
val:2432,val,mendeley_pa:image:MENDE-PA-00029,images/mendeley_pa/MENDE-PA-00029.jpg,Mendeley PA,PA,2432,10,17,0.0769230769230769,89.81292781107068,1.0212825410865611,0.9976073129091043,1.0119468241918463,0.009335716894714796
val:2433,val,mendeley_pa:image:MENDE-PA-00029,images/mendeley_pa/MENDE-PA-00029.jpg,Mendeley PA,PA,2433,11,17,0.0769230769230769,92.519032408419,0.928267138566229,0.9736160482767757,1.0044731605354484,0.07620602196921944
val:2434,val,mendeley_pa:image:MENDE-PA-00029,images/mendeley_pa/MENDE-PA-00029.jpg,Mendeley PA,PA,2434,12,17,0.0769230769230769,92.46016079847617,0.9564298130865356,1.00967806402783,1.0310957283918103,0.07466591530527467
val:2435,val,mendeley_pa:image:MENDE-PA-00029,images/mendeley_pa/MENDE-PA-00029.jpg,Mendeley PA,PA,2435,13,17,0.0769230769230769,90.81380038503788,1.1102675408940073,1.0,0.9997227657586336,0.11054477513537364
val:2436,val,mendeley_pa:image:MENDE-PA-00029,images/mendeley_pa/MENDE-PA-00029.jpg,Mendeley PA,PA,2436,14,17,0.0769230769230769,100.65069461702508,0.9259344589150413,1.0,1.0261339154094458,0.10019945649440443
val:2437,val,mendeley_pa:image:MENDE-PA-00029,images/mendeley_pa/MENDE-PA-00029.jpg,Mendeley PA,PA,2437,15,17,0.0769230769230769,103.00226359998786,0.975452100659725,0.9629538803014327,1.0434025897297432,0.06795048907001822
val:2705,val,mendeley_pa:image:MENDE-PA-00053,images/mendeley_pa/MENDE-PA-00053.jpg,Mendeley PA,PA,2705,3,17,0.0769230769230769,36.98431338663594,1.1087714470500054,0.9782679982936613,0.9069997676170103,0.20177167943299512
val:2706,val,mendeley_pa:image:MENDE-PA-00053,images/mendeley_pa/MENDE-PA-00053.jpg,Mendeley PA,PA,2706,4,17,0.0769230769230769,39.28428456049336,0.7290859375110791,0.9706227098879145,0.8892024149474429,0.1601164774363638
val:2707,val,mendeley_pa:image:MENDE-PA-00053,images/mendeley_pa/MENDE-PA-00053.jpg,Mendeley PA,PA,2707,5,17,0.0769230769230769,37.12203691255563,0.9496592787572294,0.8916945754259411,0.9064925954386178,0.04316668331861162
val:2708,val,mendeley_pa:image:MENDE-PA-00053,images/mendeley_pa/MENDE-PA-00053.jpg,Mendeley PA,PA,2708,6,17,0.0769230769230769,35.9679710881763,1.0443018416872283,1.0,0.977384552359581,0.06691728932764729
val:2709,val,mendeley_pa:image:MENDE-PA-00053,images/mendeley_pa/MENDE-PA-00053.jpg,Mendeley PA,PA,2709,7,17,0.0769230769230769,36.40735262475616,1.0075617349620862,1.0795679891978778,0.9979011098419703,0.009660625120115895
val:2710,val,mendeley_pa:image:MENDE-PA-00053,images/mendeley_pa/MENDE-PA-00053.jpg,Mendeley PA,PA,2710,8,17,0.0769230769230769,37.12203691255563,1.1057315248569646,0.9035167070842363,0.983796482048092,0.12193504280887257
val:2711,val,mendeley_pa:image:MENDE-PA-00053,images/mendeley_pa/MENDE-PA-00053.jpg,Mendeley PA,PA,2711,9,17,0.0769230769230769,42.50069883174808,0.7152377857914247,1.0,0.8406106531620026,0.12537286737057785
val:2712,val,mendeley_pa:image:MENDE-PA-00053,images/mendeley_pa/MENDE-PA-00053.jpg,Mendeley PA,PA,2712,10,17,0.0769230769230769,39.27004706304717,1.1192854215787347,0.9530912151327262,0.9766386093338857,0.142646812244849
val:2713,val,mendeley_pa:image:MENDE-PA-00053,images/mendeley_pa/MENDE-PA-00053.jpg,Mendeley PA,PA,2713,11,17,0.0769230769230769,40.723739413678594,1.0916916928639777,1.0,0.9946181857958436,0.09707350706813411
val:2714,val,mendeley_pa:image:MENDE-PA-00053,images/mendeley_pa/MENDE-PA-00053.jpg,Mendeley PA,PA,2714,12,17,0.0769230769230769,44.32582788896242,0.8458519430003435,1.0145318387755278,0.9966169140049341,0.15076497100459063
val:2715,val,mendeley_pa:image:MENDE-PA-00053,images/mendeley_pa/MENDE-PA-00053.jpg,Mendeley PA,PA,2715,13,17,0.0769230769230769,43.23951763858887,1.0518655574920812,0.9445870336181915,0.9891996983475483,0.06266585914453293
val:2716,val,mendeley_pa:image:MENDE-PA-00053,images/mendeley_pa/MENDE-PA-00053.jpg,Mendeley PA,PA,2716,14,17,0.0769230769230769,43.883653423063066,1.0070694737195347,1.0000000000000002,0.981579873710871,0.025489600008663738
val:2717,val,mendeley_pa:image:MENDE-PA-00053,images/mendeley_pa/MENDE-PA-00053.jpg,Mendeley PA,PA,2717,15,17,0.0769230769230769,46.53297428964631,0.9087136200733189,0.9861574336412551,1.0175246461752059,0.10881102610188698
val:2870,val,mendeley_pa:image:MENDE-PA-00066,images/mendeley_pa/MENDE-PA-00066.jpg,Mendeley PA,PA,2870,3,17,0.0769230769230769,27.992771317753764,1.1215592198956148,1.003182399408436,1.0398275399073125,0.08173167998830233
val:2871,val,mendeley_pa:image:MENDE-PA-00066,images/mendeley_pa/MENDE-PA-00066.jpg,Mendeley PA,PA,2871,4,17,0.0769230769230769,29.69092965004593,0.8882993394947194,1.0270498934293562,0.9481707456613355,0.059871406166616126
val:2872,val,mendeley_pa:image:MENDE-PA-00066,images/mendeley_pa/MENDE-PA-00066.jpg,Mendeley PA,PA,2872,5,17,0.0769230769230769,27.63906050408203,1.0706797179147818,0.9731821787870762,0.9542318505562184,0.11644786735856338
val:2873,val,mendeley_pa:image:MENDE-PA-00066,images/mendeley_pa/MENDE-PA-00066.jpg,Mendeley PA,PA,2873,6,17,0.0769230769230769,28.724726733621708,0.9546217549483162,1.0,0.9854871919378638,0.03086543698954758
val:2874,val,mendeley_pa:image:MENDE-PA-00066,images/mendeley_pa/MENDE-PA-00066.jpg,Mendeley PA,PA,2874,7,17,0.0769230769230769,30.8535744387906,0.9028734099696494,0.9648123029734044,1.0081939827765374,0.105320572806888
val:2875,val,mendeley_pa:image:MENDE-PA-00066,images/mendeley_pa/MENDE-PA-00066.jpg,Mendeley PA,PA,2875,8,17,0.0769230769230769,30.97146854709975,1.0369081248053498,1.0187581494131734,1.020339722340708,0.01656840246464175
val:2876,val,mendeley_pa:image:MENDE-PA-00066,images/mendeley_pa/MENDE-PA-00066.jpg,Mendeley PA,PA,2876,9,17,0.0769230769230769,31.6702877171858,1.1129674701651915,1.0451536325736268,1.0412404041735752,0.07172706599161627
val:2877,val,mendeley_pa:image:MENDE-PA-00066,images/mendeley_pa/MENDE-PA-00066.jpg,Mendeley PA,PA,2877,10,17,0.0769230769230769,33.68128368682055,1.0120179933710207,0.9868093015519737,0.9973001977322458,0.014717795638774955
val:2878,val,mendeley_pa:image:MENDE-PA-00066,images/mendeley_pa/MENDE-PA-00066.jpg,Mendeley PA,PA,2878,11,17,0.0769230769230769,35.59706320580887,0.8772074224267732,0.9836793436808828,0.9830426933151055,0.10583527088833233
val:2879,val,mendeley_pa:image:MENDE-PA-00066,images/mendeley_pa/MENDE-PA-00066.jpg,Mendeley PA,PA,2879,12,17,0.0769230769230769,33.84848212701364,1.0619715908303613,1.0536463921890498,1.091350558213973,0.029378967383611787
val:2880,val,mendeley_pa:image:MENDE-PA-00066,images/mendeley_pa/MENDE-PA-00066.jpg,Mendeley PA,PA,2880,13,17,0.0769230769230769,32.7414293793277,1.2248290574936354,1.0622173016469731,1.0504735987212315,0.17435545877240388
val:2881,val,mendeley_pa:image:MENDE-PA-00066,images/mendeley_pa/MENDE-PA-00066.jpg,Mendeley PA,PA,2881,14,17,0.0769230769230769,33.90904302357103,0.991207540117463,1.0612893686378784,1.1217249580407924,0.13051741792332938
val:2882,val,mendeley_pa:image:MENDE-PA-00066,images/mendeley_pa/MENDE-PA-00066.jpg,Mendeley PA,PA,2882,15,17,0.0769230769230769,36.85677660540372,0.8647516839780138,0.8880326836391587,0.9089729371502299,0.044221253172216035
val:3033,val,mendeley_pa:image:MENDE-PA-00079,images/mendeley_pa/MENDE-PA-00079.jpg,Mendeley PA,PA,3033,3,17,0.0769230769230769,16.030492843337772,0.9616623846886473,0.9782403684417085,1.018132378832467,0.0564699941438197
val:3034,val,mendeley_pa:image:MENDE-PA-00079,images/mendeley_pa/MENDE-PA-00079.jpg,Mendeley PA,PA,3034,4,17,0.0769230769230769,15.45628029090356,1.026554354978098,1.0917384552707114,1.080776193452362,0.054221838474264095
val:3035,val,mendeley_pa:image:MENDE-PA-00079,images/mendeley_pa/MENDE-PA-00079.jpg,Mendeley PA,PA,3035,5,17,0.0769230769230769,15.641316909923844,1.1720566284898042,0.9832166716323565,1.0452832080290984,0.12677342046070583
val:3036,val,mendeley_pa:image:MENDE-PA-00079,images/mendeley_pa/MENDE-PA-00079.jpg,Mendeley PA,PA,3036,6,17,0.0769230769230769,18.50181033503281,0.8048344994467715,1.0146575171428796,0.9617687065082665,0.15693420706149497
val:3037,val,mendeley_pa:image:MENDE-PA-00079,images/mendeley_pa/MENDE-PA-00079.jpg,Mendeley PA,PA,3037,7,17,0.0769230769230769,17.84433505165318,1.076727861037321,0.940410686926259,0.9811690135759248,0.0955588474613962
val:3038,val,mendeley_pa:image:MENDE-PA-00079,images/mendeley_pa/MENDE-PA-00079.jpg,Mendeley PA,PA,3038,8,17,0.0769230769230769,16.881486967342497,1.10601107257905,1.083128924699135,1.0514749765709115,0.05453609600813847
val:3039,val,mendeley_pa:image:MENDE-PA-00079,images/mendeley_pa/MENDE-PA-00079.jpg,Mendeley PA,PA,3039,9,17,0.0769230769230769,17.53896225072213,0.989577415847728,1.0,1.0464713796973228,0.056893963849594886
val:3040,val,mendeley_pa:image:MENDE-PA-00079,images/mendeley_pa/MENDE-PA-00079.jpg,Mendeley PA,PA,3040,10,17,0.0769230769230769,18.013636224100093,0.9107996181256385,0.8949503886485272,0.9772945853853398,0.06649496725970128
val:3041,val,mendeley_pa:image:MENDE-PA-00079,images/mendeley_pa/MENDE-PA-00079.jpg,Mendeley PA,PA,3041,11,17,0.0769230769230769,18.520802631456235,0.8037697304467304,1.1132292216782393,1.055530487573606,0.2517607571268756
val:3042,val,mendeley_pa:image:MENDE-PA-00079,images/mendeley_pa/MENDE-PA-00079.jpg,Mendeley PA,PA,3042,12,17,0.0769230769230769,18.046128658078278,1.3758620961324852,0.9578759388224443,1.0215485782520135,0.3543135178804717
val:3043,val,mendeley_pa:image:MENDE-PA-00079,images/mendeley_pa/MENDE-PA-00079.jpg,Mendeley PA,PA,3043,13,17,0.0769230769230769,24.871558589804668,0.7914841464845497,1.0,0.975213473662734,0.18372932717818435
val:3044,val,mendeley_pa:image:MENDE-PA-00079,images/mendeley_pa/MENDE-PA-00079.jpg,Mendeley PA,PA,3044,14,17,0.0769230769230769,25.757670326454345,0.9672510153777865,1.2716453404680228,1.2727662989452815,0.305515283567495
val:3045,val,mendeley_pa:image:MENDE-PA-00079,images/mendeley_pa/MENDE-PA-00079.jpg,Mendeley PA,PA,3045,15,17,0.0769230769230769,25.80024451367892,1.7760993915157317,1.0,1.0483140647411346,0.7277853267745971
val:3080,val,mendeley_pa:image:MENDE-PA-00083,images/mendeley_pa/MENDE-PA-00083.jpg,Mendeley PA,PA,3080,3,17,0.0769230769230769,119.31271635673856,0.9583364600780665,0.9571851813120587,1.0276752808017475,0.06933882072368103
val:3081,val,mendeley_pa:image:MENDE-PA-00083,images/mendeley_pa/MENDE-PA-00083.jpg,Mendeley PA,PA,3081,4,17,0.0769230769230769,128.0488150003842,0.8075726741450981,0.9583819737382981,1.005827133143768,0.1982544589986699
val:3082,val,mendeley_pa:image:MENDE-PA-00083,images/mendeley_pa/MENDE-PA-00083.jpg,Mendeley PA,PA,3082,5,17,0.0769230769230769,124.56650882635242,1.0524307625653506,0.9580908488425415,0.985834229359309,0.06659653320604164
val:3083,val,mendeley_pa:image:MENDE-PA-00083,images/mendeley_pa/MENDE-PA-00083.jpg,Mendeley PA,PA,3083,6,17,0.0769230769230769,132.94445864565557,1.0175929240284545,1.0,0.9711523279547691,0.046440596073685336
val:3084,val,mendeley_pa:image:MENDE-PA-00083,images/mendeley_pa/MENDE-PA-00083.jpg,Mendeley PA,PA,3084,7,17,0.0769230769230769,146.41148486843002,0.9206333201129493,1.0097849297849493,0.9718726243404703,0.05123930422752099
val:3085,val,mendeley_pa:image:MENDE-PA-00083,images/mendeley_pa/MENDE-PA-00083.jpg,Mendeley PA,PA,3085,8,17,0.0769230769230769,138.57292020330638,1.1575485404594636,1.0547909372135826,1.0556966581962832,0.10185188226318043
val:3086,val,mendeley_pa:image:MENDE-PA-00083,images/mendeley_pa/MENDE-PA-00083.jpg,Mendeley PA,PA,3086,9,17,0.0769230769230769,149.4865906122414,1.0538713117010954,1.011018380613835,0.9459891990738227,0.10788211262727265
val:3087,val,mendeley_pa:image:MENDE-PA-00083,images/mendeley_pa/MENDE-PA-00083.jpg,Mendeley PA,PA,3087,10,17,0.0769230769230769,157.32515527736507,0.9017153026157568,1.0,1.0299252551048994,0.12820995248914258
val:3088,val,mendeley_pa:image:MENDE-PA-00083,images/mendeley_pa/MENDE-PA-00083.jpg,Mendeley PA,PA,3088,11,17,0.0769230769230769,155.86161576506646,1.0080139388603473,0.9497081778175656,1.005519590450031,0.0024943484103163716
val:3089,val,mendeley_pa:image:MENDE-PA-00083,images/mendeley_pa/MENDE-PA-00083.jpg,Mendeley PA,PA,3089,12,17,0.0769230769230769,165.53501601170882,0.9314259056161236,1.0,0.9433180391788483,0.011892133562724672
val:3090,val,mendeley_pa:image:MENDE-PA-00083,images/mendeley_pa/MENDE-PA-00083.jpg,Mendeley PA,PA,3090,13,17,0.0769230769230769,173.45769043988568,1.0028921194429439,1.0213457916334998,0.9943435613469016,0.008548558096042269
val:3091,val,mendeley_pa:image:MENDE-PA-00083,images/mendeley_pa/MENDE-PA-00083.jpg,Mendeley PA,PA,3091,14,17,0.0769230769230769,180.6118535421745,1.1081053551552633,1.007032604228497,1.016787737879694,0.09131761727556942
val:3092,val,mendeley_pa:image:MENDE-PA-00083,images/mendeley_pa/MENDE-PA-00083.jpg,Mendeley PA,PA,3092,15,17,0.0769230769230769,193.70065920000783,0.9798866996074789,0.9999999999999998,1.0019857825245706,0.022099082917091728
val:3165,val,mendeley_pa:image:MENDE-PA-00090,images/mendeley_pa/MENDE-PA-00090.jpg,Mendeley PA,PA,3165,3,17,0.0769230769230769,56.8609565755378,0.9106797614975897,0.9768176043703369,0.9700297850481383,0.059350023550548636
val:3166,val,mendeley_pa:image:MENDE-PA-00090,images/mendeley_pa/MENDE-PA-00090.jpg,Mendeley PA,PA,3166,4,17,0.0769230769230769,61.44775786773396,1.0556774265441287,1.03165171023813,1.075156995173366,0.019479568629237276
val:3167,val,mendeley_pa:image:MENDE-PA-00090,images/mendeley_pa/MENDE-PA-00090.jpg,Mendeley PA,PA,3167,5,17,0.0769230769230769,66.8385499341963,1.1221555029275607,1.0172453201732046,1.0554837859591848,0.06667171696837593
val:3168,val,mendeley_pa:image:MENDE-PA-00090,images/mendeley_pa/MENDE-PA-00090.jpg,Mendeley PA,PA,3168,6,17,0.0769230769230769,71.9056677960167,0.9889817526549938,0.9999999999999999,1.0495906323194504,0.060608879664456605
val:3169,val,mendeley_pa:image:MENDE-PA-00090,images/mendeley_pa/MENDE-PA-00090.jpg,Mendeley PA,PA,3169,7,17,0.0769230769230769,74.1536493044377,0.9279123768162099,1.0026610941238503,1.0303145144678454,0.10240213765163553
val:3170,val,mendeley_pa:image:MENDE-PA-00090,images/mendeley_pa/MENDE-PA-00090.jpg,Mendeley PA,PA,3170,8,17,0.0769230769230769,72.20872267762542,1.074504049509199,0.9840372166853868,1.0427390299063646,0.03176501960283451
val:3171,val,mendeley_pa:image:MENDE-PA-00090,images/mendeley_pa/MENDE-PA-00090.jpg,Mendeley PA,PA,3171,9,17,0.0769230769230769,79.29413004627334,0.9244574844284283,1.0096134945236974,0.9706691793584161,0.04621169492998778
val:3172,val,mendeley_pa:image:MENDE-PA-00090,images/mendeley_pa/MENDE-PA-00090.jpg,Mendeley PA,PA,3172,10,17,0.0769230769230769,79.29413004627334,1.0407363380784362,0.9729834167297349,0.9918148616339431,0.048921476444493184
val:3173,val,mendeley_pa:image:MENDE-PA-00090,images/mendeley_pa/MENDE-PA-00090.jpg,Mendeley PA,PA,3173,11,17,0.0769230769230769,83.51214126773692,0.9699151995860018,0.9999999999999999,1.0451180413365364,0.0752028417505346
val:3174,val,mendeley_pa:image:MENDE-PA-00090,images/mendeley_pa/MENDE-PA-00090.jpg,Mendeley PA,PA,3174,12,17,0.0769230769230769,86.9667432351601,0.9716357869296086,1.0324917482629115,1.0454286821603471,0.07379289523073851
val:3175,val,mendeley_pa:image:MENDE-PA-00090,images/mendeley_pa/MENDE-PA-00090.jpg,Mendeley PA,PA,3175,13,17,0.0769230769230769,87.95460196742319,1.120864538710176,1.0,1.0455807335674763,0.07528380514269983
val:3176,val,mendeley_pa:image:MENDE-PA-00090,images/mendeley_pa/MENDE-PA-00090.jpg,Mendeley PA,PA,3176,14,17,0.0769230769230769,91.54259718082648,0.9985428286930006,1.0904975261430947,1.0695602808039395,0.0710174521109389
val:3177,val,mendeley_pa:image:MENDE-PA-00090,images/mendeley_pa/MENDE-PA-00090.jpg,Mendeley PA,PA,3177,15,17,0.0769230769230769,94.71101865293124,1.067127759796608,0.8532757719552899,1.0000726690090085,0.06705509078759953
val:3566,val,mendeley_pa:image:MENDE-PA-00121,images/mendeley_pa/MENDE-PA-00121.jpg,Mendeley PA,PA,3566,3,17,0.0769230769230769,21.896513154806787,1.038829752850273,1.0494746436537783,1.006354538834242,0.03247521401603093
val:3567,val,mendeley_pa:image:MENDE-PA-00121,images/mendeley_pa/MENDE-PA-00121.jpg,Mendeley PA,PA,3567,4,17,0.0769230769230769,23.299807519816472,0.948797751709243,0.9535051015046814,0.941978856812177,0.006818894897065997
val:3568,val,mendeley_pa:image:MENDE-PA-00121,images/mendeley_pa/MENDE-PA-00121.jpg,Mendeley PA,PA,3568,5,17,0.0769230769230769,23.32448904931318,0.9297619027668338,0.9862817068044294,0.9692464795354951,0.03948457676866135
val:3569,val,mendeley_pa:image:MENDE-PA-00121,images/mendeley_pa/MENDE-PA-00121.jpg,Mendeley PA,PA,3569,6,17,0.0769230769230769,23.34609289743117,1.0238213672303897,0.9909924184668892,0.9851208976235324,0.03870046960685736
val:3570,val,mendeley_pa:image:MENDE-PA-00121,images/mendeley_pa/MENDE-PA-00121.jpg,Mendeley PA,PA,3570,7,17,0.0769230769230769,24.98779043479788,0.983895749764448,1.0,0.9447287768125534,0.03916697295189464
val:3571,val,mendeley_pa:image:MENDE-PA-00121,images/mendeley_pa/MENDE-PA-00121.jpg,Mendeley PA,PA,3571,8,17,0.0769230769230769,25.864988393134844,1.0080558213890618,0.9999999999999999,0.9874289175495504,0.02062690383951138
val:3572,val,mendeley_pa:image:MENDE-PA-00121,images/mendeley_pa/MENDE-PA-00121.jpg,Mendeley PA,PA,3572,9,17,0.0769230769230769,27.356504040373,0.9922538326317962,1.0,0.9560705982148647,0.0361832344169315
val:3573,val,mendeley_pa:image:MENDE-PA-00121,images/mendeley_pa/MENDE-PA-00121.jpg,Mendeley PA,PA,3573,10,17,0.0769230769230769,28.521472222218318,1.0041436759556726,1.0,0.9524167962372303,0.051726879718442254
val:3574,val,mendeley_pa:image:MENDE-PA-00121,images/mendeley_pa/MENDE-PA-00121.jpg,Mendeley PA,PA,3574,11,17,0.0769230769230769,29.902895001443383,0.9998479565783226,0.9999999999999998,0.986703530885279,0.013144425693043638
val:3575,val,mendeley_pa:image:MENDE-PA-00121,images/mendeley_pa/MENDE-PA-00121.jpg,Mendeley PA,PA,3575,12,17,0.0769230769230769,31.53057874439576,0.9884415473198482,1.0096402415156025,0.9946161503985185,0.006174603078670238
val:3576,val,mendeley_pa:image:MENDE-PA-00121,images/mendeley_pa/MENDE-PA-00121.jpg,Mendeley PA,PA,3576,13,17,0.0769230769230769,32.16447153391154,1.0499390228955745,1.0,1.0138340145349503,0.03610500836062425
val:3577,val,mendeley_pa:image:MENDE-PA-00121,images/mendeley_pa/MENDE-PA-00121.jpg,Mendeley PA,PA,3577,14,17,0.0769230769230769,35.58901221311216,0.9318271838296188,1.0,1.010511040687561,0.07868385685794221
val:3578,val,mendeley_pa:image:MENDE-PA-00121,images/mendeley_pa/MENDE-PA-00121.jpg,Mendeley PA,PA,3578,15,17,0.0769230769230769,35.79282332190577,1.0451058938695919,0.9915077279182761,1.001971678142497,0.04313421572709486
val:3733,val,mendeley_pa:image:MENDE-PA-00132,images/mendeley_pa/MENDE-PA-00132.jpg,Mendeley PA,PA,3733,3,17,0.0769230769230769,20.969159982803102,0.9976681854135898,1.0571909718511534,1.0168525897262526,0.019184404312662773
val:3734,val,mendeley_pa:image:MENDE-PA-00132,images/mendeley_pa/MENDE-PA-00132.jpg,Mendeley PA,PA,3734,4,17,0.0769230769230769,20.013782326786654,1.2616555725303593,1.0935531774638005,1.116409452083499,0.14524612044686025
val:3735,val,mendeley_pa:image:MENDE-PA-00132,images/mendeley_pa/MENDE-PA-00132.jpg,Mendeley PA,PA,3735,5,17,0.0769230769230769,21.299986398935527,1.0728648504913783,1.041263595973462,0.9457194812645615,0.12714536922681674
val:3736,val,mendeley_pa:image:MENDE-PA-00132,images/mendeley_pa/MENDE-PA-00132.jpg,Mendeley PA,PA,3736,6,17,0.0769230769230769,22.265857865771487,0.858143484929716,0.9999999999999998,0.9393359944224355,0.0811925094927195
val:3737,val,mendeley_pa:image:MENDE-PA-00132,images/mendeley_pa/MENDE-PA-00132.jpg,Mendeley PA,PA,3737,7,17,0.0769230769230769,21.983534951438383,0.986179386348514,0.9174632319263056,0.9607120753279761,0.025467311020537897
val:3738,val,mendeley_pa:image:MENDE-PA-00132,images/mendeley_pa/MENDE-PA-00132.jpg,Mendeley PA,PA,3738,8,17,0.0769230769230769,22.207954861758573,0.956002897146516,0.9999999999999999,0.9397030994296073,0.016299797716908704
val:3739,val,mendeley_pa:image:MENDE-PA-00132,images/mendeley_pa/MENDE-PA-00132.jpg,Mendeley PA,PA,3739,9,17,0.0769230769230769,23.17568741423017,0.9810367351337423,0.9903165802028211,0.9800264371227654,0.0010102980109769621
val:3740,val,mendeley_pa:image:MENDE-PA-00132,images/mendeley_pa/MENDE-PA-00132.jpg,Mendeley PA,PA,3740,10,17,0.0769230769230769,24.8354372802908,0.9934057347908649,1.0,0.9317123591899872,0.06169337560087773
val:3741,val,mendeley_pa:image:MENDE-PA-00132,images/mendeley_pa/MENDE-PA-00132.jpg,Mendeley PA,PA,3741,11,17,0.0769230769230769,27.275161745479863,0.9875165579800375,1.250892530406038,1.1197510913257998,0.1322345333457623
val:3742,val,mendeley_pa:image:MENDE-PA-00132,images/mendeley_pa/MENDE-PA-00132.jpg,Mendeley PA,PA,3742,12,17,0.0769230769230769,28.406665757962536,1.5336163257239492,1.0,0.9665446951985359,0.5670716305254133
val:3743,val,mendeley_pa:image:MENDE-PA-00132,images/mendeley_pa/MENDE-PA-00132.jpg,Mendeley PA,PA,3743,13,17,0.0769230769230769,31.683586699173087,0.9430326798026251,1.1698667781694545,1.047183074270071,0.1041503944674459
val:3744,val,mendeley_pa:image:MENDE-PA-00132,images/mendeley_pa/MENDE-PA-00132.jpg,Mendeley PA,PA,3744,14,17,0.0769230769230769,32.863022285160994,0.930109968407729,0.9536494529581814,0.9011514737046509,0.028958494703078097
val:3745,val,mendeley_pa:image:MENDE-PA-00132,images/mendeley_pa/MENDE-PA-00132.jpg,Mendeley PA,PA,3745,15,17,0.0769230769230769,31.745660205421487,1.0332419791134437,1.0,0.9403924383223057,0.09284954079113805
val:3842,val,mendeley_pa:image:MENDE-PA-00139,images/mendeley_pa/MENDE-PA-00139.jpg,Mendeley PA,PA,3842,3,17,0.0769230769230769,109.55986964029974,0.8954882037754064,1.0135552233119818,1.0090557399240645,0.11356753614865811
val:3843,val,mendeley_pa:image:MENDE-PA-00139,images/mendeley_pa/MENDE-PA-00139.jpg,Mendeley PA,PA,3843,4,17,0.0769230769230769,100.46748657029217,1.2596165711465046,1.0,1.0965016260743141,0.1631149450721905
val:3844,val,mendeley_pa:image:MENDE-PA-00139,images/mendeley_pa/MENDE-PA-00139.jpg,Mendeley PA,PA,3844,5,17,0.0769230769230769,122.26147880943006,0.8410286156508822,1.0,1.0014941971749067,0.16046558152402457
val:3845,val,mendeley_pa:image:MENDE-PA-00139,images/mendeley_pa/MENDE-PA-00139.jpg,Mendeley PA,PA,3845,6,17,0.0769230769230769,132.68909046648997,0.8890892707059033,0.9105988721776417,0.9911688994098118,0.10207962870390852
val:3846,val,mendeley_pa:image:MENDE-PA-00139,images/mendeley_pa/MENDE-PA-00139.jpg,Mendeley PA,PA,3846,7,17,0.0769230769230769,128.9733774574789,1.0764056328862985,1.0,1.0306574050337076,0.04574822785259092
val:3847,val,mendeley_pa:image:MENDE-PA-00139,images/mendeley_pa/MENDE-PA-00139.jpg,Mendeley PA,PA,3847,8,17,0.0769230769230769,132.51783499380045,1.0562676959522088,1.0726577242077031,0.9854614337146916,0.07080626223751718
val:3848,val,mendeley_pa:image:MENDE-PA-00139,images/mendeley_pa/MENDE-PA-00139.jpg,Mendeley PA,PA,3848,9,17,0.0769230769230769,137.88784559100333,1.054950768080271,0.9652130943832944,1.0020167459843705,0.05293402209590048
val:3849,val,mendeley_pa:image:MENDE-PA-00139,images/mendeley_pa/MENDE-PA-00139.jpg,Mendeley PA,PA,3849,10,17,0.0769230769230769,142.7195984283197,0.8843074209137947,0.9893977874083253,0.9966490915169748,0.11234167060318012
val:3850,val,mendeley_pa:image:MENDE-PA-00139,images/mendeley_pa/MENDE-PA-00139.jpg,Mendeley PA,PA,3850,11,17,0.0769230769230769,160.32286800570785,0.8542014180380679,0.9447923509192232,0.8939084542703394,0.03970703623227145
val:3851,val,mendeley_pa:image:MENDE-PA-00139,images/mendeley_pa/MENDE-PA-00139.jpg,Mendeley PA,PA,3851,12,17,0.0769230769230769,154.1458611799789,1.1465480641876968,1.0124464782944138,1.0094733716046627,0.13707469258303417
val:3852,val,mendeley_pa:image:MENDE-PA-00139,images/mendeley_pa/MENDE-PA-00139.jpg,Mendeley PA,PA,3852,13,17,0.0769230769230769,174.03966995200125,1.0065569961409737,1.0,0.9831370525062084,0.023419943634765295
val:3853,val,mendeley_pa:image:MENDE-PA-00139,images/mendeley_pa/MENDE-PA-00139.jpg,Mendeley PA,PA,3853,14,17,0.0769230769230769,182.4608992658833,0.9390707919063194,0.9957393848532673,0.9954474131306495,0.05637662122433018
val:3854,val,mendeley_pa:image:MENDE-PA-00139,images/mendeley_pa/MENDE-PA-00139.jpg,Mendeley PA,PA,3854,15,17,0.0769230769230769,190.6783806009036,0.9869297148437426,0.9899381717565245,1.0106404220583625,0.023710707214619875
val:3922,val,mendeley_pa:image:MENDE-PA-00144,images/mendeley_pa/MENDE-PA-00144.jpg,Mendeley PA,PA,3922,3,17,0.0769230769230769,113.35700070691529,0.9167680388971229,1.0190735598906464,0.9619384733840413,0.045170434486918376
val:3923,val,mendeley_pa:image:MENDE-PA-00144,images/mendeley_pa/MENDE-PA-00144.jpg,Mendeley PA,PA,3923,4,17,0.0769230769230769,117.82533406587206,0.9425034927368102,0.9318254410144113,1.0035331367369913,0.06102964400018107
val:3924,val,mendeley_pa:image:MENDE-PA-00144,images/mendeley_pa/MENDE-PA-00144.jpg,Mendeley PA,PA,3924,5,17,0.0769230769230769,121.98636703509672,0.9481650723362158,1.008836451895865,0.985603300832542,0.037438228496326165
val:3925,val,mendeley_pa:image:MENDE-PA-00144,images/mendeley_pa/MENDE-PA-00144.jpg,Mendeley PA,PA,3925,6,17,0.0769230769230769,123.0092397476582,1.0981109938232347,1.0104328675392238,0.9841641096594897,0.11394688416374499
val:3926,val,mendeley_pa:image:MENDE-PA-00144,images/mendeley_pa/MENDE-PA-00144.jpg,Mendeley PA,PA,3926,7,17,0.0769230769230769,128.8862916471714,1.0313117359610584,1.0297179866374817,1.0243250985422518,0.006986637418806563
val:3927,val,mendeley_pa:image:MENDE-PA-00144,images/mendeley_pa/MENDE-PA-00144.jpg,Mendeley PA,PA,3927,8,17,0.0769230769230769,133.99987184448452,0.9728014301591079,0.9714160839096142,0.9524047465995384,0.020396683559569473
val:3928,val,mendeley_pa:image:MENDE-PA-00144,images/mendeley_pa/MENDE-PA-00144.jpg,Mendeley PA,PA,3928,9,17,0.0769230769230769,134.3847676793955,0.9481529679529836,0.9904502636232583,1.0470384439864366,0.09888547603345299
val:3929,val,mendeley_pa:image:MENDE-PA-00144,images/mendeley_pa/MENDE-PA-00144.jpg,Mendeley PA,PA,3929,10,17,0.0769230769230769,151.82101341201167,0.8947877973248701,0.9903242950941589,0.9917839025993984,0.09699610527452829
val:3930,val,mendeley_pa:image:MENDE-PA-00144,images/mendeley_pa/MENDE-PA-00144.jpg,Mendeley PA,PA,3930,11,17,0.0769230769230769,154.23386927150938,1.1235324683939685,1.0517313185350432,1.0088775570706858,0.11465491132328265
val:3931,val,mendeley_pa:image:MENDE-PA-00144,images/mendeley_pa/MENDE-PA-00144.jpg,Mendeley PA,PA,3931,12,17,0.0769230769230769,171.20899831285402,1.101446729220485,1.0101890427071583,1.012456276734544,0.08899045248594106
val:3932,val,mendeley_pa:image:MENDE-PA-00144,images/mendeley_pa/MENDE-PA-00144.jpg,Mendeley PA,PA,3932,13,17,0.0769230769230769,175.1679038854198,0.9854553518969376,1.0229483584517873,0.9981477412039674,0.012692389307029872
val:3933,val,mendeley_pa:image:MENDE-PA-00144,images/mendeley_pa/MENDE-PA-00144.jpg,Mendeley PA,PA,3933,14,17,0.0769230769230769,182.1136003796582,0.9323732434440348,0.9600304303296308,0.9823109780975083,0.04993773465347351
val:3934,val,mendeley_pa:image:MENDE-PA-00144,images/mendeley_pa/MENDE-PA-00144.jpg,Mendeley PA,PA,3934,15,17,0.0769230769230769,179.89915060275186,0.984157219892731,0.9921558826327238,1.019170484608403,0.03501326471567212
val:4123,val,mendeley_pa:image:MENDE-PA-00159,images/mendeley_pa/MENDE-PA-00159.jpg,Mendeley PA,PA,4123,3,17,0.0769230769230769,17.35056670500134,0.9875971312582781,1.0,1.0257825795561075,0.03818544829782944
val:4124,val,mendeley_pa:image:MENDE-PA-00159,images/mendeley_pa/MENDE-PA-00159.jpg,Mendeley PA,PA,4124,4,17,0.0769230769230769,18.10598394226841,0.9722962820780325,1.0,0.9828831758350134,0.010586893756980853
val:4125,val,mendeley_pa:image:MENDE-PA-00159,images/mendeley_pa/MENDE-PA-00159.jpg,Mendeley PA,PA,4125,5,17,0.0769230769230769,17.369875386998423,1.0982576187766542,1.0737291937919449,1.047385436505277,0.05087218227137713
val:4126,val,mendeley_pa:image:MENDE-PA-00159,images/mendeley_pa/MENDE-PA-00159.jpg,Mendeley PA,PA,4126,6,17,0.0769230769230769,18.25068360179703,1.07923101130991,0.9895075334974599,1.0683050154515576,0.0109259958583523
val:4127,val,mendeley_pa:image:MENDE-PA-00159,images/mendeley_pa/MENDE-PA-00159.jpg,Mendeley PA,PA,4127,7,17,0.0769230769230769,19.38665085081835,0.8790471330545453,0.9953676462945484,0.9557427094158673,0.07669557636132196
val:4128,val,mendeley_pa:image:MENDE-PA-00159,images/mendeley_pa/MENDE-PA-00159.jpg,Mendeley PA,PA,4128,8,17,0.0769230769230769,20.10188867231528,0.9400602421595954,0.9339633227006257,0.9696172305063069,0.0295569883467115
val:4129,val,mendeley_pa:image:MENDE-PA-00159,images/mendeley_pa/MENDE-PA-00159.jpg,Mendeley PA,PA,4129,9,17,0.0769230769230769,21.220453105925756,0.9663824576035756,1.0,0.9889051867648959,0.022522729161320365
val:4130,val,mendeley_pa:image:MENDE-PA-00159,images/mendeley_pa/MENDE-PA-00159.jpg,Mendeley PA,PA,4130,10,17,0.0769230769230769,22.45156225117463,1.0486539696121948,1.0322400707006105,0.9997005800902494,0.04895338952194539
val:4131,val,mendeley_pa:image:MENDE-PA-00159,images/mendeley_pa/MENDE-PA-00159.jpg,Mendeley PA,PA,4131,11,17,0.0769230769230769,23.96998537853644,1.0781704860845989,1.0,1.0140075841918588,0.0641629018927401
val:4132,val,mendeley_pa:image:MENDE-PA-00159,images/mendeley_pa/MENDE-PA-00159.jpg,Mendeley PA,PA,4132,12,17,0.0769230769230769,25.062969167109276,0.9733902920967088,1.1225889904365483,1.015174476610178,0.041784184513469214
val:4133,val,mendeley_pa:image:MENDE-PA-00159,images/mendeley_pa/MENDE-PA-00159.jpg,Mendeley PA,PA,4133,13,17,0.0769230769230769,25.119890832700328,1.2112749981647462,0.9689185902475457,1.0297226332127194,0.18155236495202676
val:4134,val,mendeley_pa:image:MENDE-PA-00159,images/mendeley_pa/MENDE-PA-00159.jpg,Mendeley PA,PA,4134,14,17,0.0769230769230769,28.1192066775862,0.8635452566503776,1.0212011861113777,0.9580018671659698,0.09445661051559218
val:4135,val,mendeley_pa:image:MENDE-PA-00159,images/mendeley_pa/MENDE-PA-00159.jpg,Mendeley PA,PA,4135,15,17,0.0769230769230769,29.830935188201916,0.9052226666942105,0.8970047680988088,0.9453981889738813,0.040175522279670806
val:4447,val,mendeley_pa:image:MENDE-PA-00182,images/mendeley_pa/MENDE-PA-00182.jpg,Mendeley PA,PA,4447,3,17,0.0769230769230769,107.22126108919473,1.0357055249608973,1.0484735437637833,1.0232173440015582,0.012488180959339124
val:4448,val,mendeley_pa:image:MENDE-PA-00182,images/mendeley_pa/MENDE-PA-00182.jpg,Mendeley PA,PA,4448,4,17,0.0769230769230769,114.00056079587762,1.117066944083284,1.0,1.018978638574481,0.0980883055088031
val:4449,val,mendeley_pa:image:MENDE-PA-00182,images/mendeley_pa/MENDE-PA-00182.jpg,Mendeley PA,PA,4449,5,17,0.0769230769230769,125.08079889673392,0.9350073721943202,1.0,1.0001014500521705,0.06509407785785037
val:4450,val,mendeley_pa:image:MENDE-PA-00182,images/mendeley_pa/MENDE-PA-00182.jpg,Mendeley PA,PA,4450,6,17,0.0769230769230769,130.9419588132542,0.9379372420767895,0.9603076466938492,1.0141815321167942,0.07624429004000466
val:4451,val,mendeley_pa:image:MENDE-PA-00182,images/mendeley_pa/MENDE-PA-00182.jpg,Mendeley PA,PA,4451,7,17,0.0769230769230769,133.89788101125387,1.004778108050635,1.016713149804103,1.015091328490938,0.010313220440302917
val:4452,val,mendeley_pa:image:MENDE-PA-00182,images/mendeley_pa/MENDE-PA-00182.jpg,Mendeley PA,PA,4452,8,17,0.0769230769230769,139.75904092777412,1.0693843632333948,1.0,0.9773178994655609,0.0920664637678339
val:4453,val,mendeley_pa:image:MENDE-PA-00182,images/mendeley_pa/MENDE-PA-00182.jpg,Mendeley PA,PA,4453,9,17,0.0769230769230769,148.5528069896542,0.975952088950891,1.0,0.973794125020504,0.00215796393038703
val:4454,val,mendeley_pa:image:MENDE-PA-00182,images/mendeley_pa/MENDE-PA-00182.jpg,Mendeley PA,PA,4454,10,17,0.0769230769230769,153.179348584259,0.963899392152288,0.985390619789964,1.0140146254056752,0.05011523325338718
val:4455,val,mendeley_pa:image:MENDE-PA-00182,images/mendeley_pa/MENDE-PA-00182.jpg,Mendeley PA,PA,4455,11,17,0.0769230769230769,168.28645480032077,0.9323540885452251,1.0037759870146725,0.9761301588123057,0.043776070267080636
val:4456,val,mendeley_pa:image:MENDE-PA-00182,images/mendeley_pa/MENDE-PA-00182.jpg,Mendeley PA,PA,4456,12,17,0.0769230769230769,172.91299639492556,1.0999423265544368,0.9999999999999999,1.0235010087490082,0.07644131780542862
val:4457,val,mendeley_pa:image:MENDE-PA-00182,images/mendeley_pa/MENDE-PA-00182.jpg,Mendeley PA,PA,4457,13,17,0.0769230769230769,193.039337655955,0.9786783922078109,1.0412334719428418,0.9941317470499871,0.015453354842176137
val:4458,val,mendeley_pa:image:MENDE-PA-00182,images/mendeley_pa/MENDE-PA-00182.jpg,Mendeley PA,PA,4458,14,17,0.0769230769230769,193.039337655955,1.0972049457062878,0.9967081970142074,1.0098819671736905,0.0873229785325973
val:4459,val,mendeley_pa:image:MENDE-PA-00182,images/mendeley_pa/MENDE-PA-00182.jpg,Mendeley PA,PA,4459,15,17,0.0769230769230769,207.41883609801383,0.9443903719198062,0.9999999999999999,1.0047137700021267,0.060323398082320456
val:4823,val,mendeley_pa:image:MENDE-PA-00211,images/mendeley_pa/MENDE-PA-00211.jpg,Mendeley PA,PA,4823,3,17,0.0769230769230769,54.77208021317762,1.0308555833254633,1.0523386595150455,1.074329720561765,0.04347413723630167
val:4824,val,mendeley_pa:image:MENDE-PA-00211,images/mendeley_pa/MENDE-PA-00211.jpg,Mendeley PA,PA,4824,4,17,0.0769230769230769,55.67975994904666,1.0844181044608925,0.9977490027448731,1.06166138695689,0.022756717504002433
val:4825,val,mendeley_pa:image:MENDE-PA-00211,images/mendeley_pa/MENDE-PA-00211.jpg,Mendeley PA,PA,4825,5,17,0.0769230769230769,60.42339740282771,0.9043970974033448,1.0158862628405383,0.973813128507643,0.06941603110429817
val:4826,val,mendeley_pa:image:MENDE-PA-00211,images/mendeley_pa/MENDE-PA-00211.jpg,Mendeley PA,PA,4826,6,17,0.0769230769230769,60.42339740282771,1.032488434814034,0.9525565032681511,0.9785337944349335,0.05395464037910047
val:4827,val,mendeley_pa:image:MENDE-PA-00211,images/mendeley_pa/MENDE-PA-00211.jpg,Mendeley PA,PA,4827,7,17,0.0769230769230769,63.90526287793272,0.9461921028377867,1.0080599492038145,1.0079823274326172,0.06179022459483052
val:4828,val,mendeley_pa:image:MENDE-PA-00211,images/mendeley_pa/MENDE-PA-00211.jpg,Mendeley PA,PA,4828,8,17,0.0769230769230769,63.90526287793272,1.0398863896000972,0.9849792970151277,1.000248268227336,0.03963812137276124
val:4829,val,mendeley_pa:image:MENDE-PA-00211,images/mendeley_pa/MENDE-PA-00211.jpg,Mendeley PA,PA,4829,9,17,0.0769230769230769,68.45113028847614,0.9557777420117741,1.0301133893979584,0.9783503130627667,0.02257257105099253
val:4830,val,mendeley_pa:image:MENDE-PA-00211,images/mendeley_pa/MENDE-PA-00211.jpg,Mendeley PA,PA,4830,10,17,0.0769230769230769,66.49640358727694,1.1214236341475785,1.0216500961086878,1.0045170352659354,0.11690659888164312
val:4831,val,mendeley_pa:image:MENDE-PA-00211,images/mendeley_pa/MENDE-PA-00211.jpg,Mendeley PA,PA,4831,11,17,0.0769230769230769,69.1639704290431,1.0185656932267642,1.0201065076023266,1.01003381623625,0.008531876990514053
val:4832,val,mendeley_pa:image:MENDE-PA-00211,images/mendeley_pa/MENDE-PA-00211.jpg,Mendeley PA,PA,4832,12,17,0.0769230769230769,71.11869713024228,0.9355991710888731,1.0000000000000002,1.0155529631301763,0.07995379204130315
val:4833,val,mendeley_pa:image:MENDE-PA-00211,images/mendeley_pa/MENDE-PA-00211.jpg,Mendeley PA,PA,4833,13,17,0.0769230769230769,69.69972018655861,1.0299804157313568,0.971955027997714,0.9739525624161927,0.05602785331516413
val:4834,val,mendeley_pa:image:MENDE-PA-00211,images/mendeley_pa/MENDE-PA-00211.jpg,Mendeley PA,PA,4834,14,17,0.0769230769230769,74.83862995191834,0.9213342485163452,0.9999999999999999,1.030319932848215,0.10898568433186995
val:4835,val,mendeley_pa:image:MENDE-PA-00211,images/mendeley_pa/MENDE-PA-00211.jpg,Mendeley PA,PA,4835,15,17,0.0769230769230769,76.48719916783494,1.0183130507735976,1.0061886443889263,1.0283652695959928,0.010052218822395265
val:5192,val,mendeley_pa:image:MENDE-PA-00243,images/mendeley_pa/MENDE-PA-00243.jpg,Mendeley PA,PA,5192,3,17,0.0769230769230769,81.58006508541052,0.9563111960909134,0.9997649901143808,1.0612078682116766,0.10489667212076315
val:5193,val,mendeley_pa:image:MENDE-PA-00243,images/mendeley_pa/MENDE-PA-00243.jpg,Mendeley PA,PA,5193,4,17,0.0769230769230769,81.15593159435892,0.9942684945150786,0.97802499873502,0.9854284553409909,0.00884003917408771
val:5194,val,mendeley_pa:image:MENDE-PA-00243,images/mendeley_pa/MENDE-PA-00243.jpg,Mendeley PA,PA,5194,5,17,0.0769230769230769,81.13675947259438,0.9949760219113624,1.0,1.0154239712283015,0.020447949316939162
val:5195,val,mendeley_pa:image:MENDE-PA-00243,images/mendeley_pa/MENDE-PA-00243.jpg,Mendeley PA,PA,5195,6,17,0.0769230769230769,80.70995804905647,1.0108137210071386,1.0255948100108176,1.0221787884234905,0.011365067416351904
val:5196,val,mendeley_pa:image:MENDE-PA-00243,images/mendeley_pa/MENDE-PA-00243.jpg,Mendeley PA,PA,5196,7,17,0.0769230769230769,81.15593159435892,1.0451768138865307,0.9894834824181458,1.0164696138627192,0.028707200023811552
val:5197,val,mendeley_pa:image:MENDE-PA-00243,images/mendeley_pa/MENDE-PA-00243.jpg,Mendeley PA,PA,5197,8,17,0.0769230769230769,88.76809660095364,0.8902091813806494,1.0,1.0188235715031624,0.12861439012251297
val:5198,val,mendeley_pa:image:MENDE-PA-00243,images/mendeley_pa/MENDE-PA-00243.jpg,Mendeley PA,PA,5198,9,17,0.0769230769230769,89.05868453887675,1.0410427199792025,0.9674365086686181,1.0094136199187802,0.0316291000604223
val:5199,val,mendeley_pa:image:MENDE-PA-00243,images/mendeley_pa/MENDE-PA-00243.jpg,Mendeley PA,PA,5199,10,17,0.0769230769230769,100.40268189582284,0.9292089544258443,1.0152077005455376,0.9451013506600738,0.015892396234229555
val:5200,val,mendeley_pa:image:MENDE-PA-00243,images/mendeley_pa/MENDE-PA-00243.jpg,Mendeley PA,PA,5200,11,17,0.0769230769230769,100.69326983374592,1.1038002502601816,1.0,0.9924055081792176,0.111394742080964
val:5201,val,mendeley_pa:image:MENDE-PA-00243,images/mendeley_pa/MENDE-PA-00243.jpg,Mendeley PA,PA,5201,12,17,0.0769230769230769,112.79879671219578,0.9582679226385475,0.9999999999999998,0.959176607429981,0.0009086847914334673
val:5202,val,mendeley_pa:image:MENDE-PA-00243,images/mendeley_pa/MENDE-PA-00243.jpg,Mendeley PA,PA,5202,13,17,0.0769230769230769,115.65797294848647,0.989575850800734,0.9867981957376979,1.0166034648300193,0.02702761402928533
val:5203,val,mendeley_pa:image:MENDE-PA-00243,images/mendeley_pa/MENDE-PA-00243.jpg,Mendeley PA,PA,5203,14,17,0.0769230769230769,121.2357119727042,0.9912152739452237,1.0,0.9904277911409736,0.000787482804250117
val:5204,val,mendeley_pa:image:MENDE-PA-00243,images/mendeley_pa/MENDE-PA-00243.jpg,Mendeley PA,PA,5204,15,17,0.0769230769230769,126.8391976029832,1.0093022455387295,1.0556697531828019,1.0326878859886262,0.02338564044989666
val:5238,val,mendeley_pa:image:MENDE-PA-00246,images/mendeley_pa/MENDE-PA-00246.jpg,Mendeley PA,PA,5238,3,17,0.0769230769230769,35.75785778898972,1.0638971581644239,1.0,1.0173597875982523,0.046537370566171576
val:5239,val,mendeley_pa:image:MENDE-PA-00246,images/mendeley_pa/MENDE-PA-00246.jpg,Mendeley PA,PA,5239,4,17,0.0769230769230769,38.55103979388984,0.8419051586540527,1.0269171050361856,0.9922290122679933,0.15032385361394063
val:5240,val,mendeley_pa:image:MENDE-PA-00246,images/mendeley_pa/MENDE-PA-00246.jpg,Mendeley PA,PA,5240,5,17,0.0769230769230769,36.89593428303384,1.1148860132731173,0.9498272441536225,1.0159872003108301,0.0988988129622872
val:5241,val,mendeley_pa:image:MENDE-PA-00246,images/mendeley_pa/MENDE-PA-00246.jpg,Mendeley PA,PA,5241,6,17,0.0769230769230769,38.64671087888268,0.9737751811542745,1.0,1.0092613408342004,0.035486159679925855
val:5242,val,mendeley_pa:image:MENDE-PA-00246,images/mendeley_pa/MENDE-PA-00246.jpg,Mendeley PA,PA,5242,7,17,0.0769230769230769,40.97777241492008,0.8823969324843386,0.9766137528931659,0.9573905545985263,0.0749936221141877
val:5243,val,mendeley_pa:image:MENDE-PA-00246,images/mendeley_pa/MENDE-PA-00246.jpg,Mendeley PA,PA,5243,8,17,0.0769230769230769,39.226995819071234,1.0810336971804706,0.981204943466291,0.9958879106820674,0.08514578649840321
val:5244,val,mendeley_pa:image:MENDE-PA-00246,images/mendeley_pa/MENDE-PA-00246.jpg,Mendeley PA,PA,5244,9,17,0.0769230769230769,42.01484294034397,0.9715800630030256,0.9999999999999998,1.0241657961159942,0.05258573311296866
val:5245,val,mendeley_pa:image:MENDE-PA-00246,images/mendeley_pa/MENDE-PA-00246.jpg,Mendeley PA,PA,5245,10,17,0.0769230769230769,44.79010380964687,0.929312013609344,0.9841886531910671,0.9777159803896023,0.04840396678025827
val:5246,val,mendeley_pa:image:MENDE-PA-00246,images/mendeley_pa/MENDE-PA-00246.jpg,Mendeley PA,PA,5246,11,17,0.0769230769230769,44.3992424304174,1.066302881463876,0.9999999999999998,1.0177772492170332,0.04852563224684281
val:5247,val,mendeley_pa:image:MENDE-PA-00246,images/mendeley_pa/MENDE-PA-00246.jpg,Mendeley PA,PA,5247,12,17,0.0769230769230769,46.63929398963321,1.0114755019706358,1.0635685584643362,1.0310621000030515,0.019586598032415692
val:5248,val,mendeley_pa:image:MENDE-PA-00246,images/mendeley_pa/MENDE-PA-00246.jpg,Mendeley PA,PA,5248,13,17,0.0769230769230769,46.55502557030974,1.1140608898603341,1.0,0.9794928543269634,0.1345680355333707
val:5249,val,mendeley_pa:image:MENDE-PA-00246,images/mendeley_pa/MENDE-PA-00246.jpg,Mendeley PA,PA,5249,14,17,0.0769230769230769,49.51981825702509,0.927619475549722,0.9773156511390778,1.0218869874978633,0.09426751194814131
val:5250,val,mendeley_pa:image:MENDE-PA-00246,images/mendeley_pa/MENDE-PA-00246.jpg,Mendeley PA,PA,5250,15,17,0.0769230769230769,49.71077137110923,0.9037850830873994,1.004690059832794,1.022461302019221,0.11867621893182168
val:5373,val,mendeley_pa:image:MENDE-PA-00256,images/mendeley_pa/MENDE-PA-00256.jpg,Mendeley PA,PA,5373,3,17,0.0769230769230769,110.48272462854632,1.0035731148283409,0.8815975834161017,1.0148809750109886,0.011307860182647733
val:5374,val,mendeley_pa:image:MENDE-PA-00256,images/mendeley_pa/MENDE-PA-00256.jpg,Mendeley PA,PA,5374,4,17,0.0769230769230769,115.8068602544688,0.9318057149386685,1.0,1.064198262989521,0.13239254805085254
val:5375,val,mendeley_pa:image:MENDE-PA-00256,images/mendeley_pa/MENDE-PA-00256.jpg,Mendeley PA,PA,5375,5,17,0.0769230769230769,121.62977512304776,0.9926535529363736,0.9877990489048766,0.9643015642804907,0.028351988655882843
val:5376,val,mendeley_pa:image:MENDE-PA-00256,images/mendeley_pa/MENDE-PA-00256.jpg,Mendeley PA,PA,5376,6,17,0.0769230769230769,127.65578276458724,1.0370235902280434,1.0,1.0303361341357231,0.006687456092320243
val:5377,val,mendeley_pa:image:MENDE-PA-00256,images/mendeley_pa/MENDE-PA-00256.jpg,Mendeley PA,PA,5377,7,17,0.0769230769230769,126.55914328732447,1.0633395076395666,1.0678154833352171,1.026768852744063,0.036570654895503596
val:5378,val,mendeley_pa:image:MENDE-PA-00256,images/mendeley_pa/MENDE-PA-00256.jpg,Mendeley PA,PA,5378,8,17,0.0769230769230769,133.4786976331662,1.0331353977005102,0.9498539976037326,0.9936621858931365,0.03947321180737373
val:5379,val,mendeley_pa:image:MENDE-PA-00256,images/mendeley_pa/MENDE-PA-00256.jpg,Mendeley PA,PA,5379,9,17,0.0769230769230769,141.04710035546208,0.8436558544861182,1.0045709646504781,1.0014934150234274,0.15783756053730913
val:5380,val,mendeley_pa:image:MENDE-PA-00256,images/mendeley_pa/MENDE-PA-00256.jpg,Mendeley PA,PA,5380,10,17,0.0769230769230769,141.04710035546208,1.0314432242850256,0.9329785747350936,0.9599060905994659,0.0715371336855597
val:5381,val,mendeley_pa:image:MENDE-PA-00256,images/mendeley_pa/MENDE-PA-00256.jpg,Mendeley PA,PA,5381,11,17,0.0769230769230769,153.10430746022217,0.9417934461745914,1.0,0.9969705771654844,0.05517713099089305
val:5382,val,mendeley_pa:image:MENDE-PA-00256,images/mendeley_pa/MENDE-PA-00256.jpg,Mendeley PA,PA,5382,12,17,0.0769230769230769,159.2339085172979,1.0093738227639681,0.9959511054160475,1.03093401765846,0.021560194894491902
val:5383,val,mendeley_pa:image:MENDE-PA-00256,images/mendeley_pa/MENDE-PA-00256.jpg,Mendeley PA,PA,5383,13,17,0.0769230769230769,180.0101140365782,0.960977898346054,0.9999999999999999,1.0145304193720222,0.05355252102596819
val:5384,val,mendeley_pa:image:MENDE-PA-00256,images/mendeley_pa/MENDE-PA-00256.jpg,Mendeley PA,PA,5384,14,17,0.0769230769230769,188.84009325172445,1.0553568666890263,1.0,1.0269269458949566,0.028429920794069696
val:5385,val,mendeley_pa:image:MENDE-PA-00256,images/mendeley_pa/MENDE-PA-00256.jpg,Mendeley PA,PA,5385,15,17,0.0769230769230769,200.87725581535085,1.0190025974055639,1.0528384446021586,1.03195039730933,0.012947799903766155
val:5483,val,mendeley_pa:image:MENDE-PA-00263,images/mendeley_pa/MENDE-PA-00263.jpg,Mendeley PA,PA,5483,3,17,0.0769230769230769,67.93387430405951,0.9325525886710015,0.949843557624782,0.9544312554213056,0.021878666750304032
val:5484,val,mendeley_pa:image:MENDE-PA-00263,images/mendeley_pa/MENDE-PA-00263.jpg,Mendeley PA,PA,5484,4,17,0.0769230769230769,67.39924050094731,0.8391648889335972,0.9871693785898463,0.9419409420006053,0.1027760530670081
val:5485,val,mendeley_pa:image:MENDE-PA-00263,images/mendeley_pa/MENDE-PA-00263.jpg,Mendeley PA,PA,5485,5,17,0.0769230769230769,64.12074962056586,1.0872770951266861,0.9485270798149863,0.970317075768427,0.11696001935825917
val:5486,val,mendeley_pa:image:MENDE-PA-00263,images/mendeley_pa/MENDE-PA-00263.jpg,Mendeley PA,PA,5486,6,17,0.0769230769230769,67.30330564261251,0.9669875498046031,0.9999999999999998,0.9768849965184925,0.009897446713889368
val:5487,val,mendeley_pa:image:MENDE-PA-00263,images/mendeley_pa/MENDE-PA-00263.jpg,Mendeley PA,PA,5487,7,17,0.0769230769230769,74.32557431179188,0.8730452405012328,0.9823350379768541,0.9242965760234525,0.05125133552221972
val:5488,val,mendeley_pa:image:MENDE-PA-00263,images/mendeley_pa/MENDE-PA-00263.jpg,Mendeley PA,PA,5488,8,17,0.0769230769230769,72.00779242794476,1.1240974119897928,0.9986677156027135,1.0191559163119372,0.1049414956778556
val:5489,val,mendeley_pa:image:MENDE-PA-00263,images/mendeley_pa/MENDE-PA-00263.jpg,Mendeley PA,PA,5489,9,17,0.0769230769230769,80.5332433215109,0.9801433915142665,1.0,0.9416775144636631,0.03846587705060345
val:5490,val,mendeley_pa:image:MENDE-PA-00263,images/mendeley_pa/MENDE-PA-00263.jpg,Mendeley PA,PA,5490,10,17,0.0769230769230769,84.18498162904945,0.9517459288014286,0.9880641010209112,0.9180039819880514,0.033741946813377166
val:5491,val,mendeley_pa:image:MENDE-PA-00263,images/mendeley_pa/MENDE-PA-00263.jpg,Mendeley PA,PA,5491,11,17,0.0769230769230769,88.7808305788522,0.9847417463514145,1.0,0.9739398714154959,0.010801874935918665
val:5492,val,mendeley_pa:image:MENDE-PA-00263,images/mendeley_pa/MENDE-PA-00263.jpg,Mendeley PA,PA,5492,12,17,0.0769230769230769,93.61242760927256,1.0408761968307498,1.0,0.9823921788483858,0.05848401798236402
val:5493,val,mendeley_pa:image:MENDE-PA-00263,images/mendeley_pa/MENDE-PA-00263.jpg,Mendeley PA,PA,5493,13,17,0.0769230769230769,103.54324834279694,0.9638355631011044,1.0,0.984721471555531,0.020885908454426616
val:5494,val,mendeley_pa:image:MENDE-PA-00263,images/mendeley_pa/MENDE-PA-00263.jpg,Mendeley PA,PA,5494,14,17,0.0769230769230769,103.95040876901744,1.054806328883249,1.0270371275334507,1.0069822488664537,0.04782408001679528
val:5495,val,mendeley_pa:image:MENDE-PA-00263,images/mendeley_pa/MENDE-PA-00263.jpg,Mendeley PA,PA,5495,15,17,0.0769230769230769,108.87485076289904,1.0445313365524753,0.9999999999999999,1.0317442417144775,0.012787094837997781
val:5629,val,mendeley_pa:image:MENDE-PA-00275,images/mendeley_pa/MENDE-PA-00275.jpg,Mendeley PA,PA,5629,3,17,0.0769230769230769,11.62250218181218,0.9691731182399139,0.9948567963154529,1.001160075976095,0.0319869577361811
val:5630,val,mendeley_pa:image:MENDE-PA-00275,images/mendeley_pa/MENDE-PA-00275.jpg,Mendeley PA,PA,5630,4,17,0.0769230769230769,11.801341881859544,1.0367203818540816,1.0,1.0095405131578445,0.02717986869623701
val:5631,val,mendeley_pa:image:MENDE-PA-00275,images/mendeley_pa/MENDE-PA-00275.jpg,Mendeley PA,PA,5631,5,17,0.0769230769230769,12.132090134066308,1.0170108321051925,1.0479799642139764,1.0385635125362964,0.02155268043110392
val:5632,val,mendeley_pa:image:MENDE-PA-00275,images/mendeley_pa/MENDE-PA-00275.jpg,Mendeley PA,PA,5632,6,17,0.0769230769230769,12.28657937228698,1.0738288263278668,0.9916493008365614,0.9877022938323898,0.08612653249547697
val:5633,val,mendeley_pa:image:MENDE-PA-00275,images/mendeley_pa/MENDE-PA-00275.jpg,Mendeley PA,PA,5633,7,17,0.0769230769230769,12.850051373386394,0.9361432305939862,1.0208233205517103,1.0111317356963923,0.07498850510240607
val:5634,val,mendeley_pa:image:MENDE-PA-00275,images/mendeley_pa/MENDE-PA-00275.jpg,Mendeley PA,PA,5634,8,17,0.0769230769230769,12.68353613113472,1.0282291139250983,0.9732305715043169,0.9992724182266813,0.028956695698416968
val:5635,val,mendeley_pa:image:MENDE-PA-00275,images/mendeley_pa/MENDE-PA-00275.jpg,Mendeley PA,PA,5635,9,17,0.0769230769230769,12.87506587530195,0.9831811154847623,1.0,0.9854860818013549,0.002304966316592605
val:5636,val,mendeley_pa:image:MENDE-PA-00275,images/mendeley_pa/MENDE-PA-00275.jpg,Mendeley PA,PA,5636,10,17,0.0769230769230769,13.669375578969454,0.929709668128702,1.014524704168395,0.9610398768883504,0.031330208759648315
val:5637,val,mendeley_pa:image:MENDE-PA-00275,images/mendeley_pa/MENDE-PA-00275.jpg,Mendeley PA,PA,5637,11,17,0.0769230769230769,13.50286033671778,1.116601699613454,1.0,1.059791088104248,0.056810611509205966
val:5638,val,mendeley_pa:image:MENDE-PA-00275,images/mendeley_pa/MENDE-PA-00275.jpg,Mendeley PA,PA,5638,12,17,0.0769230769230769,16.14778330833684,0.8853952129146969,1.0,0.9991537681780756,0.11375855526337864
val:5639,val,mendeley_pa:image:MENDE-PA-00275,images/mendeley_pa/MENDE-PA-00275.jpg,Mendeley PA,PA,5639,13,17,0.0769230769230769,16.244361060932874,1.0599524198252896,0.9759871515318286,1.0121173414274585,0.04783507839783119
val:5640,val,mendeley_pa:image:MENDE-PA-00275,images/mendeley_pa/MENDE-PA-00275.jpg,Mendeley PA,PA,5640,14,17,0.0769230769230769,17.88875520035041,0.9733156457919727,1.00014868312633,1.0036274947144683,0.03031184892249561
val:5641,val,mendeley_pa:image:MENDE-PA-00275,images/mendeley_pa/MENDE-PA-00275.jpg,Mendeley PA,PA,5641,15,17,0.0769230769230769,17.985332952946443,1.032206640061487,1.0,1.0376899130642414,0.0054832730027543075
val:5754,val,mendeley_pa:image:MENDE-PA-00286,images/mendeley_pa/MENDE-PA-00286.jpg,Mendeley PA,PA,5754,3,17,0.0769230769230769,105.65466740755424,0.8999695954479335,0.9367714644507117,0.8652367935613341,0.03473280188659944
val:5755,val,mendeley_pa:image:MENDE-PA-00286,images/mendeley_pa/MENDE-PA-00286.jpg,Mendeley PA,PA,5755,4,17,0.0769230769230769,114.18226188920792,1.1886377122286118,1.009007623631831,1.0152770818475148,0.17336063038109706
val:5756,val,mendeley_pa:image:MENDE-PA-00286,images/mendeley_pa/MENDE-PA-00286.jpg,Mendeley PA,PA,5756,5,17,0.0769230769230769,131.82914769969483,1.026598135063456,1.0202594901709752,0.9906925930916266,0.03590554197182949
val:5757,val,mendeley_pa:image:MENDE-PA-00286,images/mendeley_pa/MENDE-PA-00286.jpg,Mendeley PA,PA,5757,6,17,0.0769230769230769,135.52844986229397,0.9833989515107218,0.9802935005544318,0.9965425090311659,0.01314355752044416
val:5758,val,mendeley_pa:image:MENDE-PA-00286,images/mendeley_pa/MENDE-PA-00286.jpg,Mendeley PA,PA,5758,7,17,0.0769230769230769,134.30704633498246,0.9707588951047967,1.0412257401429772,1.0197358889662385,0.04897699386144172
val:5759,val,mendeley_pa:image:MENDE-PA-00286,images/mendeley_pa/MENDE-PA-00286.jpg,Mendeley PA,PA,5759,8,17,0.0769230769230769,131.82914769969483,1.1105993971241015,0.9776020336550466,1.0102313745421163,0.10036802258198518
val:5760,val,mendeley_pa:image:MENDE-PA-00286,images/mendeley_pa/MENDE-PA-00286.jpg,Mendeley PA,PA,5760,9,17,0.0769230769230769,143.18823758634525,0.8895502033867939,1.0493070627141958,0.9772202367473608,0.08767003336056689
val:5761,val,mendeley_pa:image:MENDE-PA-00286,images/mendeley_pa/MENDE-PA-00286.jpg,Mendeley PA,PA,5761,10,17,0.0769230769230769,143.18823758634525,1.0761183225145694,0.933527200236486,0.9388146547000276,0.13730366781454184
val:5762,val,mendeley_pa:image:MENDE-PA-00286,images/mendeley_pa/MENDE-PA-00286.jpg,Mendeley PA,PA,5762,11,17,0.0769230769230769,154.21353125069382,0.9076188196902832,1.0,1.029398899525404,0.12178007983512074
val:5763,val,mendeley_pa:image:MENDE-PA-00286,images/mendeley_pa/MENDE-PA-00286.jpg,Mendeley PA,PA,5763,12,17,0.0769230769230769,164.7996214439055,0.9365287074927311,0.9571589342939832,0.978546461059449,0.042017753566717886
val:5764,val,mendeley_pa:image:MENDE-PA-00286,images/mendeley_pa/MENDE-PA-00286.jpg,Mendeley PA,PA,5764,13,17,0.0769230769230769,167.5373060337593,1.047598060441591,1.0262218409320019,1.0085261681219242,0.0390718923196669
val:5765,val,mendeley_pa:image:MENDE-PA-00286,images/mendeley_pa/MENDE-PA-00286.jpg,Mendeley PA,PA,5765,14,17,0.0769230769230769,178.123396226971,1.063988857128339,1.0,1.0213469602167606,0.04264189691157827
val:5766,val,mendeley_pa:image:MENDE-PA-00286,images/mendeley_pa/MENDE-PA-00286.jpg,Mendeley PA,PA,5766,15,17,0.0769230769230769,191.06095409496567,0.9459548470145986,1.0,1.0256576742976904,0.07970282728309175
val:5785,val,mendeley_pa:image:MENDE-PA-00292,images/mendeley_pa/MENDE-PA-00292.jpg,Mendeley PA,PA,5785,3,17,0.0769230769230769,12.120814914024637,0.8981545693148237,1.0299381784409418,0.9677784725338354,0.06962390321901168
val:5786,val,mendeley_pa:image:MENDE-PA-00292,images/mendeley_pa/MENDE-PA-00292.jpg,Mendeley PA,PA,5786,4,17,0.0769230769230769,12.514920114342017,0.9660137438351182,0.9204377687974589,1.0007277287049905,0.034713984869872316
val:5787,val,mendeley_pa:image:MENDE-PA-00292,images/mendeley_pa/MENDE-PA-00292.jpg,Mendeley PA,PA,5787,5,17,0.0769230769230769,12.499012352575235,0.9722404180273149,1.0000000000000002,0.9838931951671841,0.01165277713986923
val:5788,val,mendeley_pa:image:MENDE-PA-00292,images/mendeley_pa/MENDE-PA-00292.jpg,Mendeley PA,PA,5788,6,17,0.0769230769230769,12.120814914024637,1.0649811884151075,1.0649525716536754,1.0331670313709491,0.03181415704415835
val:5789,val,mendeley_pa:image:MENDE-PA-00292,images/mendeley_pa/MENDE-PA-00292.jpg,Mendeley PA,PA,5789,7,17,0.0769230769230769,12.266336706762743,1.1139545047974924,1.0134793992010265,1.0338399919537216,0.0801145128437708
val:5790,val,mendeley_pa:image:MENDE-PA-00292,images/mendeley_pa/MENDE-PA-00292.jpg,Mendeley PA,PA,5790,8,17,0.0769230769230769,12.998666800468492,0.9197034914231674,1.0018246428876718,0.9827791390776237,0.06307564765445628
val:5791,val,mendeley_pa:image:MENDE-PA-00292,images/mendeley_pa/MENDE-PA-00292.jpg,Mendeley PA,PA,5791,9,17,0.0769230769230769,13.368027009673774,0.9261372983440208,0.9367056541460379,0.9548278875964507,0.028690589252429843
val:5792,val,mendeley_pa:image:MENDE-PA-00292,images/mendeley_pa/MENDE-PA-00292.jpg,Mendeley PA,PA,5792,10,17,0.0769230769230769,13.013894354518628,1.00576302317183,0.9999999999999999,1.0021941617596895,0.0035688614121405227
val:5793,val,mendeley_pa:image:MENDE-PA-00292,images/mendeley_pa/MENDE-PA-00292.jpg,Mendeley PA,PA,5793,11,17,0.0769230769230769,14.080188285725487,0.9692455820312851,1.0,1.0019700538832694,0.03272447185198435
val:5794,val,mendeley_pa:image:MENDE-PA-00292,images/mendeley_pa/MENDE-PA-00292.jpg,Mendeley PA,PA,5794,12,17,0.0769230769230769,15.797612048862849,0.9540355083790273,1.0,0.9536384604871273,0.000397047891899982
val:5795,val,mendeley_pa:image:MENDE-PA-00292,images/mendeley_pa/MENDE-PA-00292.jpg,Mendeley PA,PA,5795,13,17,0.0769230769230769,17.248136973354228,1.0405798513395772,1.0000000000000002,1.0082303201779725,0.03234953116160466
val:5796,val,mendeley_pa:image:MENDE-PA-00292,images/mendeley_pa/MENDE-PA-00292.jpg,Mendeley PA,PA,5796,14,17,0.0769230769230769,19.047831645788943,1.0197901506963047,1.0,1.021287091076374,0.0014969403800693115
val:5797,val,mendeley_pa:image:MENDE-PA-00292,images/mendeley_pa/MENDE-PA-00292.jpg,Mendeley PA,PA,5797,15,17,0.0769230769230769,19.331424213386065,1.042220131407031,1.0521087824969462,1.0132874279885462,0.02893270341848475
val:5837,val,mendeley_pa:image:MENDE-PA-00297,images/mendeley_pa/MENDE-PA-00297.jpg,Mendeley PA,PA,5837,3,17,0.0769230769230769,26.880114890826757,0.9413496782875006,1.0,1.0147264953702688,0.07337681708276822
val:5838,val,mendeley_pa:image:MENDE-PA-00297,images/mendeley_pa/MENDE-PA-00297.jpg,Mendeley PA,PA,5838,4,17,0.0769230769230769,27.44813148609009,1.053290063052244,1.037663468596608,1.0499968793886607,0.0032931836635832212
val:5839,val,mendeley_pa:image:MENDE-PA-00297,images/mendeley_pa/MENDE-PA-00297.jpg,Mendeley PA,PA,5839,5,17,0.0769230769230769,29.25175980550973,1.0823369039810662,1.0,0.9876572648063302,0.09467963917473599
val:5840,val,mendeley_pa:image:MENDE-PA-00297,images/mendeley_pa/MENDE-PA-00297.jpg,Mendeley PA,PA,5840,6,17,0.0769230769230769,31.291251320779047,0.9457172282438657,1.0,0.9989046516129747,0.05318742336910898
val:5841,val,mendeley_pa:image:MENDE-PA-00297,images/mendeley_pa/MENDE-PA-00297.jpg,Mendeley PA,PA,5841,7,17,0.0769230769230769,32.21337653779276,0.959919350937549,1.00415287451642,0.9941123724524901,0.03419302151494108
val:5842,val,mendeley_pa:image:MENDE-PA-00297,images/mendeley_pa/MENDE-PA-00297.jpg,Mendeley PA,PA,5842,8,17,0.0769230769230769,31.844368714678605,1.1022870053963238,1.0,1.005908272229135,0.09637873316718881
val:5843,val,mendeley_pa:image:MENDE-PA-00297,images/mendeley_pa/MENDE-PA-00297.jpg,Mendeley PA,PA,5843,9,17,0.0769230769230769,33.937135643430445,0.9655055829095953,1.0347645627560007,1.0033245282472956,0.03781894533770025
val:5844,val,mendeley_pa:image:MENDE-PA-00297,images/mendeley_pa/MENDE-PA-00297.jpg,Mendeley PA,PA,5844,10,17,0.0769230769230769,33.738266768686834,1.0413177731435297,0.9712877641085869,0.9821341675360089,0.059183605607520784
val:5845,val,mendeley_pa:image:MENDE-PA-00297,images/mendeley_pa/MENDE-PA-00297.jpg,Mendeley PA,PA,5845,11,17,0.0769230769230769,34.91807645052178,0.9385579272689778,1.0,0.9708349481225014,0.032277020853523575
val:5846,val,mendeley_pa:image:MENDE-PA-00297,images/mendeley_pa/MENDE-PA-00297.jpg,Mendeley PA,PA,5846,12,17,0.0769230769230769,35.516060448817385,0.9771324758770594,0.9667809529850534,0.9710568258228055,0.006075650054253923
val:5847,val,mendeley_pa:image:MENDE-PA-00297,images/mendeley_pa/MENDE-PA-00297.jpg,Mendeley PA,PA,5847,13,17,0.0769230769230769,35.7020431224871,1.0055408860825599,1.0185943221710079,1.0212822311128877,0.01574134503032787
val:5848,val,mendeley_pa:image:MENDE-PA-00297,images/mendeley_pa/MENDE-PA-00297.jpg,Mendeley PA,PA,5848,14,17,0.0769230769230769,36.30002712078269,1.047599788910777,1.0,1.0086184898391366,0.038981299071640496
val:5849,val,mendeley_pa:image:MENDE-PA-00297,images/mendeley_pa/MENDE-PA-00297.jpg,Mendeley PA,PA,5849,15,17,0.0769230769230769,39.66690070698679,0.9252094192163016,1.0,1.001412864192389,0.07620344497608733
val:5945,val,mendeley_pa:image:MENDE-PA-00305,images/mendeley_pa/MENDE-PA-00305.jpg,Mendeley PA,PA,5945,3,17,0.0769230769230769,65.92815618027525,1.1393399491534404,1.1976520873674037,1.0958907760747554,0.04344917307868501
val:5946,val,mendeley_pa:image:MENDE-PA-00305,images/mendeley_pa/MENDE-PA-00305.jpg,Mendeley PA,PA,5946,4,17,0.0769230769230769,69.72797746808928,1.3393151607761724,1.021402378679651,1.0780056017650543,0.2613095590111181
val:5947,val,mendeley_pa:image:MENDE-PA-00305,images/mendeley_pa/MENDE-PA-00305.jpg,Mendeley PA,PA,5947,5,17,0.0769230769230769,77.8919669460337,0.864351801891021,1.0624820298958826,1.0430358375866222,0.1786840356956012
val:5948,val,mendeley_pa:image:MENDE-PA-00305,images/mendeley_pa/MENDE-PA-00305.jpg,Mendeley PA,PA,5948,6,17,0.0769230769230769,82.17221997949513,0.8777892695553,0.9005197486536367,1.0155722773330076,0.13778300777770758
val:5949,val,mendeley_pa:image:MENDE-PA-00305,images/mendeley_pa/MENDE-PA-00305.jpg,Mendeley PA,PA,5949,7,17,0.0769230769230769,77.9024905653381,1.0355169802202124,1.0,1.0278034321963787,0.007713548023833727
val:5950,val,mendeley_pa:image:MENDE-PA-00305,images/mendeley_pa/MENDE-PA-00305.jpg,Mendeley PA,PA,5950,8,17,0.0769230769230769,84.31290684113276,0.9924351005333402,0.9999999999999999,0.9416661970317363,0.0507689035016039
val:5951,val,mendeley_pa:image:MENDE-PA-00305,images/mendeley_pa/MENDE-PA-00305.jpg,Mendeley PA,PA,5951,9,17,0.0769230769230769,86.9660541188839,1.0113884410597174,1.0,1.0269485395401716,0.015560098480454254
val:5952,val,mendeley_pa:image:MENDE-PA-00305,images/mendeley_pa/MENDE-PA-00305.jpg,Mendeley PA,PA,5952,10,17,0.0769230769230769,89.70777656325828,1.0061225851137272,1.0,1.053340595215559,0.0472180101018318
val:5953,val,mendeley_pa:image:MENDE-PA-00305,images/mendeley_pa/MENDE-PA-00305.jpg,Mendeley PA,PA,5953,11,17,0.0769230769230769,92.31255743832924,0.9907546033182341,1.0661675573032807,1.0340837851804208,0.043329181862186705
val:5954,val,mendeley_pa:image:MENDE-PA-00305,images/mendeley_pa/MENDE-PA-00305.jpg,Mendeley PA,PA,5954,12,17,0.0769230769230769,92.913593021066,1.1471334195427036,1.0,1.0760782212018967,0.07105519834080698
val:5955,val,mendeley_pa:image:MENDE-PA-00305,images/mendeley_pa/MENDE-PA-00305.jpg,Mendeley PA,PA,5955,13,17,0.0769230769230769,102.91810837193272,0.9169241089720999,1.0,1.0358434841036797,0.1189193751315798
val:5956,val,mendeley_pa:image:MENDE-PA-00305,images/mendeley_pa/MENDE-PA-00305.jpg,Mendeley PA,PA,5956,14,17,0.0769230769230769,109.35993849417017,0.9075711858131843,0.9746180417987,0.9828813615294587,0.07531017571627441
val:5957,val,mendeley_pa:image:MENDE-PA-00305,images/mendeley_pa/MENDE-PA-00305.jpg,Mendeley PA,PA,5957,15,17,0.0769230769230769,96.81001193781968,1.2271483188443861,1.091764757241582,1.1294430250483505,0.09770529379603565
val:5988,val,mendeley_pa:image:MENDE-PA-00309,images/mendeley_pa/MENDE-PA-00309.jpg,Mendeley PA,PA,5988,3,17,0.0769230769230769,28.898197159628864,1.1430926965643855,1.0496208245048797,1.0570179490486658,0.08607474751571975
val:5989,val,mendeley_pa:image:MENDE-PA-00309,images/mendeley_pa/MENDE-PA-00309.jpg,Mendeley PA,PA,5989,4,17,0.0769230769230769,32.816534908545435,0.7324875208819379,0.9845343995544095,0.9187058005186696,0.18621827963673165
val:5990,val,mendeley_pa:image:MENDE-PA-00309,images/mendeley_pa/MENDE-PA-00309.jpg,Mendeley PA,PA,5990,5,17,0.0769230769230769,32.816534908545435,0.9624628850746856,0.8629408034239024,0.9476536663923473,0.01480921868233831
val:5991,val,mendeley_pa:image:MENDE-PA-00309,images/mendeley_pa/MENDE-PA-00309.jpg,Mendeley PA,PA,5991,6,17,0.0769230769230769,33.7008909250673,0.967326109346065,1.0248991714580762,0.9841473826928842,0.016821273346819154
val:5992,val,mendeley_pa:image:MENDE-PA-00309,images/mendeley_pa/MENDE-PA-00309.jpg,Mendeley PA,PA,5992,7,17,0.0769230769230769,34.208418341971644,1.0960849791983422,1.0000000000000002,0.9961808070074769,0.09990417219086534
val:5993,val,mendeley_pa:image:MENDE-PA-00309,images/mendeley_pa/MENDE-PA-00309.jpg,Mendeley PA,PA,5993,8,17,0.0769230769230769,37.17280345137627,0.9635292918047524,1.0128168766280363,0.9512281385143946,0.012301153290357858
val:5994,val,mendeley_pa:image:MENDE-PA-00309,images/mendeley_pa/MENDE-PA-00309.jpg,Mendeley PA,PA,5994,9,17,0.0769230769230769,36.33367918994309,1.0404438171501518,1.0,0.9727277886122465,0.06771602853790526
val:5995,val,mendeley_pa:image:MENDE-PA-00309,images/mendeley_pa/MENDE-PA-00309.jpg,Mendeley PA,PA,5995,10,17,0.0769230769230769,36.81011842569762,1.0010908677288768,0.9263439161034008,0.9760728945286652,0.025017973200211596
val:5996,val,mendeley_pa:image:MENDE-PA-00309,images/mendeley_pa/MENDE-PA-00309.jpg,Mendeley PA,PA,5996,11,17,0.0769230769230769,37.326712631738886,0.8142829758879844,1.0703277087735976,0.9237025476026381,0.10941957171465377
val:5997,val,mendeley_pa:image:MENDE-PA-00309,images/mendeley_pa/MENDE-PA-00309.jpg,Mendeley PA,PA,5997,12,17,0.0769230769230769,34.7920473014332,1.2374481974391114,0.9072235287253352,0.956917452168891,0.28053074527022037
val:5998,val,mendeley_pa:image:MENDE-PA-00309,images/mendeley_pa/MENDE-PA-00309.jpg,Mendeley PA,PA,5998,13,17,0.0769230769230769,40.685779386229726,0.8045519024261572,1.0232862227306638,0.9508706026420866,0.1463187002159294
val:5999,val,mendeley_pa:image:MENDE-PA-00309,images/mendeley_pa/MENDE-PA-00309.jpg,Mendeley PA,PA,5999,14,17,0.0769230769230769,38.69509791532312,1.0392282475573529,0.9548023543633284,1.0219712606943907,0.017256986862962176
val:6000,val,mendeley_pa:image:MENDE-PA-00309,images/mendeley_pa/MENDE-PA-00309.jpg,Mendeley PA,PA,6000,15,17,0.0769230769230769,38.22235732469483,1.076817937397759,1.0,1.0083015831187367,0.06851635427902236
val:6265,val,mendeley_pa:image:MENDE-PA-00328,images/mendeley_pa/MENDE-PA-00328.jpg,Mendeley PA,PA,6265,3,17,0.0769230769230769,16.775612531788234,1.010174693139843,1.0,1.0107455048710108,0.0005708117311677974
val:6266,val,mendeley_pa:image:MENDE-PA-00328,images/mendeley_pa/MENDE-PA-00328.jpg,Mendeley PA,PA,6266,4,17,0.0769230769230769,15.917506443392975,1.1724519468354928,0.9366399683232658,1.0689696259971015,0.10348232083839126
val:6267,val,mendeley_pa:image:MENDE-PA-00328,images/mendeley_pa/MENDE-PA-00328.jpg,Mendeley PA,PA,6267,5,17,0.0769230769230769,17.587835958397424,0.7318493446700711,1.048789748234236,0.9432051640576957,0.2113558193876246
val:6268,val,mendeley_pa:image:MENDE-PA-00328,images/mendeley_pa/MENDE-PA-00328.jpg,Mendeley PA,PA,6268,6,17,0.0769230769230769,16.2916785721359,1.1189376585443416,0.8222753667657977,0.9671118223493701,0.15182583619497148
val:6269,val,mendeley_pa:image:MENDE-PA-00328,images/mendeley_pa/MENDE-PA-00328.jpg,Mendeley PA,PA,6269,7,17,0.0769230769230769,19.368136567793755,0.7187498744250616,1.0,0.91403479129076,0.1952849168656985
val:6270,val,mendeley_pa:image:MENDE-PA-00328,images/mendeley_pa/MENDE-PA-00328.jpg,Mendeley PA,PA,6270,8,17,0.0769230769230769,19.515515754369577,1.0507998209441736,0.9122436693586577,0.9743489562250842,0.07645086471908935
val:6271,val,mendeley_pa:image:MENDE-PA-00328,images/mendeley_pa/MENDE-PA-00328.jpg,Mendeley PA,PA,6271,9,17,0.0769230769230769,20.65427964690057,1.0499018144014762,1.0,1.0072627044282854,0.04263910997319087
val:6272,val,mendeley_pa:image:MENDE-PA-00328,images/mendeley_pa/MENDE-PA-00328.jpg,Mendeley PA,PA,6272,10,17,0.0769230769230769,23.13531860982081,0.8991299918664702,1.0338723071430596,1.0058014028285416,0.10667141096207133
val:6273,val,mendeley_pa:image:MENDE-PA-00328,images/mendeley_pa/MENDE-PA-00328.jpg,Mendeley PA,PA,6273,11,17,0.0769230769230769,23.13531860982081,1.130434606062103,0.980909991821227,0.9973948484267567,0.13303975763534637
val:6274,val,mendeley_pa:image:MENDE-PA-00328,images/mendeley_pa/MENDE-PA-00328.jpg,Mendeley PA,PA,6274,12,17,0.0769230769230769,25.77937599198529,0.953695370704428,0.9999999999999998,0.9709741696715353,0.017278798967107267
val:6275,val,mendeley_pa:image:MENDE-PA-00328,images/mendeley_pa/MENDE-PA-00328.jpg,Mendeley PA,PA,6275,13,17,0.0769230769230769,26.362335172366848,0.9637153552234262,0.9702740059755472,1.0166686931214957,0.05295333789806944
val:6276,val,mendeley_pa:image:MENDE-PA-00328,images/mendeley_pa/MENDE-PA-00328.jpg,Mendeley PA,PA,6276,14,17,0.0769230769230769,26.31505126724393,1.009753136943161,1.0000000000000002,1.026891127228737,0.017137990285576166
val:6277,val,mendeley_pa:image:MENDE-PA-00328,images/mendeley_pa/MENDE-PA-00328.jpg,Mendeley PA,PA,6277,15,17,0.0769230769230769,27.65214843359962,0.9845280338598053,1.0634794886426973,1.0486597129346775,0.06413167907487227
val:6417,val,mendeley_pa:image:MENDE-PA-00341,images/mendeley_pa/MENDE-PA-00341.jpg,Mendeley PA,PA,6417,3,17,0.0769230769230769,67.34373616580383,0.7609713599538348,1.0,0.9475547894835472,0.1865834295297124
val:6418,val,mendeley_pa:image:MENDE-PA-00341,images/mendeley_pa/MENDE-PA-00341.jpg,Mendeley PA,PA,6418,4,17,0.0769230769230769,71.85250543352753,0.9463120504701793,0.954492138630249,0.8967326711178798,0.0495793793522995
val:6419,val,mendeley_pa:image:MENDE-PA-00341,images/mendeley_pa/MENDE-PA-00341.jpg,Mendeley PA,PA,6419,5,17,0.0769230769230769,72.50366101594483,1.1850249691669985,1.0,1.0354407988488674,0.1495841703181311
val:6420,val,mendeley_pa:image:MENDE-PA-00341,images/mendeley_pa/MENDE-PA-00341.jpg,Mendeley PA,PA,6420,6,17,0.0769230769230769,82.09705145548028,0.9380657273109367,1.0,0.9749978054314852,0.03693207812054844
val:6421,val,mendeley_pa:image:MENDE-PA-00341,images/mendeley_pa/MENDE-PA-00341.jpg,Mendeley PA,PA,6421,7,17,0.0769230769230769,87.64764938702649,0.8930696350498166,0.9617325010386308,0.9390570836749872,0.04598744862517057
val:6422,val,mendeley_pa:image:MENDE-PA-00341,images/mendeley_pa/MENDE-PA-00341.jpg,Mendeley PA,PA,6422,8,17,0.0769230769230769,83.82605218259224,1.092437893020953,1.0,1.0072287996299565,0.08520909339099658
val:6423,val,mendeley_pa:image:MENDE-PA-00341,images/mendeley_pa/MENDE-PA-00341.jpg,Mendeley PA,PA,6423,9,17,0.0769230769230769,89.29148397393385,1.0009537991353068,1.0294256215392616,1.011906153097656,0.010952353962349282
val:6424,val,mendeley_pa:image:MENDE-PA-00341,images/mendeley_pa/MENDE-PA-00341.jpg,Mendeley PA,PA,6424,10,17,0.0769230769230769,90.47570297037696,1.0197558451648892,0.9747637014389461,1.0159663062096065,0.0037895389552826675
val:6425,val,mendeley_pa:image:MENDE-PA-00341,images/mendeley_pa/MENDE-PA-00341.jpg,Mendeley PA,PA,6425,11,17,0.0769230769230769,96.65136225543452,0.9002274783391361,1.0394062143623326,0.9613647279202435,0.061137249581107445
val:6426,val,mendeley_pa:image:MENDE-PA-00341,images/mendeley_pa/MENDE-PA-00341.jpg,Mendeley PA,PA,6426,12,17,0.0769230769230769,96.65136225543452,1.124215154600301,0.9728151021073861,1.0128894170294804,0.11132573757082054
val:6427,val,mendeley_pa:image:MENDE-PA-00341,images/mendeley_pa/MENDE-PA-00341.jpg,Mendeley PA,PA,6427,13,17,0.0769230769230769,103.79083883450473,0.9734924459232207,1.0141356134872062,1.0201510497453732,0.04665860382215248
val:6428,val,mendeley_pa:image:MENDE-PA-00341,images/mendeley_pa/MENDE-PA-00341.jpg,Mendeley PA,PA,6428,14,17,0.0769230769230769,107.18977897904556,0.9502682703651596,0.9644680273088941,0.9486029807779321,0.0016652895872274476
val:6429,val,mendeley_pa:image:MENDE-PA-00341,images/mendeley_pa/MENDE-PA-00341.jpg,Mendeley PA,PA,6429,15,17,0.0769230769230769,110.98416716436904,0.9525920182938477,1.0,1.0070772501640022,0.05448523187015453
val:6486,val,mendeley_pa:image:MENDE-PA-00346,images/mendeley_pa/MENDE-PA-00346.jpg,Mendeley PA,PA,6486,3,17,0.0769230769230769,23.290377407555496,1.0025510441680532,1.0,1.021095134317875,0.018544090149821724
val:6487,val,mendeley_pa:image:MENDE-PA-00346,images/mendeley_pa/MENDE-PA-00346.jpg,Mendeley PA,PA,6487,4,17,0.0769230769230769,23.92549790635022,0.9824878213022392,1.0,0.9910665946081281,0.008578773305888854
val:6488,val,mendeley_pa:image:MENDE-PA-00346,images/mendeley_pa/MENDE-PA-00346.jpg,Mendeley PA,PA,6488,5,17,0.0769230769230769,24.397993952085272,1.0042302523643978,0.9999999999999999,0.9866844806820153,0.01754577168238247
val:6489,val,mendeley_pa:image:MENDE-PA-00346,images/mendeley_pa/MENDE-PA-00346.jpg,Mendeley PA,PA,6489,6,17,0.0769230769230769,25.21132549056351,1.003099880728404,1.013248577164216,1.0004977280364464,0.0026021526919575155
val:6490,val,mendeley_pa:image:MENDE-PA-00346,images/mendeley_pa/MENDE-PA-00346.jpg,Mendeley PA,PA,6490,7,17,0.0769230769230769,25.605462475014303,1.0384298180801481,0.9999999999999999,0.9990858217352069,0.039343996344941234
val:6491,val,mendeley_pa:image:MENDE-PA-00346,images/mendeley_pa/MENDE-PA-00346.jpg,Mendeley PA,PA,6491,8,17,0.0769230769230769,28.001530025730386,0.9257153924667819,1.0,0.9291041344404221,0.0033887419736401414
val:6492,val,mendeley_pa:image:MENDE-PA-00346,images/mendeley_pa/MENDE-PA-00346.jpg,Mendeley PA,PA,6492,9,17,0.0769230769230769,28.15004523696672,1.044885863026877,0.9881345060598603,0.9859221239053211,0.058963739121555836
val:6493,val,mendeley_pa:image:MENDE-PA-00346,images/mendeley_pa/MENDE-PA-00346.jpg,Mendeley PA,PA,6493,10,17,0.0769230769230769,30.2408413854326,0.9824665377352318,1.0,0.9810450691729784,0.0014214685622534473
val:6494,val,mendeley_pa:image:MENDE-PA-00346,images/mendeley_pa/MENDE-PA-00346.jpg,Mendeley PA,PA,6494,11,17,0.0769230769230769,30.963762933351493,1.0033696009772677,0.9999999999999999,1.0134269380941987,0.01005733711693102
val:6495,val,mendeley_pa:image:MENDE-PA-00346,images/mendeley_pa/MENDE-PA-00346.jpg,Mendeley PA,PA,6495,12,17,0.0769230769230769,33.09568356888474,0.97344752120019,1.0119742921352042,1.0220654208942903,0.04861789969410035
val:6496,val,mendeley_pa:image:MENDE-PA-00346,images/mendeley_pa/MENDE-PA-00346.jpg,Mendeley PA,PA,6496,13,17,0.0769230769230769,33.670089905567295,1.0666993627354544,0.9999999999999999,1.0138559387996793,0.052843423935775125
val:6497,val,mendeley_pa:image:MENDE-PA-00346,images/mendeley_pa/MENDE-PA-00346.jpg,Mendeley PA,PA,6497,14,17,0.0769230769230769,36.79989929773584,0.954439260673164,1.0297747573336804,0.9992687387844765,0.04482947811131255
val:6498,val,mendeley_pa:image:MENDE-PA-00346,images/mendeley_pa/MENDE-PA-00346.jpg,Mendeley PA,PA,6498,15,17,0.0769230769230769,36.79989929773584,1.0835722937806762,0.9892310198932397,1.0318051387160527,0.05176715506462348
val:6625,val,mendeley_pa:image:MENDE-PA-00355,images/mendeley_pa/MENDE-PA-00355.jpg,Mendeley PA,PA,6625,3,17,0.0769230769230769,64.61159627811895,0.8171101414757059,1.0334521802132084,0.9939481327300026,0.17683799125429667
val:6626,val,mendeley_pa:image:MENDE-PA-00355,images/mendeley_pa/MENDE-PA-00355.jpg,Mendeley PA,PA,6626,4,17,0.0769230769230769,63.655234731415405,0.9949395547661357,0.922718025754568,0.9663425833092898,0.02859697145684592
val:6627,val,mendeley_pa:image:MENDE-PA-00355,images/mendeley_pa/MENDE-PA-00355.jpg,Mendeley PA,PA,6627,5,17,0.0769230769230769,62.9833529500968,1.0268883988454935,1.0,1.0324688367545605,0.0055804379090669265
val:6628,val,mendeley_pa:image:MENDE-PA-00355,images/mendeley_pa/MENDE-PA-00355.jpg,Mendeley PA,PA,6628,6,17,0.0769230769230769,68.47338816881292,0.9147144120219333,0.9999999999999999,1.009132033213973,0.09441762119203978
val:6629,val,mendeley_pa:image:MENDE-PA-00355,images/mendeley_pa/MENDE-PA-00355.jpg,Mendeley PA,PA,6629,7,17,0.0769230769230769,66.7181187357175,1.08321252520705,1.0211394302923607,1.0471085612107442,0.036103963996305666
val:6630,val,mendeley_pa:image:MENDE-PA-00355,images/mendeley_pa/MENDE-PA-00355.jpg,Mendeley PA,PA,6630,8,17,0.0769230769230769,70.5146324396849,1.044086964176211,1.0,0.9797136168926954,0.06437334728351551
val:6631,val,mendeley_pa:image:MENDE-PA-00355,images/mendeley_pa/MENDE-PA-00355.jpg,Mendeley PA,PA,6631,9,17,0.0769230769230769,76.5493806780479,0.8982353925994289,1.0018803289448146,0.9790850466405276,0.08084965404109878
val:6632,val,mendeley_pa:image:MENDE-PA-00355,images/mendeley_pa/MENDE-PA-00355.jpg,Mendeley PA,PA,6632,10,17,0.0769230769230769,76.5493806780479,1.0419839869117413,0.9682293608107706,1.023336723379149,0.018647263532592273
val:6633,val,mendeley_pa:image:MENDE-PA-00355,images/mendeley_pa/MENDE-PA-00355.jpg,Mendeley PA,PA,6633,11,17,0.0769230769230769,86.43156437192252,0.9195176949494344,1.0060921930154416,0.9757835906376693,0.056265895688234924
val:6634,val,mendeley_pa:image:MENDE-PA-00355,images/mendeley_pa/MENDE-PA-00355.jpg,Mendeley PA,PA,6634,12,17,0.0769230769230769,86.43156437192252,1.0893360093509368,0.9983346591347441,0.9779829605126366,0.11135304883830022
val:6635,val,mendeley_pa:image:MENDE-PA-00355,images/mendeley_pa/MENDE-PA-00355.jpg,Mendeley PA,PA,6635,13,17,0.0769230769230769,93.70338122395422,0.9935596629837316,0.9999999999999998,1.0357024259865282,0.042142763002796624
val:6636,val,mendeley_pa:image:MENDE-PA-00355,images/mendeley_pa/MENDE-PA-00355.jpg,Mendeley PA,PA,6636,14,17,0.0769230769230769,93.62645764208838,0.9960191742971478,1.0422153183644753,1.045197785777424,0.049178611480276135
val:6637,val,mendeley_pa:image:MENDE-PA-00355,images/mendeley_pa/MENDE-PA-00355.jpg,Mendeley PA,PA,6637,15,17,0.0769230769230769,93.17682345117392,1.0953148333259746,0.975948281909728,1.0521405491488218,0.043174284177152744
val:6695,val,mendeley_pa:image:MENDE-PA-00360,images/mendeley_pa/MENDE-PA-00360.jpg,Mendeley PA,PA,6695,3,17,0.0769230769230769,42.97279554014072,0.9373830781868041,0.9896469676442892,0.9702527729370147,0.03286969475021062
val:6696,val,mendeley_pa:image:MENDE-PA-00360,images/mendeley_pa/MENDE-PA-00360.jpg,Mendeley PA,PA,6696,4,17,0.0769230769230769,43.876865399120845,1.051034312975455,0.9999999999999999,1.0511507950723171,0.00011648209686221378
val:6697,val,mendeley_pa:image:MENDE-PA-00360,images/mendeley_pa/MENDE-PA-00360.jpg,Mendeley PA,PA,6697,5,17,0.0769230769230769,51.72623686129117,0.9177501074325677,1.0,0.9884891407564282,0.07073903332386056
val:6698,val,mendeley_pa:image:MENDE-PA-00360,images/mendeley_pa/MENDE-PA-00360.jpg,Mendeley PA,PA,6698,6,17,0.0769230769230769,47.93488027542004,1.196130715522027,1.1305611464916232,1.142969702908254,0.05316101261377315
val:6699,val,mendeley_pa:image:MENDE-PA-00360,images/mendeley_pa/MENDE-PA-00360.jpg,Mendeley PA,PA,6699,7,17,0.0769230769230769,47.93488027542004,1.2707837511161686,1.1028960868274749,1.1172214047541797,0.15356234636198884
val:6700,val,mendeley_pa:image:MENDE-PA-00360,images/mendeley_pa/MENDE-PA-00360.jpg,Mendeley PA,PA,6700,8,17,0.0769230769230769,55.34629337778915,0.8744578572578829,0.9667723091313434,0.9388084230938745,0.06435056583599152
val:6701,val,mendeley_pa:image:MENDE-PA-00360,images/mendeley_pa/MENDE-PA-00360.jpg,Mendeley PA,PA,6701,9,17,0.0769230769230769,57.13553553949008,0.8068474426715891,0.8904633890869557,0.8747401475938498,0.06789270492226063
val:6702,val,mendeley_pa:image:MENDE-PA-00360,images/mendeley_pa/MENDE-PA-00360.jpg,Mendeley PA,PA,6702,10,17,0.0769230769230769,52.43007879345329,1.0176640077821086,1.070932014562494,1.0189638647216623,0.0012998569395537007
val:6703,val,mendeley_pa:image:MENDE-PA-00360,images/mendeley_pa/MENDE-PA-00360.jpg,Mendeley PA,PA,6703,11,17,0.0769230769230769,54.909180292938174,1.2055987491164735,0.9999999999999999,1.0277105085551739,0.1778882405612996
val:6704,val,mendeley_pa:image:MENDE-PA-00360,images/mendeley_pa/MENDE-PA-00360.jpg,Mendeley PA,PA,6704,12,17,0.0769230769230769,62.2804826385377,0.9065786596467615,1.0000000000000002,0.9449887275695803,0.03841006792281876
val:6705,val,mendeley_pa:image:MENDE-PA-00360,images/mendeley_pa/MENDE-PA-00360.jpg,Mendeley PA,PA,6705,13,17,0.0769230769230769,63.96522915197775,0.9124101793215212,0.9663809267922653,0.9704665839790715,0.05805640465755024
val:6706,val,mendeley_pa:image:MENDE-PA-00360,images/mendeley_pa/MENDE-PA-00360.jpg,Mendeley PA,PA,6706,14,17,0.0769230769230769,60.04727271433826,1.118575338261756,1.0,1.0610116347670555,0.057563703494700524
val:6707,val,mendeley_pa:image:MENDE-PA-00360,images/mendeley_pa/MENDE-PA-00360.jpg,Mendeley PA,PA,6707,15,17,0.0769230769230769,72.25290632081267,0.8543880429346302,1.0,0.9897983064875007,0.13541026355287045
val:6812,val,mendeley_pa:image:MENDE-PA-00368,images/mendeley_pa/MENDE-PA-00368.jpg,Mendeley PA,PA,6812,3,17,0.0769230769230769,74.2592525499552,0.9292123852171178,1.0000000000000002,0.9677269794046881,0.038514594187570306
val:6813,val,mendeley_pa:image:MENDE-PA-00368,images/mendeley_pa/MENDE-PA-00368.jpg,Mendeley PA,PA,6813,4,17,0.0769230769230769,79.69981902196402,1.0496828862676604,1.0,0.973717188462615,0.07596569780504536
val:6814,val,mendeley_pa:image:MENDE-PA-00368,images/mendeley_pa/MENDE-PA-00368.jpg,Mendeley PA,PA,6814,5,17,0.0769230769230769,90.1023293902549,1.0032706309513104,1.0,0.891761913895607,0.11150871705570342
val:6815,val,mendeley_pa:image:MENDE-PA-00368,images/mendeley_pa/MENDE-PA-00368.jpg,Mendeley PA,PA,6815,6,17,0.0769230769230769,94.82062471009873,1.0181869504624985,1.0056840031155272,0.998398206078343,0.019788744384155565
val:6816,val,mendeley_pa:image:MENDE-PA-00368,images/mendeley_pa/MENDE-PA-00368.jpg,Mendeley PA,PA,6816,7,17,0.0769230769230769,97.89467563858902,1.0247967967692466,1.0,1.0012306494172662,0.02356614735198037
val:6817,val,mendeley_pa:image:MENDE-PA-00368,images/mendeley_pa/MENDE-PA-00368.jpg,Mendeley PA,PA,6817,8,17,0.0769230769230769,104.48595636979988,0.9498331834318998,1.0084871288823074,0.9620329525755829,0.012199769143683037
val:6818,val,mendeley_pa:image:MENDE-PA-00368,images/mendeley_pa/MENDE-PA-00368.jpg,Mendeley PA,PA,6818,9,17,0.0769230769230769,104.48595636979988,1.0568246500974632,0.9948417878823741,1.0285278446155055,0.028296805481957676
val:6819,val,mendeley_pa:image:MENDE-PA-00368,images/mendeley_pa/MENDE-PA-00368.jpg,Mendeley PA,PA,6819,10,17,0.0769230769230769,115.9011900619128,0.9374344013756036,1.0216652421100656,1.0164798708452503,0.07904546946964663
val:6820,val,mendeley_pa:image:MENDE-PA-00368,images/mendeley_pa/MENDE-PA-00368.jpg,Mendeley PA,PA,6820,11,17,0.0769230769230769,115.9011900619128,1.0905936381046955,0.9923487776300837,0.9403522485277582,0.15024138957693722
val:6821,val,mendeley_pa:image:MENDE-PA-00368,images/mendeley_pa/MENDE-PA-00368.jpg,Mendeley PA,PA,6821,12,17,0.0769230769230769,122.73167245384454,0.9889789930864001,1.059718741875268,0.9219003010803233,0.06707869200607686
val:6822,val,mendeley_pa:image:MENDE-PA-00368,images/mendeley_pa/MENDE-PA-00368.jpg,Mendeley PA,PA,6822,13,17,0.0769230769230769,123.89007318674916,1.0793520664905727,0.9703815811706764,0.9534546182883961,0.12589744820217663
val:6823,val,mendeley_pa:image:MENDE-PA-00368,images/mendeley_pa/MENDE-PA-00368.jpg,Mendeley PA,PA,6823,14,17,0.0769230769230769,166.95442095709956,0.7131422078843779,1.0,0.9314848482608795,0.21834264037650164
val:6824,val,mendeley_pa:image:MENDE-PA-00368,images/mendeley_pa/MENDE-PA-00368.jpg,Mendeley PA,PA,6824,15,17,0.0769230769230769,130.00840361189657,1.5398068881763787,1.3370761735830055,1.2315994142088638,0.3082074739675149
val:6829,val,mendeley_pa:image:MENDE-PA-00369,images/mendeley_pa/MENDE-PA-00369.jpg,Mendeley PA,PA,6829,3,17,0.0769230769230769,103.0397873520782,1.100769720499655,1.0,1.1108095273375511,0.010039806837896181
val:6830,val,mendeley_pa:image:MENDE-PA-00369,images/mendeley_pa/MENDE-PA-00369.jpg,Mendeley PA,PA,6830,4,17,0.0769230769230769,119.31000081127657,0.8658342226634246,1.0,0.9889971539378166,0.12316293127439204
val:6831,val,mendeley_pa:image:MENDE-PA-00369,images/mendeley_pa/MENDE-PA-00369.jpg,Mendeley PA,PA,6831,5,17,0.0769230769230769,115.15927925233066,1.087163140577995,1.0279593666149958,1.000172932918249,0.08699020765974597
val:6832,val,mendeley_pa:image:MENDE-PA-00369,images/mendeley_pa/MENDE-PA-00369.jpg,Mendeley PA,PA,6832,6,17,0.0769230769230769,121.04620213971624,1.1025165213997117,0.9999999999999999,1.0108270663768053,0.09168945502290637
val:6833,val,mendeley_pa:image:MENDE-PA-00369,images/mendeley_pa/MENDE-PA-00369.jpg,Mendeley PA,PA,6833,7,17,0.0769230769230769,133.23401555795118,0.8773696423637829,1.0,0.9946759329177439,0.11730629055396102
val:6834,val,mendeley_pa:image:MENDE-PA-00369,images/mendeley_pa/MENDE-PA-00369.jpg,Mendeley PA,PA,6834,8,17,0.0769230769230769,135.5768333533986,0.9810864445953057,0.9735131756911874,0.9834125618959666,0.0023261173006609015
val:6835,val,mendeley_pa:image:MENDE-PA-00369,images/mendeley_pa/MENDE-PA-00369.jpg,Mendeley PA,PA,6835,9,17,0.0769230769230769,135.3554111996235,1.0865925882960397,1.0000000000000002,1.0036551051307472,0.08293748316529248
val:6836,val,mendeley_pa:image:MENDE-PA-00369,images/mendeley_pa/MENDE-PA-00369.jpg,Mendeley PA,PA,6836,10,17,0.0769230769230769,147.97935245764802,0.9305232568474742,1.0,0.9575920067727566,0.02706874992528241
val:6837,val,mendeley_pa:image:MENDE-PA-00369,images/mendeley_pa/MENDE-PA-00369.jpg,Mendeley PA,PA,6837,11,17,0.0769230769230769,152.99127796398545,0.9731438308206676,0.9694200360025107,0.9671715103830039,0.005972320437663714
val:6838,val,mendeley_pa:image:MENDE-PA-00369,images/mendeley_pa/MENDE-PA-00369.jpg,Mendeley PA,PA,6838,12,17,0.0769230769230769,153.89444382635983,1.0327038938980915,1.0,1.0188182443380356,0.01388564956005589
val:6839,val,mendeley_pa:image:MENDE-PA-00369,images/mendeley_pa/MENDE-PA-00369.jpg,Mendeley PA,PA,6839,13,17,0.0769230769230769,168.78537185120967,0.941470031376765,1.0,1.0149699887260795,0.07349995734931447
val:6840,val,mendeley_pa:image:MENDE-PA-00369,images/mendeley_pa/MENDE-PA-00369.jpg,Mendeley PA,PA,6840,14,17,0.0769230769230769,177.3898545465503,1.0070663441847358,1.0609271451791953,1.0294442512056063,0.022377907020870502
val:6841,val,mendeley_pa:image:MENDE-PA-00369,images/mendeley_pa/MENDE-PA-00369.jpg,Mendeley PA,PA,6841,15,17,0.0769230769230769,187.24783500899707,1.161503707599616,1.0,0.9744766540825367,0.18702705351707927
val:7209,val,mendeley_pa:image:MENDE-PA-00399,images/mendeley_pa/MENDE-PA-00399.jpg,Mendeley PA,PA,7209,3,17,0.0769230769230769,25.632176670575543,1.0837895597950347,1.0353554340534694,0.9971766250663288,0.0866129347287059
val:7210,val,mendeley_pa:image:MENDE-PA-00399,images/mendeley_pa/MENDE-PA-00399.jpg,Mendeley PA,PA,7210,4,17,0.0769230769230769,27.58366452732299,0.9313259735774754,0.9671458906039936,0.949536229158972,0.01821025558149658
val:7211,val,mendeley_pa:image:MENDE-PA-00399,images/mendeley_pa/MENDE-PA-00399.jpg,Mendeley PA,PA,7211,5,17,0.0769230769230769,28.031481308994284,0.9123659873158918,0.9627115273252203,0.9670466429889275,0.054680655673035705
val:7212,val,mendeley_pa:image:MENDE-PA-00399,images/mendeley_pa/MENDE-PA-00399.jpg,Mendeley PA,PA,7212,6,17,0.0769230769230769,27.271583529927412,1.0370896547521535,0.9979023385237152,1.0122208894605929,0.02486876529156068
val:7213,val,mendeley_pa:image:MENDE-PA-00399,images/mendeley_pa/MENDE-PA-00399.jpg,Mendeley PA,PA,7213,7,17,0.0769230769230769,30.62148510905069,0.9422725167102708,1.0,0.9301490932703018,0.012123423439968972
val:7214,val,mendeley_pa:image:MENDE-PA-00399,images/mendeley_pa/MENDE-PA-00399.jpg,Mendeley PA,PA,7214,8,17,0.0769230769230769,29.2434313413429,1.1270870605361343,1.0739754721700283,0.9829527944504353,0.14413426608569901
val:7215,val,mendeley_pa:image:MENDE-PA-00399,images/mendeley_pa/MENDE-PA-00399.jpg,Mendeley PA,PA,7215,9,17,0.0769230769230769,31.296485957039483,1.0850953737389588,1.0,0.9637957252562046,0.12129964848275421
val:7216,val,mendeley_pa:image:MENDE-PA-00399,images/mendeley_pa/MENDE-PA-00399.jpg,Mendeley PA,PA,7216,10,17,0.0769230769230769,33.17392444953059,0.8932641927444263,1.0150687486083596,0.9923167392761796,0.09905254653175333
val:7217,val,mendeley_pa:image:MENDE-PA-00399,images/mendeley_pa/MENDE-PA-00399.jpg,Mendeley PA,PA,7217,11,17,0.0769230769230769,31.79637548492218,1.0500554015783745,0.9289474616937548,0.9957347865395456,0.0543206150388289
val:7218,val,mendeley_pa:image:MENDE-PA-00399,images/mendeley_pa/MENDE-PA-00399.jpg,Mendeley PA,PA,7218,12,17,0.0769230769230769,35.947658674066524,0.8190031517469885,1.0152000752162142,0.9607283812832041,0.1417252295362157
val:7219,val,mendeley_pa:image:MENDE-PA-00399,images/mendeley_pa/MENDE-PA-00399.jpg,Mendeley PA,PA,7219,13,17,0.0769230769230769,35.947658674066524,1.1016065360476452,0.9451047686811027,0.9579669099252162,0.1436396261224291
val:7220,val,mendeley_pa:image:MENDE-PA-00399,images/mendeley_pa/MENDE-PA-00399.jpg,Mendeley PA,PA,7220,14,17,0.0769230769230769,37.39132491052224,1.0298474742931614,1.0695539304878565,1.0378519223894926,0.008004448096331274
val:7221,val,mendeley_pa:image:MENDE-PA-00399,images/mendeley_pa/MENDE-PA-00399.jpg,Mendeley PA,PA,7221,15,17,0.0769230769230769,39.05376863526891,1.0340590091211705,0.9434407762009303,0.9538511623385946,0.08020784678257598
val:7396,val,mendeley_pa:image:MENDE-PA-00412,images/mendeley_pa/MENDE-PA-00412.jpg,Mendeley PA,PA,7396,3,17,0.0769230769230769,144.01160420846327,0.9357524354280264,1.0,1.0032059957738966,0.06745356034587013
val:7397,val,mendeley_pa:image:MENDE-PA-00412,images/mendeley_pa/MENDE-PA-00412.jpg,Mendeley PA,PA,7397,4,17,0.0769230769230769,145.70186765084912,0.9827094091657856,0.9654040029205357,0.956321319558469,0.026388089607316645
val:7398,val,mendeley_pa:image:MENDE-PA-00412,images/mendeley_pa/MENDE-PA-00412.jpg,Mendeley PA,PA,7398,5,17,0.0769230769230769,147.91882240843975,0.9908348428680216,1.0,1.0381149910390377,0.04728014817101611
val:7399,val,mendeley_pa:image:MENDE-PA-00412,images/mendeley_pa/MENDE-PA-00412.jpg,Mendeley PA,PA,7399,6,17,0.0769230769230769,150.20718649414363,1.0162965707989868,1.0,1.039800275117159,0.02350370431817206
val:7400,val,mendeley_pa:image:MENDE-PA-00412,images/mendeley_pa/MENDE-PA-00412.jpg,Mendeley PA,PA,7400,7,17,0.0769230769230769,154.6483406751314,0.9948457846902621,1.0527254377402433,1.0069236566223272,0.01207787193206511
val:7401,val,mendeley_pa:image:MENDE-PA-00412,images/mendeley_pa/MENDE-PA-00412.jpg,Mendeley PA,PA,7401,8,17,0.0769230769230769,155.2464413184494,1.1140315633254048,0.9999999999999998,1.0027344909030942,0.11129707242231057
val:7402,val,mendeley_pa:image:MENDE-PA-00412,images/mendeley_pa/MENDE-PA-00412.jpg,Mendeley PA,PA,7402,9,17,0.0769230769230769,168.60328720976958,0.9290544413408346,1.0,0.9840646833181381,0.05501024197730353
val:7403,val,mendeley_pa:image:MENDE-PA-00412,images/mendeley_pa/MENDE-PA-00412.jpg,Mendeley PA,PA,7403,10,17,0.0769230769230769,179.06681307357712,0.9172952591128616,0.9544644743604824,0.9703665558649466,0.053071296752084995
val:7404,val,mendeley_pa:image:MENDE-PA-00412,images/mendeley_pa/MENDE-PA-00412.jpg,Mendeley PA,PA,7404,11,17,0.0769230769230769,177.79000819449072,1.0415894138543313,1.0,0.9886759649962187,0.052913448858112666
val:7405,val,mendeley_pa:image:MENDE-PA-00412,images/mendeley_pa/MENDE-PA-00412.jpg,Mendeley PA,PA,7405,12,17,0.0769230769230769,195.14384054238215,0.9804197619580406,1.0000000000000002,0.9982456449652093,0.017825883007168697
val:7406,val,mendeley_pa:image:MENDE-PA-00412,images/mendeley_pa/MENDE-PA-00412.jpg,Mendeley PA,PA,7406,13,17,0.0769230769230769,199.66294861812864,1.027248631154821,1.0,1.000976865994744,0.02627176516007701
val:7407,val,mendeley_pa:image:MENDE-PA-00412,images/mendeley_pa/MENDE-PA-00412.jpg,Mendeley PA,PA,7407,14,17,0.0769230769230769,215.06078524352444,0.9671824610357695,1.007891762074188,0.9924245197364248,0.025242058700655212
val:7408,val,mendeley_pa:image:MENDE-PA-00412,images/mendeley_pa/MENDE-PA-00412.jpg,Mendeley PA,PA,7408,15,17,0.0769230769230769,216.51054968542897,1.0549716734628602,1.0,1.0402913466095924,0.014680326853267811
val:7602,val,mendeley_pa:image:MENDE-PA-00425,images/mendeley_pa/MENDE-PA-00425.jpg,Mendeley PA,PA,7602,3,17,0.0769230769230769,84.52140464879804,1.074939578111905,0.9725002004786958,0.9850742426722874,0.08986533543961772
val:7603,val,mendeley_pa:image:MENDE-PA-00425,images/mendeley_pa/MENDE-PA-00425.jpg,Mendeley PA,PA,7603,4,17,0.0769230769230769,86.24948370351908,1.0256864974922595,1.0668860727930547,0.9858965480709554,0.039789949421304094
val:7604,val,mendeley_pa:image:MENDE-PA-00425,images/mendeley_pa/MENDE-PA-00425.jpg,Mendeley PA,PA,7604,5,17,0.0769230769230769,87.6541964776608,1.0630562664149839,0.9703385692786821,0.9778205340493866,0.08523573236559723
val:7605,val,mendeley_pa:image:MENDE-PA-00425,images/mendeley_pa/MENDE-PA-00425.jpg,Mendeley PA,PA,7605,6,17,0.0769230769230769,87.6541964776608,0.9314279022937699,1.0269035150756949,0.9584569533815497,0.027029051087779754
val:7606,val,mendeley_pa:image:MENDE-PA-00425,images/mendeley_pa/MENDE-PA-00425.jpg,Mendeley PA,PA,7606,7,17,0.0769230769230769,87.08201994596521,0.9972605384995683,0.9151889180936819,0.9145669713322973,0.08269356716727105
val:7607,val,mendeley_pa:image:MENDE-PA-00425,images/mendeley_pa/MENDE-PA-00425.jpg,Mendeley PA,PA,7607,8,17,0.0769230769230769,89.68196882222014,0.8669461198071226,0.9999999999999998,0.9679359421133993,0.10098982230627673
val:7608,val,mendeley_pa:image:MENDE-PA-00425,images/mendeley_pa/MENDE-PA-00425.jpg,Mendeley PA,PA,7608,9,17,0.0769230769230769,92.56309810328476,0.9995395296326366,0.9508766052336054,0.9766285051614599,0.022911024471176655
val:7609,val,mendeley_pa:image:MENDE-PA-00425,images/mendeley_pa/MENDE-PA-00425.jpg,Mendeley PA,PA,7609,10,17,0.0769230769230769,96.57982990561943,1.0176320894090494,1.0,0.9855766789987683,0.03205541041028104
val:7610,val,mendeley_pa:image:MENDE-PA-00425,images/mendeley_pa/MENDE-PA-00425.jpg,Mendeley PA,PA,7610,11,17,0.0769230769230769,108.2547794037756,0.9296511879292793,1.0092685831060575,0.9945421175381111,0.0648909296088318
val:7611,val,mendeley_pa:image:MENDE-PA-00425,images/mendeley_pa/MENDE-PA-00425.jpg,Mendeley PA,PA,7611,12,17,0.0769230769230769,109.4330044888336,1.0986956093054838,1.0,1.035328883677721,0.0633667256277628
val:7612,val,mendeley_pa:image:MENDE-PA-00425,images/mendeley_pa/MENDE-PA-00425.jpg,Mendeley PA,PA,7612,13,17,0.0769230769230769,125.31260405943436,0.9434551743083359,1.0,0.9796054754406214,0.036150301132285456
val:7613,val,mendeley_pa:image:MENDE-PA-00425,images/mendeley_pa/MENDE-PA-00425.jpg,Mendeley PA,PA,7613,14,17,0.0769230769230769,132.98078518480963,0.9805299795204889,0.9924547864705612,0.9941913817659308,0.013661402245441878
val:7614,val,mendeley_pa:image:MENDE-PA-00425,images/mendeley_pa/MENDE-PA-00425.jpg,Mendeley PA,PA,7614,15,17,0.0769230769230769,133.11065077839075,1.0947884934260124,1.0450450607213322,1.0498900857391897,0.04489840768682263
val:7693,val,mendeley_pa:image:MENDE-PA-00432,images/mendeley_pa/MENDE-PA-00432.jpg,Mendeley PA,PA,7693,3,17,0.0769230769230769,14.763547066489346,0.9422631057416972,1.0,1.0343227982521057,0.09205969251040846
val:7694,val,mendeley_pa:image:MENDE-PA-00432,images/mendeley_pa/MENDE-PA-00432.jpg,Mendeley PA,PA,7694,4,17,0.0769230769230769,15.267739792885926,0.9673573498272932,0.9722752637282843,1.0118088304118151,0.044451480584521974
val:7695,val,mendeley_pa:image:MENDE-PA-00432,images/mendeley_pa/MENDE-PA-00432.jpg,Mendeley PA,PA,7695,5,17,0.0769230769230769,16.13454936382877,0.977885740773357,1.0,0.9826014563441277,0.004715715570770662
val:7696,val,mendeley_pa:image:MENDE-PA-00432,images/mendeley_pa/MENDE-PA-00432.jpg,Mendeley PA,PA,7696,6,17,0.0769230769230769,16.787366611080397,1.0424349946708207,1.0,1.0369994081556797,0.005435586515140978
val:7697,val,mendeley_pa:image:MENDE-PA-00432,images/mendeley_pa/MENDE-PA-00432.jpg,Mendeley PA,PA,7697,7,17,0.0769230769230769,18.520581880471664,0.9609302548012368,1.0,0.9903967930004001,0.029466538199163228
val:7698,val,mendeley_pa:image:MENDE-PA-00432,images/mendeley_pa/MENDE-PA-00432.jpg,Mendeley PA,PA,7698,8,17,0.0769230769230769,18.71314075267633,1.0442621896268176,1.0,1.0033895787782967,0.040872610848520896
val:7699,val,mendeley_pa:image:MENDE-PA-00432,images/mendeley_pa/MENDE-PA-00432.jpg,Mendeley PA,PA,7699,9,17,0.0769230769230769,19.69867943111931,0.9964776628058712,1.0,0.9859619047492743,0.010515758056596991
val:7700,val,mendeley_pa:image:MENDE-PA-00432,images/mendeley_pa/MENDE-PA-00432.jpg,Mendeley PA,PA,7700,10,17,0.0769230769230769,21.167634885545745,0.9380326915319463,1.0091354012999676,0.9801825047049664,0.04214981317302002
val:7701,val,mendeley_pa:image:MENDE-PA-00432,images/mendeley_pa/MENDE-PA-00432.jpg,Mendeley PA,PA,7701,11,17,0.0769230769230769,21.28095462813081,1.0851357851768166,0.9999999999999998,0.999611425126204,0.08552436005061259
val:7702,val,mendeley_pa:image:MENDE-PA-00432,images/mendeley_pa/MENDE-PA-00432.jpg,Mendeley PA,PA,7702,12,17,0.0769230769230769,23.38474801037846,0.9709737184737,1.021275105525288,0.9913005294394821,0.02032681096578215
val:7703,val,mendeley_pa:image:MENDE-PA-00432,images/mendeley_pa/MENDE-PA-00432.jpg,Mendeley PA,PA,7703,13,17,0.0769230769230769,23.38474801037846,1.0550379488076775,0.9917307281154006,1.001141924339792,0.05389602446788544
val:7704,val,mendeley_pa:image:MENDE-PA-00432,images/mendeley_pa/MENDE-PA-00432.jpg,Mendeley PA,PA,7704,14,17,0.0769230769230769,24.633556828824887,0.9611592339496287,1.0,0.984349986538291,0.023190752588662322
val:7705,val,mendeley_pa:image:MENDE-PA-00432,images/mendeley_pa/MENDE-PA-00432.jpg,Mendeley PA,PA,7705,15,17,0.0769230769230769,25.1773451283628,0.9768828666406342,0.9944786632493534,0.9825189037308493,0.005636037090215096
val:7741,val,mendeley_pa:image:MENDE-PA-00436,images/mendeley_pa/MENDE-PA-00436.jpg,Mendeley PA,PA,7741,3,17,0.0769230769230769,117.80249422645106,0.9916299347900066,0.9844674301132696,1.0819286313638228,0.09029869657381617
val:7742,val,mendeley_pa:image:MENDE-PA-00436,images/mendeley_pa/MENDE-PA-00436.jpg,Mendeley PA,PA,7742,4,17,0.0769230769230769,120.35347966787576,0.9899154937691441,1.0,0.9898610692471266,5.442452201753767e-05
val:7743,val,mendeley_pa:image:MENDE-PA-00436,images/mendeley_pa/MENDE-PA-00436.jpg,Mendeley PA,PA,7743,5,17,0.0769230769230769,121.54835485535736,1.0192690786749483,1.0,1.0312619395554066,0.011992860880458256
val:7744,val,mendeley_pa:image:MENDE-PA-00436,images/mendeley_pa/MENDE-PA-00436.jpg,Mendeley PA,PA,7744,6,17,0.0769230769230769,136.3146718670342,0.9093440475678691,1.0,1.0076651154085994,0.09832106784073025
val:7745,val,mendeley_pa:image:MENDE-PA-00436,images/mendeley_pa/MENDE-PA-00436.jpg,Mendeley PA,PA,7745,7,17,0.0769230769230769,136.88906423277072,1.0865649853027861,0.9999999999999999,1.0183740556240082,0.06819092967877793
val:7746,val,mendeley_pa:image:MENDE-PA-00436,images/mendeley_pa/MENDE-PA-00436.jpg,Mendeley PA,PA,7746,8,17,0.0769230769230769,151.61979296485163,0.9881374329657475,1.0111102649560624,0.9607892037919217,0.027348229173825844
val:7747,val,mendeley_pa:image:MENDE-PA-00436,images/mendeley_pa/MENDE-PA-00436.jpg,Mendeley PA,PA,7747,9,17,0.0769230769230769,152.1609574352986,1.037518405964849,1.0,0.9930044994689524,0.044513906495896594
val:7748,val,mendeley_pa:image:MENDE-PA-00436,images/mendeley_pa/MENDE-PA-00436.jpg,Mendeley PA,PA,7748,10,17,0.0769230769230769,166.5859599862534,0.9274534413119807,1.0,1.0246271770447493,0.09717373573276855
val:7749,val,mendeley_pa:image:MENDE-PA-00436,images/mendeley_pa/MENDE-PA-00436.jpg,Mendeley PA,PA,7749,11,17,0.0769230769230769,174.10424226661962,1.00688026714304,0.9903245547007227,0.9884039925796368,0.01847627456340306
val:7750,val,mendeley_pa:image:MENDE-PA-00436,images/mendeley_pa/MENDE-PA-00436.jpg,Mendeley PA,PA,7750,12,17,0.0769230769230769,187.87379947137123,1.0131199297637423,1.0131652197552088,1.0245635938582185,0.01144366409447617
val:7751,val,mendeley_pa:image:MENDE-PA-00436,images/mendeley_pa/MENDE-PA-00436.jpg,Mendeley PA,PA,7751,13,17,0.0769230769230769,195.39208175173744,1.0511801238298584,1.0,1.0110066179186106,0.0401735059112478
val:7752,val,mendeley_pa:image:MENDE-PA-00436,images/mendeley_pa/MENDE-PA-00436.jpg,Mendeley PA,PA,7752,14,17,0.0769230769230769,216.87225984264109,0.9242559335344769,1.0000000000000002,0.9779426548630001,0.05368672132852326
val:7753,val,mendeley_pa:image:MENDE-PA-00436,images/mendeley_pa/MENDE-PA-00436.jpg,Mendeley PA,PA,7753,15,17,0.0769230769230769,209.89382807993604,1.0879416945368745,1.0692483951185834,1.0227734689448964,0.0651682255919781
val:7799,val,mendeley_pa:image:MENDE-PA-00442,images/mendeley_pa/MENDE-PA-00442.jpg,Mendeley PA,PA,7799,3,17,0.0769230769230769,18.687699308217155,1.08885977313464,1.0641365462823411,1.0415313618166944,0.04732841131794574
val:7800,val,mendeley_pa:image:MENDE-PA-00442,images/mendeley_pa/MENDE-PA-00442.jpg,Mendeley PA,PA,7800,4,17,0.0769230769230769,19.53046734175925,1.1051749886420348,1.0121554793529828,1.024417408343466,0.08075758029856872
val:7801,val,mendeley_pa:image:MENDE-PA-00442,images/mendeley_pa/MENDE-PA-00442.jpg,Mendeley PA,PA,7801,5,17,0.0769230769230769,20.96643402587806,0.9151510941601317,0.9886770352920364,0.9589689236333441,0.04381782947321233
val:7802,val,mendeley_pa:image:MENDE-PA-00442,images/mendeley_pa/MENDE-PA-00442.jpg,Mendeley PA,PA,7802,6,17,0.0769230769230769,21.539991253782297,0.9226317415802252,0.9900921324532481,0.9805465594198557,0.057914817839630484
val:7803,val,mendeley_pa:image:MENDE-PA-00442,images/mendeley_pa/MENDE-PA-00442.jpg,Mendeley PA,PA,7803,7,17,0.0769230769230769,20.68443906453108,1.1344613520500468,1.0,1.0120999803766608,0.12236137167338601
val:7804,val,mendeley_pa:image:MENDE-PA-00442,images/mendeley_pa/MENDE-PA-00442.jpg,Mendeley PA,PA,7804,8,17,0.0769230769230769,23.225041367611148,0.925526811544841,1.0017416312256304,0.967283984915301,0.04175717337046003
val:7805,val,mendeley_pa:image:MENDE-PA-00442,images/mendeley_pa/MENDE-PA-00442.jpg,Mendeley PA,PA,7805,9,17,0.0769230769230769,23.42524725028234,0.9846335748675754,0.9579449855634116,0.9811526221134804,0.0034809527540949903
val:7806,val,mendeley_pa:image:MENDE-PA-00442,images/mendeley_pa/MENDE-PA-00442.jpg,Mendeley PA,PA,7806,10,17,0.0769230769230769,24.31769553972203,0.9616370825443459,1.0,0.9796470645815134,0.018009982037167527
val:7807,val,mendeley_pa:image:MENDE-PA-00442,images/mendeley_pa/MENDE-PA-00442.jpg,Mendeley PA,PA,7807,11,17,0.0769230769230769,25.016554936418444,1.0221273953280203,1.059149585730855,0.995754391021554,0.026373004306466274
val:7808,val,mendeley_pa:image:MENDE-PA-00442,images/mendeley_pa/MENDE-PA-00442.jpg,Mendeley PA,PA,7808,12,17,0.0769230769230769,25.393760799353597,1.16594584140429,1.0281741769101782,1.0085809101399346,0.15736493126435547
val:7809,val,mendeley_pa:image:MENDE-PA-00442,images/mendeley_pa/MENDE-PA-00442.jpg,Mendeley PA,PA,7809,13,17,0.0769230769230769,26.259689694525925,1.014799199450252,1.0439035247723412,1.001724998251612,0.01307420119864
val:7810,val,mendeley_pa:image:MENDE-PA-00442,images/mendeley_pa/MENDE-PA-00442.jpg,Mendeley PA,PA,7810,14,17,0.0769230769230769,28.26479732762076,0.8921845491820546,0.9481331974606229,0.9711729072372628,0.07898835805520821
val:7811,val,mendeley_pa:image:MENDE-PA-00442,images/mendeley_pa/MENDE-PA-00442.jpg,Mendeley PA,PA,7811,15,17,0.0769230769230769,28.114316741624165,0.9585604907093778,0.9745521715590373,0.9954422211954013,0.0368817304860235
val:7831,val,mendeley_pa:image:MENDE-PA-00444,images/mendeley_pa/MENDE-PA-00444.jpg,Mendeley PA,PA,7831,3,17,0.0769230769230769,21.276830990741445,0.8824734201957636,1.0255643496186804,0.9850584635407995,0.10258504334503593
val:7832,val,mendeley_pa:image:MENDE-PA-00444,images/mendeley_pa/MENDE-PA-00444.jpg,Mendeley PA,PA,7832,4,17,0.0769230769230769,21.921494468895983,0.9659969072299416,0.9158546191951334,0.9480525826415122,0.017944324588429428
val:7833,val,mendeley_pa:image:MENDE-PA-00444,images/mendeley_pa/MENDE-PA-00444.jpg,Mendeley PA,PA,7833,5,17,0.0769230769230769,21.81274163831269,0.9800494810392274,1.0182926957386282,0.9842336890178469,0.004184207978619514
val:7834,val,mendeley_pa:image:MENDE-PA-00444,images/mendeley_pa/MENDE-PA-00444.jpg,Mendeley PA,PA,7834,6,17,0.0769230769230769,21.913476770242344,1.0608729666034833,1.0,0.9878713050857186,0.07300166151776466
val:7835,val,mendeley_pa:image:MENDE-PA-00444,images/mendeley_pa/MENDE-PA-00444.jpg,Mendeley PA,PA,7835,7,17,0.0769230769230769,23.150122377580743,0.9697308312959173,1.0,0.965927854180336,0.0038029771155813075
val:7836,val,mendeley_pa:image:MENDE-PA-00444,images/mendeley_pa/MENDE-PA-00444.jpg,Mendeley PA,PA,7836,8,17,0.0769230769230769,24.241907867635064,0.9509494785307469,0.9835403282533022,0.9772623605432542,0.026312882012507366
val:7837,val,mendeley_pa:image:MENDE-PA-00444,images/mendeley_pa/MENDE-PA-00444.jpg,Mendeley PA,PA,7837,9,17,0.0769230769230769,24.85262803521738,1.015441931922266,1.0,0.9921333771198988,0.023308554802367265
val:7838,val,mendeley_pa:image:MENDE-PA-00444,images/mendeley_pa/MENDE-PA-00444.jpg,Mendeley PA,PA,7838,10,17,0.0769230769230769,27.21827894635607,0.9792105693988032,0.9999999999999998,0.9805138409137724,0.0013032715149691176
val:7839,val,mendeley_pa:image:MENDE-PA-00444,images/mendeley_pa/MENDE-PA-00444.jpg,Mendeley PA,PA,7839,11,17,0.0769230769230769,30.3202531917507,0.9630578307713498,0.9999999999999999,0.9974489547312259,0.03439112395987609
val:7840,val,mendeley_pa:image:MENDE-PA-00444,images/mendeley_pa/MENDE-PA-00444.jpg,Mendeley PA,PA,7840,12,17,0.0769230769230769,31.663634511329164,1.0734105696622973,1.0,0.9946956504136324,0.07871491924866492
val:7841,val,mendeley_pa:image:MENDE-PA-00444,images/mendeley_pa/MENDE-PA-00444.jpg,Mendeley PA,PA,7841,13,17,0.0769230769230769,34.43306199311616,0.9911146375014652,0.9999999999999998,0.9408656060695646,0.050249031431900626
val:7842,val,mendeley_pa:image:MENDE-PA-00444,images/mendeley_pa/MENDE-PA-00444.jpg,Mendeley PA,PA,7842,14,17,0.0769230769230769,34.82921215358202,1.0014020378655237,1.0128339977507685,0.9837939181869124,0.01760811967861131
val:7843,val,mendeley_pa:image:MENDE-PA-00444,images/mendeley_pa/MENDE-PA-00444.jpg,Mendeley PA,PA,7843,15,17,0.0769230769230769,35.20467828981947,1.0346723896410377,0.9999999999999998,0.9987332477467132,0.035939141894324456
val:7910,val,mendeley_pa:image:MENDE-PA-00451,images/mendeley_pa/MENDE-PA-00451.jpg,Mendeley PA,PA,7910,3,17,0.0769230769230769,25.02666224776869,0.8961439104857518,1.0,1.0237999316304922,0.1276560211447404
val:7911,val,mendeley_pa:image:MENDE-PA-00451,images/mendeley_pa/MENDE-PA-00451.jpg,Mendeley PA,PA,7911,4,17,0.0769230769230769,24.72333730155843,1.1040440253372852,1.0439907294300255,1.060103269347256,0.04394075599002911
val:7912,val,mendeley_pa:image:MENDE-PA-00451,images/mendeley_pa/MENDE-PA-00451.jpg,Mendeley PA,PA,7912,5,17,0.0769230769230769,26.93526546089329,1.0838719579750262,1.0021185024949288,1.0350313416990018,0.04884061627602443
val:7913,val,mendeley_pa:image:MENDE-PA-00451,images/mendeley_pa/MENDE-PA-00451.jpg,Mendeley PA,PA,7913,6,17,0.0769230769230769,27.23859040710355,0.979823204610591,1.0348536038596974,1.018479138781582,0.03865593417099089
val:7914,val,mendeley_pa:image:MENDE-PA-00451,images/mendeley_pa/MENDE-PA-00451.jpg,Mendeley PA,PA,7914,7,17,0.0769230769230769,27.941690927719502,0.9727946690963392,0.9364093970564857,0.9490273445902124,0.02376732450612673
val:7915,val,mendeley_pa:image:MENDE-PA-00451,images/mendeley_pa/MENDE-PA-00451.jpg,Mendeley PA,PA,7915,8,17,0.0769230769230769,28.68945238095877,0.8937333702466652,1.0,1.0158994514495134,0.12216608120284822
val:7916,val,mendeley_pa:image:MENDE-PA-00451,images/mendeley_pa/MENDE-PA-00451.jpg,Mendeley PA,PA,7916,9,17,0.0769230769230769,29.116514031595297,1.0371219833914969,0.9926032777457408,0.9935511806561521,0.04357080273534475
val:7917,val,mendeley_pa:image:MENDE-PA-00451,images/mendeley_pa/MENDE-PA-00451.jpg,Mendeley PA,PA,7917,10,17,0.0769230769230769,30.62443843253099,1.050193087865846,1.0,1.0286909192800522,0.0215021685857939
val:7918,val,mendeley_pa:image:MENDE-PA-00451,images/mendeley_pa/MENDE-PA-00451.jpg,Mendeley PA,PA,7918,11,17,0.0769230769230769,33.22714376457137,0.9345220974508301,1.0136704838917474,1.0023212435738067,0.06779914612297655
val:7919,val,mendeley_pa:image:MENDE-PA-00451,images/mendeley_pa/MENDE-PA-00451.jpg,Mendeley PA,PA,7919,12,17,0.0769230769230769,33.22714376457137,1.0594102365266704,0.983295683097003,1.0171629901043158,0.04224724642235467
val:7920,val,mendeley_pa:image:MENDE-PA-00451,images/mendeley_pa/MENDE-PA-00451.jpg,Mendeley PA,PA,7920,13,17,0.0769230769230769,36.805776701400205,0.9317209699373343,0.9999999999999999,1.0075632310472429,0.07584226110990855
val:7921,val,mendeley_pa:image:MENDE-PA-00451,images/mendeley_pa/MENDE-PA-00451.jpg,Mendeley PA,PA,7921,14,17,0.0769230769230769,36.73791253184629,1.0455242152034114,0.9949903853152013,1.0242679297838426,0.02125628541956881
val:7922,val,mendeley_pa:image:MENDE-PA-00451,images/mendeley_pa/MENDE-PA-00451.jpg,Mendeley PA,PA,7922,15,17,0.0769230769230769,37.40622789282927,1.03766211431843,1.025030193056875,1.0538020498565968,0.01613993553816684
val:7942,val,mendeley_pa:image:MENDE-PA-00454,images/mendeley_pa/MENDE-PA-00454.jpg,Mendeley PA,PA,7942,3,17,0.0769230769230769,69.95373179748452,1.0264597967010656,1.0,1.0205985773354769,0.005861219365588699
val:7943,val,mendeley_pa:image:MENDE-PA-00454,images/mendeley_pa/MENDE-PA-00454.jpg,Mendeley PA,PA,7943,4,17,0.0769230769230769,75.42535600056425,0.9055561217040167,1.0,0.9730234481394291,0.06746732643541242
val:7944,val,mendeley_pa:image:MENDE-PA-00454,images/mendeley_pa/MENDE-PA-00454.jpg,Mendeley PA,PA,7944,5,17,0.0769230769230769,73.96102665705834,1.0687523180055538,1.0035384381063646,1.0096908216238385,0.05906149638171532
val:7945,val,mendeley_pa:image:MENDE-PA-00454,images/mendeley_pa/MENDE-PA-00454.jpg,Mendeley PA,PA,7945,6,17,0.0769230769230769,76.05675668691237,1.0537337769506832,1.020049930049749,0.9871016782360988,0.06663209871458431
val:7946,val,mendeley_pa:image:MENDE-PA-00454,images/mendeley_pa/MENDE-PA-00454.jpg,Mendeley PA,PA,7946,7,17,0.0769230769230769,79.59479608406048,0.9563107607487542,0.980841302115117,0.9612061463181123,0.0048953855693580905
val:7947,val,mendeley_pa:image:MENDE-PA-00454,images/mendeley_pa/MENDE-PA-00454.jpg,Mendeley PA,PA,7947,8,17,0.0769230769230769,80.97220473844534,0.9385461792045311,0.9751382989722532,0.9522849040019554,0.013738724797424329
val:7948,val,mendeley_pa:image:MENDE-PA-00454,images/mendeley_pa/MENDE-PA-00454.jpg,Mendeley PA,PA,7948,9,17,0.0769230769230769,80.46263614863223,1.0166313199019132,0.9992468142882427,0.9693376487121423,0.0472936711897709
val:7949,val,mendeley_pa:image:MENDE-PA-00454,images/mendeley_pa/MENDE-PA-00454.jpg,Mendeley PA,PA,7949,10,17,0.0769230769230769,120.31692072934156,0.7048710338361628,1.0,1.0016730555798858,0.29680202174372305
val:7950,val,mendeley_pa:image:MENDE-PA-00454,images/mendeley_pa/MENDE-PA-00454.jpg,Mendeley PA,PA,7950,11,17,0.0769230769230769,124.41676847365426,1.2766205666380512,1.0,1.0822101384401321,0.1944104281979191
val:7951,val,mendeley_pa:image:MENDE-PA-00454,images/mendeley_pa/MENDE-PA-00454.jpg,Mendeley PA,PA,7951,12,17,0.0769230769230769,129.28552030475046,1.2687083925422926,1.2578760452493678,1.255832337021793,0.01287605552049964
val:7952,val,mendeley_pa:image:MENDE-PA-00454,images/mendeley_pa/MENDE-PA-00454.jpg,Mendeley PA,PA,7952,13,17,0.0769230769230769,134.16217285421416,1.2404190314554353,0.9830030856493319,1.1006610227588023,0.13975800869663302
val:7953,val,mendeley_pa:image:MENDE-PA-00454,images/mendeley_pa/MENDE-PA-00454.jpg,Mendeley PA,PA,7953,14,17,0.0769230769230769,136.75848244257526,0.7293005403395663,1.0087442030001736,1.049701467602358,0.3204009272627917
val:7954,val,mendeley_pa:image:MENDE-PA-00454,images/mendeley_pa/MENDE-PA-00454.jpg,Mendeley PA,PA,7954,15,17,0.0769230769230769,97.71978926909432,1.1204623040969375,0.9289794231218107,1.0573636556428678,0.06309864845406965
val:8220,val,mendeley_pa:image:MENDE-PA-00475,images/mendeley_pa/MENDE-PA-00475.jpg,Mendeley PA,PA,8220,3,17,0.0769230769230769,106.36694930178638,0.9914294677401939,0.9910797969524264,1.017015204680383,0.025585736940189174
val:8221,val,mendeley_pa:image:MENDE-PA-00475,images/mendeley_pa/MENDE-PA-00475.jpg,Mendeley PA,PA,8221,4,17,0.0769230769230769,118.77693110897047,0.9619081941321769,1.0418070430241158,1.0559802228889992,0.0940720287568223
val:8222,val,mendeley_pa:image:MENDE-PA-00475,images/mendeley_pa/MENDE-PA-00475.jpg,Mendeley PA,PA,8222,5,17,0.0769230769230769,123.17551879705724,1.153069702582866,1.0,1.002603810513392,0.15046589206947392
val:8223,val,mendeley_pa:image:MENDE-PA-00475,images/mendeley_pa/MENDE-PA-00475.jpg,Mendeley PA,PA,8223,6,17,0.0769230769230769,128.14123106620238,1.0308823568135992,1.1277060930583527,1.0447135467979958,0.013831189984396586
val:8224,val,mendeley_pa:image:MENDE-PA-00475,images/mendeley_pa/MENDE-PA-00475.jpg,Mendeley PA,PA,8224,7,17,0.0769230769230769,129.49557880560906,1.1350297563945095,0.9504480010366694,1.0805140233135477,0.054515733080961803
val:8225,val,mendeley_pa:image:MENDE-PA-00475,images/mendeley_pa/MENDE-PA-00475.jpg,Mendeley PA,PA,8225,8,17,0.0769230769230769,134.5740657249459,0.8475562742107855,1.017558461636877,0.9367685752218722,0.08921230101108668
val:8226,val,mendeley_pa:image:MENDE-PA-00475,images/mendeley_pa/MENDE-PA-00475.jpg,Mendeley PA,PA,8226,9,17,0.0769230769230769,142.01546621463277,0.8935127046861101,0.8840892390378545,0.9000011292316745,0.00648842454556442
val:8227,val,mendeley_pa:image:MENDE-PA-00475,images/mendeley_pa/MENDE-PA-00475.jpg,Mendeley PA,PA,8227,10,17,0.0769230769230769,140.17686008236933,0.9776905908923728,1.006795751876911,0.9759314851982201,0.0017591056941526073
val:8228,val,mendeley_pa:image:MENDE-PA-00475,images/mendeley_pa/MENDE-PA-00475.jpg,Mendeley PA,PA,8228,11,17,0.0769230769230769,145.25534700170618,1.0696082062867318,1.0000000000000002,1.0296019297093155,0.04000627657741629
val:8229,val,mendeley_pa:image:MENDE-PA-00475,images/mendeley_pa/MENDE-PA-00475.jpg,Mendeley PA,PA,8229,12,17,0.0769230769230769,162.87480931901723,0.9422027720656565,1.0020743284659657,0.9732401587354216,0.031037386669765077
val:8230,val,mendeley_pa:image:MENDE-PA-00475,images/mendeley_pa/MENDE-PA-00475.jpg,Mendeley PA,PA,8230,13,17,0.0769230769230769,162.87480931901723,1.0502484693606227,0.9941512922471737,1.0103921181237672,0.03985635123685549
val:8231,val,mendeley_pa:image:MENDE-PA-00475,images/mendeley_pa/MENDE-PA-00475.jpg,Mendeley PA,PA,8231,14,17,0.0769230769230769,172.29301251293947,0.9889159461135237,1.0,1.0180664528161287,0.029150506702604995
val:8232,val,mendeley_pa:image:MENDE-PA-00475,images/mendeley_pa/MENDE-PA-00475.jpg,Mendeley PA,PA,8232,15,17,0.0769230769230769,175.08599811090858,0.9910958484027762,0.998070343391222,0.9889087490674081,0.0021870993353680923
val:8237,val,mendeley_pa:image:MENDE-PA-00478,images/mendeley_pa/MENDE-PA-00478.jpg,Mendeley PA,PA,8237,3,17,0.0769230769230769,76.47478028960279,1.2144839968596841,1.0023909712559753,1.0767104754573875,0.1377735214022966
val:8238,val,mendeley_pa:image:MENDE-PA-00478,images/mendeley_pa/MENDE-PA-00478.jpg,Mendeley PA,PA,8238,4,17,0.0769230769230769,87.72917250913147,0.9622589489612727,1.0083868061994257,1.0613251445685568,0.09906619560728402
val:8239,val,mendeley_pa:image:MENDE-PA-00478,images/mendeley_pa/MENDE-PA-00478.jpg,Mendeley PA,PA,8239,5,17,0.0769230769230769,92.14162925721293,0.9122096494982525,0.9540966685666579,0.9651166379256981,0.05290698842744568
val:8240,val,mendeley_pa:image:MENDE-PA-00478,images/mendeley_pa/MENDE-PA-00478.jpg,Mendeley PA,PA,8240,6,17,0.0769230769230769,87.91776512388489,1.0396745363186024,1.0088659366057113,1.058000444381018,0.01832590806241563
val:8241,val,mendeley_pa:image:MENDE-PA-00478,images/mendeley_pa/MENDE-PA-00478.jpg,Mendeley PA,PA,8241,7,17,0.0769230769230769,89.7834106557228,1.0396351943120177,1.018134693647776,1.0504104672326187,0.010775272920600987
val:8242,val,mendeley_pa:image:MENDE-PA-00478,images/mendeley_pa/MENDE-PA-00478.jpg,Mendeley PA,PA,8242,8,17,0.0769230769230769,92.37392763620043,0.9896444944500249,0.982436050137331,1.0076032471263905,0.017958752676365597
val:8243,val,mendeley_pa:image:MENDE-PA-00478,images/mendeley_pa/MENDE-PA-00478.jpg,Mendeley PA,PA,8243,9,17,0.0769230769230769,102.71982044736764,0.8582662940622579,1.0194947537048884,0.9716081436737605,0.11334184961150262
val:8244,val,mendeley_pa:image:MENDE-PA-00478,images/mendeley_pa/MENDE-PA-00478.jpg,Mendeley PA,PA,8244,10,17,0.0769230769230769,100.72001584577812,1.171835470717467,0.9941351043888575,1.0583567323991305,0.11347873831833644
val:8245,val,mendeley_pa:image:MENDE-PA-00478,images/mendeley_pa/MENDE-PA-00478.jpg,Mendeley PA,PA,8245,11,17,0.0769230769230769,109.16184846665752,1.0268940008460596,1.0445497816237022,1.0543570786523033,0.027463077806243685
val:8246,val,mendeley_pa:image:MENDE-PA-00478,images/mendeley_pa/MENDE-PA-00478.jpg,Mendeley PA,PA,8246,12,17,0.0769230769230769,111.87641091500772,0.9834305719661443,0.9850095282229034,0.9251725184651463,0.058258053500998
val:8247,val,mendeley_pa:image:MENDE-PA-00478,images/mendeley_pa/MENDE-PA-00478.jpg,Mendeley PA,PA,8247,13,17,0.0769230769230769,111.87641091500772,0.968041549347929,0.9907265324341332,1.0356755983280217,0.06763404898009273
val:8248,val,mendeley_pa:image:MENDE-PA-00478,images/mendeley_pa/MENDE-PA-00478.jpg,Mendeley PA,PA,8248,14,17,0.0769230769230769,123.30299029975023,0.9055350097098526,0.9960054924923734,1.0393626859623746,0.133827676252522
val:8249,val,mendeley_pa:image:MENDE-PA-00478,images/mendeley_pa/MENDE-PA-00478.jpg,Mendeley PA,PA,8249,15,17,0.0769230769230769,109.9780943379939,1.2486113514469306,1.1285814408606951,1.1076832533276741,0.14092809811925644
val:8573,val,mendeley_pa:image:MENDE-PA-00506,images/mendeley_pa/MENDE-PA-00506.jpg,Mendeley PA,PA,8573,3,17,0.0769230769230769,42.29203717281214,1.0817823592028266,1.0618935140092933,1.088293661015209,0.006511301812382353
val:8574,val,mendeley_pa:image:MENDE-PA-00506,images/mendeley_pa/MENDE-PA-00506.jpg,Mendeley PA,PA,8574,4,17,0.0769230769230769,46.91704594965558,1.1364423454686459,0.9999999999999999,1.0583771504461765,0.07806519502246934
val:8575,val,mendeley_pa:image:MENDE-PA-00506,images/mendeley_pa/MENDE-PA-00506.jpg,Mendeley PA,PA,8575,5,17,0.0769230769230769,53.168340107389255,0.9043598512553574,1.0,0.9480624124407768,0.043702561185419375
val:8576,val,mendeley_pa:image:MENDE-PA-00506,images/mendeley_pa/MENDE-PA-00506.jpg,Mendeley PA,PA,8576,6,17,0.0769230769230769,51.57515223685815,1.0279787877272093,0.9895533233976506,0.9753704661598943,0.052608321567314986
val:8577,val,mendeley_pa:image:MENDE-PA-00506,images/mendeley_pa/MENDE-PA-00506.jpg,Mendeley PA,PA,8577,7,17,0.0769230769230769,49.151257294344,1.0984340467043443,1.0462595960628303,1.0265707308929475,0.07186331581139682
val:8578,val,mendeley_pa:image:MENDE-PA-00506,images/mendeley_pa/MENDE-PA-00506.jpg,Mendeley PA,PA,8578,8,17,0.0769230769230769,51.51692578369996,0.9672896038372758,0.9944318371896114,0.9804295820255245,0.013139978188248747
val:8579,val,mendeley_pa:image:MENDE-PA-00506,images/mendeley_pa/MENDE-PA-00506.jpg,Mendeley PA,PA,8579,9,17,0.0769230769230769,52.00255177227047,0.9320836421397454,0.9600247720880092,0.9730342681212009,0.04095062598145549
val:8580,val,mendeley_pa:image:MENDE-PA-00506,images/mendeley_pa/MENDE-PA-00506.jpg,Mendeley PA,PA,8580,10,17,0.0769230769230769,52.03478254871365,0.9611972347013232,1.0341069666361957,1.0132505768603235,0.05205334215900026
val:8581,val,mendeley_pa:image:MENDE-PA-00506,images/mendeley_pa/MENDE-PA-00506.jpg,Mendeley PA,PA,8581,11,17,0.0769230769230769,52.12673372965303,1.1347024874482545,1.0,1.011983873322606,0.12271861412564844
val:8582,val,mendeley_pa:image:MENDE-PA-00506,images/mendeley_pa/MENDE-PA-00506.jpg,Mendeley PA,PA,8582,12,17,0.0769230769230769,57.79859582210542,0.938392664972914,1.0,1.0230885446071625,0.08469587963424852
val:8583,val,mendeley_pa:image:MENDE-PA-00506,images/mendeley_pa/MENDE-PA-00506.jpg,Mendeley PA,PA,8583,13,17,0.0769230769230769,63.5622303673091,0.8880880499695794,0.9613720598536624,0.9896156518626107,0.10152760189303134
val:8584,val,mendeley_pa:image:MENDE-PA-00506,images/mendeley_pa/MENDE-PA-00506.jpg,Mendeley PA,PA,8584,14,17,0.0769230769230769,63.53737152972787,1.0698605351847679,1.0,1.0549324415624142,0.0149280936223537
val:8585,val,mendeley_pa:image:MENDE-PA-00506,images/mendeley_pa/MENDE-PA-00506.jpg,Mendeley PA,PA,8585,15,17,0.0769230769230769,70.37380603597583,1.0035820118174412,1.0,0.9864725843071938,0.017109427510247466
val:8736,val,mendeley_pa:image:MENDE-PA-00518,images/mendeley_pa/MENDE-PA-00518.jpg,Mendeley PA,PA,8736,3,17,0.0769230769230769,72.53824962533952,0.981884542989994,0.9861808179270763,1.0239930359971066,0.04210849300711261
val:8737,val,mendeley_pa:image:MENDE-PA-00518,images/mendeley_pa/MENDE-PA-00518.jpg,Mendeley PA,PA,8737,4,17,0.0769230769230769,75.87753766223659,0.9829336643161832,0.9999999999999998,1.019231831654906,0.03629816733872282
val:8738,val,mendeley_pa:image:MENDE-PA-00518,images/mendeley_pa/MENDE-PA-00518.jpg,Mendeley PA,PA,8738,5,17,0.0769230769230769,77.46298544311901,1.039604770990092,1.022669190254518,1.028647629257747,0.010957141732344855
val:8739,val,mendeley_pa:image:MENDE-PA-00518,images/mendeley_pa/MENDE-PA-00518.jpg,Mendeley PA,PA,8739,6,17,0.0769230769230769,80.43713699720459,1.0424964660901201,0.9999999999999999,0.9898968581110238,0.05259960797909635
val:8740,val,mendeley_pa:image:MENDE-PA-00518,images/mendeley_pa/MENDE-PA-00518.jpg,Mendeley PA,PA,8740,7,17,0.0769230769230769,83.19337875739856,0.9657425380798288,0.9999999999999999,1.004879551474005,0.03913701339417619
val:8741,val,mendeley_pa:image:MENDE-PA-00518,images/mendeley_pa/MENDE-PA-00518.jpg,Mendeley PA,PA,8741,8,17,0.0769230769230769,85.10238103554839,0.9697886880313025,0.9793657576518393,0.9757619653681553,0.0059732773368528225
val:8742,val,mendeley_pa:image:MENDE-PA-00518,images/mendeley_pa/MENDE-PA-00518.jpg,Mendeley PA,PA,8742,9,17,0.0769230769230769,86.16337804325062,1.0021581438666456,1.0,0.9826892782002687,0.019468865666376844
val:8743,val,mendeley_pa:image:MENDE-PA-00518,images/mendeley_pa/MENDE-PA-00518.jpg,Mendeley PA,PA,8743,10,17,0.0769230769230769,90.75607117630976,0.9894151263914146,1.0,0.9865924715995789,0.0028226547918357436
val:8744,val,mendeley_pa:image:MENDE-PA-00518,images/mendeley_pa/MENDE-PA-00518.jpg,Mendeley PA,PA,8744,11,17,0.0769230769230769,93.0661019452682,1.0225292491511064,1.0,1.009619533084333,0.012909716066773491
val:8745,val,mendeley_pa:image:MENDE-PA-00518,images/mendeley_pa/MENDE-PA-00518.jpg,Mendeley PA,PA,8745,12,17,0.0769230769230769,100.730239995245,0.9563838452225193,1.0243341561999044,1.0004421596076212,0.04405831438510188
val:8746,val,mendeley_pa:image:MENDE-PA-00518,images/mendeley_pa/MENDE-PA-00518.jpg,Mendeley PA,PA,8746,13,17,0.0769230769230769,101.3172214519071,1.09754331831884,0.9999999999999999,1.012635251507163,0.08490806681167706
val:8747,val,mendeley_pa:image:MENDE-PA-00518,images/mendeley_pa/MENDE-PA-00518.jpg,Mendeley PA,PA,8747,14,17,0.0769230769230769,108.98111299137172,0.9753769779850788,1.0,1.018558070063591,0.04318109207851217
val:8748,val,mendeley_pa:image:MENDE-PA-00518,images/mendeley_pa/MENDE-PA-00518.jpg,Mendeley PA,PA,8748,15,17,0.0769230769230769,108.74885404107272,0.9817316006589845,1.016733309053442,1.0173921435811544,0.03566054292216991
val:8753,val,mendeley_pa:image:MENDE-PA-00519,images/mendeley_pa/MENDE-PA-00519.jpg,Mendeley PA,PA,8753,3,17,0.0769230769230769,11.13393751218842,0.9576009509083816,1.0,1.0564134903252125,0.09881253941683088
val:8754,val,mendeley_pa:image:MENDE-PA-00519,images/mendeley_pa/MENDE-PA-00519.jpg,Mendeley PA,PA,8754,4,17,0.0769230769230769,11.980089175679234,0.875322762958801,0.9532740908191588,0.9580030967929449,0.08268033383414397
val:8755,val,mendeley_pa:image:MENDE-PA-00519,images/mendeley_pa/MENDE-PA-00519.jpg,Mendeley PA,PA,8755,5,17,0.0769230769230769,11.445142649888416,1.0640975352848696,1.041190913230817,0.9988113998479053,0.06528613543696427
val:8756,val,mendeley_pa:image:MENDE-PA-00519,images/mendeley_pa/MENDE-PA-00519.jpg,Mendeley PA,PA,8756,6,17,0.0769230769230769,12.203582117740352,1.0936716915468692,1.0,1.0422333776950836,0.051438313851785544
val:8757,val,mendeley_pa:image:MENDE-PA-00519,images/mendeley_pa/MENDE-PA-00519.jpg,Mendeley PA,PA,8757,7,17,0.0769230769230769,13.115753869031344,0.9323456564417691,1.0,1.0119618736207485,0.07961621717897938
val:8758,val,mendeley_pa:image:MENDE-PA-00519,images/mendeley_pa/MENDE-PA-00519.jpg,Mendeley PA,PA,8758,8,17,0.0769230769230769,14.09233472331328,0.9143123331513587,0.9603225381441058,0.9787489024318399,0.06443656928048114
val:8759,val,mendeley_pa:image:MENDE-PA-00519,images/mendeley_pa/MENDE-PA-00519.jpg,Mendeley PA,PA,8759,9,17,0.0769230769230769,14.157098172878223,1.048093116809241,1.0,1.0159637294709682,0.03212938733827286
val:8760,val,mendeley_pa:image:MENDE-PA-00519,images/mendeley_pa/MENDE-PA-00519.jpg,Mendeley PA,PA,8760,10,17,0.0769230769230769,15.829556598601814,0.9747209790258318,1.0,0.9871960664168,0.012475087390968254
val:8761,val,mendeley_pa:image:MENDE-PA-00519,images/mendeley_pa/MENDE-PA-00519.jpg,Mendeley PA,PA,8761,11,17,0.0769230769230769,16.712168828458083,1.0065214288389435,1.0,0.9900112105533481,0.0165102182855954
val:8762,val,mendeley_pa:image:MENDE-PA-00519,images/mendeley_pa/MENDE-PA-00519.jpg,Mendeley PA,PA,8762,12,17,0.0769230769230769,17.56293697026512,1.0245972403162673,1.0000000000000002,0.9939464656636121,0.0306507746526552
val:8763,val,mendeley_pa:image:MENDE-PA-00519,images/mendeley_pa/MENDE-PA-00519.jpg,Mendeley PA,PA,8763,13,17,0.0769230769230769,17.40804639989974,1.051509024724244,1.0827954397921762,1.0627461956267557,0.01123717090251164
val:8764,val,mendeley_pa:image:MENDE-PA-00519,images/mendeley_pa/MENDE-PA-00519.jpg,Mendeley PA,PA,8764,14,17,0.0769230769230769,16.80592054306726,1.172430258308585,0.9977593732657225,1.1355267775835785,0.0369034807250066
val:8765,val,mendeley_pa:image:MENDE-PA-00519,images/mendeley_pa/MENDE-PA-00519.jpg,Mendeley PA,PA,8765,15,17,0.0769230769230769,19.004243827867437,0.8014952734799192,0.9292838593814692,0.9730289934072813,0.1715337199273621
val:8784,val,mendeley_pa:image:MENDE-PA-00521,images/mendeley_pa/MENDE-PA-00521.jpg,Mendeley PA,PA,8784,3,17,0.0769230769230769,72.27443406985498,0.9988051328190977,1.0,0.9624534249305725,0.03635170788852515
val:8785,val,mendeley_pa:image:MENDE-PA-00521,images/mendeley_pa/MENDE-PA-00521.jpg,Mendeley PA,PA,8785,4,17,0.0769230769230769,81.14381144495312,1.080681279416118,1.1121512859749365,1.080301201312499,0.00038007810361895267
val:8786,val,mendeley_pa:image:MENDE-PA-00521,images/mendeley_pa/MENDE-PA-00521.jpg,Mendeley PA,PA,8786,5,17,0.0769230769230769,88.8950725691859,1.2182937663948632,0.9999999999999999,1.0883670151233673,0.1299267512714959
val:8787,val,mendeley_pa:image:MENDE-PA-00521,images/mendeley_pa/MENDE-PA-00521.jpg,Mendeley PA,PA,8787,6,17,0.0769230769230769,101.07486686810402,0.8914139583969329,1.0,0.9956426019780338,0.10422864358110084
val:8788,val,mendeley_pa:image:MENDE-PA-00521,images/mendeley_pa/MENDE-PA-00521.jpg,Mendeley PA,PA,8788,7,17,0.0769230769230769,99.1999299717989,0.9460633791639764,1.0213126608613778,0.9478286349657823,0.001765255801805865
val:8789,val,mendeley_pa:image:MENDE-PA-00521,images/mendeley_pa/MENDE-PA-00521.jpg,Mendeley PA,PA,8789,8,17,0.0769230769230769,91.97448406564476,1.2234778248265687,0.9920356351844111,1.083469629656438,0.14000819517013086
val:8790,val,mendeley_pa:image:MENDE-PA-00521,images/mendeley_pa/MENDE-PA-00521.jpg,Mendeley PA,PA,8790,9,17,0.0769230769230769,108.1778147723818,0.8193409218534116,0.9999999999999998,0.9918197719380257,0.17247885008461417
val:8791,val,mendeley_pa:image:MENDE-PA-00521,images/mendeley_pa/MENDE-PA-00521.jpg,Mendeley PA,PA,8791,10,17,0.0769230769230769,107.48555084235494,0.9659613504038481,0.9872884026218841,1.0114229286511134,0.045461578247265266
val:8792,val,mendeley_pa:image:MENDE-PA-00521,images/mendeley_pa/MENDE-PA-00521.jpg,Mendeley PA,PA,8792,11,17,0.0769230769230769,103.1346239105558,1.1984720593897673,1.0,1.0493728183209896,0.1490992410687777
val:8793,val,mendeley_pa:image:MENDE-PA-00521,images/mendeley_pa/MENDE-PA-00521.jpg,Mendeley PA,PA,8793,12,17,0.0769230769230769,115.35082665031726,0.8880938520803153,1.019357628657293,0.9969380139399286,0.10884416185961332
val:8794,val,mendeley_pa:image:MENDE-PA-00521,images/mendeley_pa/MENDE-PA-00521.jpg,Mendeley PA,PA,8794,13,17,0.0769230769230769,117.93240206597736,0.9459955293793179,0.9394385439288402,0.9626746286582732,0.01667909927895539
val:8795,val,mendeley_pa:image:MENDE-PA-00521,images/mendeley_pa/MENDE-PA-00521.jpg,Mendeley PA,PA,8795,14,17,0.0769230769230769,114.14510053903892,1.043742811690013,1.0,1.0444789975881577,0.0007361858981447256
val:8796,val,mendeley_pa:image:MENDE-PA-00521,images/mendeley_pa/MENDE-PA-00521.jpg,Mendeley PA,PA,8796,15,17,0.0769230769230769,115.35082665031726,1.0119275201083096,1.1134119207860445,1.108532020066074,0.09660449995776443
val:8924,val,mendeley_pa:image:MENDE-PA-00532,images/mendeley_pa/MENDE-PA-00532.jpg,Mendeley PA,PA,8924,3,17,0.0769230769230769,59.08582997882353,1.0917065166148454,0.9999999999999999,1.0595840476453304,0.03212246896951498
val:8925,val,mendeley_pa:image:MENDE-PA-00532,images/mendeley_pa/MENDE-PA-00532.jpg,Mendeley PA,PA,8925,4,17,0.0769230769230769,64.30026893258406,0.8476606420579287,1.011303162450748,0.9938375393551164,0.14617689729718775
val:8926,val,mendeley_pa:image:MENDE-PA-00532,images/mendeley_pa/MENDE-PA-00532.jpg,Mendeley PA,PA,8926,5,17,0.0769230769230769,63.81815101165479,1.0271332523636136,0.929210245090945,0.986942525434716,0.04019072692889769
val:8927,val,mendeley_pa:image:MENDE-PA-00532,images/mendeley_pa/MENDE-PA-00532.jpg,Mendeley PA,PA,8927,6,17,0.0769230769230769,59.0224785167558,1.0859617191354227,1.0935655197655416,1.0622644274090982,0.02369729172632451
val:8928,val,mendeley_pa:image:MENDE-PA-00532,images/mendeley_pa/MENDE-PA-00532.jpg,Mendeley PA,PA,8928,7,17,0.0769230769230769,64.82294862306145,0.980210729923736,0.8804581650717611,1.025499601028716,0.04528887110498003
val:8929,val,mendeley_pa:image:MENDE-PA-00532,images/mendeley_pa/MENDE-PA-00532.jpg,Mendeley PA,PA,8929,8,17,0.0769230769230769,65.48768618636473,0.7642908075615458,0.9957549084076089,0.9860016308823032,0.22171082332075742
val:8930,val,mendeley_pa:image:MENDE-PA-00532,images/mendeley_pa/MENDE-PA-00532.jpg,Mendeley PA,PA,8930,9,17,0.0769230769230769,68.3599901507589,0.9783386449814654,0.9110238111370215,0.95988848868543,0.018450156296035414
val:8931,val,mendeley_pa:image:MENDE-PA-00532,images/mendeley_pa/MENDE-PA-00532.jpg,Mendeley PA,PA,8931,10,17,0.0769230769230769,65.40837121477706,1.139051769191917,1.0706508054682728,1.0982698544213292,0.0407819147705879
val:8932,val,mendeley_pa:image:MENDE-PA-00532,images/mendeley_pa/MENDE-PA-00532.jpg,Mendeley PA,PA,8932,11,17,0.0769230769230769,65.40837121477706,1.1188144446465764,1.058282301450974,1.1091677180182995,0.009646726628276925
val:8933,val,mendeley_pa:image:MENDE-PA-00532,images/mendeley_pa/MENDE-PA-00532.jpg,Mendeley PA,PA,8933,12,17,0.0769230769230769,72.21068539654362,0.8854302094406475,0.8857731904484447,1.0425694372154888,0.15713922777484124
val:8934,val,mendeley_pa:image:MENDE-PA-00532,images/mendeley_pa/MENDE-PA-00532.jpg,Mendeley PA,PA,8934,13,17,0.0769230769230769,69.82932113000008,0.783979379643623,0.967924794228223,0.9674977363780484,0.1835183567344254
val:8935,val,mendeley_pa:image:MENDE-PA-00532,images/mendeley_pa/MENDE-PA-00532.jpg,Mendeley PA,PA,8935,14,17,0.0769230769230769,59.34113507747357,1.2005422576460498,1.037744304035035,1.1328239048460396,0.06771835280001026
val:8936,val,mendeley_pa:image:MENDE-PA-00532,images/mendeley_pa/MENDE-PA-00532.jpg,Mendeley PA,PA,8936,15,17,0.0769230769230769,62.99314406881106,1.0861039402649098,0.9752284377269093,1.009729371910507,0.07637456835440282
val:8941,val,mendeley_pa:image:MENDE-PA-00533,images/mendeley_pa/MENDE-PA-00533.jpg,Mendeley PA,PA,8941,3,17,0.0769230769230769,84.97748141437648,0.9499281298579814,1.0,0.9723041858524084,0.022376055994427047
val:8942,val,mendeley_pa:image:MENDE-PA-00533,images/mendeley_pa/MENDE-PA-00533.jpg,Mendeley PA,PA,8942,4,17,0.0769230769230769,82.43817533207748,1.040793440890388,0.9520878743499437,0.9714143470048824,0.06937909388550567
val:8943,val,mendeley_pa:image:MENDE-PA-00533,images/mendeley_pa/MENDE-PA-00533.jpg,Mendeley PA,PA,8943,5,17,0.0769230769230769,86.75448287127506,0.8789663854899128,1.0,0.9356032758951187,0.05663689040520592
val:8944,val,mendeley_pa:image:MENDE-PA-00533,images/mendeley_pa/MENDE-PA-00533.jpg,Mendeley PA,PA,8944,6,17,0.0769230769230769,89.16282170265126,0.9836818968162385,1.0036631556181161,0.9816215349314659,0.0020603618847726546
val:8945,val,mendeley_pa:image:MENDE-PA-00533,images/mendeley_pa/MENDE-PA-00533.jpg,Mendeley PA,PA,8945,7,17,0.0769230769230769,86.4939913462722,1.1876501726245392,1.0418780658248832,1.0463700311113169,0.14128014151322232
val:8946,val,mendeley_pa:image:MENDE-PA-00533,images/mendeley_pa/MENDE-PA-00533.jpg,Mendeley PA,PA,8946,8,17,0.0769230769230769,90.5595702293129,1.0216979939990434,1.0380169229597525,0.9630144612879232,0.058683532711120145
val:8947,val,mendeley_pa:image:MENDE-PA-00533,images/mendeley_pa/MENDE-PA-00533.jpg,Mendeley PA,PA,8947,9,17,0.0769230769230769,95.15208412923394,0.8962507746941865,0.9770454311270962,0.9818628801491807,0.0856121054549942
val:8948,val,mendeley_pa:image:MENDE-PA-00533,images/mendeley_pa/MENDE-PA-00533.jpg,Mendeley PA,PA,8948,10,17,0.0769230769230769,94.7087063092493,0.9863009486758363,0.9617542968940088,1.0308805601548503,0.044579611479014014
val:8949,val,mendeley_pa:image:MENDE-PA-00533,images/mendeley_pa/MENDE-PA-00533.jpg,Mendeley PA,PA,8949,11,17,0.0769230769230769,105.09175227727611,0.921983688331222,1.0,0.9887555986642838,0.06677191033306173
val:8950,val,mendeley_pa:image:MENDE-PA-00533,images/mendeley_pa/MENDE-PA-00533.jpg,Mendeley PA,PA,8950,12,17,0.0769230769230769,111.55516735271635,1.04676655008429,1.0,1.0120629211887717,0.03470362889551826
val:8951,val,mendeley_pa:image:MENDE-PA-00533,images/mendeley_pa/MENDE-PA-00533.jpg,Mendeley PA,PA,8951,13,17,0.0769230769230769,118.38662746187794,1.0661462027734703,1.0902187735613862,1.0695516359832564,0.003405433209786146
val:8952,val,mendeley_pa:image:MENDE-PA-00533,images/mendeley_pa/MENDE-PA-00533.jpg,Mendeley PA,PA,8952,14,17,0.0769230769230769,118.38662746187794,1.1940743051131908,1.039891480381944,0.9940858100609562,0.1999884950522346
val:8953,val,mendeley_pa:image:MENDE-PA-00533,images/mendeley_pa/MENDE-PA-00533.jpg,Mendeley PA,PA,8953,15,17,0.0769230769230769,120.34471581834498,0.9971442155467265,1.0629233136270733,0.9844823941086025,0.012661821438123999
val:9035,val,mendeley_pa:image:MENDE-PA-00541,images/mendeley_pa/MENDE-PA-00541.jpg,Mendeley PA,PA,9035,3,17,0.0769230769230769,113.88650633056363,0.9558056120210351,1.0,0.9999377555795945,0.044132143558559433
val:9036,val,mendeley_pa:image:MENDE-PA-00541,images/mendeley_pa/MENDE-PA-00541.jpg,Mendeley PA,PA,9036,4,17,0.0769230769230769,114.0029669532165,1.0283924258875268,1.146466804733488,1.1301084906514616,0.1017160647639348
val:9037,val,mendeley_pa:image:MENDE-PA-00541,images/mendeley_pa/MENDE-PA-00541.jpg,Mendeley PA,PA,9037,5,17,0.0769230769230769,117.35624836604671,1.2998700516222033,1.0,1.1317233592271805,0.16814669239502278
val:9038,val,mendeley_pa:image:MENDE-PA-00541,images/mendeley_pa/MENDE-PA-00541.jpg,Mendeley PA,PA,9038,6,17,0.0769230769230769,127.22120266096292,0.9233736714607036,1.1134156517368985,1.0721308968645764,0.14875722540387282
val:9039,val,mendeley_pa:image:MENDE-PA-00541,images/mendeley_pa/MENDE-PA-00541.jpg,Mendeley PA,PA,9039,7,17,0.0769230769230769,136.38446893917856,0.9587036188670763,0.8841286411025238,0.9834462886192512,0.024742669752174873
val:9040,val,mendeley_pa:image:MENDE-PA-00541,images/mendeley_pa/MENDE-PA-00541.jpg,Mendeley PA,PA,9040,8,17,0.0769230769230769,139.9155502074705,0.8840341277953737,1.0,1.0017055562930182,0.11767142849764445
val:9041,val,mendeley_pa:image:MENDE-PA-00541,images/mendeley_pa/MENDE-PA-00541.jpg,Mendeley PA,PA,9041,9,17,0.0769230769230769,138.91903516930887,1.0731345513881156,1.0186363590537293,1.037031965482114,0.03610258590600157
val:9042,val,mendeley_pa:image:MENDE-PA-00541,images/mendeley_pa/MENDE-PA-00541.jpg,Mendeley PA,PA,9042,10,17,0.0769230769230769,139.00396487657594,1.1461963629961254,1.0653099109727509,1.0817578965175516,0.06443846647857376
val:9043,val,mendeley_pa:image:MENDE-PA-00541,images/mendeley_pa/MENDE-PA-00541.jpg,Mendeley PA,PA,9043,11,17,0.0769230769230769,143.2082191207511,1.0270764297776953,1.0133775285712774,1.0549534409574564,0.027877011179761046
val:9044,val,mendeley_pa:image:MENDE-PA-00541,images/mendeley_pa/MENDE-PA-00541.jpg,Mendeley PA,PA,9044,12,17,0.0769230769230769,142.21170408258948,0.9206144050405012,1.0,1.0211536679416895,0.10053926290118831
val:9045,val,mendeley_pa:image:MENDE-PA-00541,images/mendeley_pa/MENDE-PA-00541.jpg,Mendeley PA,PA,9045,13,17,0.0769230769230769,131.97814987378388,1.0406087817351406,0.9894146372026884,1.0032074155680024,0.037401366167138184
val:9046,val,mendeley_pa:image:MENDE-PA-00541,images/mendeley_pa/MENDE-PA-00541.jpg,Mendeley PA,PA,9046,14,17,0.0769230769230769,131.97814987378388,0.9868306483525406,1.0243050778411522,1.0004084954165116,0.013577847063970916
val:9047,val,mendeley_pa:image:MENDE-PA-00541,images/mendeley_pa/MENDE-PA-00541.jpg,Mendeley PA,PA,9047,15,17,0.0769230769230769,130.83807709441595,1.0167847109811783,0.9821005728200469,1.0013309646502528,0.015453746330925444
val:9253,val,mendeley_pa:image:MENDE-PA-00555,images/mendeley_pa/MENDE-PA-00555.jpg,Mendeley PA,PA,9253,3,17,0.0769230769230769,106.92112437099364,0.8772083266430071,1.0084342116654454,1.0018275592640578,0.12461923262105068
val:9254,val,mendeley_pa:image:MENDE-PA-00555,images/mendeley_pa/MENDE-PA-00555.jpg,Mendeley PA,PA,9254,4,17,0.0769230769230769,108.89242309675204,0.9636669930615289,0.9223191819748493,1.0168218098244282,0.05315481676289924
val:9255,val,mendeley_pa:image:MENDE-PA-00555,images/mendeley_pa/MENDE-PA-00555.jpg,Mendeley PA,PA,9255,5,17,0.0769230769230769,117.4432372872662,0.9117173799759737,1.0,1.0179973989725113,0.1062800189965376
val:9256,val,mendeley_pa:image:MENDE-PA-00555,images/mendeley_pa/MENDE-PA-00555.jpg,Mendeley PA,PA,9256,6,17,0.0769230769230769,120.3049925702085,1.0801749608675972,1.0233816076922717,0.9670642671096625,0.1131106937579347
val:9257,val,mendeley_pa:image:MENDE-PA-00555,images/mendeley_pa/MENDE-PA-00555.jpg,Mendeley PA,PA,9257,7,17,0.0769230769230769,131.74269259333784,1.0563074891290631,0.9999999999999998,1.0041990946047006,0.052108394524362556
val:9258,val,mendeley_pa:image:MENDE-PA-00555,images/mendeley_pa/MENDE-PA-00555.jpg,Mendeley PA,PA,9258,8,17,0.0769230769230769,134.80195999887502,0.9906009122277487,1.0130677231729406,1.0308771551728624,0.04027624294511367
val:9259,val,mendeley_pa:image:MENDE-PA-00555,images/mendeley_pa/MENDE-PA-00555.jpg,Mendeley PA,PA,9259,9,17,0.0769230769230769,137.39923812793563,0.9750144061316443,0.9795273672691026,0.981085715456348,0.006071309324703789
val:9260,val,mendeley_pa:image:MENDE-PA-00555,images/mendeley_pa/MENDE-PA-00555.jpg,Mendeley PA,PA,9260,10,17,0.0769230769230769,144.5486801940056,0.9383529704280575,1.0,0.9712952151894569,0.0329422447613994
val:9261,val,mendeley_pa:image:MENDE-PA-00555,images/mendeley_pa/MENDE-PA-00555.jpg,Mendeley PA,PA,9261,11,17,0.0769230769230769,148.75701048417227,1.0428491626501704,0.9999999999999998,1.0232100859284399,0.019639076721730486
val:9262,val,mendeley_pa:image:MENDE-PA-00555,images/mendeley_pa/MENDE-PA-00555.jpg,Mendeley PA,PA,9262,12,17,0.0769230769230769,174.98189694255765,0.9251033413472717,1.0031725990349378,0.9586630019122686,0.03355966056499693
val:9263,val,mendeley_pa:image:MENDE-PA-00555,images/mendeley_pa/MENDE-PA-00555.jpg,Mendeley PA,PA,9263,13,17,0.0769230769230769,177.742933772288,1.1023952440726856,1.0034407557860743,1.0054138918814044,0.09698135219128123
val:9264,val,mendeley_pa:image:MENDE-PA-00555,images/mendeley_pa/MENDE-PA-00555.jpg,Mendeley PA,PA,9264,14,17,0.0769230769230769,194.77624743291432,1.0002896792149092,1.0000000000000002,0.9858816163614395,0.014408062853469739
val:9265,val,mendeley_pa:image:MENDE-PA-00555,images/mendeley_pa/MENDE-PA-00555.jpg,Mendeley PA,PA,9265,15,17,0.0769230769230769,195.38781746072516,0.9908986779416247,1.0160136462809766,1.0019303418385113,0.01103166389688659
val:9287,val,mendeley_pa:image:MENDE-PA-00557,images/mendeley_pa/MENDE-PA-00557.jpg,Mendeley PA,PA,9287,3,17,0.0769230769230769,57.176408983373065,0.8697689930811263,1.1195924769324117,1.0420219342392736,0.17225294115814727
val:9288,val,mendeley_pa:image:MENDE-PA-00557,images/mendeley_pa/MENDE-PA-00557.jpg,Mendeley PA,PA,9288,4,17,0.0769230769230769,49.73908570175341,1.2757896918333589,1.0,1.0199825018644333,0.2558071899689256
val:9289,val,mendeley_pa:image:MENDE-PA-00557,images/mendeley_pa/MENDE-PA-00557.jpg,Mendeley PA,PA,9289,5,17,0.0769230769230769,48.39028718166848,1.0280555589033493,1.1272474358444478,1.1869913245206143,0.15893576561726497
val:9290,val,mendeley_pa:image:MENDE-PA-00557,images/mendeley_pa/MENDE-PA-00557.jpg,Mendeley PA,PA,9290,6,17,0.0769230769230769,52.8976516988048,0.862780104700615,0.9149575389383948,0.9907635084746993,0.12798340377408435
val:9291,val,mendeley_pa:image:MENDE-PA-00557,images/mendeley_pa/MENDE-PA-00557.jpg,Mendeley PA,PA,9291,7,17,0.0769230769230769,51.47139552130308,0.9141059071227364,0.9877956494553476,0.991972927828738,0.0778670207060016
val:9292,val,mendeley_pa:image:MENDE-PA-00557,images/mendeley_pa/MENDE-PA-00557.jpg,Mendeley PA,PA,9292,8,17,0.0769230769230769,50.12259700121815,1.1182062186882233,1.0000000000000002,1.0864497125148775,0.0317565061733458
val:9293,val,mendeley_pa:image:MENDE-PA-00557,images/mendeley_pa/MENDE-PA-00557.jpg,Mendeley PA,PA,9293,9,17,0.0769230769230769,60.04710185110853,0.8858860072957935,1.0000000000000002,1.010522265918553,0.12463625862275962
val:9294,val,mendeley_pa:image:MENDE-PA-00557,images/mendeley_pa/MENDE-PA-00557.jpg,Mendeley PA,PA,9294,10,17,0.0769230769230769,63.34334852837697,1.0111054361131404,0.9774837262216605,1.0007210421595372,0.010384393953603244
val:9295,val,mendeley_pa:image:MENDE-PA-00557,images/mendeley_pa/MENDE-PA-00557.jpg,Mendeley PA,PA,9295,11,17,0.0769230769230769,69.9782491734317,1.009446481264744,1.0,1.0369466505944729,0.027500169329728985
val:9296,val,mendeley_pa:image:MENDE-PA-00557,images/mendeley_pa/MENDE-PA-00557.jpg,Mendeley PA,PA,9296,12,17,0.0769230769230769,69.9833030718868,1.0846829311591337,1.0716100584580106,1.0801099220155281,0.004573009143605589
val:9297,val,mendeley_pa:image:MENDE-PA-00557,images/mendeley_pa/MENDE-PA-00557.jpg,Mendeley PA,PA,9297,13,17,0.0769230769230769,69.9833030718868,1.133846533611051,1.0376546739270818,1.0778644702067506,0.05598206340430045
val:9298,val,mendeley_pa:image:MENDE-PA-00557,images/mendeley_pa/MENDE-PA-00557.jpg,Mendeley PA,PA,9298,14,17,0.0769230769230769,77.63000995346133,0.8930477890205957,0.9548554427211107,0.9983935511891664,0.10534576216857072
val:9299,val,mendeley_pa:image:MENDE-PA-00557,images/mendeley_pa/MENDE-PA-00557.jpg,Mendeley PA,PA,9299,15,17,0.0769230769230769,74.33881717464797,0.9268448445249138,1.0594034301950406,1.1544770183875035,0.22763217386258972
val:9573,val,mendeley_pa:image:MENDE-PA-00581,images/mendeley_pa/MENDE-PA-00581.jpg,Mendeley PA,PA,9573,3,17,0.0769230769230769,15.017701157747744,1.1229654990222242,1.0,1.068821057677269,0.05414444134495522
val:9574,val,mendeley_pa:image:MENDE-PA-00581,images/mendeley_pa/MENDE-PA-00581.jpg,Mendeley PA,PA,9574,4,17,0.0769230769230769,18.30903149226745,0.8080290585635075,1.0320821343838662,0.9303337871014565,0.12230472853794905
val:9575,val,mendeley_pa:image:MENDE-PA-00581,images/mendeley_pa/MENDE-PA-00581.jpg,Mendeley PA,PA,9575,5,17,0.0769230769230769,16.771305442143145,1.24787473458777,1.0299714684955914,1.0970693931453068,0.15080534144246327
val:9576,val,mendeley_pa:image:MENDE-PA-00581,images/mendeley_pa/MENDE-PA-00581.jpg,Mendeley PA,PA,9576,6,17,0.0769230769230769,17.382636488369553,1.1364042918906443,1.081732882177463,1.1045542936679034,0.03184999822274093
val:9577,val,mendeley_pa:image:MENDE-PA-00581,images/mendeley_pa/MENDE-PA-00581.jpg,Mendeley PA,PA,9577,7,17,0.0769230769230769,18.920362538493865,0.8814974118797787,0.9999999999999999,0.9158281981945037,0.03433078631472497
val:9578,val,mendeley_pa:image:MENDE-PA-00581,images/mendeley_pa/MENDE-PA-00581.jpg,Mendeley PA,PA,9578,8,17,0.0769230769230769,18.81854803992036,0.9611274115761261,0.9182866793515478,0.9814909454824721,0.020363533906345932
val:9579,val,mendeley_pa:image:MENDE-PA-00581,images/mendeley_pa/MENDE-PA-00581.jpg,Mendeley PA,PA,9579,9,17,0.0769230769230769,19.217180531044,0.9305940245080844,1.0150120963127374,1.0406137590081452,0.11001973450006086
val:9580,val,mendeley_pa:image:MENDE-PA-00581,images/mendeley_pa/MENDE-PA-00581.jpg,Mendeley PA,PA,9580,10,17,0.0769230769230769,19.217180531044,1.0888339728629384,0.9947019023727737,0.9779560239892564,0.11087794887368196
val:9581,val,mendeley_pa:image:MENDE-PA-00581,images/mendeley_pa/MENDE-PA-00581.jpg,Mendeley PA,PA,9581,11,17,0.0769230769230769,22.36094298661237,0.9099499384726499,1.0,0.9619074985384941,0.05195756006584418
val:9582,val,mendeley_pa:image:MENDE-PA-00581,images/mendeley_pa/MENDE-PA-00581.jpg,Mendeley PA,PA,9582,12,17,0.0769230769230769,22.860708249433014,1.0409811755930183,0.9873805237421527,1.0203286228189006,0.020652552774117705
val:9583,val,mendeley_pa:image:MENDE-PA-00581,images/mendeley_pa/MENDE-PA-00581.jpg,Mendeley PA,PA,9583,13,17,0.0769230769230769,25.33655209664549,0.978708443810244,1.0,1.0091793593019247,0.030470915491680683
val:9584,val,mendeley_pa:image:MENDE-PA-00581,images/mendeley_pa/MENDE-PA-00581.jpg,Mendeley PA,PA,9584,14,17,0.0769230769230769,25.82589994012581,1.040642816212207,1.0175883643561328,0.987805519648763,0.05283729656344405
val:9585,val,mendeley_pa:image:MENDE-PA-00581,images/mendeley_pa/MENDE-PA-00581.jpg,Mendeley PA,PA,9585,15,17,0.0769230769230769,26.519649487953103,1.046890649696643,1.0130269571538155,0.9977080242107694,0.0491826254858736
val:9590,val,mendeley_pa:image:MENDE-PA-00582,images/mendeley_pa/MENDE-PA-00582.jpg,Mendeley PA,PA,9590,3,17,0.0769230769230769,81.58667018854726,0.9753839262043742,1.0182287857997765,0.9858136267531266,0.010429700548752363
val:9591,val,mendeley_pa:image:MENDE-PA-00582,images/mendeley_pa/MENDE-PA-00582.jpg,Mendeley PA,PA,9591,4,17,0.0769230769230769,79.91880085890602,1.0746972714884753,1.0166092978237407,1.0328582317946688,0.041839039693806424
val:9592,val,mendeley_pa:image:MENDE-PA-00582,images/mendeley_pa/MENDE-PA-00582.jpg,Mendeley PA,PA,9592,5,17,0.0769230769230769,82.73342195907186,1.0021834391758455,0.9996842616560403,1.0418849797310772,0.039701540555231674
val:9593,val,mendeley_pa:image:MENDE-PA-00582,images/mendeley_pa/MENDE-PA-00582.jpg,Mendeley PA,PA,9593,6,17,0.0769230769230769,85.19506704788043,0.9334587696547415,1.013937796042792,0.987045806409351,0.05358703675460952
val:9594,val,mendeley_pa:image:MENDE-PA-00582,images/mendeley_pa/MENDE-PA-00582.jpg,Mendeley PA,PA,9594,7,17,0.0769230769230769,81.22007391044836,1.1062650814357835,1.0097731474615812,0.9991796055637479,0.10708547587203565
val:9595,val,mendeley_pa:image:MENDE-PA-00582,images/mendeley_pa/MENDE-PA-00582.jpg,Mendeley PA,PA,9595,8,17,0.0769230769230769,78.39901727166767,1.0778402563293539,1.0390301430835143,1.06654521173376,0.01129504459559394
val:9596,val,mendeley_pa:image:MENDE-PA-00582,images/mendeley_pa/MENDE-PA-00582.jpg,Mendeley PA,PA,9596,9,17,0.0769230769230769,83.60375888500124,0.8739673139400135,0.967501767299449,0.9738869069547709,0.09991959301475739
val:9597,val,mendeley_pa:image:MENDE-PA-00582,images/mendeley_pa/MENDE-PA-00582.jpg,Mendeley PA,PA,9597,10,17,0.0769230769230769,83.60375888500124,0.9242640893988621,0.9316139343699888,0.9442300630307273,0.019965973631865253
val:9598,val,mendeley_pa:image:MENDE-PA-00582,images/mendeley_pa/MENDE-PA-00582.jpg,Mendeley PA,PA,9598,11,17,0.0769230769230769,83.06833175579655,0.9956369551404587,1.0,0.9976698595564812,0.002032904416022552
val:9599,val,mendeley_pa:image:MENDE-PA-00582,images/mendeley_pa/MENDE-PA-00582.jpg,Mendeley PA,PA,9599,12,17,0.0769230769230769,86.86158363321387,1.0230611476146931,1.0,1.0123513452708721,0.010709802343821018
val:9600,val,mendeley_pa:image:MENDE-PA-00582,images/mendeley_pa/MENDE-PA-00582.jpg,Mendeley PA,PA,9600,13,17,0.0769230769230769,93.64364298459898,0.9719534980442619,1.0,0.9843286797404289,0.012375181696167026
val:9601,val,mendeley_pa:image:MENDE-PA-00582,images/mendeley_pa/MENDE-PA-00582.jpg,Mendeley PA,PA,9601,14,17,0.0769230769230769,95.35977309741496,1.0321183800765628,1.0160414164819698,0.9878355486252288,0.04428283145133394
val:9602,val,mendeley_pa:image:MENDE-PA-00582,images/mendeley_pa/MENDE-PA-00582.jpg,Mendeley PA,PA,9602,15,17,0.0769230769230769,99.06242718005676,1.0373427587366082,0.9999999999999998,1.0271734446287153,0.010169314107892902
val:9637,val,mendeley_pa:image:MENDE-PA-00585,images/mendeley_pa/MENDE-PA-00585.jpg,Mendeley PA,PA,9637,3,17,0.0769230769230769,71.00622507055408,0.9493094287624729,1.0000000000000002,0.9551920332014563,0.005882604438983363
val:9638,val,mendeley_pa:image:MENDE-PA-00585,images/mendeley_pa/MENDE-PA-00585.jpg,Mendeley PA,PA,9638,4,17,0.0769230769230769,73.55618495502682,1.003150733964322,0.994442137965351,0.9915174560913589,0.011633277872963088
val:9639,val,mendeley_pa:image:MENDE-PA-00585,images/mendeley_pa/MENDE-PA-00585.jpg,Mendeley PA,PA,9639,5,17,0.0769230769230769,70.59740994277891,1.1174327890801767,1.1335254248687932,1.0448514905283162,0.07258129855186057
val:9640,val,mendeley_pa:image:MENDE-PA-00585,images/mendeley_pa/MENDE-PA-00585.jpg,Mendeley PA,PA,9640,6,17,0.0769230769230769,74.33104010043972,1.1604839264759437,0.983148320956422,1.010071351571275,0.15041257490466875
val:9641,val,mendeley_pa:image:MENDE-PA-00585,images/mendeley_pa/MENDE-PA-00585.jpg,Mendeley PA,PA,9641,7,17,0.0769230769230769,82.57391898449757,0.8146520677771953,0.9756961915582528,0.9165156189292779,0.10186355115208257
val:9642,val,mendeley_pa:image:MENDE-PA-00585,images/mendeley_pa/MENDE-PA-00585.jpg,Mendeley PA,PA,9642,8,17,0.0769230769230769,82.43446486810555,0.9082868360391114,0.9360389801810369,0.9053633528898344,0.0029234831492770397
val:9643,val,mendeley_pa:image:MENDE-PA-00585,images/mendeley_pa/MENDE-PA-00585.jpg,Mendeley PA,PA,9643,9,17,0.0769230769230769,76.74154586852043,1.1343885508611393,1.0,1.0179742090404034,0.11641434182073596
val:9644,val,mendeley_pa:image:MENDE-PA-00585,images/mendeley_pa/MENDE-PA-00585.jpg,Mendeley PA,PA,9644,10,17,0.0769230769230769,88.4090555637058,0.8891504604386136,1.0,0.9287367984652519,0.03958633802663836
val:9645,val,mendeley_pa:image:MENDE-PA-00585,images/mendeley_pa/MENDE-PA-00585.jpg,Mendeley PA,PA,9645,11,17,0.0769230769230769,91.65088034813698,0.9794055417450418,0.953924182096554,0.9251275744680894,0.054277967276952443
val:9646,val,mendeley_pa:image:MENDE-PA-00585,images/mendeley_pa/MENDE-PA-00585.jpg,Mendeley PA,PA,9646,12,17,0.0769230769230769,93.2815194896504,1.0317909722548853,1.0060220561046669,0.9845206304509708,0.04727034180391443
val:9647,val,mendeley_pa:image:MENDE-PA-00585,images/mendeley_pa/MENDE-PA-00585.jpg,Mendeley PA,PA,9647,13,17,0.0769230769230769,96.52334427408157,1.0145022707694198,1.0,1.0112668760120869,0.003235394757332921
val:9648,val,mendeley_pa:image:MENDE-PA-00585,images/mendeley_pa/MENDE-PA-00585.jpg,Mendeley PA,PA,9648,14,17,0.0769230769230769,101.81064355337004,0.9507813277870155,1.0,1.0166599787771702,0.06587865099015466
val:9649,val,mendeley_pa:image:MENDE-PA-00585,images/mendeley_pa/MENDE-PA-00585.jpg,Mendeley PA,PA,9649,15,17,0.0769230769230769,106.68288781244608,0.990769347603793,1.043805952480886,1.014556506014321,0.02378715841052792
val:10209,val,mendeley_pa:image:MENDE-PA-00637,images/mendeley_pa/MENDE-PA-00637.jpg,Mendeley PA,PA,10209,3,17,0.0769230769230769,64.30829021201099,1.3045400493045085,1.0000000000000002,1.1260733157396319,0.17846673356487663
val:10210,val,mendeley_pa:image:MENDE-PA-00637,images/mendeley_pa/MENDE-PA-00637.jpg,Mendeley PA,PA,10210,4,17,0.0769230769230769,83.6753649653957,0.7382519740732536,1.0,1.0070826327428222,0.26883065866956857
val:10211,val,mendeley_pa:image:MENDE-PA-00637,images/mendeley_pa/MENDE-PA-00637.jpg,Mendeley PA,PA,10211,5,17,0.0769230769230769,77.94952569943439,1.0706670643350886,0.9519271270585734,0.9851268918467242,0.08554017248836443
val:10212,val,mendeley_pa:image:MENDE-PA-00637,images/mendeley_pa/MENDE-PA-00637.jpg,Mendeley PA,PA,10212,6,17,0.0769230769230769,69.39072199766792,1.2484526785178884,1.1202095661085216,1.1224511808488635,0.1260014976690249
val:10213,val,mendeley_pa:image:MENDE-PA-00637,images/mendeley_pa/MENDE-PA-00637.jpg,Mendeley PA,PA,10213,7,17,0.0769230769230769,75.12610855196145,0.9584725297624022,1.0209910268179725,1.0670263091317962,0.10855377936939403
val:10214,val,mendeley_pa:image:MENDE-PA-00637,images/mendeley_pa/MENDE-PA-00637.jpg,Mendeley PA,PA,10214,8,17,0.0769230769230769,76.83660219453195,0.8690536902096972,0.9032188736078568,0.9973303832290001,0.1282766930193029
val:10215,val,mendeley_pa:image:MENDE-PA-00637,images/mendeley_pa/MENDE-PA-00637.jpg,Mendeley PA,PA,10215,9,17,0.0769230769230769,73.2503870627577,0.9118617653142311,1.0132507943419773,1.0708965883461792,0.15903482303194805
val:10216,val,mendeley_pa:image:MENDE-PA-00637,images/mendeley_pa/MENDE-PA-00637.jpg,Mendeley PA,PA,10216,10,17,0.0769230769230769,70.6443450337545,1.1560287385358217,1.0,1.0920350030064583,0.06399373552936338
val:10217,val,mendeley_pa:image:MENDE-PA-00637,images/mendeley_pa/MENDE-PA-00637.jpg,Mendeley PA,PA,10217,11,17,0.0769230769230769,87.0261606443903,0.856000796299796,0.9999999999999998,0.981101047247648,0.12510025094785204
val:10218,val,mendeley_pa:image:MENDE-PA-00637,images/mendeley_pa/MENDE-PA-00637.jpg,Mendeley PA,PA,10218,12,17,0.0769230769230769,87.95771160223116,1.0503391519837648,0.9592279623190734,0.9908983054499003,0.0594408465338645
val:10219,val,mendeley_pa:image:MENDE-PA-00637,images/mendeley_pa/MENDE-PA-00637.jpg,Mendeley PA,PA,10219,13,17,0.0769230769230769,95.56234863835913,0.9862517139158089,1.0,1.0228464007377625,0.03659468682195355
val:10220,val,mendeley_pa:image:MENDE-PA-00637,images/mendeley_pa/MENDE-PA-00637.jpg,Mendeley PA,PA,10220,14,17,0.0769230769230769,105.152766383864,0.9390078117540619,1.0,1.0282564759254456,0.08924866417138366
val:10221,val,mendeley_pa:image:MENDE-PA-00637,images/mendeley_pa/MENDE-PA-00637.jpg,Mendeley PA,PA,10221,15,17,0.0769230769230769,112.60499558195464,1.0306558961929821,1.0,1.0743168070912361,0.04366091089825397
val:10293,val,mendeley_pa:image:MENDE-PA-00644,images/mendeley_pa/MENDE-PA-00644.jpg,Mendeley PA,PA,10293,3,17,0.0769230769230769,24.247742916055767,0.9130723855539005,1.0194186852388412,0.9716320545487434,0.058559668994842884
val:10294,val,mendeley_pa:image:MENDE-PA-00644,images/mendeley_pa/MENDE-PA-00644.jpg,Mendeley PA,PA,10294,4,17,0.0769230769230769,23.760969027486365,1.0172782591287968,0.9777360729591638,0.9658913792760759,0.051386879852720835
val:10295,val,mendeley_pa:image:MENDE-PA-00644,images/mendeley_pa/MENDE-PA-00644.jpg,Mendeley PA,PA,10295,5,17,0.0769230769230769,23.684743318925182,1.026988905772983,0.9999999999999998,1.0027055842801926,0.024283321492790444
val:10296,val,mendeley_pa:image:MENDE-PA-00644,images/mendeley_pa/MENDE-PA-00644.jpg,Mendeley PA,PA,10296,6,17,0.0769230769230769,25.8450237792104,0.8975797286368181,1.0,0.9773503169417381,0.07977058830492001
val:10297,val,mendeley_pa:image:MENDE-PA-00644,images/mendeley_pa/MENDE-PA-00644.jpg,Mendeley PA,PA,10297,7,17,0.0769230769230769,26.050591175434164,1.0504974243966565,0.9783882218511228,1.0006074625165586,0.049889961880097866
val:10298,val,mendeley_pa:image:MENDE-PA-00644,images/mendeley_pa/MENDE-PA-00644.jpg,Mendeley PA,PA,10298,8,17,0.0769230769230769,27.810790372263824,0.9987926755923511,0.9999999999999999,0.9818129055202006,0.016979770072150457
val:10299,val,mendeley_pa:image:MENDE-PA-00644,images/mendeley_pa/MENDE-PA-00644.jpg,Mendeley PA,PA,10299,9,17,0.0769230769230769,27.89314934288264,1.0129907334373345,1.0550205751166675,0.9939989863739345,0.01899174706340001
val:10300,val,mendeley_pa:image:MENDE-PA-00644,images/mendeley_pa/MENDE-PA-00644.jpg,Mendeley PA,PA,10300,10,17,0.0769230769230769,27.89314934288264,1.1141975692596016,1.0085735762318007,0.9784355753858915,0.13576199387371002
val:10301,val,mendeley_pa:image:MENDE-PA-00644,images/mendeley_pa/MENDE-PA-00644.jpg,Mendeley PA,PA,10301,11,17,0.0769230769230769,29.66699050377934,0.9441161534718447,0.9703133638892656,0.9343680154476648,0.009748138024179953
val:10302,val,mendeley_pa:image:MENDE-PA-00644,images/mendeley_pa/MENDE-PA-00644.jpg,Mendeley PA,PA,10302,12,17,0.0769230769230769,31.275590149821923,0.847116725236343,0.9509298749820959,0.9253635671542656,0.07824684191792264
val:10303,val,mendeley_pa:image:MENDE-PA-00644,images/mendeley_pa/MENDE-PA-00644.jpg,Mendeley PA,PA,10303,13,17,0.0769230769230769,31.685675165378303,0.9932785379684115,0.9760931486538418,1.0070993786952265,0.013820840726814998
val:10304,val,mendeley_pa:image:MENDE-PA-00644,images/mendeley_pa/MENDE-PA-00644.jpg,Mendeley PA,PA,10304,14,17,0.0769230769230769,34.526348184954145,1.0242109933495038,0.9999999999999999,1.007957210764289,0.016253782585214926
val:10305,val,mendeley_pa:image:MENDE-PA-00644,images/mendeley_pa/MENDE-PA-00644.jpg,Mendeley PA,PA,10305,15,17,0.0769230769230769,37.07747916078898,1.0135531356954215,1.0000000000000002,1.0016541725490244,0.011898963146397046
val:10434,val,mendeley_pa:image:MENDE-PA-00657,images/mendeley_pa/MENDE-PA-00657.jpg,Mendeley PA,PA,10434,3,17,0.0769230769230769,39.56446998148893,1.0354618681652377,0.9632489659894294,0.9991643593717403,0.03629750879349736
val:10435,val,mendeley_pa:image:MENDE-PA-00657,images/mendeley_pa/MENDE-PA-00657.jpg,Mendeley PA,PA,10435,4,17,0.0769230769230769,42.21626916890084,0.9035705840015569,1.0490032968740863,1.0237313503097696,0.12016076630821271
val:10436,val,mendeley_pa:image:MENDE-PA-00657,images/mendeley_pa/MENDE-PA-00657.jpg,Mendeley PA,PA,10436,5,17,0.0769230769230769,42.21626916890084,1.127586876266855,0.9665754332601197,1.0164219147919782,0.11116496147487687
val:10437,val,mendeley_pa:image:MENDE-PA-00657,images/mendeley_pa/MENDE-PA-00657.jpg,Mendeley PA,PA,10437,6,17,0.0769230769230769,43.69875894894962,0.9946515503696345,1.0427312362691894,1.0290706414482131,0.034419091078578656
val:10438,val,mendeley_pa:image:MENDE-PA-00657,images/mendeley_pa/MENDE-PA-00657.jpg,Mendeley PA,PA,10438,7,17,0.0769230769230769,43.666472715483735,0.9968657438478704,1.0,0.9635798558592796,0.03328588798859078
val:10439,val,mendeley_pa:image:MENDE-PA-00657,images/mendeley_pa/MENDE-PA-00657.jpg,Mendeley PA,PA,10439,8,17,0.0769230769230769,42.21601916890084,1.0391294100387807,1.000764786308645,1.0323315514680136,0.00679785857076709
val:10440,val,mendeley_pa:image:MENDE-PA-00657,images/mendeley_pa/MENDE-PA-00657.jpg,Mendeley PA,PA,10440,9,17,0.0769230769230769,43.032563708142256,0.9519999848916412,0.9757844434952896,0.9705209985277217,0.018521013636080497
val:10441,val,mendeley_pa:image:MENDE-PA-00657,images/mendeley_pa/MENDE-PA-00657.jpg,Mendeley PA,PA,10441,10,17,0.0769230769230769,42.25259331810877,0.949364339960945,0.988134810837318,0.987641659759783,0.03827731979883797
val:10442,val,mendeley_pa:image:MENDE-PA-00657,images/mendeley_pa/MENDE-PA-00657.jpg,Mendeley PA,PA,10442,11,17,0.0769230769230769,41.46833501233324,1.0257348552552312,0.9897042570836099,1.0467980487472566,0.021063193492025345
val:10443,val,mendeley_pa:image:MENDE-PA-00657,images/mendeley_pa/MENDE-PA-00657.jpg,Mendeley PA,PA,10443,12,17,0.0769230769230769,46.81716018546021,0.8964591158115736,1.0316192666843267,0.9927939931705327,0.09633487735895918
val:10444,val,mendeley_pa:image:MENDE-PA-00657,images/mendeley_pa/MENDE-PA-00657.jpg,Mendeley PA,PA,10444,13,17,0.0769230769230769,46.81716018546021,1.1546931102150049,0.9939568463289626,1.0241735811853299,0.130519529029675
val:10445,val,mendeley_pa:image:MENDE-PA-00657,images/mendeley_pa/MENDE-PA-00657.jpg,Mendeley PA,PA,10445,14,17,0.0769230769230769,54.22779435830635,0.942299135785195,1.0,0.9929315354675055,0.05063239968231048
val:10446,val,mendeley_pa:image:MENDE-PA-00657,images/mendeley_pa/MENDE-PA-00657.jpg,Mendeley PA,PA,10446,15,17,0.0769230769230769,56.45398032303527,0.9635482936609514,0.9889450311802501,1.0164257638298149,0.05287747016886346
val:10525,val,mendeley_pa:image:MENDE-PA-00664,images/mendeley_pa/MENDE-PA-00664.jpg,Mendeley PA,PA,10525,3,17,0.0769230769230769,36.98337569257686,0.9391410478617186,1.0,0.953086756169796,0.013945708308077398
val:10526,val,mendeley_pa:image:MENDE-PA-00664,images/mendeley_pa/MENDE-PA-00664.jpg,Mendeley PA,PA,10526,4,17,0.0769230769230769,37.213181713944415,0.9957509913355613,0.9707216300650747,0.9370640345498236,0.058686956785737765
val:10527,val,mendeley_pa:image:MENDE-PA-00664,images/mendeley_pa/MENDE-PA-00664.jpg,Mendeley PA,PA,10527,5,17,0.0769230769230769,37.64767657216329,0.9964671937519786,1.0,0.9685638770461082,0.027903316705870318
val:10528,val,mendeley_pa:image:MENDE-PA-00664,images/mendeley_pa/MENDE-PA-00664.jpg,Mendeley PA,PA,10528,6,17,0.0769230769230769,37.284868603778094,1.0256249249069675,1.0169278770804422,1.057451223593952,0.03182629868698439
val:10529,val,mendeley_pa:image:MENDE-PA-00664,images/mendeley_pa/MENDE-PA-00664.jpg,Mendeley PA,PA,10529,7,17,0.0769230769230769,36.40801603628118,1.052443228150554,0.9650801381648655,0.9419342669279451,0.11050896122260889
val:10530,val,mendeley_pa:image:MENDE-PA-00664,images/mendeley_pa/MENDE-PA-00664.jpg,Mendeley PA,PA,10530,8,17,0.0769230769230769,36.789576219842175,0.8707090165940248,1.00053785527831,0.9377534070122806,0.06704439041825583
val:10531,val,mendeley_pa:image:MENDE-PA-00664,images/mendeley_pa/MENDE-PA-00664.jpg,Mendeley PA,PA,10531,9,17,0.0769230769230769,36.8281159027746,0.9585436719220581,0.9146799389210982,0.9297154163879795,0.02882825553407864
val:10532,val,mendeley_pa:image:MENDE-PA-00664,images/mendeley_pa/MENDE-PA-00664.jpg,Mendeley PA,PA,10532,10,17,0.0769230769230769,36.20856854525903,0.9759806393228818,1.0222358561307705,0.9705301343650139,0.005450504957867919
val:10533,val,mendeley_pa:image:MENDE-PA-00664,images/mendeley_pa/MENDE-PA-00664.jpg,Mendeley PA,PA,10533,11,17,0.0769230769230769,36.22732076043482,1.068973246488118,0.9999999999999999,1.057860940694809,0.01111230579330913
val:10534,val,mendeley_pa:image:MENDE-PA-00664,images/mendeley_pa/MENDE-PA-00664.jpg,Mendeley PA,PA,10534,12,17,0.0769230769230769,39.09095654353735,0.9494722801618791,1.0000000000000002,0.9787773042917254,0.029305024129846258
val:10535,val,mendeley_pa:image:MENDE-PA-00664,images/mendeley_pa/MENDE-PA-00664.jpg,Mendeley PA,PA,10535,13,17,0.0769230769230769,40.45019272651123,0.9754187493986088,0.9800958050727443,1.012955704176386,0.037536954777777076
val:10536,val,mendeley_pa:image:MENDE-PA-00664,images/mendeley_pa/MENDE-PA-00664.jpg,Mendeley PA,PA,10536,14,17,0.0769230769230769,44.63196546243282,0.9449359518722658,1.0,1.024547403678298,0.07961145180603224
val:10537,val,mendeley_pa:image:MENDE-PA-00664,images/mendeley_pa/MENDE-PA-00664.jpg,Mendeley PA,PA,10537,15,17,0.0769230769230769,48.54905694662023,1.0259324826309892,1.0,1.0431305468082428,0.017198064177253558
val:10776,val,mendeley_pa:image:MENDE-PA-00685,images/mendeley_pa/MENDE-PA-00685.jpg,Mendeley PA,PA,10776,3,17,0.0769230769230769,84.24482775519219,1.0457021665071542,1.0,1.0159016139805317,0.029800552526622504
val:10777,val,mendeley_pa:image:MENDE-PA-00685,images/mendeley_pa/MENDE-PA-00685.jpg,Mendeley PA,PA,10777,4,17,0.0769230769230769,86.48807178765617,0.9742985571491747,1.0,1.002006740309298,0.027708183160123356
val:10778,val,mendeley_pa:image:MENDE-PA-00685,images/mendeley_pa/MENDE-PA-00685.jpg,Mendeley PA,PA,10778,5,17,0.0769230769230769,88.85351836941419,0.955293006201364,0.9840741191322236,0.9836907051533713,0.028397698952007278
val:10779,val,mendeley_pa:image:MENDE-PA-00685,images/mendeley_pa/MENDE-PA-00685.jpg,Mendeley PA,PA,10779,6,17,0.0769230769230769,87.24659125644382,1.0385699977973668,1.0,1.0287966709583998,0.009773326838967034
val:10780,val,mendeley_pa:image:MENDE-PA-00685,images/mendeley_pa/MENDE-PA-00685.jpg,Mendeley PA,PA,10780,7,17,0.0769230769230769,91.966255615629,0.974401287062653,1.0434468650419573,0.9950950295824865,0.02069374251983347
val:10781,val,mendeley_pa:image:MENDE-PA-00685,images/mendeley_pa/MENDE-PA-00685.jpg,Mendeley PA,PA,10781,8,17,0.0769230769230769,91.966255615629,1.1016226490502121,0.9945651030144751,1.0103373656026184,0.09128528344759368
val:10782,val,mendeley_pa:image:MENDE-PA-00685,images/mendeley_pa/MENDE-PA-00685.jpg,Mendeley PA,PA,10782,9,17,0.0769230769230769,100.00581863537607,0.9331538945996293,1.0038559331455126,0.9713367267408266,0.03818283214119733
val:10783,val,mendeley_pa:image:MENDE-PA-00685,images/mendeley_pa/MENDE-PA-00685.jpg,Mendeley PA,PA,10783,10,17,0.0769230769230769,100.92649438369789,0.9855762775204602,0.9604103410056439,0.9863846016487685,0.0008083241283083353
val:10784,val,mendeley_pa:image:MENDE-PA-00685,images/mendeley_pa/MENDE-PA-00685.jpg,Mendeley PA,PA,10784,11,17,0.0769230769230769,105.50018598918692,0.9529924302046477,1.0,1.0087453927844763,0.055752962579828536
val:10785,val,mendeley_pa:image:MENDE-PA-00685,images/mendeley_pa/MENDE-PA-00685.jpg,Mendeley PA,PA,10785,12,17,0.0769230769230769,111.11028109908798,1.0037740183650272,1.015579911393576,1.0114573370455733,0.0076833186805460585
val:10786,val,mendeley_pa:image:MENDE-PA-00685,images/mendeley_pa/MENDE-PA-00685.jpg,Mendeley PA,PA,10786,13,17,0.0769230769230769,116.60464845289884,1.0732150209665634,1.0,1.0135857965797186,0.059629224386844815
val:10787,val,mendeley_pa:image:MENDE-PA-00685,images/mendeley_pa/MENDE-PA-00685.jpg,Mendeley PA,PA,10787,14,17,0.0769230769230769,126.30328210616776,0.9633928868373911,1.0039903990601706,0.9879237342303204,0.024530847392929322
val:10788,val,mendeley_pa:image:MENDE-PA-00685,images/mendeley_pa/MENDE-PA-00685.jpg,Mendeley PA,PA,10788,15,17,0.0769230769230769,124.50000714212445,1.031909217707315,1.0005798122527159,1.0278488031270063,0.004060414580308702
val:10821,val,mendeley_pa:image:MENDE-PA-00689,images/mendeley_pa/MENDE-PA-00689.jpg,Mendeley PA,PA,10821,3,17,0.0769230769230769,19.93752076472004,1.079620808310499,1.0,1.0096187619492412,0.07000204636125784
val:10822,val,mendeley_pa:image:MENDE-PA-00689,images/mendeley_pa/MENDE-PA-00689.jpg,Mendeley PA,PA,10822,4,17,0.0769230769230769,20.84603589667509,1.200882052066291,1.16598633346648,1.1554652940997578,0.04541675796653322
val:10823,val,mendeley_pa:image:MENDE-PA-00689,images/mendeley_pa/MENDE-PA-00689.jpg,Mendeley PA,PA,10823,5,17,0.0769230769230769,21.671353633606657,1.249918399154801,1.0428684021977261,1.1387439112809972,0.1111744878738039
val:10824,val,mendeley_pa:image:MENDE-PA-00689,images/mendeley_pa/MENDE-PA-00689.jpg,Mendeley PA,PA,10824,6,17,0.0769230769230769,23.42568767427283,0.860897224877809,1.0438363497530114,0.9315482546960008,0.07065102981819182
val:10825,val,mendeley_pa:image:MENDE-PA-00689,images/mendeley_pa/MENDE-PA-00689.jpg,Mendeley PA,PA,10825,7,17,0.0769230769230769,20.831180067513984,1.0473600109445294,0.9740220600346218,1.029683514831413,0.01767649611311639
val:10826,val,mendeley_pa:image:MENDE-PA-00689,images/mendeley_pa/MENDE-PA-00689.jpg,Mendeley PA,PA,10826,8,17,0.0769230769230769,21.24970371414021,0.9606227272432537,1.0133589946216566,1.0141065234801394,0.053483796236885706
val:10827,val,mendeley_pa:image:MENDE-PA-00689,images/mendeley_pa/MENDE-PA-00689.jpg,Mendeley PA,PA,10827,9,17,0.0769230769230769,21.53387030586992,0.986790182081069,0.9673816961708108,1.0210727853241006,0.03428260324303167
val:10828,val,mendeley_pa:image:MENDE-PA-00689,images/mendeley_pa/MENDE-PA-00689.jpg,Mendeley PA,PA,10828,10,17,0.0769230769230769,23.826525282857407,0.8918629710363084,1.0079459298869697,0.9938607469668714,0.10199777593056303
val:10829,val,mendeley_pa:image:MENDE-PA-00689,images/mendeley_pa/MENDE-PA-00689.jpg,Mendeley PA,PA,10829,11,17,0.0769230769230769,23.52309447001425,1.1385528633790536,1.0129116824885025,1.0441982871909752,0.09435457618807841
val:10830,val,mendeley_pa:image:MENDE-PA-00689,images/mendeley_pa/MENDE-PA-00689.jpg,Mendeley PA,PA,10830,12,17,0.0769230769230769,26.28923993807914,1.0043515456462653,1.0,0.9815984684973955,0.02275307714886976
val:10831,val,mendeley_pa:image:MENDE-PA-00689,images/mendeley_pa/MENDE-PA-00689.jpg,Mendeley PA,PA,10831,13,17,0.0769230769230769,26.996426250774483,0.9555410435500709,0.9929870754895839,1.0283285506485136,0.07278750709844273
val:10832,val,mendeley_pa:image:MENDE-PA-00689,images/mendeley_pa/MENDE-PA-00689.jpg,Mendeley PA,PA,10832,14,17,0.0769230769230769,26.915282141355757,1.0109708601333514,0.9887156030782529,1.0942064365991422,0.08323557646579083
val:10833,val,mendeley_pa:image:MENDE-PA-00689,images/mendeley_pa/MENDE-PA-00689.jpg,Mendeley PA,PA,10833,15,17,0.0769230769230769,29.64568522613032,0.9251574152471111,1.0894260668589517,1.0310773813559457,0.10591996610883458
val:11022,val,mendeley_pa:image:MENDE-PA-00705,images/mendeley_pa/MENDE-PA-00705.jpg,Mendeley PA,PA,11022,3,17,0.0769230769230769,16.132740372172982,0.951624852097644,1.0,1.004507392179221,0.05288254008157689
val:11023,val,mendeley_pa:image:MENDE-PA-00705,images/mendeley_pa/MENDE-PA-00705.jpg,Mendeley PA,PA,11023,4,17,0.0769230769230769,16.26567595258086,1.0228588318522545,0.9915259049053152,1.0044160770962796,0.0184427547559749
val:11024,val,mendeley_pa:image:MENDE-PA-00705,images/mendeley_pa/MENDE-PA-00705.jpg,Mendeley PA,PA,11024,5,17,0.0769230769230769,17.204264362892157,0.9825099817356181,0.9999999999999999,0.9939304306171833,0.011420448881565237
val:11025,val,mendeley_pa:image:MENDE-PA-00705,images/mendeley_pa/MENDE-PA-00705.jpg,Mendeley PA,PA,11025,6,17,0.0769230769230769,17.877796794784413,0.9940284379350698,0.9999999999999998,0.9983940246747804,0.0043655867397106585
val:11026,val,mendeley_pa:image:MENDE-PA-00705,images/mendeley_pa/MENDE-PA-00705.jpg,Mendeley PA,PA,11026,7,17,0.0769230769230769,18.450200630564165,1.0217900879288404,1.0073760564078982,1.0073598192244533,0.014430268704387128
val:11027,val,mendeley_pa:image:MENDE-PA-00705,images/mendeley_pa/MENDE-PA-00705.jpg,Mendeley PA,PA,11027,8,17,0.0769230769230769,18.990797482048546,1.0216286229687863,1.0,0.9926715111359954,0.028957111832790927
val:11028,val,mendeley_pa:image:MENDE-PA-00705,images/mendeley_pa/MENDE-PA-00705.jpg,Mendeley PA,PA,11028,9,17,0.0769230769230769,19.73738276732891,0.9691945008612196,1.0,0.972789479419589,0.0035949785583694327
val:11029,val,mendeley_pa:image:MENDE-PA-00705,images/mendeley_pa/MENDE-PA-00705.jpg,Mendeley PA,PA,11029,10,17,0.0769230769230769,20.15078917044933,0.9961507256217237,0.993246432214791,0.9931795936674365,0.0029711319542872205
val:11030,val,mendeley_pa:image:MENDE-PA-00705,images/mendeley_pa/MENDE-PA-00705.jpg,Mendeley PA,PA,11030,11,17,0.0769230769230769,20.792983366773683,1.0051485008943783,1.0000000000000002,0.9982234543422239,0.0069250465521544236
val:11031,val,mendeley_pa:image:MENDE-PA-00705,images/mendeley_pa/MENDE-PA-00705.jpg,Mendeley PA,PA,11031,12,17,0.0769230769230769,20.59167359820909,1.0447302098565174,1.0432869976341284,1.0153625307559526,0.029367679100564814
val:11032,val,mendeley_pa:image:MENDE-PA-00705,images/mendeley_pa/MENDE-PA-00705.jpg,Mendeley PA,PA,11032,13,17,0.0769230769230769,21.206389769894106,1.0405361227570658,0.9854589835718767,1.1988176540449755,0.15828153128790978
val:11033,val,mendeley_pa:image:MENDE-PA-00705,images/mendeley_pa/MENDE-PA-00705.jpg,Mendeley PA,PA,11033,14,17,0.0769230769230769,22.78842518735977,0.8900707692357157,1.0,1.1588388979434967,0.268768128707781
val:11034,val,mendeley_pa:image:MENDE-PA-00705,images/mendeley_pa/MENDE-PA-00705.jpg,Mendeley PA,PA,11034,15,17,0.0769230769230769,23.013754704484327,1.0215993038848912,0.9612687395962061,0.9455183649512113,0.07608093893367984
val:11086,val,mendeley_pa:image:MENDE-PA-00709,images/mendeley_pa/MENDE-PA-00709.jpg,Mendeley PA,PA,11086,3,17,0.0769230769230769,18.1757516654965,1.08271074903089,1.000578763824615,1.0132026476084324,0.06950810142245767
val:11087,val,mendeley_pa:image:MENDE-PA-00709,images/mendeley_pa/MENDE-PA-00709.jpg,Mendeley PA,PA,11087,4,17,0.0769230769230769,19.62201501449404,0.9981639117934547,1.0,1.038953471928835,0.040789560135380265
val:11088,val,mendeley_pa:image:MENDE-PA-00709,images/mendeley_pa/MENDE-PA-00709.jpg,Mendeley PA,PA,11088,5,17,0.0769230769230769,28.66644449951936,0.6825034869380804,1.0023863219391884,0.8468453936945977,0.16434190675651728
val:11089,val,mendeley_pa:image:MENDE-PA-00709,images/mendeley_pa/MENDE-PA-00709.jpg,Mendeley PA,PA,11089,6,17,0.0769230769230769,28.61989728161341,1.3236845713661924,0.999632442162679,0.9684059133542045,0.355278658011988
val:11090,val,mendeley_pa:image:MENDE-PA-00709,images/mendeley_pa/MENDE-PA-00709.jpg,Mendeley PA,PA,11090,7,17,0.0769230769230769,39.08639055907256,0.9633482846716709,1.0,0.9844944663345814,0.02114618166291049
val:11091,val,mendeley_pa:image:MENDE-PA-00709,images/mendeley_pa/MENDE-PA-00709.jpg,Mendeley PA,PA,11091,8,17,0.0769230769230769,37.76876188242323,1.0667298223280621,1.0636386474391912,1.0737529130449985,0.007023090716936409
val:11092,val,mendeley_pa:image:MENDE-PA-00709,images/mendeley_pa/MENDE-PA-00709.jpg,Mendeley PA,PA,11092,9,17,0.0769230769230769,30.496402799659048,1.3998641934757887,0.9041582589804852,0.7591834908187115,0.6406807026570772
val:11093,val,mendeley_pa:image:MENDE-PA-00709,images/mendeley_pa/MENDE-PA-00709.jpg,Mendeley PA,PA,11093,10,17,0.0769230769230769,32.79533796207856,0.45305476912013865,1.0066952303653145,0.8443362013106728,0.39128143219053413
val:11094,val,mendeley_pa:image:MENDE-PA-00709,images/mendeley_pa/MENDE-PA-00709.jpg,Mendeley PA,PA,11094,11,17,0.0769230769230769,33.99621679041321,0.6865175158787094,0.590649480028616,0.6821630318002567,0.004354484078452625
val:11095,val,mendeley_pa:image:MENDE-PA-00709,images/mendeley_pa/MENDE-PA-00709.jpg,Mendeley PA,PA,11095,12,17,0.0769230769230769,27.13397887722824,0.9324696310205685,1.3824042558943117,1.3702304495771611,0.43776081855659266
val:11096,val,mendeley_pa:image:MENDE-PA-00709,images/mendeley_pa/MENDE-PA-00709.jpg,Mendeley PA,PA,11096,13,17,0.0769230769230769,27.36856786300296,1.8883435083970146,1.0272837622974376,1.0272446791127632,0.8610988292842514
val:11097,val,mendeley_pa:image:MENDE-PA-00709,images/mendeley_pa/MENDE-PA-00709.jpg,Mendeley PA,PA,11097,14,17,0.0769230769230769,30.833438053761917,1.0030979808446747,1.3154028067033048,1.190039605800366,0.18694162495569122
val:11098,val,mendeley_pa:image:MENDE-PA-00709,images/mendeley_pa/MENDE-PA-00709.jpg,Mendeley PA,PA,11098,15,17,0.0769230769230769,32.45447442993025,0.9069789288311784,0.9730601437388691,0.9926179680972131,0.08563903926603478
val:11132,val,mendeley_pa:image:MENDE-PA-00712,images/mendeley_pa/MENDE-PA-00712.jpg,Mendeley PA,PA,11132,3,17,0.0769230769230769,8.624089872268815,1.0618890445666875,1.0416744080865048,1.003431777425971,0.05845726714071664
val:11133,val,mendeley_pa:image:MENDE-PA-00712,images/mendeley_pa/MENDE-PA-00712.jpg,Mendeley PA,PA,11133,4,17,0.0769230769230769,8.908645064815273,0.927048116968695,0.9812694378635312,0.992213152392807,0.065165035424112
val:11134,val,mendeley_pa:image:MENDE-PA-00712,images/mendeley_pa/MENDE-PA-00712.jpg,Mendeley PA,PA,11134,5,17,0.0769230769230769,8.908645064815273,0.9345681250581813,0.9495386831499071,1.0036765389181108,0.0691084138599295
val:11135,val,mendeley_pa:image:MENDE-PA-00712,images/mendeley_pa/MENDE-PA-00712.jpg,Mendeley PA,PA,11135,6,17,0.0769230769230769,8.66645685042005,0.999193064059398,1.0692679945123367,1.087511519689577,0.08831845563017904
val:11136,val,mendeley_pa:image:MENDE-PA-00712,images/mendeley_pa/MENDE-PA-00712.jpg,Mendeley PA,PA,11136,7,17,0.0769230769230769,8.833320780358319,1.1556009807339287,1.0,1.063011683523655,0.09258929721027376
val:11137,val,mendeley_pa:image:MENDE-PA-00712,images/mendeley_pa/MENDE-PA-00712.jpg,Mendeley PA,PA,11137,8,17,0.0769230769230769,9.767617115131507,0.9221469146096437,1.0000000000000002,0.9996874434873464,0.07754052887770269
val:11138,val,mendeley_pa:image:MENDE-PA-00712,images/mendeley_pa/MENDE-PA-00712.jpg,Mendeley PA,PA,11138,9,17,0.0769230769230769,10.989631904501437,0.848749089541658,0.9453750507048004,0.9522289282715553,0.1034798387298973
val:11139,val,mendeley_pa:image:MENDE-PA-00712,images/mendeley_pa/MENDE-PA-00712.jpg,Mendeley PA,PA,11139,10,17,0.0769230769230769,11.191464127971829,1.0518257055090692,1.0,1.0114070000126958,0.040418705496373386
val:11140,val,mendeley_pa:image:MENDE-PA-00712,images/mendeley_pa/MENDE-PA-00712.jpg,Mendeley PA,PA,11140,11,17,0.0769230769230769,12.666539568381264,1.0307067776577075,0.9999999999999999,1.001629009260796,0.029077768396911452
val:11141,val,mendeley_pa:image:MENDE-PA-00712,images/mendeley_pa/MENDE-PA-00712.jpg,Mendeley PA,PA,11141,12,17,0.0769230769230769,13.919602164134863,0.9742814000547987,1.0,1.0387067086994648,0.06442530864466611
val:11142,val,mendeley_pa:image:MENDE-PA-00712,images/mendeley_pa/MENDE-PA-00712.jpg,Mendeley PA,PA,11142,13,17,0.0769230769230769,14.364114012612903,1.0292118353201791,1.0,1.011821761727333,0.017390073592846056
val:11143,val,mendeley_pa:image:MENDE-PA-00712,images/mendeley_pa/MENDE-PA-00712.jpg,Mendeley PA,PA,11143,14,17,0.0769230769230769,15.001756470575906,1.0109895178137398,1.0,0.9507456496357918,0.06024386817794802
val:11144,val,mendeley_pa:image:MENDE-PA-00712,images/mendeley_pa/MENDE-PA-00712.jpg,Mendeley PA,PA,11144,15,17,0.0769230769230769,15.4909287416627,0.9824973730947899,1.0124481344397938,0.9600871639128601,0.02241020918192982
val:11165,val,mendeley_pa:image:MENDE-PA-00714,images/mendeley_pa/MENDE-PA-00714.jpg,Mendeley PA,PA,11165,3,17,0.0769230769230769,68.86812285003523,1.018688501774694,1.0,1.0390642024576664,0.020375700682972342
val:11166,val,mendeley_pa:image:MENDE-PA-00714,images/mendeley_pa/MENDE-PA-00714.jpg,Mendeley PA,PA,11166,4,17,0.0769230769230769,73.35604203620933,1.0146086055813877,1.0,1.0004205470904708,0.014188058490916866
val:11167,val,mendeley_pa:image:MENDE-PA-00714,images/mendeley_pa/MENDE-PA-00714.jpg,Mendeley PA,PA,11167,5,17,0.0769230769230769,77.61572466861067,0.9863583637613296,0.9999999999999999,0.9836450293660163,0.002713334395313294
val:11168,val,mendeley_pa:image:MENDE-PA-00714,images/mendeley_pa/MENDE-PA-00714.jpg,Mendeley PA,PA,11168,6,17,0.0769230769230769,79.66353158571067,1.0143132774493666,0.9999999999999999,0.9881145199760794,0.02619875747328726
val:11169,val,mendeley_pa:image:MENDE-PA-00714,images/mendeley_pa/MENDE-PA-00714.jpg,Mendeley PA,PA,11169,7,17,0.0769230769230769,80.25918747105842,1.0312855959946976,1.0467081108509824,1.0135609806894585,0.017724615305239055
val:11170,val,mendeley_pa:image:MENDE-PA-00714,images/mendeley_pa/MENDE-PA-00714.jpg,Mendeley PA,PA,11170,8,17,0.0769230769230769,81.78696090051699,1.0663326551859709,0.9933413549196757,0.9825774517712034,0.0837552034147675
val:11171,val,mendeley_pa:image:MENDE-PA-00714,images/mendeley_pa/MENDE-PA-00714.jpg,Mendeley PA,PA,11171,9,17,0.0769230769230769,90.95510216061804,0.8764169929187167,1.0,1.039202991873026,0.16278599895430923
val:11172,val,mendeley_pa:image:MENDE-PA-00714,images/mendeley_pa/MENDE-PA-00714.jpg,Mendeley PA,PA,11172,10,17,0.0769230769230769,94.95110934546383,0.9973353423397435,1.0161071787086333,1.0286795705986227,0.03134422825887917
val:11173,val,mendeley_pa:image:MENDE-PA-00714,images/mendeley_pa/MENDE-PA-00714.jpg,Mendeley PA,PA,11173,11,17,0.0769230769230769,98.6941043294424,1.1474485868001465,1.0,1.009013413451612,0.1384351733485345
val:11174,val,mendeley_pa:image:MENDE-PA-00714,images/mendeley_pa/MENDE-PA-00714.jpg,Mendeley PA,PA,11174,12,17,0.0769230769230769,115.24469576787868,0.891061500315143,0.9999999999999999,0.9244619086384772,0.03340040832333424
val:11175,val,mendeley_pa:image:MENDE-PA-00714,images/mendeley_pa/MENDE-PA-00714.jpg,Mendeley PA,PA,11175,13,17,0.0769230769230769,117.7337099415374,0.9958318739437617,0.9551687489110866,0.9779218441653886,0.017910029778373082
val:11176,val,mendeley_pa:image:MENDE-PA-00714,images/mendeley_pa/MENDE-PA-00714.jpg,Mendeley PA,PA,11176,14,17,0.0769230769230769,120.09809819921333,1.0176764759589714,1.0,0.9738968722522259,0.043779603706745496
val:11177,val,mendeley_pa:image:MENDE-PA-00714,images/mendeley_pa/MENDE-PA-00714.jpg,Mendeley PA,PA,11177,15,17,0.0769230769230769,122.79961836685644,1.0012507940674444,1.0,0.9996769290301017,0.0015738650373426921
val:11305,val,mendeley_pa:image:MENDE-PA-00725,images/mendeley_pa/MENDE-PA-00725.jpg,Mendeley PA,PA,11305,3,17,0.0769230769230769,71.20393104027836,1.2431154382969258,0.9703424768540948,1.0749091031048388,0.16820633519208705
val:11306,val,mendeley_pa:image:MENDE-PA-00725,images/mendeley_pa/MENDE-PA-00725.jpg,Mendeley PA,PA,11306,4,17,0.0769230769230769,88.39736215128303,0.8711401839801938,1.0,0.9617214165627956,0.09058123258260187
val:11307,val,mendeley_pa:image:MENDE-PA-00725,images/mendeley_pa/MENDE-PA-00725.jpg,Mendeley PA,PA,11307,5,17,0.0769230769230769,88.5561985831953,0.9968812999129646,0.9350231163945251,0.9657069002088361,0.031174399704128497
val:11308,val,mendeley_pa:image:MENDE-PA-00725,images/mendeley_pa/MENDE-PA-00725.jpg,Mendeley PA,PA,11308,6,17,0.0769230769230769,93.747213613307,0.945070128571958,1.0000000000000002,1.0228496287018063,0.07777950012984824
val:11309,val,mendeley_pa:image:MENDE-PA-00725,images/mendeley_pa/MENDE-PA-00725.jpg,Mendeley PA,PA,11309,7,17,0.0769230769230769,93.13476927814726,1.0652778724489402,1.0485642132083761,1.0424985060202765,0.02277936642866374
val:11310,val,mendeley_pa:image:MENDE-PA-00725,images/mendeley_pa/MENDE-PA-00725.jpg,Mendeley PA,PA,11310,8,17,0.0769230769230769,98.44312810057563,1.0840561751466056,1.0,0.9957207171246409,0.08833545802196463
val:11311,val,mendeley_pa:image:MENDE-PA-00725,images/mendeley_pa/MENDE-PA-00725.jpg,Mendeley PA,PA,11311,9,17,0.0769230769230769,105.00600853712756,0.9301548425104575,1.0,0.995026879478246,0.06487203696778843
val:11312,val,mendeley_pa:image:MENDE-PA-00725,images/mendeley_pa/MENDE-PA-00725.jpg,Mendeley PA,PA,11312,10,17,0.0769230769230769,102.1948641258405,1.0107566269561614,1.0243403059302494,1.070772290682666,0.060015663726504576
val:11313,val,mendeley_pa:image:MENDE-PA-00725,images/mendeley_pa/MENDE-PA-00725.jpg,Mendeley PA,PA,11313,11,17,0.0769230769230769,100.48299174479072,1.1115591553693387,0.9984809401416963,1.0581776070380395,0.053381548331299156
val:11314,val,mendeley_pa:image:MENDE-PA-00725,images/mendeley_pa/MENDE-PA-00725.jpg,Mendeley PA,PA,11314,12,17,0.0769230769230769,111.64974340040554,0.872071578578715,1.0465117579784011,0.9592366030897712,0.08716502451105623
val:11315,val,mendeley_pa:image:MENDE-PA-00725,images/mendeley_pa/MENDE-PA-00725.jpg,Mendeley PA,PA,11315,13,17,0.0769230769230769,111.64974340040554,1.0926379706693055,0.9358430166456091,0.9905693118187773,0.10206865885052818
val:11316,val,mendeley_pa:image:MENDE-PA-00725,images/mendeley_pa/MENDE-PA-00725.jpg,Mendeley PA,PA,11316,14,17,0.0769230769230769,109.67965851493396,1.0175697014300145,1.1183783405445198,1.1141836813635806,0.09661397993356613
val:11317,val,mendeley_pa:image:MENDE-PA-00725,images/mendeley_pa/MENDE-PA-00725.jpg,Mendeley PA,PA,11317,15,17,0.0769230769230769,102.8839447140952,1.198767798521028,0.9377815832058027,1.2047314752498701,0.005963676728842016
val:11322,val,mendeley_pa:image:MENDE-PA-00726,images/mendeley_pa/MENDE-PA-00726.jpg,Mendeley PA,PA,11322,3,17,0.0769230769230769,28.126563508411003,0.9780964902699634,0.9839827003348338,0.9451484302449691,0.032948060024994286
val:11323,val,mendeley_pa:image:MENDE-PA-00726,images/mendeley_pa/MENDE-PA-00726.jpg,Mendeley PA,PA,11323,4,17,0.0769230769230769,30.764075487427384,1.018268421392492,1.0000000000000002,0.9407048486173155,0.07756357277517645
val:11324,val,mendeley_pa:image:MENDE-PA-00726,images/mendeley_pa/MENDE-PA-00726.jpg,Mendeley PA,PA,11324,5,17,0.0769230769230769,39.28179015549544,0.8659905210344327,1.0,1.0595134124159813,0.19352289138154855
val:11325,val,mendeley_pa:image:MENDE-PA-00726,images/mendeley_pa/MENDE-PA-00726.jpg,Mendeley PA,PA,11325,6,17,0.0769230769230769,33.33121976413792,1.4172146733025661,1.2205533660195333,1.2580674081287844,0.15914726517378175
val:11326,val,mendeley_pa:image:MENDE-PA-00726,images/mendeley_pa/MENDE-PA-00726.jpg,Mendeley PA,PA,11326,7,17,0.0769230769230769,33.33121976413792,1.4205122814116284,1.198310111337564,1.1432451462980724,0.27726713511355605
val:11327,val,mendeley_pa:image:MENDE-PA-00726,images/mendeley_pa/MENDE-PA-00726.jpg,Mendeley PA,PA,11327,8,17,0.0769230769230769,42.25510687368255,0.7725641708099671,0.9328786979926618,0.9070129941714795,0.13444882336151243
val:11328,val,mendeley_pa:image:MENDE-PA-00726,images/mendeley_pa/MENDE-PA-00726.jpg,Mendeley PA,PA,11328,9,17,0.0769230769230769,35.03742355603912,0.8987638913566132,0.9977546081703593,0.9486227863293578,0.04985889497274465
val:11329,val,mendeley_pa:image:MENDE-PA-00726,images/mendeley_pa/MENDE-PA-00726.jpg,Mendeley PA,PA,11329,10,17,0.0769230769230769,32.723454348937494,1.1390215599217923,0.9823611154600644,0.9920355844691062,0.1469859754526861
val:11330,val,mendeley_pa:image:MENDE-PA-00726,images/mendeley_pa/MENDE-PA-00726.jpg,Mendeley PA,PA,11330,11,17,0.0769230769230769,33.89289088511002,0.96781732796752,1.0853032705268744,1.0510620114288214,0.08324468346130143
val:11331,val,mendeley_pa:image:MENDE-PA-00726,images/mendeley_pa/MENDE-PA-00726.jpg,Mendeley PA,PA,11331,12,17,0.0769230769230769,33.01182577717184,1.099466926697016,0.9214365058021348,0.9736972287671368,0.12576969792987924
val:11332,val,mendeley_pa:image:MENDE-PA-00726,images/mendeley_pa/MENDE-PA-00726.jpg,Mendeley PA,PA,11332,13,17,0.0769230769230769,34.75846754635311,0.8065509694184326,1.0,1.0272980276495218,0.2207470582310892
val:11333,val,mendeley_pa:image:MENDE-PA-00726,images/mendeley_pa/MENDE-PA-00726.jpg,Mendeley PA,PA,11333,14,17,0.0769230769230769,39.03314072092559,0.8511107189233118,0.900162731673078,0.9786254441397948,0.127514725216483
val:11334,val,mendeley_pa:image:MENDE-PA-00726,images/mendeley_pa/MENDE-PA-00726.jpg,Mendeley PA,PA,11334,15,17,0.0769230769230769,37.496197635394246,1.1264577243260454,1.0,1.0587318278849125,0.06772589644113292
val:11530,val,mendeley_pa:image:MENDE-PA-00741,images/mendeley_pa/MENDE-PA-00741.jpg,Mendeley PA,PA,11530,3,17,0.0769230769230769,16.65248781224549,1.1161845226264195,0.9826810966459308,1.0275110389319453,0.08867348369447425
val:11531,val,mendeley_pa:image:MENDE-PA-00741,images/mendeley_pa/MENDE-PA-00741.jpg,Mendeley PA,PA,11531,4,17,0.0769230769230769,19.059666334247904,0.8750752214058144,1.0488616683478735,0.9945683822925471,0.11949316088673267
val:11532,val,mendeley_pa:image:MENDE-PA-00741,images/mendeley_pa/MENDE-PA-00741.jpg,Mendeley PA,PA,11532,5,17,0.0769230769230769,19.059666334247904,1.122509561528315,0.9499307231191914,1.005577369887046,0.11693219164126889
val:11533,val,mendeley_pa:image:MENDE-PA-00741,images/mendeley_pa/MENDE-PA-00741.jpg,Mendeley PA,PA,11533,6,17,0.0769230769230769,20.928362414624907,0.933282935486301,0.9999999999999998,0.9643814116716383,0.03109847618533723
val:11534,val,mendeley_pa:image:MENDE-PA-00741,images/mendeley_pa/MENDE-PA-00741.jpg,Mendeley PA,PA,11534,7,17,0.0769230769230769,21.378239060821663,0.9571446493465658,1.0027971472920152,0.9826661311418983,0.025521481795332424
val:11535,val,mendeley_pa:image:MENDE-PA-00741,images/mendeley_pa/MENDE-PA-00741.jpg,Mendeley PA,PA,11535,8,17,0.0769230769230769,20.911943775713965,1.1162994234187629,1.0,1.0241098068654537,0.09218961655330915
val:11536,val,mendeley_pa:image:MENDE-PA-00741,images/mendeley_pa/MENDE-PA-00741.jpg,Mendeley PA,PA,11536,9,17,0.0769230769230769,23.357172353376804,0.9145721964423658,1.0,0.9791681431233883,0.06459594668102253
val:11537,val,mendeley_pa:image:MENDE-PA-00741,images/mendeley_pa/MENDE-PA-00741.jpg,Mendeley PA,PA,11537,10,17,0.0769230769230769,24.02420299564473,0.9727837352854228,0.9587463867616401,0.9577229767570765,0.015060758528346319
val:11538,val,mendeley_pa:image:MENDE-PA-00741,images/mendeley_pa/MENDE-PA-00741.jpg,Mendeley PA,PA,11538,11,17,0.0769230769230769,24.24390574336693,1.0189948547648287,1.0,1.0114259477704763,0.007568906994352309
val:11539,val,mendeley_pa:image:MENDE-PA-00741,images/mendeley_pa/MENDE-PA-00741.jpg,Mendeley PA,PA,11539,12,17,0.0769230769230769,26.511393331788003,0.9474212556478017,0.9999999999999999,0.9910221118479966,0.04360085620019494
val:11540,val,mendeley_pa:image:MENDE-PA-00741,images/mendeley_pa/MENDE-PA-00741.jpg,Mendeley PA,PA,11540,13,17,0.0769230769230769,27.13478796087535,1.043618674762185,1.0,1.0191303584724665,0.02448831628971848
val:11541,val,mendeley_pa:image:MENDE-PA-00741,images/mendeley_pa/MENDE-PA-00741.jpg,Mendeley PA,PA,11541,14,17,0.0769230769230769,29.329703410964303,0.9939452149890284,1.0000000000000002,0.9751623198390009,0.018782895150027512
val:11542,val,mendeley_pa:image:MENDE-PA-00741,images/mendeley_pa/MENDE-PA-00741.jpg,Mendeley PA,PA,11542,15,17,0.0769230769230769,30.0524765311756,1.0096018322740241,1.0,1.010887504555285,0.0012856722812608634
val:11885,val,mendeley_pa:image:MENDE-PA-00771,images/mendeley_pa/MENDE-PA-00771.jpg,Mendeley PA,PA,11885,3,17,0.0769230769230769,26.19528184948816,0.9962839100352552,1.0,1.0419544391334057,0.0456705290981505
val:11886,val,mendeley_pa:image:MENDE-PA-00771,images/mendeley_pa/MENDE-PA-00771.jpg,Mendeley PA,PA,11886,4,17,0.0769230769230769,30.888568022526044,0.8520770203879632,1.0,1.0119478395208716,0.15987081913290846
val:11887,val,mendeley_pa:image:MENDE-PA-00771,images/mendeley_pa/MENDE-PA-00771.jpg,Mendeley PA,PA,11887,5,17,0.0769230769230769,30.977977283091025,1.1517601002000721,1.044557466522541,1.0431757026833781,0.10858439751669402
val:11888,val,mendeley_pa:image:MENDE-PA-00771,images/mendeley_pa/MENDE-PA-00771.jpg,Mendeley PA,PA,11888,6,17,0.0769230769230769,35.65785689053281,1.0768206303263932,1.0,0.9567070230841637,0.12011360724222953
val:11889,val,mendeley_pa:image:MENDE-PA-00771,images/mendeley_pa/MENDE-PA-00771.jpg,Mendeley PA,PA,11889,7,17,0.0769230769230769,36.89369709986035,0.9659242191163335,1.0368344450005482,1.005986763314266,0.04006254419793254
val:11890,val,mendeley_pa:image:MENDE-PA-00771,images/mendeley_pa/MENDE-PA-00771.jpg,Mendeley PA,PA,11890,8,17,0.0769230769230769,36.24051516662272,1.0515357136879118,0.9727969392184881,0.9828525622357396,0.06868315145217219
val:11891,val,mendeley_pa:image:MENDE-PA-00771,images/mendeley_pa/MENDE-PA-00771.jpg,Mendeley PA,PA,11891,9,17,0.0769230769230769,37.47635537595025,0.9305282903914762,1.0,0.9637918621301651,0.03326357173868888
val:11892,val,mendeley_pa:image:MENDE-PA-00771,images/mendeley_pa/MENDE-PA-00771.jpg,Mendeley PA,PA,11892,10,17,0.0769230769230769,38.301118241646265,0.9619696881770371,0.9577638038966203,0.9746945423606181,0.012724854183581047
val:11893,val,mendeley_pa:image:MENDE-PA-00771,images/mendeley_pa/MENDE-PA-00771.jpg,Mendeley PA,PA,11893,11,17,0.0769230769230769,39.809125035643646,0.9669652490144947,1.0000000000000002,0.9953540004789831,0.028388751464488493
val:11894,val,mendeley_pa:image:MENDE-PA-00771,images/mendeley_pa/MENDE-PA-00771.jpg,Mendeley PA,PA,11894,12,17,0.0769230769230769,41.20997077799046,1.0379462662075882,1.0323279782474202,1.0266065279297691,0.01133973827781909
val:11895,val,mendeley_pa:image:MENDE-PA-00771,images/mendeley_pa/MENDE-PA-00771.jpg,Mendeley PA,PA,11895,13,17,0.0769230769230769,43.05966981277899,1.081995550202505,1.006738285840843,1.0119103042682447,0.07008524593426024
val:11896,val,mendeley_pa:image:MENDE-PA-00771,images/mendeley_pa/MENDE-PA-00771.jpg,Mendeley PA,PA,11896,14,17,0.0769230769230769,43.89076496299835,1.000800534915987,1.0245432670455228,1.0046569614898215,0.0038564265738345593
val:11897,val,mendeley_pa:image:MENDE-PA-00771,images/mendeley_pa/MENDE-PA-00771.jpg,Mendeley PA,PA,11897,15,17,0.0769230769230769,44.18091332640917,0.9810934419979296,1.0,0.9969059603754431,0.015812518377513518
val:12150,val,mendeley_pa:image:MENDE-PA-00790,images/mendeley_pa/MENDE-PA-00790.jpg,Mendeley PA,PA,12150,3,17,0.0769230769230769,19.37128337594048,1.0204569611255696,1.012051112942251,1.0069299102684879,0.013527050857081724
val:12151,val,mendeley_pa:image:MENDE-PA-00790,images/mendeley_pa/MENDE-PA-00790.jpg,Mendeley PA,PA,12151,4,17,0.0769230769230769,20.087594933112733,1.056154696600716,1.0,1.0088757239282131,0.04727897267250292
val:12152,val,mendeley_pa:image:MENDE-PA-00790,images/mendeley_pa/MENDE-PA-00790.jpg,Mendeley PA,PA,12152,5,17,0.0769230769230769,21.64769436980934,0.9427160486787082,1.0197365893445505,1.0302497348211301,0.08753368614242196
val:12153,val,mendeley_pa:image:MENDE-PA-00790,images/mendeley_pa/MENDE-PA-00790.jpg,Mendeley PA,PA,12153,6,17,0.0769230769230769,21.64769436980934,1.0594331167041249,0.981337993346866,1.0027588595978578,0.056674257106267056
val:12154,val,mendeley_pa:image:MENDE-PA-00790,images/mendeley_pa/MENDE-PA-00790.jpg,Mendeley PA,PA,12154,7,17,0.0769230769230769,24.09158194402392,0.9164936141968856,1.0000000000000002,0.9686716645956042,0.05217805039871859
val:12155,val,mendeley_pa:image:MENDE-PA-00790,images/mendeley_pa/MENDE-PA-00790.jpg,Mendeley PA,PA,12155,8,17,0.0769230769230769,24.204598593361016,1.0431439081707317,0.9823483272244617,0.9999095226427004,0.04323438552803127
val:12156,val,mendeley_pa:image:MENDE-PA-00790,images/mendeley_pa/MENDE-PA-00790.jpg,Mendeley PA,PA,12156,9,17,0.0769230769230769,26.4541395718307,0.9629839897791712,1.0000000000000002,0.9808598943054678,0.017875904526296615
val:12157,val,mendeley_pa:image:MENDE-PA-00790,images/mendeley_pa/MENDE-PA-00790.jpg,Mendeley PA,PA,12157,10,17,0.0769230769230769,27.6270444096932,1.0011711408975204,1.0,0.9920907411724329,0.009080399725087451
val:12158,val,mendeley_pa:image:MENDE-PA-00790,images/mendeley_pa/MENDE-PA-00790.jpg,Mendeley PA,PA,12158,11,17,0.0769230769230769,28.791422939529884,1.0343071966562571,1.0,0.9539390802383423,0.08036811641791486
val:12159,val,mendeley_pa:image:MENDE-PA-00790,images/mendeley_pa/MENDE-PA-00790.jpg,Mendeley PA,PA,12159,12,17,0.0769230769230769,29.853112051775383,1.0023560108535214,0.9999999999999998,1.0520865507423875,0.04973053988886611
val:12160,val,mendeley_pa:image:MENDE-PA-00790,images/mendeley_pa/MENDE-PA-00790.jpg,Mendeley PA,PA,12160,13,17,0.0769230769230769,30.125786192596216,0.9934030588909875,1.0,1.0553986243903637,0.06199556549937624
val:12161,val,mendeley_pa:image:MENDE-PA-00790,images/mendeley_pa/MENDE-PA-00790.jpg,Mendeley PA,PA,12161,14,17,0.0769230769230769,30.41665633803241,0.9970894151008292,1.0,0.9891662653535604,0.00792314974726871
val:12162,val,mendeley_pa:image:MENDE-PA-00790,images/mendeley_pa/MENDE-PA-00790.jpg,Mendeley PA,PA,12162,15,17,0.0769230769230769,31.60092880773974,0.9780175990673496,1.0,1.0029714638367295,0.024953864769379885
val:12167,val,mendeley_pa:image:MENDE-PA-00791,images/mendeley_pa/MENDE-PA-00791.jpg,Mendeley PA,PA,12167,3,17,0.0769230769230769,127.21181108663396,1.0455991422720408,1.0415179155284784,1.066757794793906,0.021158652521865218
val:12168,val,mendeley_pa:image:MENDE-PA-00791,images/mendeley_pa/MENDE-PA-00791.jpg,Mendeley PA,PA,12168,4,17,0.0769230769230769,135.18288824333536,1.0941943636771283,1.0,1.0005329340929165,0.09366142958421175
val:12169,val,mendeley_pa:image:MENDE-PA-00791,images/mendeley_pa/MENDE-PA-00791.jpg,Mendeley PA,PA,12169,5,17,0.0769230769230769,144.77636894601,0.9487267634045661,1.0,0.979818370193243,0.03109160678867695
val:12170,val,mendeley_pa:image:MENDE-PA-00791,images/mendeley_pa/MENDE-PA-00791.jpg,Mendeley PA,PA,12170,6,17,0.0769230769230769,149.09452117320035,0.9499771178447999,0.9645756987891987,0.9495623970441416,0.000414720800658297
val:12171,val,mendeley_pa:image:MENDE-PA-00791,images/mendeley_pa/MENDE-PA-00791.jpg,Mendeley PA,PA,12171,7,17,0.0769230769230769,149.86239448989073,1.00273780141078,1.0195898016625304,0.9733571087652106,0.029380692645569306
val:12172,val,mendeley_pa:image:MENDE-PA-00791,images/mendeley_pa/MENDE-PA-00791.jpg,Mendeley PA,PA,12172,8,17,0.0769230769230769,154.18054671708109,1.0634282867055584,0.9999999999999998,0.9972612699493764,0.06616701675618208
val:12173,val,mendeley_pa:image:MENDE-PA-00791,images/mendeley_pa/MENDE-PA-00791.jpg,Mendeley PA,PA,12173,9,17,0.0769230769230769,163.49846114805626,0.9669106630065278,1.0,0.9541397802531719,0.012770882753355917
val:12174,val,mendeley_pa:image:MENDE-PA-00791,images/mendeley_pa/MENDE-PA-00791.jpg,Mendeley PA,PA,12174,10,17,0.0769230769230769,171.02597539921706,0.9532877522076513,0.9985888549534766,0.9782606629131524,0.024972910705501117
val:12175,val,mendeley_pa:image:MENDE-PA-00791,images/mendeley_pa/MENDE-PA-00791.jpg,Mendeley PA,PA,12175,11,17,0.0769230769230769,170.5644819086015,1.0757272461421192,1.0,0.9716049265116453,0.10412231963047391
val:12176,val,mendeley_pa:image:MENDE-PA-00791,images/mendeley_pa/MENDE-PA-00791.jpg,Mendeley PA,PA,12176,12,17,0.0769230769230769,175.92815314669585,1.0122995835195414,1.0657534361967649,1.0418484402039851,0.029548856684443736
val:12177,val,mendeley_pa:image:MENDE-PA-00791,images/mendeley_pa/MENDE-PA-00791.jpg,Mendeley PA,PA,12177,13,17,0.0769230769230769,180.78642828647972,1.0593229197659233,0.9582230406447707,1.0932158189460097,0.03389289918008642
val:12178,val,mendeley_pa:image:MENDE-PA-00791,images/mendeley_pa/MENDE-PA-00791.jpg,Mendeley PA,PA,12178,14,17,0.0769230769230769,200.8746519582345,0.838211512696001,1.0170960053773213,0.9228239804477978,0.08461246775179676
val:12179,val,mendeley_pa:image:MENDE-PA-00791,images/mendeley_pa/MENDE-PA-00791.jpg,Mendeley PA,PA,12179,15,17,0.0769230769230769,193.7109870434718,1.1207748637476687,0.9772639861806349,0.9680003207652883,0.15277454298238036
val:12279,val,mendeley_pa:image:MENDE-PA-00801,images/mendeley_pa/MENDE-PA-00801.jpg,Mendeley PA,PA,12279,3,17,0.0769230769230769,26.06361215697768,1.0570455172637045,1.0,1.015319381840527,0.04172613542317749
val:12280,val,mendeley_pa:image:MENDE-PA-00801,images/mendeley_pa/MENDE-PA-00801.jpg,Mendeley PA,PA,12280,4,17,0.0769230769230769,27.57047612101905,0.9286599382800429,1.0,0.9848638223484159,0.056203884068372956
val:12281,val,mendeley_pa:image:MENDE-PA-00801,images/mendeley_pa/MENDE-PA-00801.jpg,Mendeley PA,PA,12281,5,17,0.0769230769230769,27.02503987641641,1.0209245934131672,1.0023060895491622,1.0083993997413896,0.012525193671777624
val:12282,val,mendeley_pa:image:MENDE-PA-00801,images/mendeley_pa/MENDE-PA-00801.jpg,Mendeley PA,PA,12282,6,17,0.0769230769230769,27.04509160320242,1.0564256110932215,0.9999999999999998,1.0032888799905775,0.05313673110264405
val:12283,val,mendeley_pa:image:MENDE-PA-00801,images/mendeley_pa/MENDE-PA-00801.jpg,Mendeley PA,PA,12283,7,17,0.0769230769230769,29.192913954406627,0.9077427282520284,1.0,0.9657410942018032,0.05799836594977481
val:12284,val,mendeley_pa:image:MENDE-PA-00801,images/mendeley_pa/MENDE-PA-00801.jpg,Mendeley PA,PA,12284,8,17,0.0769230769230769,29.94987103106464,0.9954867736793774,0.9654176797082548,0.9792636794334177,0.01622309424595969
val:12285,val,mendeley_pa:image:MENDE-PA-00801,images/mendeley_pa/MENDE-PA-00801.jpg,Mendeley PA,PA,12285,9,17,0.0769230769230769,30.81270941859888,1.0167432604688025,1.0,0.9959082952700555,0.020834965198746946
val:12286,val,mendeley_pa:image:MENDE-PA-00801,images/mendeley_pa/MENDE-PA-00801.jpg,Mendeley PA,PA,12286,10,17,0.0769230769230769,33.32655972561892,0.9545155159809704,1.0,1.0100264763459563,0.05551096036498593
val:12287,val,mendeley_pa:image:MENDE-PA-00801,images/mendeley_pa/MENDE-PA-00801.jpg,Mendeley PA,PA,12287,11,17,0.0769230769230769,36.39252121669083,0.9706528603160594,1.0,1.0231002382934093,0.052447377977349996
val:12288,val,mendeley_pa:image:MENDE-PA-00801,images/mendeley_pa/MENDE-PA-00801.jpg,Mendeley PA,PA,12288,12,17,0.0769230769230769,39.0618236229965,1.04896085949478,0.9999999999999999,0.9825827330350875,0.06637812645969243
val:12289,val,mendeley_pa:image:MENDE-PA-00801,images/mendeley_pa/MENDE-PA-00801.jpg,Mendeley PA,PA,12289,13,17,0.0769230769230769,41.67203348462105,1.0270471309899973,1.0153458735475631,1.0268153727555962,0.00023175823440113597
val:12290,val,mendeley_pa:image:MENDE-PA-00801,images/mendeley_pa/MENDE-PA-00801.jpg,Mendeley PA,PA,12290,14,17,0.0769230769230769,42.58444266056468,1.0249924074103418,1.0,1.0253256503492594,0.0003332429389175662
val:12291,val,mendeley_pa:image:MENDE-PA-00801,images/mendeley_pa/MENDE-PA-00801.jpg,Mendeley PA,PA,12291,15,17,0.0769230769230769,43.2239364168895,0.9802379514808484,1.0116841463173052,0.9793677596176287,0.0008701918632196826
val:12338,val,mendeley_pa:image:MENDE-PA-00805,images/mendeley_pa/MENDE-PA-00805.jpg,Mendeley PA,PA,12338,3,17,0.0769230769230769,26.643854692343893,1.0535360888280083,0.9999999999999998,0.9828429594635961,0.07069312936441219
val:12339,val,mendeley_pa:image:MENDE-PA-00805,images/mendeley_pa/MENDE-PA-00805.jpg,Mendeley PA,PA,12339,4,17,0.0769230769230769,28.252366404335326,0.9656953652091245,0.9999999999999998,0.9704692140221594,0.004773848813034887
val:12340,val,mendeley_pa:image:MENDE-PA-00805,images/mendeley_pa/MENDE-PA-00805.jpg,Mendeley PA,PA,12340,5,17,0.0769230769230769,28.40433904696405,1.0010607991188605,0.986145018729079,1.0021680119807603,0.0011072128618998534
val:12341,val,mendeley_pa:image:MENDE-PA-00805,images/mendeley_pa/MENDE-PA-00805.jpg,Mendeley PA,PA,12341,6,17,0.0769230769230769,29.141340526135856,0.9861734261771471,1.0005243476321442,1.0059562576775891,0.019782831500442022
val:12342,val,mendeley_pa:image:MENDE-PA-00805,images/mendeley_pa/MENDE-PA-00805.jpg,Mendeley PA,PA,12342,7,17,0.0769230769230769,29.29331316876458,1.0199860603388244,1.0,0.9826874192804098,0.03729864105841463
val:12343,val,mendeley_pa:image:MENDE-PA-00805,images/mendeley_pa/MENDE-PA-00805.jpg,Mendeley PA,PA,12343,8,17,0.0769230769230769,30.944668389812925,0.9645671535876255,1.009458156999843,0.9452254425256419,0.01934171106198357
val:12344,val,mendeley_pa:image:MENDE-PA-00805,images/mendeley_pa/MENDE-PA-00805.jpg,Mendeley PA,PA,12344,9,17,0.0769230769230769,30.944668389812925,1.0533615787899278,0.9995062091889337,1.0001021485345916,0.05325943025533619
val:12345,val,mendeley_pa:image:MENDE-PA-00805,images/mendeley_pa/MENDE-PA-00805.jpg,Mendeley PA,PA,12345,10,17,0.0769230769230769,34.281140533293,0.9337660646167356,0.9999999999999998,0.9735966194421051,0.03983055482536946
val:12346,val,mendeley_pa:image:MENDE-PA-00805,images/mendeley_pa/MENDE-PA-00805.jpg,Mendeley PA,PA,12346,11,17,0.0769230769230769,36.75662656773248,0.9784999243629078,0.9920373668840474,0.9955475610161519,0.017047636653244158
val:12347,val,mendeley_pa:image:MENDE-PA-00805,images/mendeley_pa/MENDE-PA-00805.jpg,Mendeley PA,PA,12347,12,17,0.0769230769230769,39.67058067852393,1.0314275134215984,1.0070228336909617,0.9978030298435892,0.03362448357800929
val:12348,val,mendeley_pa:image:MENDE-PA-00805,images/mendeley_pa/MENDE-PA-00805.jpg,Mendeley PA,PA,12348,13,17,0.0769230769230769,42.14606671296342,1.042374965164461,1.0,1.0043612285517156,0.03801373661274532
val:12349,val,mendeley_pa:image:MENDE-PA-00805,images/mendeley_pa/MENDE-PA-00805.jpg,Mendeley PA,PA,12349,14,17,0.0769230769230769,46.35285262758156,0.9357526577528578,0.9999999999999998,0.9996897689416071,0.06393711118874934
val:12350,val,mendeley_pa:image:MENDE-PA-00805,images/mendeley_pa/MENDE-PA-00805.jpg,Mendeley PA,PA,12350,15,17,0.0769230769230769,43.653404931215135,1.1172942983547731,1.0908028812227748,1.073725247111728,0.04356905124304511
val:12416,val,mendeley_pa:image:MENDE-PA-00810,images/mendeley_pa/MENDE-PA-00810.jpg,Mendeley PA,PA,12416,3,17,0.0769230769230769,64.54239693867169,0.9566126269439232,1.00123266251611,1.0082444430314232,0.051631816087500004
val:12417,val,mendeley_pa:image:MENDE-PA-00810,images/mendeley_pa/MENDE-PA-00810.jpg,Mendeley PA,PA,12417,4,17,0.0769230769230769,63.54631478888409,1.0716982619966309,1.0,1.0632889047265053,0.008409357270125595
val:12418,val,mendeley_pa:image:MENDE-PA-00810,images/mendeley_pa/MENDE-PA-00810.jpg,Mendeley PA,PA,12418,5,17,0.0769230769230769,67.9311945432928,0.962011019125534,1.0618052391977835,1.0655991505076963,0.10358813138216227
val:12419,val,mendeley_pa:image:MENDE-PA-00810,images/mendeley_pa/MENDE-PA-00810.jpg,Mendeley PA,PA,12419,6,17,0.0769230769230769,67.9311945432928,1.121089095201931,0.979744817965949,1.0041038560655955,0.11698523913633552
val:12420,val,mendeley_pa:image:MENDE-PA-00810,images/mendeley_pa/MENDE-PA-00810.jpg,Mendeley PA,PA,12420,7,17,0.0769230769230769,75.91672495912454,0.8925558104295379,1.0,1.0036710791755468,0.11111526874600886
val:12421,val,mendeley_pa:image:MENDE-PA-00810,images/mendeley_pa/MENDE-PA-00810.jpg,Mendeley PA,PA,12421,8,17,0.0769230769230769,77.86733999361189,0.9718648216046799,0.9460813259052663,0.9629972358512311,0.008867585753448815
val:12422,val,mendeley_pa:image:MENDE-PA-00810,images/mendeley_pa/MENDE-PA-00810.jpg,Mendeley PA,PA,12422,9,17,0.0769230769230769,85.41834099563349,0.931623789845851,0.9999999999999999,1.0067538367584348,0.07513004691258374
val:12423,val,mendeley_pa:image:MENDE-PA-00810,images/mendeley_pa/MENDE-PA-00810.jpg,Mendeley PA,PA,12423,10,17,0.0769230769230769,91.57314465506624,1.0391709693708728,1.0,1.0292658302932978,0.009905139077575065
val:12424,val,mendeley_pa:image:MENDE-PA-00810,images/mendeley_pa/MENDE-PA-00810.jpg,Mendeley PA,PA,12424,11,17,0.0769230769230769,100.16659529831476,1.0339627741263326,1.020732616499382,1.0215072892199633,0.012455484906369385
val:12425,val,mendeley_pa:image:MENDE-PA-00810,images/mendeley_pa/MENDE-PA-00810.jpg,Mendeley PA,PA,12425,12,17,0.0769230769230769,104.3707839232602,1.047481528836712,1.0,1.0185378212481737,0.02894370758853837
val:12426,val,mendeley_pa:image:MENDE-PA-00810,images/mendeley_pa/MENDE-PA-00810.jpg,Mendeley PA,PA,12426,13,17,0.0769230769230769,111.92887211540798,0.939641712717725,0.9999999999999999,1.0284303054213524,0.08878859270362738
val:12427,val,mendeley_pa:image:MENDE-PA-00810,images/mendeley_pa/MENDE-PA-00810.jpg,Mendeley PA,PA,12427,14,17,0.0769230769230769,107.24975270345396,1.0678931469210258,1.0328447490240058,1.0428705985898694,0.025022548331156358
val:12428,val,mendeley_pa:image:MENDE-PA-00810,images/mendeley_pa/MENDE-PA-00810.jpg,Mendeley PA,PA,12428,15,17,0.0769230769230769,103.75151374741674,1.121638099796722,1.0450992881255243,1.0951795688765142,0.026458530920207668
val:12708,val,mendeley_pa:image:MENDE-PA-00830,images/mendeley_pa/MENDE-PA-00830.jpg,Mendeley PA,PA,12708,3,17,0.0769230769230769,108.89277066655436,1.018307109692119,1.1118738512061461,1.0432026917599067,0.024895582067787636
val:12709,val,mendeley_pa:image:MENDE-PA-00830,images/mendeley_pa/MENDE-PA-00830.jpg,Mendeley PA,PA,12709,4,17,0.0769230769230769,111.7138584543695,1.1601838485158527,0.967339202773582,1.014583311986934,0.14560053652891858
val:12710,val,mendeley_pa:image:MENDE-PA-00830,images/mendeley_pa/MENDE-PA-00830.jpg,Mendeley PA,PA,12710,5,17,0.0769230769230769,134.14360994388213,0.7845629548229947,1.2373403830050567,0.9657556933878997,0.18119273856490503
val:12711,val,mendeley_pa:image:MENDE-PA-00830,images/mendeley_pa/MENDE-PA-00830.jpg,Mendeley PA,PA,12711,6,17,0.0769230769230769,117.42636061117054,1.7232416650226403,1.0386199119697923,0.9945293168734426,0.7287123481491977
val:12712,val,mendeley_pa:image:MENDE-PA-00830,images/mendeley_pa/MENDE-PA-00830.jpg,Mendeley PA,PA,12712,7,17,0.0769230769230769,112.78557321047148,1.2295775222494778,1.3494477328727408,1.285107893950717,0.0555303717012392
val:12713,val,mendeley_pa:image:MENDE-PA-00830,images/mendeley_pa/MENDE-PA-00830.jpg,Mendeley PA,PA,12713,8,17,0.0769230769230769,133.86575582135407,0.762274670889554,0.9674081451869332,0.9477951287901722,0.18552045790061822
val:12714,val,mendeley_pa:image:MENDE-PA-00830,images/mendeley_pa/MENDE-PA-00830.jpg,Mendeley PA,PA,12714,9,17,0.0769230769230769,133.86575582135407,0.8988634822584938,0.8631609313870905,0.903402102061653,0.004538619803159172
val:12715,val,mendeley_pa:image:MENDE-PA-00830,images/mendeley_pa/MENDE-PA-00830.jpg,Mendeley PA,PA,12715,10,17,0.0769230769230769,136.91876476855987,0.9425509075197519,1.0,1.0166997108608484,0.07414880334109653
val:12716,val,mendeley_pa:image:MENDE-PA-00830,images/mendeley_pa/MENDE-PA-00830.jpg,Mendeley PA,PA,12716,11,17,0.0769230769230769,150.26342400892466,1.0216091581624993,1.0186434816812961,1.0228943024074524,0.0012851442449530737
val:12717,val,mendeley_pa:image:MENDE-PA-00830,images/mendeley_pa/MENDE-PA-00830.jpg,Mendeley PA,PA,12717,12,17,0.0769230769230769,162.492216066566,1.0897556393838435,1.0,0.9637576527893543,0.12599798659448913
val:12718,val,mendeley_pa:image:MENDE-PA-00830,images/mendeley_pa/MENDE-PA-00830.jpg,Mendeley PA,PA,12718,13,17,0.0769230769230769,180.07731083329327,0.9522240266432116,1.0,0.9716277569532394,0.019403730310027845
val:12719,val,mendeley_pa:image:MENDE-PA-00830,images/mendeley_pa/MENDE-PA-00830.jpg,Mendeley PA,PA,12719,14,17,0.0769230769230769,182.1625229145289,1.0050245787272547,0.9846212418006876,1.0318497085200766,0.026825129792821922
val:12720,val,mendeley_pa:image:MENDE-PA-00830,images/mendeley_pa/MENDE-PA-00830.jpg,Mendeley PA,PA,12720,15,17,0.0769230769230769,184.03400550125716,1.0174654217003418,1.0792595380802794,1.0748325204362317,0.057367098735889854
val:12725,val,mendeley_pa:image:MENDE-PA-00831,images/mendeley_pa/MENDE-PA-00831.jpg,Mendeley PA,PA,12725,3,17,0.0769230769230769,16.132680706085132,0.942937831288036,0.9999999999999999,1.0122249480336905,0.06928711674565446
val:12726,val,mendeley_pa:image:MENDE-PA-00831,images/mendeley_pa/MENDE-PA-00831.jpg,Mendeley PA,PA,12726,4,17,0.0769230769230769,17.200275049614604,0.8764466294083603,0.9508827447442466,0.970534884139722,0.09408825473136173
val:12727,val,mendeley_pa:image:MENDE-PA-00831,images/mendeley_pa/MENDE-PA-00831.jpg,Mendeley PA,PA,12727,5,17,0.0769230769230769,16.21121336852432,1.0794241086965388,0.995774780622134,0.9927703149043117,0.08665379379222715
val:12728,val,mendeley_pa:image:MENDE-PA-00831,images/mendeley_pa/MENDE-PA-00831.jpg,Mendeley PA,PA,12728,6,17,0.0769230769230769,18.26897449032488,0.9420513334399173,1.0,0.9815136808902025,0.03946234745028521
val:12729,val,mendeley_pa:image:MENDE-PA-00831,images/mendeley_pa/MENDE-PA-00831.jpg,Mendeley PA,PA,12729,7,17,0.0769230769230769,18.32154185549777,1.03916878773649,0.9921277705693794,1.01717153751498,0.02199725022151
val:12730,val,mendeley_pa:image:MENDE-PA-00831,images/mendeley_pa/MENDE-PA-00831.jpg,Mendeley PA,PA,12730,8,17,0.0769230769230769,19.53475990164029,0.9800125144194505,1.0,0.9789661169052124,0.0010463975142380733
val:12731,val,mendeley_pa:image:MENDE-PA-00831,images/mendeley_pa/MENDE-PA-00831.jpg,Mendeley PA,PA,12731,9,17,0.0769230769230769,19.809282982007208,1.011159534751116,1.0,0.9863653453066945,0.024794189444421466
val:12732,val,mendeley_pa:image:MENDE-PA-00831,images/mendeley_pa/MENDE-PA-00831.jpg,Mendeley PA,PA,12732,10,17,0.0769230769230769,20.451649174314745,1.0011054179406373,1.0,0.9770372770726681,0.024068140867969268
val:12733,val,mendeley_pa:image:MENDE-PA-00831,images/mendeley_pa/MENDE-PA-00831.jpg,Mendeley PA,PA,12733,11,17,0.0769230769230769,20.72364758929668,1.007204590545649,0.9999999999999998,0.9814648590981958,0.02573973144745323
val:12734,val,mendeley_pa:image:MENDE-PA-00831,images/mendeley_pa/MENDE-PA-00831.jpg,Mendeley PA,PA,12734,12,17,0.0769230769230769,21.41841593595104,0.9792058594381032,1.0,1.0105137443169951,0.03130788487889191
val:12735,val,mendeley_pa:image:MENDE-PA-00831,images/mendeley_pa/MENDE-PA-00831.jpg,Mendeley PA,PA,12735,13,17,0.0769230769230769,20.9229956845778,1.0497482873975654,1.0640502123137927,1.0767613423964,0.02701305499883455
val:12736,val,mendeley_pa:image:MENDE-PA-00831,images/mendeley_pa/MENDE-PA-00831.jpg,Mendeley PA,PA,12736,14,17,0.0769230769230769,21.468458635738948,1.0971070637207272,0.9654048199475624,1.0236910360575535,0.07341602766317368
val:12737,val,mendeley_pa:image:MENDE-PA-00831,images/mendeley_pa/MENDE-PA-00831.jpg,Mendeley PA,PA,12737,15,17,0.0769230769230769,23.78573247097252,0.8192990493037999,0.9999999999999998,0.9605309553444383,0.1412319060406384
val:12830,val,mendeley_pa:image:MENDE-PA-00840,images/mendeley_pa/MENDE-PA-00840.jpg,Mendeley PA,PA,12830,3,17,0.0769230769230769,18.39841563545938,0.9753118637889544,1.0581172672581098,1.0331963249962948,0.057884461207340365
val:12831,val,mendeley_pa:image:MENDE-PA-00840,images/mendeley_pa/MENDE-PA-00840.jpg,Mendeley PA,PA,12831,4,17,0.0769230769230769,18.39841563545938,1.1230936083721421,0.9910854688224385,1.0499264179107737,0.07316719046136844
val:12832,val,mendeley_pa:image:MENDE-PA-00840,images/mendeley_pa/MENDE-PA-00840.jpg,Mendeley PA,PA,12832,5,17,0.0769230769230769,19.60627477579295,0.9448307717285758,1.0709327051803053,1.008911472038883,0.06408070031030721
val:12833,val,mendeley_pa:image:MENDE-PA-00840,images/mendeley_pa/MENDE-PA-00840.jpg,Mendeley PA,PA,12833,6,17,0.0769230769230769,19.60627477579295,1.0879608190677037,0.9454630902178343,0.9461313720235358,0.1418294470441679
val:12834,val,mendeley_pa:image:MENDE-PA-00840,images/mendeley_pa/MENDE-PA-00840.jpg,Mendeley PA,PA,12834,7,17,0.0769230769230769,21.767635119583403,0.8521553418790676,0.9999999999999999,0.9263384118676184,0.07418306998855084
val:12835,val,mendeley_pa:image:MENDE-PA-00840,images/mendeley_pa/MENDE-PA-00840.jpg,Mendeley PA,PA,12835,8,17,0.0769230769230769,22.284738775746018,0.9963954120653731,0.9375928916039618,0.9528475325557144,0.04354787950965866
val:12836,val,mendeley_pa:image:MENDE-PA-00840,images/mendeley_pa/MENDE-PA-00840.jpg,Mendeley PA,PA,12836,9,17,0.0769230769230769,22.747966864323157,1.021569045100037,1.0134793195281706,0.970308621541091,0.051260423558946
val:12837,val,mendeley_pa:image:MENDE-PA-00840,images/mendeley_pa/MENDE-PA-00840.jpg,Mendeley PA,PA,12837,10,17,0.0769230769230769,22.721515131391264,1.0520766922075784,1.0239224975073755,0.9995658733958424,0.052510818811736026
val:12838,val,mendeley_pa:image:MENDE-PA-00840,images/mendeley_pa/MENDE-PA-00840.jpg,Mendeley PA,PA,12838,11,17,0.0769230769230769,23.571697634466226,0.9881139073904078,0.9704125278504587,1.0082480289848543,0.020134121594446497
val:12839,val,mendeley_pa:image:MENDE-PA-00840,images/mendeley_pa/MENDE-PA-00840.jpg,Mendeley PA,PA,12839,12,17,0.0769230769230769,26.98369423035351,0.8095172108950096,0.9886365776545327,0.992584161147378,0.1830669502523684
val:12840,val,mendeley_pa:image:MENDE-PA-00840,images/mendeley_pa/MENDE-PA-00840.jpg,Mendeley PA,PA,12840,13,17,0.0769230769230769,27.20836417280135,1.104903322684145,0.9733949944358404,1.022110854087406,0.08279246859673894
val:12841,val,mendeley_pa:image:MENDE-PA-00840,images/mendeley_pa/MENDE-PA-00840.jpg,Mendeley PA,PA,12841,14,17,0.0769230769230769,31.0809372062515,1.001424309879711,1.1704515304895962,1.050874107751521,0.04944979787180981
val:12842,val,mendeley_pa:image:MENDE-PA-00840,images/mendeley_pa/MENDE-PA-00840.jpg,Mendeley PA,PA,12842,15,17,0.0769230769230769,30.593909035756752,1.3955342880502122,1.0332852276488391,1.0840770947261897,0.31145719332402244
val:12921,val,mendeley_pa:image:MENDE-PA-00846,images/mendeley_pa/MENDE-PA-00846.jpg,Mendeley PA,PA,12921,3,17,0.0769230769230769,114.57477630159744,0.9868800663548101,0.9408804013903886,0.9691717925991565,0.017708273755653536
val:12922,val,mendeley_pa:image:MENDE-PA-00846,images/mendeley_pa/MENDE-PA-00846.jpg,Mendeley PA,PA,12922,4,17,0.0769230769230769,119.56698646350377,0.9804370487830352,1.0,1.008532921783626,0.02809587300059091
val:12923,val,mendeley_pa:image:MENDE-PA-00846,images/mendeley_pa/MENDE-PA-00846.jpg,Mendeley PA,PA,12923,5,17,0.0769230769230769,115.14973308963336,1.0947694510917505,1.071674292938186,0.9880096298021805,0.10675982128956996
val:12924,val,mendeley_pa:image:MENDE-PA-00846,images/mendeley_pa/MENDE-PA-00846.jpg,Mendeley PA,PA,12924,6,17,0.0769230769230769,121.6451567140291,1.065213920075493,0.9416638891225924,1.0999854187494387,0.03477149867394558
val:12925,val,mendeley_pa:image:MENDE-PA-00846,images/mendeley_pa/MENDE-PA-00846.jpg,Mendeley PA,PA,12925,7,17,0.0769230769230769,128.7329726431393,0.8003799689007756,1.0727229911718152,1.0461527101579688,0.24577274125719328
val:12926,val,mendeley_pa:image:MENDE-PA-00846,images/mendeley_pa/MENDE-PA-00846.jpg,Mendeley PA,PA,12926,8,17,0.0769230769230769,128.7329726431393,1.1388809075142614,0.8969074470357032,0.9858397451595398,0.15304116235472165
val:12927,val,mendeley_pa:image:MENDE-PA-00846,images/mendeley_pa/MENDE-PA-00846.jpg,Mendeley PA,PA,12927,9,17,0.0769230769230769,152.6577986708298,0.8377418786215411,1.0,0.9841957818716764,0.1464539032501353
val:12928,val,mendeley_pa:image:MENDE-PA-00846,images/mendeley_pa/MENDE-PA-00846.jpg,Mendeley PA,PA,12928,10,17,0.0769230769230769,152.73126024039613,1.0391066791502626,0.9503571974244587,0.9614795554560296,0.07762712369423297
val:12929,val,mendeley_pa:image:MENDE-PA-00846,images/mendeley_pa/MENDE-PA-00846.jpg,Mendeley PA,PA,12929,11,17,0.0769230769230769,158.77753420039886,1.0228819502425495,1.0,1.011689681559801,0.011192268682748363
val:12930,val,mendeley_pa:image:MENDE-PA-00846,images/mendeley_pa/MENDE-PA-00846.jpg,Mendeley PA,PA,12930,12,17,0.0769230769230769,175.0044810343943,0.9076967334267607,1.0,0.986224333755672,0.07852760032891126
val:12931,val,mendeley_pa:image:MENDE-PA-00846,images/mendeley_pa/MENDE-PA-00846.jpg,Mendeley PA,PA,12931,13,17,0.0769230769230769,174.2139564626346,1.076826977816887,1.030221792096184,1.0208064598682387,0.056020517948648374
val:12932,val,mendeley_pa:image:MENDE-PA-00846,images/mendeley_pa/MENDE-PA-00846.jpg,Mendeley PA,PA,12932,14,17,0.0769230769230769,186.80776365942185,1.0711922737058375,1.0,1.0122297024354339,0.05896257127040361
val:12933,val,mendeley_pa:image:MENDE-PA-00846,images/mendeley_pa/MENDE-PA-00846.jpg,Mendeley PA,PA,12933,15,17,0.0769230769230769,190.3360000482756,0.9773098049789946,1.0328596399679635,1.0087828056469414,0.03147300066794689
val:13054,val,mendeley_pa:image:MENDE-PA-00855,images/mendeley_pa/MENDE-PA-00855.jpg,Mendeley PA,PA,13054,3,17,0.0769230769230769,24.009962947027034,1.0374563367404048,1.0021642467975642,0.9645014724731471,0.07295486426725772
val:13055,val,mendeley_pa:image:MENDE-PA-00855,images/mendeley_pa/MENDE-PA-00855.jpg,Mendeley PA,PA,13055,4,17,0.0769230769230769,24.7292415308022,0.9969218747545081,1.0,0.9481537342071533,0.04876814054735479
val:13056,val,mendeley_pa:image:MENDE-PA-00855,images/mendeley_pa/MENDE-PA-00855.jpg,Mendeley PA,PA,13056,5,17,0.0769230769230769,24.89630676166501,0.9860576949151909,1.0233717371011384,1.0012333426857598,0.0151756477705689
val:13057,val,mendeley_pa:image:MENDE-PA-00855,images/mendeley_pa/MENDE-PA-00855.jpg,Mendeley PA,PA,13057,6,17,0.0769230769230769,24.768223573589434,1.0619748925425103,0.9979020099982805,1.0119461011037416,0.050028791438768705
val:13058,val,mendeley_pa:image:MENDE-PA-00855,images/mendeley_pa/MENDE-PA-00855.jpg,Mendeley PA,PA,13058,7,17,0.0769230769230769,26.610068829028705,0.9351093933244352,1.0,0.9807029590010643,0.04559356567662909
val:13059,val,mendeley_pa:image:MENDE-PA-00855,images/mendeley_pa/MENDE-PA-00855.jpg,Mendeley PA,PA,13059,8,17,0.0769230769230769,28.35098059070432,0.9494171111263565,0.974958427902445,0.9459279521369783,0.0034891589893781827
val:13060,val,mendeley_pa:image:MENDE-PA-00855,images/mendeley_pa/MENDE-PA-00855.jpg,Mendeley PA,PA,13060,9,17,0.0769230769230769,28.67377035272913,1.0601580901091308,1.0,0.9594938308000565,0.1006642593090743
val:13061,val,mendeley_pa:image:MENDE-PA-00855,images/mendeley_pa/MENDE-PA-00855.jpg,Mendeley PA,PA,13061,10,17,0.0769230769230769,31.275969934051847,0.9729717313195414,1.0,0.94908532127738,0.02388641004216141
val:13062,val,mendeley_pa:image:MENDE-PA-00855,images/mendeley_pa/MENDE-PA-00855.jpg,Mendeley PA,PA,13062,11,17,0.0769230769230769,32.290518502275354,0.995747722430065,1.0,1.0500123240053654,0.05426460157530033
val:13063,val,mendeley_pa:image:MENDE-PA-00855,images/mendeley_pa/MENDE-PA-00855.jpg,Mendeley PA,PA,13063,12,17,0.0769230769230769,36.33444829599557,0.9398904893481503,0.9999999999999999,1.0155749702826142,0.0756844809344639
val:13064,val,mendeley_pa:image:MENDE-PA-00855,images/mendeley_pa/MENDE-PA-00855.jpg,Mendeley PA,PA,13064,13,17,0.0769230769230769,38.21032063687142,1.0603335868940227,1.0,1.0000325957407767,0.06030099115324594
val:13065,val,mendeley_pa:image:MENDE-PA-00855,images/mendeley_pa/MENDE-PA-00855.jpg,Mendeley PA,PA,13065,14,17,0.0769230769230769,42.36591186826233,0.997741746148759,0.9999999999999998,0.9814447928220031,0.016296953326755848
val:13066,val,mendeley_pa:image:MENDE-PA-00855,images/mendeley_pa/MENDE-PA-00855.jpg,Mendeley PA,PA,13066,15,17,0.0769230769230769,41.39296261094454,1.068204221448239,1.0541126595580583,1.0446933422008162,0.02351087924742279
val:13300,val,mendeley_pa:image:MENDE-PA-00877,images/mendeley_pa/MENDE-PA-00877.jpg,Mendeley PA,PA,13300,3,17,0.0769230769230769,19.267771844016515,1.14538775862647,1.008996187998332,1.0379677017315998,0.10742005689487022
val:13301,val,mendeley_pa:image:MENDE-PA-00877,images/mendeley_pa/MENDE-PA-00877.jpg,Mendeley PA,PA,13301,4,17,0.0769230769230769,20.914209895456292,0.9992189948052848,1.0169689779280027,0.9695873831508954,0.029631611654389323
val:13302,val,mendeley_pa:image:MENDE-PA-00877,images/mendeley_pa/MENDE-PA-00877.jpg,Mendeley PA,PA,13302,5,17,0.0769230769230769,21.12858013141682,0.9687889668708622,1.0,0.9890877949073911,0.020298828036528827
val:13303,val,mendeley_pa:image:MENDE-PA-00877,images/mendeley_pa/MENDE-PA-00877.jpg,Mendeley PA,PA,13303,6,17,0.0769230769230769,20.49054357833292,1.042397162002806,1.0,0.9920272855088115,0.0503698764939946
val:13304,val,mendeley_pa:image:MENDE-PA-00877,images/mendeley_pa/MENDE-PA-00877.jpg,Mendeley PA,PA,13304,7,17,0.0769230769230769,19.48479070189517,1.0527160467629364,0.969070214078025,0.9449680626841346,0.10774798407880182
val:13305,val,mendeley_pa:image:MENDE-PA-00877,images/mendeley_pa/MENDE-PA-00877.jpg,Mendeley PA,PA,13305,8,17,0.0769230769230769,20.04714649275499,0.8183197606443292,0.9730162330241903,0.9133568264814123,0.09503706583708305
val:13306,val,mendeley_pa:image:MENDE-PA-00877,images/mendeley_pa/MENDE-PA-00877.jpg,Mendeley PA,PA,13306,9,17,0.0769230769230769,20.04714649275499,0.9228468547138543,0.8975670746549017,0.8843757462709195,0.038471108442934776
val:13307,val,mendeley_pa:image:MENDE-PA-00877,images/mendeley_pa/MENDE-PA-00877.jpg,Mendeley PA,PA,13307,10,17,0.0769230769230769,17.452711103189944,1.1220228782809842,1.2569888951460317,1.054759231416364,0.06726364686462016
val:13308,val,mendeley_pa:image:MENDE-PA-00877,images/mendeley_pa/MENDE-PA-00877.jpg,Mendeley PA,PA,13308,11,17,0.0769230769230769,16.769240856377458,1.5132039800910846,0.9451793886738433,1.1212644286471023,0.3919395514439823
val:13309,val,mendeley_pa:image:MENDE-PA-00877,images/mendeley_pa/MENDE-PA-00877.jpg,Mendeley PA,PA,13309,12,17,0.0769230769230769,19.878493861255137,0.6095804129366662,1.016508542220934,0.9155395331195431,0.30595912018287685
val:13310,val,mendeley_pa:image:MENDE-PA-00877,images/mendeley_pa/MENDE-PA-00877.jpg,Mendeley PA,PA,13310,13,17,0.0769230769230769,22.7749642918395,0.6602880001579795,0.7089404545142605,0.7609360224916889,0.1006480223337094
val:13311,val,mendeley_pa:image:MENDE-PA-00877,images/mendeley_pa/MENDE-PA-00877.jpg,Mendeley PA,PA,13311,14,17,0.0769230769230769,22.04095604853361,0.9153253848099218,1.0,0.9465446285903454,0.031219243780423622
val:13312,val,mendeley_pa:image:MENDE-PA-00877,images/mendeley_pa/MENDE-PA-00877.jpg,Mendeley PA,PA,13312,15,17,0.0769230769230769,26.46425375648047,1.0974757398563324,1.0,1.0113489059731364,0.08612683388319597
val:13608,val,mendeley_pa:image:MENDE-PA-00899,images/mendeley_pa/MENDE-PA-00899.jpg,Mendeley PA,PA,13608,3,17,0.0769230769230769,31.572048992880983,1.0716231624984154,0.9981290963700646,1.0734298345855111,0.0018066720870957287
val:13609,val,mendeley_pa:image:MENDE-PA-00899,images/mendeley_pa/MENDE-PA-00899.jpg,Mendeley PA,PA,13609,4,17,0.0769230769230769,34.28366966478556,1.033863084139479,1.039289200204119,0.998959665643677,0.03490341849580192
val:13610,val,mendeley_pa:image:MENDE-PA-00899,images/mendeley_pa/MENDE-PA-00899.jpg,Mendeley PA,PA,13610,5,17,0.0769230769230769,35.08931039825969,1.066648384902562,1.0,0.9763209391385317,0.0903274457640304
val:13611,val,mendeley_pa:image:MENDE-PA-00899,images/mendeley_pa/MENDE-PA-00899.jpg,Mendeley PA,PA,13611,6,17,0.0769230769230769,36.99415637990639,0.9389050525863887,0.9999999999999999,0.9532567188143729,0.014351666227984228
val:13612,val,mendeley_pa:image:MENDE-PA-00899,images/mendeley_pa/MENDE-PA-00899.jpg,Mendeley PA,PA,13612,7,17,0.0769230769230769,37.96659409808058,0.9629611863976157,0.9645220227626439,0.9494783105415578,0.013482875856057897
val:13613,val,mendeley_pa:image:MENDE-PA-00899,images/mendeley_pa/MENDE-PA-00899.jpg,Mendeley PA,PA,13613,8,17,0.0769230769230769,37.13079555550473,1.0370160767213694,1.0883585417043324,1.0434309632848855,0.006414886563516076
val:13614,val,mendeley_pa:image:MENDE-PA-00899,images/mendeley_pa/MENDE-PA-00899.jpg,Mendeley PA,PA,13614,9,17,0.0769230769230769,37.76523231615396,1.1720537064225605,1.008950056355946,1.038119681027286,0.13393402539527455
val:13615,val,mendeley_pa:image:MENDE-PA-00899,images/mendeley_pa/MENDE-PA-00899.jpg,Mendeley PA,PA,13615,10,17,0.0769230769230769,41.38405622128504,0.9110086844376122,0.9918325802643015,1.012154223244281,0.10114553880666888
val:13616,val,mendeley_pa:image:MENDE-PA-00899,images/mendeley_pa/MENDE-PA-00899.jpg,Mendeley PA,PA,13616,11,17,0.0769230769230769,44.82585137158897,0.8439154831410375,0.9268095786868749,0.9745131577550588,0.13059767461402128
val:13617,val,mendeley_pa:image:MENDE-PA-00899,images/mendeley_pa/MENDE-PA-00899.jpg,Mendeley PA,PA,13617,12,17,0.0769230769230769,41.64073255950278,1.0900101761721408,1.0089933073129753,1.0336874799784521,0.05632269619368868
val:13618,val,mendeley_pa:image:MENDE-PA-00899,images/mendeley_pa/MENDE-PA-00899.jpg,Mendeley PA,PA,13618,13,17,0.0769230769230769,45.42052866733167,1.0171878722332572,1.0,1.01739089936018,0.00020302712692266134
val:13619,val,mendeley_pa:image:MENDE-PA-00899,images/mendeley_pa/MENDE-PA-00899.jpg,Mendeley PA,PA,13619,14,17,0.0769230769230769,46.34009092286716,0.980840438513548,1.1250257798047318,1.0726539128036752,0.0918134742901272
val:13620,val,mendeley_pa:image:MENDE-PA-00899,images/mendeley_pa/MENDE-PA-00899.jpg,Mendeley PA,PA,13620,15,17,0.0769230769230769,46.34009092286716,1.2530485328408196,0.9919187058724517,1.0773358796753043,0.17571265316551532
val:14084,val,mendeley_pa:image:MENDE-PA-00936,images/mendeley_pa/MENDE-PA-00936.jpg,Mendeley PA,PA,14084,3,17,0.0769230769230769,27.353168954960417,0.9998257959559327,0.9939638988502564,1.0098978800155463,0.010072084059613573
val:14085,val,mendeley_pa:image:MENDE-PA-00936,images/mendeley_pa/MENDE-PA-00936.jpg,Mendeley PA,PA,14085,4,17,0.0769230769230769,28.2077697652628,1.0337648094536869,1.0,1.0166199896484613,0.01714481980522553
val:14086,val,mendeley_pa:image:MENDE-PA-00936,images/mendeley_pa/MENDE-PA-00936.jpg,Mendeley PA,PA,14086,5,17,0.0769230769230769,30.44077698694232,0.9548749567293778,1.0,1.0168780740350485,0.06200311730567065
val:14087,val,mendeley_pa:image:MENDE-PA-00936,images/mendeley_pa/MENDE-PA-00936.jpg,Mendeley PA,PA,14087,6,17,0.0769230769230769,30.42641932376786,1.0425595565431807,1.0377006850234989,0.9975141382805828,0.04504541826259789
val:14088,val,mendeley_pa:image:MENDE-PA-00936,images/mendeley_pa/MENDE-PA-00936.jpg,Mendeley PA,PA,14088,7,17,0.0769230769230769,31.70699657420981,1.0748383771447267,1.0,1.0046666972339153,0.07017167991081141
val:14089,val,mendeley_pa:image:MENDE-PA-00936,images/mendeley_pa/MENDE-PA-00936.jpg,Mendeley PA,PA,14089,8,17,0.0769230769230769,36.5667224607794,0.8667071254479568,1.0040447658776679,0.9766412715345063,0.1099341460865495
val:14090,val,mendeley_pa:image:MENDE-PA-00936,images/mendeley_pa/MENDE-PA-00936.jpg,Mendeley PA,PA,14090,9,17,0.0769230769230769,32.88626782649622,1.1965284735178514,1.0756189705667574,1.1306096048889238,0.0659188686289276
val:14091,val,mendeley_pa:image:MENDE-PA-00936,images/mendeley_pa/MENDE-PA-00936.jpg,Mendeley PA,PA,14091,10,17,0.0769230769230769,34.21732715127935,1.1413383636582952,0.9308732097003491,0.9986702595803769,0.1426681040779183
val:14092,val,mendeley_pa:image:MENDE-PA-00936,images/mendeley_pa/MENDE-PA-00936.jpg,Mendeley PA,PA,14092,11,17,0.0769230769230769,39.20145201086924,0.6212685809818259,0.9667443383233549,0.8803767237560751,0.2591081427742492
val:14093,val,mendeley_pa:image:MENDE-PA-00936,images/mendeley_pa/MENDE-PA-00936.jpg,Mendeley PA,PA,14093,12,17,0.0769230769230769,39.10865863577072,0.93948544064657,0.8181964033797096,0.9679448628380607,0.02845942219149067
val:14094,val,mendeley_pa:image:MENDE-PA-00936,images/mendeley_pa/MENDE-PA-00936.jpg,Mendeley PA,PA,14094,13,17,0.0769230769230769,37.95289224173153,1.0445184772183347,0.9999999999999999,1.0831448435783386,0.03862636636000394
val:14095,val,mendeley_pa:image:MENDE-PA-00936,images/mendeley_pa/MENDE-PA-00936.jpg,Mendeley PA,PA,14095,14,17,0.0769230769230769,40.79034454330098,0.960123517720362,1.0,0.9996881529223174,0.03956463520195541
val:14096,val,mendeley_pa:image:MENDE-PA-00936,images/mendeley_pa/MENDE-PA-00936.jpg,Mendeley PA,PA,14096,15,17,0.0769230769230769,40.042262886303625,1.0473481979606567,1.0322247363203494,1.044464751290652,0.00288344667000473
val:14495,val,mendeley_pa:image:MENDE-PA-00968,images/mendeley_pa/MENDE-PA-00968.jpg,Mendeley PA,PA,14495,3,17,0.0769230769230769,134.06066765397142,1.117615969350323,1.0285442602206953,1.0182293998395093,0.0993865695108136
val:14496,val,mendeley_pa:image:MENDE-PA-00968,images/mendeley_pa/MENDE-PA-00968.jpg,Mendeley PA,PA,14496,4,17,0.0769230769230769,146.45483916989383,1.037696429881005,1.0,1.0355620197951794,0.0021344100858256
val:14497,val,mendeley_pa:image:MENDE-PA-00968,images/mendeley_pa/MENDE-PA-00968.jpg,Mendeley PA,PA,14497,5,17,0.0769230769230769,156.5118834521328,0.9141883168999274,1.0,0.9751935563981533,0.061005239498225894
val:14498,val,mendeley_pa:image:MENDE-PA-00968,images/mendeley_pa/MENDE-PA-00968.jpg,Mendeley PA,PA,14498,6,17,0.0769230769230769,158.07013389686074,1.0188395441225626,0.9718658793467709,0.980794686799092,0.03804485732347063
val:14499,val,mendeley_pa:image:MENDE-PA-00968,images/mendeley_pa/MENDE-PA-00968.jpg,Mendeley PA,PA,14499,7,17,0.0769230769230769,167.0411789812693,0.9827792467073884,1.0,0.9780149664729834,0.004764280234405005
val:14500,val,mendeley_pa:image:MENDE-PA-00968,images/mendeley_pa/MENDE-PA-00968.jpg,Mendeley PA,PA,14500,8,17,0.0769230769230769,169.37210460325932,1.0216219206166657,1.016200967432474,1.0222066946528006,0.000584774036134883
val:14501,val,mendeley_pa:image:MENDE-PA-00968,images/mendeley_pa/MENDE-PA-00968.jpg,Mendeley PA,PA,14501,9,17,0.0769230769230769,172.83009877129268,1.041876330220533,1.005651973913008,1.0027987882760854,0.03907754194444757
val:14502,val,mendeley_pa:image:MENDE-PA-00968,images/mendeley_pa/MENDE-PA-00968.jpg,Mendeley PA,PA,14502,10,17,0.0769230769230769,176.55092193157765,0.9888342878540792,0.9988436422186738,1.011103703907395,0.02226941605331567
val:14503,val,mendeley_pa:image:MENDE-PA-00968,images/mendeley_pa/MENDE-PA-00968.jpg,Mendeley PA,PA,14503,11,17,0.0769230769230769,184.6621297654163,0.9348204905803398,1.019423070103897,0.996616902501358,0.06179641192101826
val:14504,val,mendeley_pa:image:MENDE-PA-00968,images/mendeley_pa/MENDE-PA-00968.jpg,Mendeley PA,PA,14504,12,17,0.0769230769230769,181.91813781476927,1.1099391615484318,0.9946303803382563,0.9987985191775608,0.11114064237087096
val:14505,val,mendeley_pa:image:MENDE-PA-00968,images/mendeley_pa/MENDE-PA-00968.jpg,Mendeley PA,PA,14505,13,17,0.0769230769230769,204.669182336495,0.9246954930429657,1.0000000000000002,1.0105790896341207,0.08588359659115496
val:14506,val,mendeley_pa:image:MENDE-PA-00968,images/mendeley_pa/MENDE-PA-00968.jpg,Mendeley PA,PA,14506,14,17,0.0769230769230769,206.48175216185177,1.0045454242069076,1.004588622777086,1.0065720746669138,0.002026650460006163
val:14507,val,mendeley_pa:image:MENDE-PA-00968,images/mendeley_pa/MENDE-PA-00968.jpg,Mendeley PA,PA,14507,15,17,0.0769230769230769,209.23286914176967,1.0782329206676504,1.0,1.0157822351902723,0.06245068547737809
val:14512,val,mendeley_pa:image:MENDE-PA-00969,images/mendeley_pa/MENDE-PA-00969.jpg,Mendeley PA,PA,14512,3,17,0.0769230769230769,66.81422551420063,0.9888507866413069,0.9734201591199523,0.9833446994161492,0.005506087225157663
val:14513,val,mendeley_pa:image:MENDE-PA-00969,images/mendeley_pa/MENDE-PA-00969.jpg,Mendeley PA,PA,14513,4,17,0.0769230769230769,69.11073780711592,0.996721315709016,1.0,1.010028569959104,0.013307254250088052
val:14514,val,mendeley_pa:image:MENDE-PA-00969,images/mendeley_pa/MENDE-PA-00969.jpg,Mendeley PA,PA,14514,5,17,0.0769230769230769,71.34612130974944,1.0112978089227296,1.0060672814557077,0.9955866121286274,0.015711196794102156
val:14515,val,mendeley_pa:image:MENDE-PA-00969,images/mendeley_pa/MENDE-PA-00969.jpg,Mendeley PA,PA,14515,6,17,0.0769230769230769,72.98013662922718,1.0232078829841846,0.9999999999999998,1.0116405226290224,0.01156736035516226
val:14516,val,mendeley_pa:image:MENDE-PA-00969,images/mendeley_pa/MENDE-PA-00969.jpg,Mendeley PA,PA,14516,7,17,0.0769230769230769,74.84328576881228,0.9861685833884889,1.0718203733166856,1.0051306883296174,0.018962104941128488
val:14517,val,mendeley_pa:image:MENDE-PA-00969,images/mendeley_pa/MENDE-PA-00969.jpg,Mendeley PA,PA,14517,8,17,0.0769230769230769,74.84328576881228,1.14590460593329,0.9942162213442037,1.0216950466451356,0.12420955928815447
val:14518,val,mendeley_pa:image:MENDE-PA-00969,images/mendeley_pa/MENDE-PA-00969.jpg,Mendeley PA,PA,14518,9,17,0.0769230769230769,83.6867911330842,0.8963507791575656,1.0416081982103402,0.9684442418066079,0.07209346264904237
val:14519,val,mendeley_pa:image:MENDE-PA-00969,images/mendeley_pa/MENDE-PA-00969.jpg,Mendeley PA,PA,14519,10,17,0.0769230769230769,83.6867911330842,1.0584039412594217,0.9357691619981537,0.9779182438243638,0.08048569743505796
val:14520,val,mendeley_pa:image:MENDE-PA-00969,images/mendeley_pa/MENDE-PA-00969.jpg,Mendeley PA,PA,14520,11,17,0.0769230769230769,90.4986737403058,0.901784667195159,1.0642044492798417,0.9848232813912003,0.0830386141960413
val:14521,val,mendeley_pa:image:MENDE-PA-00969,images/mendeley_pa/MENDE-PA-00969.jpg,Mendeley PA,PA,14521,12,17,0.0769230769230769,90.4986737403058,1.1496715767202195,0.9615236726778473,1.0146753435212101,0.13499623319900933
val:14522,val,mendeley_pa:image:MENDE-PA-00969,images/mendeley_pa/MENDE-PA-00969.jpg,Mendeley PA,PA,14522,13,17,0.0769230769230769,107.60079644392265,0.8589426934415723,1.0,0.9098490923643112,0.05090639892273896
val:14523,val,mendeley_pa:image:MENDE-PA-00969,images/mendeley_pa/MENDE-PA-00969.jpg,Mendeley PA,PA,14523,14,17,0.0769230769230769,107.80488378072806,1.031102080531258,0.946102464895091,0.9648753519610976,0.06622672857016043
val:14524,val,mendeley_pa:image:MENDE-PA-00969,images/mendeley_pa/MENDE-PA-00969.jpg,Mendeley PA,PA,14524,15,17,0.0769230769230769,112.1675682291575,0.9946370095446972,1.0,0.9594431519508362,0.035193857593861066
val:14668,val,mendeley_pa:image:MENDE-PA-00982,images/mendeley_pa/MENDE-PA-00982.jpg,Mendeley PA,PA,14668,3,17,0.0769230769230769,70.72418388557449,1.0235098479121145,0.977024930057995,1.0123961330335065,0.011113714878608016
val:14669,val,mendeley_pa:image:MENDE-PA-00982,images/mendeley_pa/MENDE-PA-00982.jpg,Mendeley PA,PA,14669,4,17,0.0769230769230769,73.66442662923495,0.9951108417923421,0.9999999999999999,1.0534575618803501,0.05834672008800801
val:14670,val,mendeley_pa:image:MENDE-PA-00982,images/mendeley_pa/MENDE-PA-00982.jpg,Mendeley PA,PA,14670,5,17,0.0769230769230769,75.89061793557562,0.9874995961906146,0.9999999999999998,0.993706753477454,0.006207157286839404
val:14671,val,mendeley_pa:image:MENDE-PA-00982,images/mendeley_pa/MENDE-PA-00982.jpg,Mendeley PA,PA,14671,6,17,0.0769230769230769,76.95662214286386,1.0197558584665627,1.0,1.0004906545509584,0.019265203915604268
val:14672,val,mendeley_pa:image:MENDE-PA-00982,images/mendeley_pa/MENDE-PA-00982.jpg,Mendeley PA,PA,14672,7,17,0.0769230769230769,76.70946042201007,1.0294856629839044,1.0268238523979694,1.0309821560052246,0.0014964930213201555
val:14673,val,mendeley_pa:image:MENDE-PA-00982,images/mendeley_pa/MENDE-PA-00982.jpg,Mendeley PA,PA,14673,8,17,0.0769230769230769,78.7241279988368,1.0042313972024055,0.9741311509611934,0.9948982995453208,0.009333097657084677
val:14674,val,mendeley_pa:image:MENDE-PA-00982,images/mendeley_pa/MENDE-PA-00982.jpg,Mendeley PA,PA,14674,9,17,0.0769230769230769,79.68721940890185,0.9337000545892324,1.0184095820565016,1.0365789218027384,0.10287886721350592
val:14675,val,mendeley_pa:image:MENDE-PA-00982,images/mendeley_pa/MENDE-PA-00982.jpg,Mendeley PA,PA,14675,10,17,0.0769230769230769,79.68721940890185,1.0447248026804163,0.9708028465783229,0.9968530044233432,0.047871798257073106
val:14676,val,mendeley_pa:image:MENDE-PA-00982,images/mendeley_pa/MENDE-PA-00982.jpg,Mendeley PA,PA,14676,11,17,0.0769230769230769,84.24119295082741,0.9534195201968819,0.9999999999999999,0.9901782646775245,0.036758744480642536
val:14677,val,mendeley_pa:image:MENDE-PA-00982,images/mendeley_pa/MENDE-PA-00982.jpg,Mendeley PA,PA,14677,12,17,0.0769230769230769,84.8705130025565,1.0042495127367899,0.9827147456441272,1.0155849638018954,0.011335451065105584
val:14678,val,mendeley_pa:image:MENDE-PA-00982,images/mendeley_pa/MENDE-PA-00982.jpg,Mendeley PA,PA,14678,13,17,0.0769230769230769,89.54661145949476,0.9658635879384394,0.9999999999999998,1.004125712905079,0.0382621249666395
val:14679,val,mendeley_pa:image:MENDE-PA-00982,images/mendeley_pa/MENDE-PA-00982.jpg,Mendeley PA,PA,14679,14,17,0.0769230769230769,95.92234957539844,0.9785211893362951,1.0053073069326763,1.0231418045483713,0.044620615212076276
val:14680,val,mendeley_pa:image:MENDE-PA-00982,images/mendeley_pa/MENDE-PA-00982.jpg,Mendeley PA,PA,14680,15,17,0.0769230769230769,98.57197361394694,1.0791410836228748,1.0105151190817967,1.0596217020810261,0.019519381541848624
val:15096,val,mendeley_pa:image:MENDE-PA-01016,images/mendeley_pa/MENDE-PA-01016.jpg,Mendeley PA,PA,15096,3,17,0.0769230769230769,70.38613046614195,1.1750386267600104,0.9760113352139297,1.03288549493745,0.1421531318225604
val:15097,val,mendeley_pa:image:MENDE-PA-01016,images/mendeley_pa/MENDE-PA-01016.jpg,Mendeley PA,PA,15097,4,17,0.0769230769230769,83.2430261924734,0.838062064109701,1.0,0.9199507832527161,0.0818887191430151
val:15098,val,mendeley_pa:image:MENDE-PA-01016,images/mendeley_pa/MENDE-PA-01016.jpg,Mendeley PA,PA,15098,5,17,0.0769230769230769,80.97330732744297,1.0346573835778892,1.0453499267861337,1.025927619175622,0.008729764402267248
val:15099,val,mendeley_pa:image:MENDE-PA-01016,images/mendeley_pa/MENDE-PA-01016.jpg,Mendeley PA,PA,15099,6,17,0.0769230769230769,80.26341913179301,1.2400176879547007,1.0155300174814412,0.9972411964994619,0.24277649145523883
val:15100,val,mendeley_pa:image:MENDE-PA-01016,images/mendeley_pa/MENDE-PA-01016.jpg,Mendeley PA,PA,15100,7,17,0.0769230769230769,86.62331172530921,0.9147675260936432,1.0436838624174993,0.9608832878168028,0.046115761723159565
val:15101,val,mendeley_pa:image:MENDE-PA-01016,images/mendeley_pa/MENDE-PA-01016.jpg,Mendeley PA,PA,15101,8,17,0.0769230769230769,91.2345383986091,0.8909635223827217,0.9245795982628084,0.9238578531862192,0.03289433080349746
val:15102,val,mendeley_pa:image:MENDE-PA-01016,images/mendeley_pa/MENDE-PA-01016.jpg,Mendeley PA,PA,15102,9,17,0.0769230769230769,87.14436467012334,1.0266526526439974,1.0,0.9939429913647473,0.032709661279250124
val:15103,val,mendeley_pa:image:MENDE-PA-01016,images/mendeley_pa/MENDE-PA-01016.jpg,Mendeley PA,PA,15103,10,17,0.0769230769230769,95.5505329482234,0.9733287798201595,1.0090745507790104,0.9379073946787373,0.035421385141422235
val:15104,val,mendeley_pa:image:MENDE-PA-01016,images/mendeley_pa/MENDE-PA-01016.jpg,Mendeley PA,PA,15104,11,17,0.0769230769230769,97.31807819527452,1.062168828117163,1.0,0.9709832426160574,0.09118558550110567
val:15105,val,mendeley_pa:image:MENDE-PA-01016,images/mendeley_pa/MENDE-PA-01016.jpg,Mendeley PA,PA,15105,12,17,0.0769230769230769,106.44534797898184,0.9548005119486949,1.0,0.98266726359725,0.02786675164855512
val:15106,val,mendeley_pa:image:MENDE-PA-01016,images/mendeley_pa/MENDE-PA-01016.jpg,Mendeley PA,PA,15106,13,17,0.0769230769230769,115.76485438922896,0.946077006398107,1.0263401531798038,0.9782506750148925,0.0321736686167855
val:15107,val,mendeley_pa:image:MENDE-PA-01016,images/mendeley_pa/MENDE-PA-01016.jpg,Mendeley PA,PA,15107,14,17,0.0769230769230769,118.84197329692164,1.144327717351961,1.0,1.0240827910602093,0.12024492629175176
val:15108,val,mendeley_pa:image:MENDE-PA-01016,images/mendeley_pa/MENDE-PA-01016.jpg,Mendeley PA,PA,15108,15,17,0.0769230769230769,136.5467072199881,0.9385907746621087,1.0423288123589565,0.9742522464972545,0.035661471835145786
val:15165,val,miccai_2019:image:MICCAI-AP-00003,images/miccai_2019/MICCAI-AP-00003.jpg,MICCAI-2019,AP,15165,3,17,0.0769230769230769,37.44017549966921,0.7886650097989212,1.0532334595691242,0.923894956685213,0.13522994688629186
val:15166,val,miccai_2019:image:MICCAI-AP-00003,images/miccai_2019/MICCAI-AP-00003.jpg,MICCAI-2019,AP,15166,4,17,0.0769230769230769,29.39637920057308,1.6873332859983772,1.191499673156736,1.2108428723651148,0.4764904136332624
val:15167,val,miccai_2019:image:MICCAI-AP-00003,images/miccai_2019/MICCAI-AP-00003.jpg,MICCAI-2019,AP,15167,5,17,0.0769230769230769,30.840927982298936,1.313961631274103,1.2107696470843323,1.1676091414915093,0.14635248978259363
val:15168,val,miccai_2019:image:MICCAI-AP-00003,images/miccai_2019/MICCAI-AP-00003.jpg,MICCAI-2019,AP,15168,6,17,0.0769230769230769,36.33894781445328,0.6901969201989345,1.0,0.9774024356156588,0.28720551541672423
val:15169,val,miccai_2019:image:MICCAI-AP-00003,images/miccai_2019/MICCAI-AP-00003.jpg,MICCAI-2019,AP,15169,7,17,0.0769230769230769,28.6706621069221,1.121498327013341,0.9565441357779655,1.0038237507331522,0.11767457628018874
val:15170,val,miccai_2019:image:MICCAI-AP-00003,images/miccai_2019/MICCAI-AP-00003.jpg,MICCAI-2019,AP,15170,8,17,0.0769230769230769,28.86651550418461,1.0312459619649939,1.034536819013947,1.0989721892803845,0.06772622731539069
val:15171,val,miccai_2019:image:MICCAI-AP-00003,images/miccai_2019/MICCAI-AP-00003.jpg,MICCAI-2019,AP,15171,9,17,0.0769230769230769,31.15714196574661,0.8849607160524169,0.9617162889938629,1.1165054387550628,0.23154472270264592
val:15172,val,miccai_2019:image:MICCAI-AP-00003,images/miccai_2019/MICCAI-AP-00003.jpg,MICCAI-2019,AP,15172,10,17,0.0769230769230769,35.137443376410715,0.8583488565495101,0.9687565361256425,1.1265406255717103,0.2681917690222002
val:15173,val,miccai_2019:image:MICCAI-AP-00003,images/miccai_2019/MICCAI-AP-00003.jpg,MICCAI-2019,AP,15173,11,17,0.0769230769230769,33.21743871195795,1.2194320445468074,1.0849492635456206,1.1628121968237044,0.05661984772310302
val:15174,val,miccai_2019:image:MICCAI-AP-00003,images/miccai_2019/MICCAI-AP-00003.jpg,MICCAI-2019,AP,15174,12,17,0.0769230769230769,38.39055114141589,1.0918907320761075,1.0,1.0845535025000572,0.007337229576050319
val:15175,val,miccai_2019:image:MICCAI-AP-00003,images/miccai_2019/MICCAI-AP-00003.jpg,MICCAI-2019,AP,15175,13,17,0.0769230769230769,47.78696056177608,0.7590918663430557,1.04131257331202,1.132800040600991,0.37370817425793534
val:15176,val,miccai_2019:image:MICCAI-AP-00003,images/miccai_2019/MICCAI-AP-00003.jpg,MICCAI-2019,AP,15176,14,17,0.0769230769230769,40.3989454146088,1.4258797640606204,1.1130281532067778,1.2011634776253226,0.22471628643529784
val:15177,val,miccai_2019:image:MICCAI-AP-00003,images/miccai_2019/MICCAI-AP-00003.jpg,MICCAI-2019,AP,15177,15,17,0.0769230769230769,37.57714845915618,1.4278793451096043,1.2838074009203122,1.3076253685437844,0.12025397656581993
val:15284,val,miccai_2019:image:MICCAI-AP-00010,images/miccai_2019/MICCAI-AP-00010.jpg,MICCAI-2019,AP,15284,3,17,0.0769230769230769,80.72768199517918,0.7936626837131351,0.9988338600567865,0.9951137765500087,0.20145109283687357
val:15285,val,miccai_2019:image:MICCAI-AP-00010,images/miccai_2019/MICCAI-AP-00010.jpg,MICCAI-2019,AP,15285,4,17,0.0769230769230769,82.35611881526775,0.8761969130634456,0.8479994019784761,0.965784483245833,0.08958757018238739
val:15286,val,miccai_2019:image:MICCAI-AP-00010,images/miccai_2019/MICCAI-AP-00010.jpg,MICCAI-2019,AP,15286,5,17,0.0769230769230769,68.86864775030071,1.0978192942181906,1.2590323722848464,1.1037627643832733,0.005943470165082676
val:15287,val,miccai_2019:image:MICCAI-AP-00010,images/miccai_2019/MICCAI-AP-00010.jpg,MICCAI-2019,AP,15287,6,17,0.0769230769230769,71.44375291833089,1.4172762864815467,0.9880671361928798,1.1695972243791437,0.24767906210240298
val:15288,val,miccai_2019:image:MICCAI-AP-00010,images/miccai_2019/MICCAI-AP-00010.jpg,MICCAI-2019,AP,15288,7,17,0.0769230769230769,84.95913967571768,0.7718665545941279,1.0121504657631895,0.9715892926519891,0.19972273805786123
val:15289,val,miccai_2019:image:MICCAI-AP-00010,images/miccai_2019/MICCAI-AP-00010.jpg,MICCAI-2019,AP,15289,8,17,0.0769230769230769,97.7842429564181,0.7232998550733847,0.8175656050151079,0.9360365196769922,0.21273666460360752
val:15290,val,miccai_2019:image:MICCAI-AP-00010,images/miccai_2019/MICCAI-AP-00010.jpg,MICCAI-2019,AP,15290,9,17,0.0769230769230769,83.2607455477706,1.1327420678731168,1.1127729665416064,1.1940734039920153,0.061331336118898516
val:15291,val,miccai_2019:image:MICCAI-AP-00010,images/miccai_2019/MICCAI-AP-00010.jpg,MICCAI-2019,AP,15291,10,17,0.0769230769230769,95.0535557105712,1.205355065615259,0.9999999999999999,1.0475028976798058,0.1578521679354532
val:15292,val,miccai_2019:image:MICCAI-AP-00010,images/miccai_2019/MICCAI-AP-00010.jpg,MICCAI-2019,AP,15292,11,17,0.0769230769230769,111.64329479616418,0.8580377577677385,1.0,0.971051411703229,0.11301365393549045
val:15293,val,miccai_2019:image:MICCAI-AP-00010,images/miccai_2019/MICCAI-AP-00010.jpg,MICCAI-2019,AP,15293,12,17,0.0769230769230769,125.44690111986694,0.8666081325354661,0.925151110246111,0.9224845632829557,0.0558764307474896
val:15294,val,miccai_2019:image:MICCAI-AP-00010,images/miccai_2019/MICCAI-AP-00010.jpg,MICCAI-2019,AP,15294,13,17,0.0769230769230769,117.7833093874271,1.1573839966650346,1.0613471337037435,1.0640780196899822,0.09330597697505238
val:15295,val,miccai_2019:image:MICCAI-AP-00010,images/miccai_2019/MICCAI-AP-00010.jpg,MICCAI-2019,AP,15295,14,17,0.0769230769230769,131.58691571112985,1.0738503152648402,0.9999999999999999,1.0007848920067772,0.07306542325806298
val:15296,val,miccai_2019:image:MICCAI-AP-00010,images/miccai_2019/MICCAI-AP-00010.jpg,MICCAI-2019,AP,15296,15,17,0.0769230769230769,138.8125841401897,0.9138459228948093,1.0223848956235966,1.0418011868902763,0.12795526399546708
val:15777,val,miccai_2019:image:MICCAI-AP-00039,images/miccai_2019/MICCAI-AP-00039.jpg,MICCAI-2019,AP,15777,3,17,0.0769230769230769,25.65557746757171,1.15249377847763,0.9707983139754921,1.0794072378279358,0.07308654064969411
val:15778,val,miccai_2019:image:MICCAI-AP-00039,images/miccai_2019/MICCAI-AP-00039.jpg,MICCAI-2019,AP,15778,4,17,0.0769230769230769,31.1377816172149,0.8399103943714132,1.0,0.9916289541870356,0.15171855981562232
val:15779,val,miccai_2019:image:MICCAI-AP-00039,images/miccai_2019/MICCAI-AP-00039.jpg,MICCAI-2019,AP,15779,5,17,0.0769230769230769,30.223343833270448,1.0821989122129263,0.9835742196043586,0.9983596965646004,0.08383921564832586
val:15780,val,miccai_2019:image:MICCAI-AP-00039,images/miccai_2019/MICCAI-AP-00039.jpg,MICCAI-2019,AP,15780,6,17,0.0769230769230769,31.79323203585808,1.0474196890005396,1.0,0.9851882504299283,0.06223143857061131
val:15781,val,miccai_2019:image:MICCAI-AP-00039,images/miccai_2019/MICCAI-AP-00039.jpg,MICCAI-2019,AP,15781,7,17,0.0769230769230769,33.69176788601021,0.9165085772995424,1.0000000000000002,0.9702299032360318,0.05372132593648937
val:15782,val,miccai_2019:image:MICCAI-AP-00039,images/miccai_2019/MICCAI-AP-00039.jpg,MICCAI-2019,AP,15782,8,17,0.0769230769230769,33.55106933239725,1.0158447774953445,1.0125066189603387,1.0028325271369396,0.01301225035840492
val:15783,val,miccai_2019:image:MICCAI-AP-00039,images/miccai_2019/MICCAI-AP-00039.jpg,MICCAI-2019,AP,15783,9,17,0.0769230769230769,33.941980007087,1.0919388110194719,1.0,1.006026420276612,0.08591239074285983
val:15784,val,miccai_2019:image:MICCAI-AP-00039,images/miccai_2019/MICCAI-AP-00039.jpg,MICCAI-2019,AP,15784,10,17,0.0769230769230769,36.116765056236616,0.935888953532876,1.0,0.9964202197734267,0.06053126624055061
val:15785,val,miccai_2019:image:MICCAI-AP-00039,images/miccai_2019/MICCAI-AP-00039.jpg,MICCAI-2019,AP,15785,11,17,0.0769230769230769,36.906039686730416,0.9529866959020724,0.9722798106623989,0.9753470205133956,0.0223603246113232
val:15786,val,miccai_2019:image:MICCAI-AP-00039,images/miccai_2019/MICCAI-AP-00039.jpg,MICCAI-2019,AP,15786,12,17,0.0769230769230769,35.96023945038177,1.0557413878385438,1.0,1.0259799472987652,0.029761440539778583
val:15787,val,miccai_2019:image:MICCAI-AP-00039,images/miccai_2019/MICCAI-AP-00039.jpg,MICCAI-2019,AP,15787,13,17,0.0769230769230769,38.7684226570232,0.9479238917195956,0.9999999999999998,1.0322643071413038,0.08434041542170823
val:15788,val,miccai_2019:image:MICCAI-AP-00039,images/miccai_2019/MICCAI-AP-00039.jpg,MICCAI-2019,AP,15788,14,17,0.0769230769230769,40.29066601383512,0.9821662465471676,0.9849195962278264,1.0388632265357391,0.056696979988571594
val:15789,val,miccai_2019:image:MICCAI-AP-00039,images/miccai_2019/MICCAI-AP-00039.jpg,MICCAI-2019,AP,15789,15,17,0.0769230769230769,40.826060644040325,1.0438582182809468,1.0369253607105298,1.021631331333129,0.022226886947817937
val:15879,val,miccai_2019:image:MICCAI-AP-00045,images/miccai_2019/MICCAI-AP-00045.jpg,MICCAI-2019,AP,15879,3,17,0.0769230769230769,85.09174282695739,1.0298618826601809,0.9697689299808034,1.035806242130805,0.005944359470624105
val:15880,val,miccai_2019:image:MICCAI-AP-00045,images/miccai_2019/MICCAI-AP-00045.jpg,MICCAI-2019,AP,15880,4,17,0.0769230769230769,89.37976294208488,1.095449572955506,1.0483500716900715,1.0321536345100293,0.06329593844547676
val:15881,val,miccai_2019:image:MICCAI-AP-00045,images/miccai_2019/MICCAI-AP-00045.jpg,MICCAI-2019,AP,15881,5,17,0.0769230769230769,93.23215513906412,1.0701224181778342,1.0138015488399248,0.9671607801927309,0.10296163798510327
val:15882,val,miccai_2019:image:MICCAI-AP-00045,images/miccai_2019/MICCAI-AP-00045.jpg,MICCAI-2019,AP,15882,6,17,0.0769230769230769,96.97747898898736,0.9396695435639414,1.0059415247949843,0.9917310333537941,0.0520614897898527
val:15883,val,miccai_2019:image:MICCAI-AP-00045,images/miccai_2019/MICCAI-AP-00045.jpg,MICCAI-2019,AP,15883,7,17,0.0769230769230769,97.9068770707749,0.9737572039157902,0.9558609356647392,0.9639632110958953,0.009793992819894903
val:15884,val,miccai_2019:image:MICCAI-AP-00045,images/miccai_2019/MICCAI-AP-00045.jpg,MICCAI-2019,AP,15884,8,17,0.0769230769230769,99.80024923608562,0.962361673115703,1.0268627988835597,1.0270308693717034,0.06466919625600043
val:15885,val,miccai_2019:image:MICCAI-AP-00045,images/miccai_2019/MICCAI-AP-00045.jpg,MICCAI-2019,AP,15885,9,17,0.0769230769230769,98.33994049999892,1.114753569116954,1.0184412631600694,1.0196169009826677,0.09513666813428623
val:15886,val,miccai_2019:image:MICCAI-AP-00045,images/miccai_2019/MICCAI-AP-00045.jpg,MICCAI-2019,AP,15886,10,17,0.0769230769230769,99.97452916715592,1.042895350247465,1.0515715731722237,1.058262925170821,0.015367574923356164
val:15887,val,miccai_2019:image:MICCAI-AP-00045,images/miccai_2019/MICCAI-AP-00045.jpg,MICCAI-2019,AP,15887,11,17,0.0769230769230769,106.92019938480274,0.9412248269909079,0.9520001129321665,1.0211502106003374,0.07992538360942947
val:15888,val,miccai_2019:image:MICCAI-AP-00045,images/miccai_2019/MICCAI-AP-00045.jpg,MICCAI-2019,AP,15888,12,17,0.0769230769230769,104.13753016644743,0.9536726289530886,1.009306505492306,0.9838534893303874,0.030180860377298835
val:15889,val,miccai_2019:image:MICCAI-AP-00045,images/miccai_2019/MICCAI-AP-00045.jpg,MICCAI-2019,AP,15889,13,17,0.0769230769230769,102.3240174445414,1.0708866783635513,0.993536053243835,1.0617014225756716,0.009185255787879765
val:15890,val,miccai_2019:image:MICCAI-AP-00045,images/miccai_2019/MICCAI-AP-00045.jpg,MICCAI-2019,AP,15890,14,17,0.0769230769230769,104.44526966225826,0.9958525556746556,1.1140453664147667,1.1332880591535381,0.13743550347888256
val:15891,val,miccai_2019:image:MICCAI-AP-00045,images/miccai_2019/MICCAI-AP-00045.jpg,MICCAI-2019,AP,15891,15,17,0.0769230769230769,106.79475793964374,1.1530164273976065,0.8948407246856065,1.084116078832564,0.06890034856504257
val:15998,val,miccai_2019:image:MICCAI-AP-00052,images/miccai_2019/MICCAI-AP-00052.jpg,MICCAI-2019,AP,15998,3,17,0.0769230769230769,52.22337286974021,1.0785092823242626,1.0,1.0635063350200653,0.015002947304197267
val:15999,val,miccai_2019:image:MICCAI-AP-00052,images/miccai_2019/MICCAI-AP-00052.jpg,MICCAI-2019,AP,15999,4,17,0.0769230769230769,60.01418307132607,0.9517032923768418,1.0,1.0614887662231922,0.1097854738463504
val:16000,val,miccai_2019:image:MICCAI-AP-00052,images/miccai_2019/MICCAI-AP-00052.jpg,MICCAI-2019,AP,16000,5,17,0.0769230769230769,60.08858796430871,1.0601842364176641,1.0625691641484445,1.087153396046633,0.026969159628968953
val:16001,val,miccai_2019:image:MICCAI-AP-00052,images/miccai_2019/MICCAI-AP-00052.jpg,MICCAI-2019,AP,16001,6,17,0.0769230769230769,63.38322702934308,1.1135574672654145,1.0,0.9909086395055056,0.12264882775990893
val:16002,val,miccai_2019:image:MICCAI-AP-00052,images/miccai_2019/MICCAI-AP-00052.jpg,MICCAI-2019,AP,16002,7,17,0.0769230769230769,66.06970593159849,0.9544689116009838,1.0380221527960523,1.066859088554643,0.11239017695365916
val:16003,val,miccai_2019:image:MICCAI-AP-00052,images/miccai_2019/MICCAI-AP-00052.jpg,MICCAI-2019,AP,16003,8,17,0.0769230769230769,68.06875330378256,0.9781693917087788,0.9447662467533666,0.9685387937748748,0.009630597933903973
val:16004,val,miccai_2019:image:MICCAI-AP-00052,images/miccai_2019/MICCAI-AP-00052.jpg,MICCAI-2019,AP,16004,9,17,0.0769230769230769,69.91843651396343,0.937615943923013,1.0,0.9888296639546752,0.051213720031662247
val:16005,val,miccai_2019:image:MICCAI-AP-00052,images/miccai_2019/MICCAI-AP-00052.jpg,MICCAI-2019,AP,16005,10,17,0.0769230769230769,71.69053746517609,1.021809915290067,0.9928433360931821,1.0295458982167192,0.0077359829266521185
val:16006,val,miccai_2019:image:MICCAI-AP-00052,images/miccai_2019/MICCAI-AP-00052.jpg,MICCAI-2019,AP,16006,11,17,0.0769230769230769,77.38322290615014,0.9924412686966626,0.9999999999999998,1.0032507290598003,0.01080946036313768
val:16007,val,miccai_2019:image:MICCAI-AP-00052,images/miccai_2019/MICCAI-AP-00052.jpg,MICCAI-2019,AP,16007,12,17,0.0769230769230769,84.9047692268642,0.9600443478046516,1.0000000000000002,1.0405489504337313,0.08050460262907966
val:16008,val,miccai_2019:image:MICCAI-AP-00052,images/miccai_2019/MICCAI-AP-00052.jpg,MICCAI-2019,AP,16008,13,17,0.0769230769230769,85.19629752492114,1.0917285990005028,1.0767120093668945,1.0551670332069643,0.03656156579353853
val:16009,val,miccai_2019:image:MICCAI-AP-00052,images/miccai_2019/MICCAI-AP-00052.jpg,MICCAI-2019,AP,16009,14,17,0.0769230769230769,88.54504900215706,1.1514072299735503,1.0271126835358917,1.0251746931098058,0.12623253686374447
val:16010,val,miccai_2019:image:MICCAI-AP-00052,images/miccai_2019/MICCAI-AP-00052.jpg,MICCAI-2019,AP,16010,15,17,0.0769230769230769,90.61054064464663,0.9809041047498054,1.049332974943804,1.0727780074807876,0.09187390273098217
val:16185,val,miccai_2019:image:MICCAI-AP-00063,images/miccai_2019/MICCAI-AP-00063.jpg,MICCAI-2019,AP,16185,3,17,0.0769230769230769,65.32147153569366,0.796787321933607,1.0,1.0712011903524399,0.27441386841883286
val:16186,val,miccai_2019:image:MICCAI-AP-00063,images/miccai_2019/MICCAI-AP-00063.jpg,MICCAI-2019,AP,16186,4,17,0.0769230769230769,73.32558940212809,0.9036569275585118,0.9501226542600358,1.0076735204168523,0.10401659285834053
val:16187,val,miccai_2019:image:MICCAI-AP-00063,images/miccai_2019/MICCAI-AP-00063.jpg,MICCAI-2019,AP,16187,5,17,0.0769230769230769,72.91519645986651,1.197134357777126,1.0185160063013075,1.0168308427130444,0.1803035150640817
val:16188,val,miccai_2019:image:MICCAI-AP-00063,images/miccai_2019/MICCAI-AP-00063.jpg,MICCAI-2019,AP,16188,6,17,0.0769230769230769,76.97275943889008,1.0688120467959568,1.0838802206892162,1.0152287680286556,0.05358327876730118
val:16189,val,miccai_2019:image:MICCAI-AP-00063,images/miccai_2019/MICCAI-AP-00063.jpg,MICCAI-2019,AP,16189,7,17,0.0769230769230769,84.77934972479409,0.9385447794478495,0.9238435766522068,1.0205294555846829,0.08198467613683336
val:16190,val,miccai_2019:image:MICCAI-AP-00063,images/miccai_2019/MICCAI-AP-00063.jpg,MICCAI-2019,AP,16190,8,17,0.0769230769230769,86.45809390724348,0.8602584145376346,0.9843843626883515,1.0010599932727107,0.14080157873507604
val:16191,val,miccai_2019:image:MICCAI-AP-00063,images/miccai_2019/MICCAI-AP-00063.jpg,MICCAI-2019,AP,16191,9,17,0.0769230769230769,91.18741631816113,0.9940711000605531,0.9969620883493753,0.9720733400463195,0.02199776001423359
val:16192,val,miccai_2019:image:MICCAI-AP-00063,images/miccai_2019/MICCAI-AP-00063.jpg,MICCAI-2019,AP,16192,10,17,0.0769230769230769,96.72619589910369,1.110810677708871,0.9999999999999999,0.9833378046751021,0.12747287303376897
val:16193,val,miccai_2019:image:MICCAI-AP-00063,images/miccai_2019/MICCAI-AP-00063.jpg,MICCAI-2019,AP,16193,11,17,0.0769230769230769,107.46980762152911,0.956599986753289,0.9999999999999999,0.9933620416559278,0.03676205490263873
val:16194,val,miccai_2019:image:MICCAI-AP-00063,images/miccai_2019/MICCAI-AP-00063.jpg,MICCAI-2019,AP,16194,12,17,0.0769230769230769,107.2050512796414,1.002705774971142,1.0380948562464731,1.0478571070647853,0.04515133209364319
val:16195,val,miccai_2019:image:MICCAI-AP-00063,images/miccai_2019/MICCAI-AP-00063.jpg,MICCAI-2019,AP,16195,13,17,0.0769230769230769,106.2046777451312,1.1277507788721457,1.0096576719494068,1.0277032445134127,0.10004753435873304
val:16196,val,miccai_2019:image:MICCAI-AP-00063,images/miccai_2019/MICCAI-AP-00063.jpg,MICCAI-2019,AP,16196,14,17,0.0769230769230769,106.46943408701893,1.0046602788643915,1.0576563786970479,1.0379393596457345,0.03327908078134301
val:16197,val,miccai_2019:image:MICCAI-AP-00063,images/miccai_2019/MICCAI-AP-00063.jpg,MICCAI-2019,AP,16197,15,17,0.0769230769230769,113.36900969366766,0.9300931924410525,0.9289235946001538,1.000276128596259,0.07018293615520643
val:16202,val,miccai_2019:image:MICCAI-AP-00064,images/miccai_2019/MICCAI-AP-00064.jpg,MICCAI-2019,AP,16202,3,17,0.0769230769230769,67.16255185240774,1.0730246209365282,1.0,1.082944169640541,0.009919548704012904
val:16203,val,miccai_2019:image:MICCAI-AP-00064,images/miccai_2019/MICCAI-AP-00064.jpg,MICCAI-2019,AP,16203,4,17,0.0769230769230769,75.04677940383444,0.8445358949820589,0.9999999999999998,1.0058144424110649,0.16127854742900594
val:16204,val,miccai_2019:image:MICCAI-AP-00064,images/miccai_2019/MICCAI-AP-00064.jpg,MICCAI-2019,AP,16204,5,17,0.0769230769230769,75.2852490579544,1.0364113560286494,0.9557075775381481,0.9781199335273658,0.05829142250128361
val:16205,val,miccai_2019:image:MICCAI-AP-00064,images/miccai_2019/MICCAI-AP-00064.jpg,MICCAI-2019,AP,16205,6,17,0.0769230769230769,77.24356387829624,1.0424385275723127,1.013223015480515,1.0044952917479244,0.0379432358243883
val:16206,val,miccai_2019:image:MICCAI-AP-00064,images/miccai_2019/MICCAI-AP-00064.jpg,MICCAI-2019,AP,16206,7,17,0.0769230769230769,79.27407702941908,0.9902786549531948,0.9901238435545288,0.9609939323404155,0.029284722612779257
val:16207,val,miccai_2019:image:MICCAI-AP-00064,images/miccai_2019/MICCAI-AP-00064.jpg,MICCAI-2019,AP,16207,8,17,0.0769230769230769,80.7284797684404,0.9471334145124646,1.005815219268674,1.0387892500911895,0.09165583557872492
val:16208,val,miccai_2019:image:MICCAI-AP-00064,images/miccai_2019/MICCAI-AP-00064.jpg,MICCAI-2019,AP,16208,9,17,0.0769230769230769,77.48203353241621,1.082734112168003,1.0156930972183718,1.0028260115827097,0.0799081005852933
val:16209,val,miccai_2019:image:MICCAI-AP-00064,images/miccai_2019/MICCAI-AP-00064.jpg,MICCAI-2019,AP,16209,10,17,0.0769230769230769,75.66964908705305,1.0695872588234279,1.0357784252792492,0.9807554889649048,0.08883176985852304
val:16210,val,miccai_2019:image:MICCAI-AP-00064,images/miccai_2019/MICCAI-AP-00064.jpg,MICCAI-2019,AP,16210,11,17,0.0769230769230769,82.41386666442195,0.8840932006822656,0.945313915801498,0.9455518394263069,0.06145863874404134
val:16211,val,miccai_2019:image:MICCAI-AP-00064,images/miccai_2019/MICCAI-AP-00064.jpg,MICCAI-2019,AP,16211,12,17,0.0769230769230769,93.68311483325984,0.7992759166461761,1.012577301268682,0.9865236602772327,0.18724774363105656
val:16212,val,miccai_2019:image:MICCAI-AP-00064,images/miccai_2019/MICCAI-AP-00064.jpg,MICCAI-2019,AP,16212,13,17,0.0769230769230769,88.97328760750767,1.3134419910409316,1.0188990397084727,1.0912706417668834,0.22217134927404825
val:16213,val,miccai_2019:image:MICCAI-AP-00064,images/miccai_2019/MICCAI-AP-00064.jpg,MICCAI-2019,AP,16213,14,17,0.0769230769230769,108.09913995262995,0.9845678436480336,1.0172567971097173,1.0436674624727906,0.059099618824757005
val:16214,val,miccai_2019:image:MICCAI-AP-00064,images/miccai_2019/MICCAI-AP-00064.jpg,MICCAI-2019,AP,16214,15,17,0.0769230769230769,109.78064964811762,0.9388532319926918,1.0,1.0153075186535716,0.07645428666087983
val:16253,val,miccai_2019:image:MICCAI-AP-00067,images/miccai_2019/MICCAI-AP-00067.jpg,MICCAI-2019,AP,16253,3,17,0.0769230769230769,46.27692285674104,1.1170169012096411,1.2338158305814857,1.1918036494484539,0.0747867482388127
val:16254,val,miccai_2019:image:MICCAI-AP-00067,images/miccai_2019/MICCAI-AP-00067.jpg,MICCAI-2019,AP,16254,4,17,0.0769230769230769,50.36390299084773,1.2937579325333544,0.9452231063485834,0.9906266688347551,0.3031312636985992
val:16255,val,miccai_2019:image:MICCAI-AP-00067,images/miccai_2019/MICCAI-AP-00067.jpg,MICCAI-2019,AP,16255,5,17,0.0769230769230769,55.29744572374421,0.7869829090506222,1.0650859306513047,1.0279614160715318,0.24097850702090962
val:16256,val,miccai_2019:image:MICCAI-AP-00067,images/miccai_2019/MICCAI-AP-00067.jpg,MICCAI-2019,AP,16256,6,17,0.0769230769230769,58.7820210605703,0.8954160290038853,0.863177808796205,0.9440573405969519,0.048641311593066616
val:16257,val,miccai_2019:image:MICCAI-AP-00067,images/miccai_2019/MICCAI-AP-00067.jpg,MICCAI-2019,AP,16257,7,17,0.0769230769230769,52.98391494347436,1.0939268575084475,1.0591693586926323,1.0540309791709643,0.039895878337483204
val:16258,val,miccai_2019:image:MICCAI-AP-00067,images/miccai_2019/MICCAI-AP-00067.jpg,MICCAI-2019,AP,16258,8,17,0.0769230769230769,52.98391494347436,1.124936022793305,1.0502620814582442,1.1530966339847182,0.02816061119141322
val:16259,val,miccai_2019:image:MICCAI-AP-00067,images/miccai_2019/MICCAI-AP-00067.jpg,MICCAI-2019,AP,16259,9,17,0.0769230769230769,58.7820210605703,0.9073091576268553,0.9519006978452635,1.0925487797439528,0.18523962211709755
val:16260,val,miccai_2019:image:MICCAI-AP-00067,images/miccai_2019/MICCAI-AP-00067.jpg,MICCAI-2019,AP,16260,10,17,0.0769230769230769,63.24192604618906,0.8270744181619497,0.950428070992957,0.9873237931437596,0.1602493749818099
val:16261,val,miccai_2019:image:MICCAI-AP-00067,images/miccai_2019/MICCAI-AP-00067.jpg,MICCAI-2019,AP,16261,11,17,0.0769230769230769,60.51043841269444,1.1052694262055873,0.9915081856045382,1.063128880897488,0.04214054530809941
val:16262,val,miccai_2019:image:MICCAI-AP-00067,images/miccai_2019/MICCAI-AP-00067.jpg,MICCAI-2019,AP,16262,12,17,0.0769230769230769,68.27093133197047,0.9914528700976073,1.0000000000000002,1.0439749136567118,0.0525220435591045
val:16263,val,miccai_2019:image:MICCAI-AP-00067,images/miccai_2019/MICCAI-AP-00067.jpg,MICCAI-2019,AP,16263,13,17,0.0769230769230769,77.85725519950552,0.8947338939908592,1.024581371286641,1.0399147043393357,0.14518081034847652
val:16264,val,miccai_2019:image:MICCAI-AP-00067,images/miccai_2019/MICCAI-AP-00067.jpg,MICCAI-2019,AP,16264,14,17,0.0769230769230769,77.97332260579628,1.1780282372332775,1.011170355680494,1.1225543376832292,0.05547389955004833
val:16265,val,miccai_2019:image:MICCAI-AP-00067,images/miccai_2019/MICCAI-AP-00067.jpg,MICCAI-2019,AP,16265,15,17,0.0769230769230769,89.06994793601339,0.9882918046491918,0.9999999999999999,1.0458883121609688,0.05759650751177703
val:16559,val,miccai_2019:image:MICCAI-AP-00085,images/miccai_2019/MICCAI-AP-00085.jpg,MICCAI-2019,AP,16559,3,17,0.0769230769230769,47.012629261732336,1.1945503079662316,0.9076000414328451,0.97104046861695,0.2235098393492816
val:16560,val,miccai_2019:image:MICCAI-AP-00085,images/miccai_2019/MICCAI-AP-00085.jpg,MICCAI-2019,AP,16560,4,17,0.0769230769230769,57.66739274533197,0.8504784394024246,1.0011164091434288,1.0094952417444396,0.15901680234201498
val:16561,val,miccai_2019:image:MICCAI-AP-00085,images/miccai_2019/MICCAI-AP-00085.jpg,MICCAI-2019,AP,16561,5,17,0.0769230769230769,55.584026475890106,1.0669359399963623,0.9734874907016438,1.0567355546235722,0.01020038537279011
val:16562,val,miccai_2019:image:MICCAI-AP-00085,images/miccai_2019/MICCAI-AP-00085.jpg,MICCAI-2019,AP,16562,6,17,0.0769230769230769,52.02698818766611,1.137406503607448,1.0985999930783241,1.1602626074238747,0.022856103816426554
val:16563,val,miccai_2019:image:MICCAI-AP-00085,images/miccai_2019/MICCAI-AP-00085.jpg,MICCAI-2019,AP,16563,7,17,0.0769230769230769,53.88131374449486,1.0209309752492062,0.9682065204772954,1.0199851126465802,0.0009458626026259687
val:16564,val,miccai_2019:image:MICCAI-AP-00085,images/miccai_2019/MICCAI-AP-00085.jpg,MICCAI-2019,AP,16564,8,17,0.0769230769230769,51.79794747505299,0.8718616484291523,0.9999999999999999,1.0587341450154781,0.18687249658632588
val:16565,val,miccai_2019:image:MICCAI-AP-00085,images/miccai_2019/MICCAI-AP-00085.jpg,MICCAI-2019,AP,16565,9,17,0.0769230769230769,50.084873029860965,0.9700891670876872,0.8995893094033791,1.028828317233999,0.0587391501463117
val:16566,val,miccai_2019:image:MICCAI-AP-00085,images/miccai_2019/MICCAI-AP-00085.jpg,MICCAI-2019,AP,16566,10,17,0.0769230769230769,50.11932643211327,0.8968793479500763,1.1654658120511636,1.2016022082804307,0.30472286033035445
val:16567,val,miccai_2019:image:MICCAI-AP-00085,images/miccai_2019/MICCAI-AP-00085.jpg,MICCAI-2019,AP,16567,11,17,0.0769230769230769,47.63307732504262,1.4325744635905493,1.0140311558491195,1.0724997658974136,0.3600746976931357
val:16568,val,miccai_2019:image:MICCAI-AP-00085,images/miccai_2019/MICCAI-AP-00085.jpg,MICCAI-2019,AP,16568,12,17,0.0769230769230769,45.8151753494928,1.1273963203017177,1.2541400443228592,1.259057803771149,0.1316614834694314
val:16569,val,miccai_2019:image:MICCAI-AP-00085,images/miccai_2019/MICCAI-AP-00085.jpg,MICCAI-2019,AP,16569,13,17,0.0769230769230769,53.410469157900806,0.8739740096806423,0.8958672945574688,1.0603131716326641,0.18633916195202183
val:16570,val,miccai_2019:image:MICCAI-AP-00085,images/miccai_2019/MICCAI-AP-00085.jpg,MICCAI-2019,AP,16570,14,17,0.0769230769230769,49.16561099592551,0.895860419831282,1.035769087768489,1.1654599286088287,0.2695995087775468
val:16571,val,miccai_2019:image:MICCAI-AP-00085,images/miccai_2019/MICCAI-AP-00085.jpg,MICCAI-2019,AP,16571,15,17,0.0769230769230769,45.362443398463085,1.2161840077308232,0.949768828099337,1.0231328176909356,0.1930511900398877
val:16610,val,miccai_2019:image:MICCAI-AP-00088,images/miccai_2019/MICCAI-AP-00088.jpg,MICCAI-2019,AP,16610,3,17,0.0769230769230769,52.2853719750372,0.7468925044196514,1.0987973253842105,0.9485971223231067,0.20170461790345529
val:16611,val,miccai_2019:image:MICCAI-AP-00088,images/miccai_2019/MICCAI-AP-00088.jpg,MICCAI-2019,AP,16611,4,17,0.0769230769230769,51.06689055395904,1.402776412267708,0.9825903930273099,1.1158462621774716,0.28693015009023637
val:16612,val,miccai_2019:image:MICCAI-AP-00088,images/miccai_2019/MICCAI-AP-00088.jpg,MICCAI-2019,AP,16612,5,17,0.0769230769230769,65.0707588613996,0.9421147190218477,1.0027744309391706,1.074925130733463,0.13281041171161534
val:16613,val,miccai_2019:image:MICCAI-AP-00088,images/miccai_2019/MICCAI-AP-00088.jpg,MICCAI-2019,AP,16613,6,17,0.0769230769230769,68.04163170877324,0.8651638031117249,0.9742453056711522,1.0104292068023053,0.14526540369058039
val:16614,val,miccai_2019:image:MICCAI-AP-00088,images/miccai_2019/MICCAI-AP-00088.jpg,MICCAI-2019,AP,16614,7,17,0.0769230769230769,63.05651112754138,1.1303251573742539,0.9806763584078798,1.0658856386603364,0.06443951871391751
val:16615,val,miccai_2019:image:MICCAI-AP-00088,images/miccai_2019/MICCAI-AP-00088.jpg,MICCAI-2019,AP,16615,8,17,0.0769230769230769,73.91971476680425,0.8767471946867029,1.0183258069880472,0.9632129868693815,0.08646579218267858
val:16616,val,miccai_2019:image:MICCAI-AP-00088,images/miccai_2019/MICCAI-AP-00088.jpg,MICCAI-2019,AP,16616,9,17,0.0769230769230769,71.25232584947815,1.1125860745686156,0.992065659178557,1.0053702848163864,0.10721578975222923
val:16617,val,miccai_2019:image:MICCAI-AP-00088,images/miccai_2019/MICCAI-AP-00088.jpg,MICCAI-2019,AP,16617,10,17,0.0769230769230769,75.25231817800073,1.0174446518550166,1.0,1.0547556951642036,0.037311043309187
val:16618,val,miccai_2019:image:MICCAI-AP-00088,images/miccai_2019/MICCAI-AP-00088.jpg,MICCAI-2019,AP,16618,11,17,0.0769230769230769,79.98302427033131,0.8905676108782581,0.983063425798336,1.0259147807251607,0.13534716984690265
val:16619,val,miccai_2019:image:MICCAI-AP-00088,images/miccai_2019/MICCAI-AP-00088.jpg,MICCAI-2019,AP,16619,12,17,0.0769230769230769,76.71114228643441,1.0518902549855178,1.0289571071591181,1.0852916585829062,0.03340140359738841
val:16620,val,miccai_2019:image:MICCAI-AP-00088,images/miccai_2019/MICCAI-AP-00088.jpg,MICCAI-2019,AP,16620,13,17,0.0769230769230769,78.77445946143888,1.0997810694595014,1.0000000000000002,0.9795928634703162,0.12018820598918523
val:16621,val,miccai_2019:image:MICCAI-AP-00088,images/miccai_2019/MICCAI-AP-00088.jpg,MICCAI-2019,AP,16621,14,17,0.0769230769230769,85.06732963629769,0.9034868760024584,1.0,0.9523024223744869,0.04881554637202856
val:16622,val,miccai_2019:image:MICCAI-AP-00088,images/miccai_2019/MICCAI-AP-00088.jpg,MICCAI-2019,AP,16622,15,17,0.0769230769230769,81.74593758778266,1.0214574872339528,1.0362995674471778,1.0915741918246669,0.07011670459071406
val:16763,val,miccai_2019:image:MICCAI-AP-00097,images/miccai_2019/MICCAI-AP-00097.jpg,MICCAI-2019,AP,16763,3,17,0.0769230769230769,58.76763371777265,1.3207012480302578,0.910961851587296,0.9446038530373578,0.37609739499289996
val:16764,val,miccai_2019:image:MICCAI-AP-00097,images/miccai_2019/MICCAI-AP-00097.jpg,MICCAI-2019,AP,16764,4,17,0.0769230769230769,68.74663595417621,0.6864533730471292,0.9838370128180085,1.0021198044176398,0.31566643137051065
val:16765,val,miccai_2019:image:MICCAI-AP-00097,images/miccai_2019/MICCAI-AP-00097.jpg,MICCAI-2019,AP,16765,5,17,0.0769230769230769,79.285933447623,0.7271968710582015,0.8081429723056872,0.8458891782316287,0.11869230717342716
val:16766,val,miccai_2019:image:MICCAI-AP-00097,images/miccai_2019/MICCAI-AP-00097.jpg,MICCAI-2019,AP,16766,6,17,0.0769230769230769,70.95883634604185,1.1409062474699736,1.0,1.0815379247069359,0.05936832276303772
val:16767,val,miccai_2019:image:MICCAI-AP-00097,images/miccai_2019/MICCAI-AP-00097.jpg,MICCAI-2019,AP,16767,7,17,0.0769230769230769,90.58748892465172,0.9301636569276105,1.0,1.0438423864543438,0.1136787295267333
val:16768,val,miccai_2019:image:MICCAI-AP-00097,images/miccai_2019/MICCAI-AP-00097.jpg,MICCAI-2019,AP,16768,8,17,0.0769230769230769,91.85525189122302,1.0910383030421027,1.0059238911547528,1.048386500863062,0.04265180217904074
val:16769,val,miccai_2019:image:MICCAI-AP-00097,images/miccai_2019/MICCAI-AP-00097.jpg,MICCAI-2019,AP,16769,9,17,0.0769230769230769,99.83345598065372,1.0070531351762209,0.9999999999999998,1.0110014304518697,0.003948295275648883
val:16770,val,miccai_2019:image:MICCAI-AP-00097,images/miccai_2019/MICCAI-AP-00097.jpg,MICCAI-2019,AP,16770,10,17,0.0769230769230769,104.33121790372914,0.9532076382369914,1.0,1.0268022250384092,0.07359458680141784
val:16771,val,miccai_2019:image:MICCAI-AP-00097,images/miccai_2019/MICCAI-AP-00097.jpg,MICCAI-2019,AP,16771,11,17,0.0769230769230769,107.95088884442512,1.0016114005553884,0.9949593697650772,1.0216341060562473,0.02002270550085883
val:16772,val,miccai_2019:image:MICCAI-AP-00097,images/miccai_2019/MICCAI-AP-00097.jpg,MICCAI-2019,AP,16772,12,17,0.0769230769230769,113.22922836072654,1.0188551535521162,1.0,1.0265586841851473,0.007703530633031086
val:16773,val,miccai_2019:image:MICCAI-AP-00097,images/miccai_2019/MICCAI-AP-00097.jpg,MICCAI-2019,AP,16773,13,17,0.0769230769230769,111.74451190735968,1.058965793800167,1.1169178168530114,1.1051149646992333,0.04614917089906623
val:16774,val,miccai_2019:image:MICCAI-AP-00097,images/miccai_2019/MICCAI-AP-00097.jpg,MICCAI-2019,AP,16774,14,17,0.0769230769230769,108.1910839162568,1.2409034539815555,1.0137230943588298,1.068365127190737,0.17253832679081849
val:16775,val,miccai_2019:image:MICCAI-AP-00097,images/miccai_2019/MICCAI-AP-00097.jpg,MICCAI-2019,AP,16775,15,17,0.0769230769230769,102.54021629694628,0.9851547873852722,1.0309543440388245,1.1753592470930618,0.19020445970778965
val:16848,val,miccai_2019:image:MICCAI-AP-00102,images/miccai_2019/MICCAI-AP-00102.jpg,MICCAI-2019,AP,16848,3,17,0.0769230769230769,61.01265090122001,0.943730884118942,1.1251366078344296,0.9552383511749218,0.011507467055979825
val:16849,val,miccai_2019:image:MICCAI-AP-00102,images/miccai_2019/MICCAI-AP-00102.jpg,MICCAI-2019,AP,16849,4,17,0.0769230769230769,62.61600342772475,1.3242990877123715,1.0,1.1103544682264328,0.21394461948593868
val:16850,val,miccai_2019:image:MICCAI-AP-00102,images/miccai_2019/MICCAI-AP-00102.jpg,MICCAI-2019,AP,16850,5,17,0.0769230769230769,80.84925808620085,0.8367730945146117,1.0,0.9822322502732277,0.145459155758616
val:16851,val,miccai_2019:image:MICCAI-AP-00102,images/miccai_2019/MICCAI-AP-00102.jpg,MICCAI-2019,AP,16851,6,17,0.0769230769230769,80.3834353985761,0.9800053899943983,0.9473836687158039,0.9315328565190724,0.048472533475325985
val:16852,val,miccai_2019:image:MICCAI-AP-00102,images/miccai_2019/MICCAI-AP-00102.jpg,MICCAI-2019,AP,16852,7,17,0.0769230769230769,73.30671210894127,1.1548113610655228,1.0682565759172107,1.0837747904708053,0.07103657059471757
val:16853,val,miccai_2019:image:MICCAI-AP-00102,images/miccai_2019/MICCAI-AP-00102.jpg,MICCAI-2019,AP,16853,8,17,0.0769230769230769,79.36833217896492,0.9808011891454711,0.9665334360061562,1.0416374043880379,0.06083621524256677
val:16854,val,miccai_2019:image:MICCAI-AP-00102,images/miccai_2019/MICCAI-AP-00102.jpg,MICCAI-2019,AP,16854,9,17,0.0769230769230769,82.30794419341183,0.83550707419765,0.9586256863120116,0.9693032744842686,0.13379620028661854
val:16855,val,miccai_2019:image:MICCAI-AP-00102,images/miccai_2019/MICCAI-AP-00102.jpg,MICCAI-2019,AP,16855,10,17,0.0769230769230769,82.01682926559005,0.974927525448804,0.9446718129277385,0.9874504278361953,0.012522902387391288
val:16856,val,miccai_2019:image:MICCAI-AP-00102,images/miccai_2019/MICCAI-AP-00102.jpg,MICCAI-2019,AP,16856,11,17,0.0769230769230769,86.54948719071336,0.9958361019475399,1.0069855164833283,1.005739643550842,0.009903541603302202
val:16857,val,miccai_2019:image:MICCAI-AP-00102,images/miccai_2019/MICCAI-AP-00102.jpg,MICCAI-2019,AP,16857,12,17,0.0769230769230769,89.66380696496326,1.0522383435718232,1.0,1.001087065320462,0.05115127825136123
val:16858,val,miccai_2019:image:MICCAI-AP-00102,images/miccai_2019/MICCAI-AP-00102.jpg,MICCAI-2019,AP,16858,13,17,0.0769230769230769,91.28996317186642,1.0202491790364885,1.0360386287233034,1.02290030097572,0.00265112193923156
val:16859,val,miccai_2019:image:MICCAI-AP-00102,images/miccai_2019/MICCAI-AP-00102.jpg,MICCAI-2019,AP,16859,14,17,0.0769230769230769,90.91983789929994,1.0428104910109628,0.9974211612971907,1.0044359648855812,0.038374526125381614
val:16860,val,miccai_2019:image:MICCAI-AP-00102,images/miccai_2019/MICCAI-AP-00102.jpg,MICCAI-2019,AP,16860,15,17,0.0769230769230769,90.91983789929994,0.9704398144913052,1.0092039914539432,1.1149124266317463,0.14447261214044105
val:16882,val,miccai_2019:image:MICCAI-AP-00104,images/miccai_2019/MICCAI-AP-00104.jpg,MICCAI-2019,AP,16882,3,17,0.0769230769230769,70.8240126963196,0.9742955374758899,0.8912024188128268,0.9700293827143466,0.00426615476154335
val:16883,val,miccai_2019:image:MICCAI-AP-00104,images/miccai_2019/MICCAI-AP-00104.jpg,MICCAI-2019,AP,16883,4,17,0.0769230769230769,70.76398654553799,0.9768185088504142,1.0,1.0073855938389897,0.03056708498857552
val:16884,val,miccai_2019:image:MICCAI-AP-00104,images/miccai_2019/MICCAI-AP-00104.jpg,MICCAI-2019,AP,16884,5,17,0.0769230769230769,74.956050940649,0.9675596921767082,0.9999999999999999,0.9948483426123856,0.02728865043567741
val:16885,val,miccai_2019:image:MICCAI-AP-00104,images/miccai_2019/MICCAI-AP-00104.jpg,MICCAI-2019,AP,16885,6,17,0.0769230769230769,76.83498132103736,1.0514550621938523,1.0,1.006717782933265,0.04473727926058735
val:16886,val,miccai_2019:image:MICCAI-AP-00104,images/miccai_2019/MICCAI-AP-00104.jpg,MICCAI-2019,AP,16886,7,17,0.0769230769230769,85.48881930607052,0.9491944060735974,1.0,0.9909826051443815,0.04178819907078413
val:16887,val,miccai_2019:image:MICCAI-AP-00104,images/miccai_2019/MICCAI-AP-00104.jpg,MICCAI-2019,AP,16887,8,17,0.0769230769230769,87.50178228470136,1.030711674593338,1.0,1.006235007662326,0.024476666931011914
val:16888,val,miccai_2019:image:MICCAI-AP-00104,images/miccai_2019/MICCAI-AP-00104.jpg,MICCAI-2019,AP,16888,9,17,0.0769230769230769,93.97801262851148,0.9987235617894835,1.0,0.9875063337385654,0.011217228050918071
val:16889,val,miccai_2019:image:MICCAI-AP-00104,images/miccai_2019/MICCAI-AP-00104.jpg,MICCAI-2019,AP,16889,10,17,0.0769230769230769,100.91397656487686,0.9688144302350736,1.0,0.9762613642960787,0.0074469340610050505
val:16890,val,miccai_2019:image:MICCAI-AP-00104,images/miccai_2019/MICCAI-AP-00104.jpg,MICCAI-2019,AP,16890,11,17,0.0769230769230769,100.8896962040728,1.0701776463784325,1.043474855205456,1.039988810500542,0.030188835877890563
val:16891,val,miccai_2019:image:MICCAI-AP-00104,images/miccai_2019/MICCAI-AP-00104.jpg,MICCAI-2019,AP,16891,12,17,0.0769230769230769,105.99118666359928,1.0640960736295986,1.0,1.0236693695187569,0.040426704110841705
val:16892,val,miccai_2019:image:MICCAI-AP-00104,images/miccai_2019/MICCAI-AP-00104.jpg,MICCAI-2019,AP,16892,13,17,0.0769230769230769,112.4201594257179,0.9252119569214412,1.0,0.9879333851858974,0.06272142826445615
val:16893,val,miccai_2019:image:MICCAI-AP-00104,images/miccai_2019/MICCAI-AP-00104.jpg,MICCAI-2019,AP,16893,14,17,0.0769230769230769,108.39864063388336,1.0337354105927,1.019269529749574,1.0157930709150897,0.017942339677610164
val:16894,val,miccai_2019:image:MICCAI-AP-00104,images/miccai_2019/MICCAI-AP-00104.jpg,MICCAI-2019,AP,16894,15,17,0.0769230769230769,98.02332626121304,1.1932097357868872,1.0410261408709796,1.2656234906338961,0.07241375484700896
val:16950,val,miccai_2019:image:MICCAI-AP-00108,images/miccai_2019/MICCAI-AP-00108.jpg,MICCAI-2019,AP,16950,3,17,0.0769230769230769,75.56875974454121,0.816968534996326,1.0734061427888757,0.9906816535172349,0.17371311852090887
val:16951,val,miccai_2019:image:MICCAI-AP-00108,images/miccai_2019/MICCAI-AP-00108.jpg,MICCAI-2019,AP,16951,4,17,0.0769230769230769,72.75523782328878,1.3712031132055735,0.9949664498249539,1.1357332641760358,0.23546984902953771
val:16952,val,miccai_2019:image:MICCAI-AP-00108,images/miccai_2019/MICCAI-AP-00108.jpg,MICCAI-2019,AP,16952,5,17,0.0769230769230769,87.46007879349162,0.9494702448473901,1.061750954009526,0.9861872177495887,0.036716972902198663
val:16953,val,miccai_2019:image:MICCAI-AP-00108,images/miccai_2019/MICCAI-AP-00108.jpg,MICCAI-2019,AP,16953,6,17,0.0769230769230769,89.4119381695541,0.9613865591993274,0.9618484284451504,0.9259582515528698,0.035428307646457546
val:16954,val,miccai_2019:image:MICCAI-AP-00108,images/miccai_2019/MICCAI-AP-00108.jpg,MICCAI-2019,AP,16954,7,17,0.0769230769230769,87.9112949642331,1.0119373401905465,1.0000000000000002,0.9976900825276973,0.014247257662849178
val:16955,val,miccai_2019:image:MICCAI-AP-00108,images/miccai_2019/MICCAI-AP-00108.jpg,MICCAI-2019,AP,16955,8,17,0.0769230769230769,88.9549342579725,1.0102098898717546,1.048867626072586,1.02663465398711,0.016424764115355428
val:16956,val,miccai_2019:image:MICCAI-AP-00108,images/miccai_2019/MICCAI-AP-00108.jpg,MICCAI-2019,AP,16956,9,17,0.0769230769230769,88.9549342579725,1.097670188403757,1.00507241306517,1.0366337989053476,0.061036389498409394
val:16957,val,miccai_2019:image:MICCAI-AP-00108,images/miccai_2019/MICCAI-AP-00108.jpg,MICCAI-2019,AP,16957,10,17,0.0769230769230769,93.62890823279132,0.9500179826510036,0.9590284743205713,1.0845351287023233,0.1345171460513197
val:16958,val,miccai_2019:image:MICCAI-AP-00108,images/miccai_2019/MICCAI-AP-00108.jpg,MICCAI-2019,AP,16958,11,17,0.0769230769230769,97.51892078583978,0.8402717946720267,0.9554238661625831,0.9297209631153791,0.08944916844335238
val:16959,val,miccai_2019:image:MICCAI-AP-00108,images/miccai_2019/MICCAI-AP-00108.jpg,MICCAI-2019,AP,16959,12,17,0.0769230769230769,100.32225670196866,0.9708180948782013,0.9650787962498152,1.0081127909841023,0.03729469610590108
val:16960,val,miccai_2019:image:MICCAI-AP-00108,images/miccai_2019/MICCAI-AP-00108.jpg,MICCAI-2019,AP,16960,13,17,0.0769230769230769,103.03400839964408,1.0840631032577663,1.0962114222249064,1.2321646846732173,0.14810158141545093
val:16961,val,miccai_2019:image:MICCAI-AP-00108,images/miccai_2019/MICCAI-AP-00108.jpg,MICCAI-2019,AP,16961,14,17,0.0769230769230769,103.03400839964408,1.2471557075301591,1.0693979831690565,1.1976264091486708,0.04952929838148834
val:16962,val,miccai_2019:image:MICCAI-AP-00108,images/miccai_2019/MICCAI-AP-00108.jpg,MICCAI-2019,AP,16962,15,17,0.0769230769230769,83.19902072371818,1.306185502289461,1.1009872749243255,1.3924885883722777,0.08630308608281667
val:17239,val,miccai_2019:image:MICCAI-AP-00125,images/miccai_2019/MICCAI-AP-00125.jpg,MICCAI-2019,AP,17239,3,17,0.0769230769230769,80.53383198473426,0.9097176101721106,1.0317008016463016,1.0146062491293644,0.10488863895725375
val:17240,val,miccai_2019:image:MICCAI-AP-00125,images/miccai_2019/MICCAI-AP-00125.jpg,MICCAI-2019,AP,17240,4,17,0.0769230769230769,83.12677649409842,0.8785003698468747,0.9310473974177322,0.9694124373921833,0.09091206754530856
val:17241,val,miccai_2019:image:MICCAI-AP-00125,images/miccai_2019/MICCAI-AP-00125.jpg,MICCAI-2019,AP,17241,5,17,0.0769230769230769,78.99485275469732,1.032053226342764,0.9985053375715245,1.0129319377595414,0.019121288583222595
val:17242,val,miccai_2019:image:MICCAI-AP-00125,images/miccai_2019/MICCAI-AP-00125.jpg,MICCAI-2019,AP,17242,6,17,0.0769230769230769,80.29752794769627,1.055159013032489,1.16279555681478,1.1232700069559716,0.06811099392348252
val:17243,val,miccai_2019:image:MICCAI-AP-00125,images/miccai_2019/MICCAI-AP-00125.jpg,MICCAI-2019,AP,17243,7,17,0.0769230769230769,83.05013761919241,1.2668531059401011,0.9861201214061771,1.0134123711304461,0.253440734809655
val:17244,val,miccai_2019:image:MICCAI-AP-00125,images/miccai_2019/MICCAI-AP-00125.jpg,MICCAI-2019,AP,17244,8,17,0.0769230769230769,92.3886313293121,0.8558213506118868,1.0271053085718858,0.9197381133828866,0.06391676277099978
val:17245,val,miccai_2019:image:MICCAI-AP-00125,images/miccai_2019/MICCAI-AP-00125.jpg,MICCAI-2019,AP,17245,9,17,0.0769230769230769,102.63146355600551,0.8240492696693988,0.8726308646474459,0.947105139759598,0.12305587009019914
val:17246,val,miccai_2019:image:MICCAI-AP-00125,images/miccai_2019/MICCAI-AP-00125.jpg,MICCAI-2019,AP,17246,10,17,0.0769230769230769,89.87286172802897,1.113245983233014,1.080783925159459,1.0179843820171404,0.09526160121587357
val:17247,val,miccai_2019:image:MICCAI-AP-00125,images/miccai_2019/MICCAI-AP-00125.jpg,MICCAI-2019,AP,17247,11,17,0.0769230769230769,93.29407018400836,1.1757757564085747,1.0462773400440502,1.084504778970747,0.09127097743782775
val:17248,val,miccai_2019:image:MICCAI-AP-00125,images/miccai_2019/MICCAI-AP-00125.jpg,MICCAI-2019,AP,17248,12,17,0.0769230769230769,99.39577360697928,0.9575089303489996,1.0116562210915898,1.0058459789453362,0.048337048596336585
val:17249,val,miccai_2019:image:MICCAI-AP-00125,images/miccai_2019/MICCAI-AP-00125.jpg,MICCAI-2019,AP,17249,13,17,0.0769230769230769,104.21692541630566,0.8771684554616869,0.930334899953136,0.9496527317972274,0.07248427633554055
val:17250,val,miccai_2019:image:MICCAI-AP-00125,images/miccai_2019/MICCAI-AP-00125.jpg,MICCAI-2019,AP,17250,14,17,0.0769230769230769,99.70616765230432,0.9903193274653181,1.0336076388594162,1.0830249371465694,0.0927056096812513
val:17251,val,miccai_2019:image:MICCAI-AP-00125,images/miccai_2019/MICCAI-AP-00125.jpg,MICCAI-2019,AP,17251,15,17,0.0769230769230769,95.07837219698048,1.2063554613200949,1.0674401267094853,1.2554125978274586,0.04905713650736376
val:17273,val,miccai_2019:image:MICCAI-AP-00127,images/miccai_2019/MICCAI-AP-00127.jpg,MICCAI-2019,AP,17273,3,17,0.0769230769230769,81.44530508667715,0.9994785030647757,1.0307252259355877,0.984810479114661,0.014668023950114684
val:17274,val,miccai_2019:image:MICCAI-AP-00127,images/miccai_2019/MICCAI-AP-00127.jpg,MICCAI-2019,AP,17274,4,17,0.0769230769230769,85.42660567992314,0.9182745890369863,0.9406692058833888,0.9489202358814528,0.030645646844466468
val:17275,val,miccai_2019:image:MICCAI-AP-00127,images/miccai_2019/MICCAI-AP-00127.jpg,MICCAI-2019,AP,17275,5,17,0.0769230769230769,84.27343254940881,0.9411450399425285,1.0005000198403717,1.0197193997124554,0.07857435976992688
val:17276,val,miccai_2019:image:MICCAI-AP-00127,images/miccai_2019/MICCAI-AP-00127.jpg,MICCAI-2019,AP,17276,6,17,0.0769230769230769,83.22877826596945,1.083592268573749,1.0,1.0327366180717945,0.0508556505019544
val:17277,val,miccai_2019:image:MICCAI-AP-00127,images/miccai_2019/MICCAI-AP-00127.jpg,MICCAI-2019,AP,17277,7,17,0.0769230769230769,89.54768806776599,0.9731578265112169,1.0435044540122234,1.0180880146131002,0.04493018810188332
val:17278,val,miccai_2019:image:MICCAI-AP-00127,images/miccai_2019/MICCAI-AP-00127.jpg,MICCAI-2019,AP,17278,8,17,0.0769230769230769,89.54768806776599,1.0798800519048528,0.9830144851958114,1.004142616272505,0.07573743563234792
val:17279,val,miccai_2019:image:MICCAI-AP-00127,images/miccai_2019/MICCAI-AP-00127.jpg,MICCAI-2019,AP,17279,9,17,0.0769230769230769,94.30093733321192,0.9428253631194348,1.0,0.9978471335489303,0.05502177042949552
val:17280,val,miccai_2019:image:MICCAI-AP-00127,images/miccai_2019/MICCAI-AP-00127.jpg,MICCAI-2019,AP,17280,10,17,0.0769230769230769,102.36942173264622,0.8977398824021813,1.0655080454972292,1.0098601619329954,0.11212027953081416
val:17281,val,miccai_2019:image:MICCAI-AP-00127,images/miccai_2019/MICCAI-AP-00127.jpg,MICCAI-2019,AP,17281,11,17,0.0769230769230769,92.77651012224756,1.3930419379224586,1.07753133735634,1.1575252260921112,0.2355167118303474
val:17282,val,miccai_2019:image:MICCAI-AP-00127,images/miccai_2019/MICCAI-AP-00127.jpg,MICCAI-2019,AP,17282,12,17,0.0769230769230769,103.0478518626698,1.0484263327555272,1.0815047234952302,0.9816950247347207,0.06673130802080651
val:17283,val,miccai_2019:image:MICCAI-AP-00127,images/miccai_2019/MICCAI-AP-00127.jpg,MICCAI-2019,AP,17283,13,17,0.0769230769230769,114.9531717905467,0.814696159817937,0.9590073683966627,0.9305744142939081,0.11587825447597111
val:17284,val,miccai_2019:image:MICCAI-AP-00127,images/miccai_2019/MICCAI-AP-00127.jpg,MICCAI-2019,AP,17284,14,17,0.0769230769230769,100.84499452168184,1.1150161358233204,1.046727485535555,1.098262611357384,0.016753524465936476
val:17285,val,miccai_2019:image:MICCAI-AP-00127,images/miccai_2019/MICCAI-AP-00127.jpg,MICCAI-2019,AP,17285,15,17,0.0769230769230769,91.8395992289534,1.278996734072991,1.1015269596317485,1.2202462319472507,0.0587505021257404
val:17324,val,miccai_2019:image:MICCAI-AP-00130,images/miccai_2019/MICCAI-AP-00130.jpg,MICCAI-2019,AP,17324,3,17,0.0769230769230769,80.21713339199277,1.0322957446303842,0.9999999999999998,1.068924158811569,0.03662841418118479
val:17325,val,miccai_2019:image:MICCAI-AP-00130,images/miccai_2019/MICCAI-AP-00130.jpg,MICCAI-2019,AP,17325,4,17,0.0769230769230769,84.97672548230105,0.9336339896733612,1.0,1.0410378612577915,0.10740387158443032
val:17326,val,miccai_2019:image:MICCAI-AP-00130,images/miccai_2019/MICCAI-AP-00130.jpg,MICCAI-2019,AP,17326,5,17,0.0769230769230769,90.07913465875484,0.9674343103731213,0.9807355709025674,1.0350382595906071,0.0676039492174858
val:17327,val,miccai_2019:image:MICCAI-AP-00130,images/miccai_2019/MICCAI-AP-00130.jpg,MICCAI-2019,AP,17327,6,17,0.0769230769230769,93.85743043856743,1.0372163761102167,0.9999999999999999,1.038217693567276,0.0010013174570593364
val:17328,val,miccai_2019:image:MICCAI-AP-00130,images/miccai_2019/MICCAI-AP-00130.jpg,MICCAI-2019,AP,17328,7,17,0.0769230769230769,100.47530163892787,1.0009346945873765,1.0,0.9793946575373411,0.021540037050035377
val:17329,val,miccai_2019:image:MICCAI-AP-00130,images/miccai_2019/MICCAI-AP-00130.jpg,MICCAI-2019,AP,17329,8,17,0.0769230769230769,103.53880906377368,1.0005923415976,1.0,0.9934034505859017,0.007188891011698173
val:17330,val,miccai_2019:image:MICCAI-AP-00130,images/miccai_2019/MICCAI-AP-00130.jpg,MICCAI-2019,AP,17330,9,17,0.0769230769230769,108.20000905938912,0.9843659320726295,1.0,0.9732597880065441,0.011106144066085344
val:17331,val,miccai_2019:image:MICCAI-AP-00130,images/miccai_2019/MICCAI-AP-00130.jpg,MICCAI-2019,AP,17331,10,17,0.0769230769230769,111.83169271450076,1.0086575278745098,1.0,1.0299947820603848,0.021337254185874954
val:17332,val,miccai_2019:image:MICCAI-AP-00130,images/miccai_2019/MICCAI-AP-00130.jpg,MICCAI-2019,AP,17332,11,17,0.0769230769230769,120.18833501246004,0.9747616742410435,1.0468657329163482,1.0053705810985496,0.030608906857506057
val:17333,val,miccai_2019:image:MICCAI-AP-00130,images/miccai_2019/MICCAI-AP-00130.jpg,MICCAI-2019,AP,17333,12,17,0.0769230769230769,115.05039519360078,1.2067948127997528,1.0635851079114382,1.0515561352931564,0.15523867750659637
val:17334,val,miccai_2019:image:MICCAI-AP-00130,images/miccai_2019/MICCAI-AP-00130.jpg,MICCAI-2019,AP,17334,13,17,0.0769230769230769,124.03271189201054,1.0285737477429753,1.0150065414825067,0.98379515039116,0.04477859735181533
val:17335,val,miccai_2019:image:MICCAI-AP-00130,images/miccai_2019/MICCAI-AP-00130.jpg,MICCAI-2019,AP,17335,14,17,0.0769230769230769,134.17395008618848,0.8417864097588262,0.9632541647260112,0.9673256276254577,0.12553921786663147
val:17336,val,miccai_2019:image:MICCAI-AP-00130,images/miccai_2019/MICCAI-AP-00130.jpg,MICCAI-2019,AP,17336,15,17,0.0769230769230769,120.26129951985126,1.088550029358555,1.0409968450998954,1.0512385771012,0.03731145225735499
val:17392,val,miccai_2019:image:MICCAI-AP-00134,images/miccai_2019/MICCAI-AP-00134.jpg,MICCAI-2019,AP,17392,3,17,0.0769230769230769,83.38999959011733,0.9392989467603844,0.9918881507238337,1.0906007291397044,0.15130178237932002
val:17393,val,miccai_2019:image:MICCAI-AP-00134,images/miccai_2019/MICCAI-AP-00134.jpg,MICCAI-2019,AP,17393,4,17,0.0769230769230769,87.5363143087146,0.9240837863158708,0.9645399885650188,1.0016269224162608,0.07754313610038999
val:17394,val,miccai_2019:image:MICCAI-AP-00134,images/miccai_2019/MICCAI-AP-00134.jpg,MICCAI-2019,AP,17394,5,17,0.0769230769230769,88.85773743476302,1.0188917142508411,1.0,1.0050978334620595,0.013793880788781632
val:17395,val,miccai_2019:image:MICCAI-AP-00134,images/miccai_2019/MICCAI-AP-00134.jpg,MICCAI-2019,AP,17395,6,17,0.0769230769230769,94.0520749003384,1.0294784693011017,0.9999999999999999,1.0672200247645378,0.03774155546343616
val:17396,val,miccai_2019:image:MICCAI-AP-00134,images/miccai_2019/MICCAI-AP-00134.jpg,MICCAI-2019,AP,17396,7,17,0.0769230769230769,100.63415531656965,0.9695290537730106,1.0023422198729222,0.9970583230616157,0.027529269288605107
val:17397,val,miccai_2019:image:MICCAI-AP-00134,images/miccai_2019/MICCAI-AP-00134.jpg,MICCAI-2019,AP,17397,8,17,0.0769230769230769,101.00573095573316,1.0387048157998175,1.0,0.9979130073916167,0.04079180840820085
val:17398,val,miccai_2019:image:MICCAI-AP-00134,images/miccai_2019/MICCAI-AP-00134.jpg,MICCAI-2019,AP,17398,9,17,0.0769230769230769,108.42985855872904,0.9632376719699983,0.9999999999999999,0.9856759328395127,0.022438260869514393
val:17399,val,miccai_2019:image:MICCAI-AP-00134,images/miccai_2019/MICCAI-AP-00134.jpg,MICCAI-2019,AP,17399,10,17,0.0769230769230769,109.07113279941186,1.026344689719414,0.9978389578211253,1.0223163912343924,0.004028298485021509
val:17400,val,miccai_2019:image:MICCAI-AP-00134,images/miccai_2019/MICCAI-AP-00134.jpg,MICCAI-2019,AP,17400,11,17,0.0769230769230769,109.71706908122373,1.0319918986160737,1.0955967883373186,1.0757637469823047,0.04377184836623105
val:17401,val,miccai_2019:image:MICCAI-AP-00134,images/miccai_2019/MICCAI-AP-00134.jpg,MICCAI-2019,AP,17401,12,17,0.0769230769230769,112.58585219104016,1.1410559725923641,0.9802150196868972,1.0061306256342726,0.13492534695809155
val:17402,val,miccai_2019:image:MICCAI-AP-00134,images/miccai_2019/MICCAI-AP-00134.jpg,MICCAI-2019,AP,17402,13,17,0.0769230769230769,123.30378488118836,0.8717458293406292,1.0,0.9855792094022036,0.1138333800615744
val:17403,val,miccai_2019:image:MICCAI-AP-00134,images/miccai_2019/MICCAI-AP-00134.jpg,MICCAI-2019,AP,17403,14,17,0.0769230769230769,130.08464799544663,0.9081841132746467,0.9193709665854202,0.9903881126959548,0.08220399942130818
val:17404,val,miccai_2019:image:MICCAI-AP-00134,images/miccai_2019/MICCAI-AP-00134.jpg,MICCAI-2019,AP,17404,15,17,0.0769230769230769,112.81518545123966,1.1674185207613694,1.1630170786383252,1.1244677560033898,0.042950764757979654
val:17579,val,miccai_2019:image:MICCAI-AP-00145,images/miccai_2019/MICCAI-AP-00145.jpg,MICCAI-2019,AP,17579,3,17,0.0769230769230769,94.0596988998778,0.8416931697952457,0.8146206056895015,0.887765518409228,0.04607234861398235
val:17580,val,miccai_2019:image:MICCAI-AP-00145,images/miccai_2019/MICCAI-AP-00145.jpg,MICCAI-2019,AP,17580,4,17,0.0769230769230769,75.77347787197573,1.0672387017431966,1.2301165328658625,1.2036985808349654,0.13645987909176882
val:17581,val,miccai_2019:image:MICCAI-AP-00145,images/miccai_2019/MICCAI-AP-00145.jpg,MICCAI-2019,AP,17581,5,17,0.0769230769230769,80.01889713383936,1.3403210177930054,0.9307027683134839,1.0553553477402493,0.2849656700527561
val:17582,val,miccai_2019:image:MICCAI-AP-00145,images/miccai_2019/MICCAI-AP-00145.jpg,MICCAI-2019,AP,17582,6,17,0.0769230769230769,93.9271657454089,0.7248087331154869,1.0623878046133115,0.9276659443237378,0.20285721120825095
val:17583,val,miccai_2019:image:MICCAI-AP-00145,images/miccai_2019/MICCAI-AP-00145.jpg,MICCAI-2019,AP,17583,7,17,0.0769230769230769,81.80521016467307,1.128572874327739,1.0,0.98559645190835,0.14297642241938902
val:17584,val,miccai_2019:image:MICCAI-AP-00145,images/miccai_2019/MICCAI-AP-00145.jpg,MICCAI-2019,AP,17584,8,17,0.0769230769230769,80.20118558979402,1.1911443654823572,0.988073078745936,1.032178742641543,0.15896562284081428
val:17585,val,miccai_2019:image:MICCAI-AP-00145,images/miccai_2019/MICCAI-AP-00145.jpg,MICCAI-2019,AP,17585,9,17,0.0769230769230769,104.14133705171552,0.6353492804320027,1.0531626417541908,0.9614417924786018,0.32609251204659917
val:17586,val,miccai_2019:image:MICCAI-AP-00145,images/miccai_2019/MICCAI-AP-00145.jpg,MICCAI-2019,AP,17586,10,17,0.0769230769230769,97.97245108591255,1.2638689713042544,0.9131016186646354,1.0616413853339086,0.20222758597034574
val:17587,val,miccai_2019:image:MICCAI-AP-00145,images/miccai_2019/MICCAI-AP-00145.jpg,MICCAI-2019,AP,17587,11,17,0.0769230769230769,102.70136858306412,1.097857656024812,1.0916994384562835,1.0816183242088422,0.016239331815969704
val:17588,val,miccai_2019:image:MICCAI-AP-00145,images/miccai_2019/MICCAI-AP-00145.jpg,MICCAI-2019,AP,17588,12,17,0.0769230769230769,116.90300705920993,0.8589489216533057,0.931287032622913,0.9372640942000543,0.07831517254674858
val:17589,val,miccai_2019:image:MICCAI-AP-00145,images/miccai_2019/MICCAI-AP-00145.jpg,MICCAI-2019,AP,17589,13,17,0.0769230769230769,116.90300705920993,0.8980866100511465,0.9472307332293131,0.9709433757201769,0.07285676566903032
val:17590,val,miccai_2019:image:MICCAI-AP-00145,images/miccai_2019/MICCAI-AP-00145.jpg,MICCAI-2019,AP,17590,14,17,0.0769230769230769,108.80185316934748,1.1126145999265131,1.0488754586926183,1.0647887067547521,0.047825893171761
val:17591,val,miccai_2019:image:MICCAI-AP-00145,images/miccai_2019/MICCAI-AP-00145.jpg,MICCAI-2019,AP,17591,15,17,0.0769230769230769,108.80185316934748,1.1327946941564082,1.0738291883488422,1.2226690793057209,0.08987438514931267
val:17596,val,miccai_2019:image:MICCAI-AP-00146,images/miccai_2019/MICCAI-AP-00146.jpg,MICCAI-2019,AP,17596,3,17,0.0769230769230769,76.36427283781053,1.0567639749988693,1.0846540314352755,1.0475709085560088,0.009193066442860554
val:17597,val,miccai_2019:image:MICCAI-AP-00146,images/miccai_2019/MICCAI-AP-00146.jpg,MICCAI-2019,AP,17597,4,17,0.0769230769230769,78.62903369061262,1.1134108417647859,0.952207879833368,1.0842545644561326,0.029156277308653333
val:17598,val,miccai_2019:image:MICCAI-AP-00146,images/miccai_2019/MICCAI-AP-00146.jpg,MICCAI-2019,AP,17598,5,17,0.0769230769230769,80.98248460800625,0.8525715004916092,1.0291933655964276,1.049438807763352,0.19686730727174284
val:17599,val,miccai_2019:image:MICCAI-AP-00146,images/miccai_2019/MICCAI-AP-00146.jpg,MICCAI-2019,AP,17599,6,17,0.0769230769230769,84.40618764632318,0.9376901788192622,0.8903927502900542,0.9382856076330126,0.0005954288137504093
val:17600,val,miccai_2019:image:MICCAI-AP-00146,images/miccai_2019/MICCAI-AP-00146.jpg,MICCAI-2019,AP,17600,7,17,0.0769230769230769,79.97557084602917,1.0161347502037184,1.0490380867570077,1.0532385927810703,0.037103842577352
val:17601,val,miccai_2019:image:MICCAI-AP-00146,images/miccai_2019/MICCAI-AP-00146.jpg,MICCAI-2019,AP,17601,8,17,0.0769230769230769,81.03512260427749,1.0939452378026469,1.0,0.9924736437387764,0.10147159406387041
val:17602,val,miccai_2019:image:MICCAI-AP-00146,images/miccai_2019/MICCAI-AP-00146.jpg,MICCAI-2019,AP,17602,9,17,0.0769230769230769,86.34734471384022,0.9358051341626676,1.0,0.9692615177482367,0.033456383585569016
val:17603,val,miccai_2019:image:MICCAI-AP-00146,images/miccai_2019/MICCAI-AP-00146.jpg,MICCAI-2019,AP,17603,10,17,0.0769230769230769,91.8582099081544,0.9149612543507286,0.9573054059565268,0.9752641289651595,0.060302874614430846
val:17604,val,miccai_2019:image:MICCAI-AP-00146,images/miccai_2019/MICCAI-AP-00146.jpg,MICCAI-2019,AP,17604,11,17,0.0769230769230769,96.09142099966571,0.9893540168267108,1.0267083176005285,1.0358866049501698,0.04653258812345906
val:17605,val,miccai_2019:image:MICCAI-AP-00146,images/miccai_2019/MICCAI-AP-00146.jpg,MICCAI-2019,AP,17605,12,17,0.0769230769230769,101.60228619397992,1.11482746760826,1.0,1.0153578845784068,0.09946958302985309
val:17606,val,miccai_2019:image:MICCAI-AP-00146,images/miccai_2019/MICCAI-AP-00146.jpg,MICCAI-2019,AP,17606,13,17,0.0769230769230769,115.65983572143467,0.9349497893097358,1.0050916987318828,0.984144722934468,0.04919493362473215
val:17607,val,miccai_2019:image:MICCAI-AP-00146,images/miccai_2019/MICCAI-AP-00146.jpg,MICCAI-2019,AP,17607,14,17,0.0769230769230769,115.65983572143467,1.030854499801734,0.977810445823852,1.0646467838670648,0.03379228406533086
val:17608,val,miccai_2019:image:MICCAI-AP-00146,images/miccai_2019/MICCAI-AP-00146.jpg,MICCAI-2019,AP,17608,15,17,0.0769230769230769,120.9468502032932,0.9760539594342468,1.0713647877615586,1.096696877275099,0.12064291784085213
val:17783,val,miccai_2019:image:MICCAI-AP-00157,images/miccai_2019/MICCAI-AP-00157.jpg,MICCAI-2019,AP,17783,3,17,0.0769230769230769,84.36626986173115,1.144949991689992,1.0370180805107898,0.9930818726202792,0.15186811906971265
val:17784,val,miccai_2019:image:MICCAI-AP-00157,images/miccai_2019/MICCAI-AP-00157.jpg,MICCAI-2019,AP,17784,4,17,0.0769230769230769,95.03379768905089,1.049296066937659,1.0000000000000002,1.0543490685522559,0.005053001614596875
val:17785,val,miccai_2019:image:MICCAI-AP-00157,images/miccai_2019/MICCAI-AP-00157.jpg,MICCAI-2019,AP,17785,5,17,0.0769230769230769,98.7310595454462,0.9467378941473978,1.0,1.0322686731815338,0.08553077903413597
val:17786,val,miccai_2019:image:MICCAI-AP-00157,images/miccai_2019/MICCAI-AP-00157.jpg,MICCAI-2019,AP,17786,6,17,0.0769230769230769,97.00136578494624,1.0076510589172663,1.0078501682040126,0.9482655766662986,0.059385482250967625
val:17787,val,miccai_2019:image:MICCAI-AP-00157,images/miccai_2019/MICCAI-AP-00157.jpg,MICCAI-2019,AP,17787,7,17,0.0769230769230769,94.04718625444433,1.0851281607474388,1.020911300093095,1.0199760071739286,0.06515215357351023
val:17788,val,miccai_2019:image:MICCAI-AP-00157,images/miccai_2019/MICCAI-AP-00157.jpg,MICCAI-2019,AP,17788,8,17,0.0769230769230769,95.77688001494428,0.9844144162339687,1.022498755928687,1.0239267736706876,0.03951235743671888
val:17789,val,miccai_2019:image:MICCAI-AP-00157,images/miccai_2019/MICCAI-AP-00157.jpg,MICCAI-2019,AP,17789,9,17,0.0769230769230769,95.55622490281554,0.9817280996154369,0.9802828898625187,1.005162008290153,0.023433908674715953
val:17790,val,miccai_2019:image:MICCAI-AP-00157,images/miccai_2019/MICCAI-AP-00157.jpg,MICCAI-2019,AP,17790,10,17,0.0769230769230769,95.55622490281554,0.9738781879484373,0.9975202539194185,1.0288308271396716,0.054952639191234276
val:17791,val,miccai_2019:image:MICCAI-AP-00157,images/miccai_2019/MICCAI-AP-00157.jpg,MICCAI-2019,AP,17791,11,17,0.0769230769230769,101.1890057904792,0.956905422882605,1.0501368401370588,1.0111042691193166,0.05419884623671156
val:17792,val,miccai_2019:image:MICCAI-AP-00157,images/miccai_2019/MICCAI-AP-00157.jpg,MICCAI-2019,AP,17792,12,17,0.0769230769230769,100.2213276281679,1.1920065844919527,1.024712472577408,1.1182627597645074,0.07374382472744534
val:17793,val,miccai_2019:image:MICCAI-AP-00157,images/miccai_2019/MICCAI-AP-00157.jpg,MICCAI-2019,AP,17793,13,17,0.0769230769230769,111.53941465931418,0.973357990377673,1.0,0.9969913167878985,0.02363332641022553
val:17794,val,miccai_2019:image:MICCAI-AP-00157,images/miccai_2019/MICCAI-AP-00157.jpg,MICCAI-2019,AP,17794,14,17,0.0769230769230769,120.50807489915007,0.8598124811639304,0.9547884988299392,0.9480459329373024,0.08823345177337205
val:17795,val,miccai_2019:image:MICCAI-AP-00157,images/miccai_2019/MICCAI-AP-00157.jpg,MICCAI-2019,AP,17795,15,17,0.0769230769230769,106.09106369000948,1.1457295565832393,1.1186704458870662,1.2556734653391612,0.10994390875592197
val:17953,val,miccai_2019:image:MICCAI-AP-00167,images/miccai_2019/MICCAI-AP-00167.jpg,MICCAI-2019,AP,17953,3,17,0.0769230769230769,55.64616216068137,0.7104244517474242,0.9568542421855586,1.0028574609257834,0.29243300917835924
val:17954,val,miccai_2019:image:MICCAI-AP-00167,images/miccai_2019/MICCAI-AP-00167.jpg,MICCAI-2019,AP,17954,4,17,0.0769230769230769,58.10379619721047,0.870593269431011,0.8591024547563029,0.9397535666571093,0.06916029722609829
val:17955,val,miccai_2019:image:MICCAI-AP-00167,images/miccai_2019/MICCAI-AP-00167.jpg,MICCAI-2019,AP,17955,5,17,0.0769230769230769,57.62303016996494,1.0464884172986086,1.0010332602845606,1.0082333546901223,0.03825506260848632
val:17956,val,miccai_2019:image:MICCAI-AP-00167,images/miccai_2019/MICCAI-AP-00167.jpg,MICCAI-2019,AP,17956,6,17,0.0769230769230769,62.48156004238193,1.036791744242739,1.0,0.9924840917810798,0.04430765246165924
val:17957,val,miccai_2019:image:MICCAI-AP-00167,images/miccai_2019/MICCAI-AP-00167.jpg,MICCAI-2019,AP,17957,7,17,0.0769230769230769,65.80207982948966,0.9826632624652827,1.0,1.001661948626861,0.018998686161578293
val:17958,val,miccai_2019:image:MICCAI-AP-00167,images/miccai_2019/MICCAI-AP-00167.jpg,MICCAI-2019,AP,17958,8,17,0.0769230769230769,67.04462132044986,0.9967062640302844,0.9991119408629954,0.9997176882577248,0.0030114242274403846
val:17959,val,miccai_2019:image:MICCAI-AP-00167,images/miccai_2019/MICCAI-AP-00167.jpg,MICCAI-2019,AP,17959,9,17,0.0769230769230769,68.71463898380593,1.0086479103511738,0.9999999999999998,0.994808862917125,0.013839047434048846
val:17960,val,miccai_2019:image:MICCAI-AP-00167,images/miccai_2019/MICCAI-AP-00167.jpg,MICCAI-2019,AP,17960,10,17,0.0769230769230769,74.71813709908308,0.9449577662027598,1.0,0.9925293438136578,0.04757157761089792
val:17961,val,miccai_2019:image:MICCAI-AP-00167,images/miccai_2019/MICCAI-AP-00167.jpg,MICCAI-2019,AP,17961,11,17,0.0769230769230769,75.7325817451443,1.058030709242954,1.0,1.0245874337852001,0.03344327545775383
val:17962,val,miccai_2019:image:MICCAI-AP-00167,images/miccai_2019/MICCAI-AP-00167.jpg,MICCAI-2019,AP,17962,12,17,0.0769230769230769,77.72127871901216,1.0403802008281628,1.110863717155479,1.1174623783435151,0.07708217751535229
val:17963,val,miccai_2019:image:MICCAI-AP-00167,images/miccai_2019/MICCAI-AP-00167.jpg,MICCAI-2019,AP,17963,13,17,0.0769230769230769,77.72127871901216,1.190769136953271,1.004710951735238,1.0164610463278092,0.1743080906254617
val:17964,val,miccai_2019:image:MICCAI-AP-00167,images/miccai_2019/MICCAI-AP-00167.jpg,MICCAI-2019,AP,17964,14,17,0.0769230769230769,75.27593101517024,1.0005211393032278,1.0771508106756837,1.0887569451499612,0.0882358058467334
val:17965,val,miccai_2019:image:MICCAI-AP-00167,images/miccai_2019/MICCAI-AP-00167.jpg,MICCAI-2019,AP,17965,15,17,0.0769230769230769,77.34221163036614,0.9001418343749348,0.9374398512319595,1.0922212523893386,0.19207941801440387
val:17987,val,miccai_2019:image:MICCAI-AP-00169,images/miccai_2019/MICCAI-AP-00169.jpg,MICCAI-2019,AP,17987,3,17,0.0769230769230769,65.30421699240642,0.8843261709558672,0.945216982915072,0.9394832563689036,0.05515708541303643
val:17988,val,miccai_2019:image:MICCAI-AP-00169,images/miccai_2019/MICCAI-AP-00169.jpg,MICCAI-2019,AP,17988,4,17,0.0769230769230769,57.66268389226961,1.1465598455612769,1.0600004713203934,1.117206796553376,0.02935304900790081
val:17989,val,miccai_2019:image:MICCAI-AP-00169,images/miccai_2019/MICCAI-AP-00169.jpg,MICCAI-2019,AP,17989,5,17,0.0769230769230769,60.39040805024771,1.0679629121396361,1.0240770145122027,1.0641349865857577,0.003827925553878453
val:17990,val,miccai_2019:image:MICCAI-AP-00169,images/miccai_2019/MICCAI-AP-00169.jpg,MICCAI-2019,AP,17990,6,17,0.0769230769230769,65.30421699240642,0.8816450495236503,0.9763940971974416,0.9551858816925569,0.07354083216890661
val:17991,val,miccai_2019:image:MICCAI-AP-00169,images/miccai_2019/MICCAI-AP-00169.jpg,MICCAI-2019,AP,17991,7,17,0.0769230769230769,65.69138552720688,0.959495486881224,0.9473326954003406,1.01073847738467,0.05124299050344594
val:17992,val,miccai_2019:image:MICCAI-AP-00169,images/miccai_2019/MICCAI-AP-00169.jpg,MICCAI-2019,AP,17992,8,17,0.0769230769230769,65.04784562441583,1.0282900896361695,1.066951529348505,1.0662792043804687,0.037989114744299224
val:17993,val,miccai_2019:image:MICCAI-AP-00169,images/miccai_2019/MICCAI-AP-00169.jpg,MICCAI-2019,AP,17993,9,17,0.0769230769230769,66.97657915813619,1.1313687523567306,1.0,1.0564191229641438,0.07494962939258687
val:17994,val,miccai_2019:image:MICCAI-AP-00169,images/miccai_2019/MICCAI-AP-00169.jpg,MICCAI-2019,AP,17994,10,17,0.0769230769230769,78.79080771275008,0.8511792841749165,1.0,0.9917990630492568,0.1406197788743403
val:17995,val,miccai_2019:image:MICCAI-AP-00169,images/miccai_2019/MICCAI-AP-00169.jpg,MICCAI-2019,AP,17995,11,17,0.0769230769230769,71.42015605388222,1.1454246412528108,1.0669501955245557,1.072694160565448,0.07273048068736276
val:17996,val,miccai_2019:image:MICCAI-AP-00169,images/miccai_2019/MICCAI-AP-00169.jpg,MICCAI-2019,AP,17996,12,17,0.0769230769230769,65.65153206208839,1.2998690654006209,1.1122693016805338,1.1034325778164553,0.19643648758416554
val:17997,val,miccai_2019:image:MICCAI-AP-00169,images/miccai_2019/MICCAI-AP-00169.jpg,MICCAI-2019,AP,17997,13,17,0.0769230769230769,72.06233229559362,0.8914221725738207,1.0245064854613641,1.028277293684999,0.13685512111117837
val:17998,val,miccai_2019:image:MICCAI-AP-00169,images/miccai_2019/MICCAI-AP-00169.jpg,MICCAI-2019,AP,17998,14,17,0.0769230769230769,62.86251344847309,0.9913421297738947,0.9999999999999998,1.040702901780605,0.04936077200671041
val:17999,val,miccai_2019:image:MICCAI-AP-00169,images/miccai_2019/MICCAI-AP-00169.jpg,MICCAI-2019,AP,17999,15,17,0.0769230769230769,63.278109390312046,0.9716956886623611,0.9695141838261125,1.0439652056762216,0.07226951701386053
val:18820,val,miccai_2019:image:MICCAI-AP-00218,images/miccai_2019/MICCAI-AP-00218.jpg,MICCAI-2019,AP,18820,3,17,0.0769230769230769,72.47700345245833,0.9421127176381787,1.0137527154412913,0.9818377138701129,0.03972499623193415
val:18821,val,miccai_2019:image:MICCAI-AP-00218,images/miccai_2019/MICCAI-AP-00218.jpg,MICCAI-2019,AP,18821,4,17,0.0769230769230769,70.32431381014004,1.0605207948973736,1.0015625111016666,1.0870030052217876,0.026482210324414
val:18822,val,miccai_2019:image:MICCAI-AP-00218,images/miccai_2019/MICCAI-AP-00218.jpg,MICCAI-2019,AP,18822,5,17,0.0769230769230769,71.43095193570463,1.016182537212154,0.996323042978468,1.1152195571557904,0.09903701994363634
val:18823,val,miccai_2019:image:MICCAI-AP-00218,images/miccai_2019/MICCAI-AP-00218.jpg,MICCAI-2019,AP,18823,6,17,0.0769230769230769,80.05387139990424,0.8463826723612872,0.9875489393943246,1.021378784882396,0.17499611252110892
val:18824,val,miccai_2019:image:MICCAI-AP-00218,images/miccai_2019/MICCAI-AP-00218.jpg,MICCAI-2019,AP,18824,7,17,0.0769230769230769,79.88269183941757,1.0706617872767217,0.9862569000214851,0.9986201904356993,0.0720415968410224
val:18825,val,miccai_2019:image:MICCAI-AP-00218,images/miccai_2019/MICCAI-AP-00218.jpg,MICCAI-2019,AP,18825,8,17,0.0769230769230769,86.3529216612989,1.0400748544651202,1.0,0.9957961547188461,0.044278699746274075
val:18826,val,miccai_2019:image:MICCAI-AP-00218,images/miccai_2019/MICCAI-AP-00218.jpg,MICCAI-2019,AP,18826,9,17,0.0769230769230769,94.6082395915357,0.9214683423105461,1.0,0.9945200104266405,0.07305166811609443
val:18827,val,miccai_2019:image:MICCAI-AP-00218,images/miccai_2019/MICCAI-AP-00218.jpg,MICCAI-2019,AP,18827,10,17,0.0769230769230769,88.49600006742237,1.1232482448678582,1.1161589072444689,1.105603595207001,0.017644649660857326
val:18828,val,miccai_2019:image:MICCAI-AP-00218,images/miccai_2019/MICCAI-AP-00218.jpg,MICCAI-2019,AP,18828,11,17,0.0769230769230769,85.39344786495693,1.292519537690241,1.0715773830069417,1.0833998003853673,0.20911973730487365
val:18829,val,miccai_2019:image:MICCAI-AP-00218,images/miccai_2019/MICCAI-AP-00218.jpg,MICCAI-2019,AP,18829,12,17,0.0769230769230769,97.75915120346768,0.8552488129788174,0.9882407478427229,0.9701011694406805,0.11485235646186309
val:18830,val,miccai_2019:image:MICCAI-AP-00218,images/miccai_2019/MICCAI-AP-00218.jpg,MICCAI-2019,AP,18830,13,17,0.0769230769230769,103.07641428971496,0.803738218895786,0.8717984852131819,0.9192953367468333,0.11555711785104728
val:18831,val,miccai_2019:image:MICCAI-AP-00218,images/miccai_2019/MICCAI-AP-00218.jpg,MICCAI-2019,AP,18831,14,17,0.0769230769230769,96.82295047531753,0.9926915589902356,0.9960652697038137,1.0960377934526884,0.10334623446245272
val:18832,val,miccai_2019:image:MICCAI-AP-00218,images/miccai_2019/MICCAI-AP-00218.jpg,MICCAI-2019,AP,18832,15,17,0.0769230769230769,98.98347849589685,1.1116754492580698,1.0796151066744744,1.2002861852372109,0.08861073597914104
val:18888,val,miccai_2019:image:MICCAI-AP-00222,images/miccai_2019/MICCAI-AP-00222.jpg,MICCAI-2019,AP,18888,3,17,0.0769230769230769,76.85450927661259,1.0240930296011472,0.9483425456695054,1.0328202683143113,0.008727238713164054
val:18889,val,miccai_2019:image:MICCAI-AP-00222,images/miccai_2019/MICCAI-AP-00222.jpg,MICCAI-2019,AP,18889,4,17,0.0769230769230769,83.67288170308859,0.9291801313309357,1.0,1.0465500615537167,0.11736993022278097
val:18890,val,miccai_2019:image:MICCAI-AP-00222,images/miccai_2019/MICCAI-AP-00222.jpg,MICCAI-2019,AP,18890,5,17,0.0769230769230769,87.30517352625276,1.0152845768747885,0.9945078395978811,1.0200927627013328,0.004808185826544298
val:18891,val,miccai_2019:image:MICCAI-AP-00222,images/miccai_2019/MICCAI-AP-00222.jpg,MICCAI-2019,AP,18891,6,17,0.0769230769230769,90.41626260548168,1.0606961297147826,1.0378891169548539,1.041830179792693,0.018865949922089564
val:18892,val,miccai_2019:image:MICCAI-AP-00222,images/miccai_2019/MICCAI-AP-00222.jpg,MICCAI-2019,AP,18892,7,17,0.0769230769230769,94.04855442864584,1.053121064401752,1.0,1.0195574779063463,0.033563586495405584
val:18893,val,miccai_2019:image:MICCAI-AP-00222,images/miccai_2019/MICCAI-AP-00222.jpg,MICCAI-2019,AP,18893,8,17,0.0769230769230769,99.6881353350992,0.9248134568720503,1.0,1.017987048253417,0.09317359138136672
val:18894,val,miccai_2019:image:MICCAI-AP-00222,images/miccai_2019/MICCAI-AP-00222.jpg,MICCAI-2019,AP,18894,9,17,0.0769230769230769,103.79984850213118,0.9665886643639638,1.0093625210755521,0.9837422226154262,0.017153558251462364
val:18895,val,miccai_2019:image:MICCAI-AP-00222,images/miccai_2019/MICCAI-AP-00222.jpg,MICCAI-2019,AP,18895,10,17,0.0769230769230769,104.44347009188876,1.1235783758536262,1.0,1.01643730327487,0.10714107257875627
val:18896,val,miccai_2019:image:MICCAI-AP-00222,images/miccai_2019/MICCAI-AP-00222.jpg,MICCAI-2019,AP,18896,11,17,0.0769230769230769,118.95166001578797,0.9125991452705468,1.0,0.9896507794037461,0.07705163413319938
val:18897,val,miccai_2019:image:MICCAI-AP-00222,images/miccai_2019/MICCAI-AP-00222.jpg,MICCAI-2019,AP,18897,12,17,0.0769230769230769,121.76185843742374,0.9900710869912493,0.9638834305409338,1.0081931360367682,0.01812204904551884
val:18898,val,miccai_2019:image:MICCAI-AP-00222,images/miccai_2019/MICCAI-AP-00222.jpg,MICCAI-2019,AP,18898,13,17,0.0769230769230769,128.14320892717095,0.9846272263417077,1.0356451750088949,1.0257885150898713,0.041161288748163605
val:18899,val,miccai_2019:image:MICCAI-AP-00222,images/miccai_2019/MICCAI-AP-00222.jpg,MICCAI-2019,AP,18899,14,17,0.0769230769230769,123.36309395885053,1.1743293061559479,1.061528234631405,1.094123355001793,0.08020595115415485
val:18900,val,miccai_2019:image:MICCAI-AP-00222,images/miccai_2019/MICCAI-AP-00222.jpg,MICCAI-2019,AP,18900,15,17,0.0769230769230769,101.06747250679804,1.3429990772550235,1.0924907078892474,1.3828490128666644,0.03984993561164085
val:19415,val,miccai_2019:image:MICCAI-AP-00253,images/miccai_2019/MICCAI-AP-00253.jpg,MICCAI-2019,AP,19415,3,17,0.0769230769230769,73.94229999926043,0.9943985394014833,0.9946490068811913,1.011678759836032,0.017280220434548688
val:19416,val,miccai_2019:image:MICCAI-AP-00253,images/miccai_2019/MICCAI-AP-00253.jpg,MICCAI-2019,AP,19416,4,17,0.0769230769230769,84.48443257228908,1.0341238152563927,1.0859427719739374,0.9982610985067781,0.03586271674961461
val:19417,val,miccai_2019:image:MICCAI-AP-00253,images/miccai_2019/MICCAI-AP-00253.jpg,MICCAI-2019,AP,19417,5,17,0.0769230769230769,91.40405688337717,1.2030363467722696,1.0,1.0309629626572132,0.17207338411505635
val:19418,val,miccai_2019:image:MICCAI-AP-00253,images/miccai_2019/MICCAI-AP-00253.jpg,MICCAI-2019,AP,19418,6,17,0.0769230769230769,98.5717179738482,0.9682366503001238,1.0848059721015613,1.0421537600182216,0.07391710971809773
val:19419,val,miccai_2019:image:MICCAI-AP-00253,images/miccai_2019/MICCAI-AP-00253.jpg,MICCAI-2019,AP,19419,7,17,0.0769230769230769,102.70157634923504,1.0116687367117891,0.918604264300025,0.9333791521225934,0.07828958458919577
val:19420,val,miccai_2019:image:MICCAI-AP-00253,images/miccai_2019/MICCAI-AP-00253.jpg,MICCAI-2019,AP,19420,8,17,0.0769230769230769,108.48715293561597,0.8594885147321896,1.0086006715316431,0.8855206414479868,0.026032126715797244
val:19421,val,miccai_2019:image:MICCAI-AP-00253,images/miccai_2019/MICCAI-AP-00253.jpg,MICCAI-2019,AP,19421,9,17,0.0769230769230769,108.48715293561597,1.0594844964869767,0.9508858340779398,0.9419064157629464,0.11757808072403031
val:19422,val,miccai_2019:image:MICCAI-AP-00253,images/miccai_2019/MICCAI-AP-00253.jpg,MICCAI-2019,AP,19422,10,17,0.0769230769230769,118.8806120180998,0.9511587293180843,1.0,0.934559091925621,0.016599637392463285
val:19423,val,miccai_2019:image:MICCAI-AP-00253,images/miccai_2019/MICCAI-AP-00253.jpg,MICCAI-2019,AP,19423,11,17,0.0769230769230769,119.83847353105855,1.024885947008257,0.994209570224708,0.974361860539144,0.050524086469112994
val:19424,val,miccai_2019:image:MICCAI-AP-00253,images/miccai_2019/MICCAI-AP-00253.jpg,MICCAI-2019,AP,19424,12,17,0.0769230769230769,123.77862894586164,1.0116025983651187,1.0,0.9811807982623577,0.030421800102760965
val:19425,val,miccai_2019:image:MICCAI-AP-00253,images/miccai_2019/MICCAI-AP-00253.jpg,MICCAI-2019,AP,19425,13,17,0.0769230769230769,126.1855690576451,0.9885162890681839,1.0,0.9948013322427869,0.006285043174602989
val:19426,val,miccai_2019:image:MICCAI-AP-00253,images/miccai_2019/MICCAI-AP-00253.jpg,MICCAI-2019,AP,19426,14,17,0.0769230769230769,130.72833235468437,0.9726763369595475,0.9981706635575085,0.9777679563979893,0.00509161943844183
val:19427,val,miccai_2019:image:MICCAI-AP-00253,images/miccai_2019/MICCAI-AP-00253.jpg,MICCAI-2019,AP,19427,15,17,0.0769230769230769,128.87981791225235,1.0571234833558139,1.0328286707860237,1.0485069741022592,0.008616509253554616
val:19585,val,miccai_2019:image:MICCAI-AP-00263,images/miccai_2019/MICCAI-AP-00263.jpg,MICCAI-2019,AP,19585,3,17,0.0769230769230769,97.23529234493157,0.9903136299998018,1.0,0.9977237712591887,0.007410141259386882
val:19586,val,miccai_2019:image:MICCAI-AP-00263,images/miccai_2019/MICCAI-AP-00263.jpg,MICCAI-2019,AP,19586,4,17,0.0769230769230769,100.8635770137332,0.9964979750676075,1.0326862498030445,1.0081993429765483,0.01170136790894083
val:19587,val,miccai_2019:image:MICCAI-AP-00263,images/miccai_2019/MICCAI-AP-00263.jpg,MICCAI-2019,AP,19587,5,17,0.0769230769230769,98.40189278923096,1.1384681704224746,1.046443635970712,1.038445769250751,0.10002240117172367
val:19588,val,miccai_2019:image:MICCAI-AP-00263,images/miccai_2019/MICCAI-AP-00263.jpg,MICCAI-2019,AP,19588,6,17,0.0769230769230769,104.3176914865396,1.0106983503835463,0.9971859039377484,0.9624211074423108,0.048277242941235476
val:19589,val,miccai_2019:image:MICCAI-AP-00263,images/miccai_2019/MICCAI-AP-00263.jpg,MICCAI-2019,AP,19589,7,17,0.0769230769230769,106.7793757110418,0.8992451910693717,1.0000000000000002,0.9625449851155283,0.0632997940461566
val:19590,val,miccai_2019:image:MICCAI-AP-00263,images/miccai_2019/MICCAI-AP-00263.jpg,MICCAI-2019,AP,19590,8,17,0.0769230769230769,103.77436332627067,1.0419243178671114,0.9546473797284267,0.9674787565939329,0.07444556127317847
val:19591,val,miccai_2019:image:MICCAI-AP-00263,images/miccai_2019/MICCAI-AP-00263.jpg,MICCAI-2019,AP,19591,9,17,0.0769230769230769,110.69776360774058,0.9224667655719077,1.0,0.9453924894332886,0.02292572386138092
val:19592,val,miccai_2019:image:MICCAI-AP-00263,images/miccai_2019/MICCAI-AP-00263.jpg,MICCAI-2019,AP,19592,10,17,0.0769230769230769,114.88080842360677,0.9859827420172208,0.9738423464632092,0.9757760077527223,0.010206734264498474
val:19593,val,miccai_2019:image:MICCAI-AP-00263,images/miccai_2019/MICCAI-AP-00263.jpg,MICCAI-2019,AP,19593,11,17,0.0769230769230769,118.53457732634804,1.0261696364893318,1.0,0.9990964882890694,0.02707314820026241
val:19594,val,miccai_2019:image:MICCAI-AP-00263,images/miccai_2019/MICCAI-AP-00263.jpg,MICCAI-2019,AP,19594,12,17,0.0769230769230769,122.58778759901448,1.0098775953358383,1.0178574338911197,1.0063599074615261,0.0035176878743121698
val:19595,val,miccai_2019:image:MICCAI-AP-00263,images/miccai_2019/MICCAI-AP-00263.jpg,MICCAI-2019,AP,19595,13,17,0.0769230769230769,123.66882561483354,1.034352813342369,1.0,1.0380106270313263,0.0036578136889573454
val:19596,val,miccai_2019:image:MICCAI-AP-00263,images/miccai_2019/MICCAI-AP-00263.jpg,MICCAI-2019,AP,19596,14,17,0.0769230769230769,129.27410583286465,0.9556360129178103,1.069250750241334,1.0416034784889765,0.08596746557116619
val:19597,val,miccai_2019:image:MICCAI-AP-00263,images/miccai_2019/MICCAI-AP-00263.jpg,MICCAI-2019,AP,19597,15,17,0.0769230769230769,129.27410583286465,1.1489978649840715,0.9830661887096068,1.0229318314956328,0.1260660334884387
val:19772,val,miccai_2019:image:MICCAI-AP-00274,images/miccai_2019/MICCAI-AP-00274.jpg,MICCAI-2019,AP,19772,3,17,0.0769230769230769,87.40355553683155,0.9195477620008725,1.0,0.9855108130723238,0.06596305107145128
val:19773,val,miccai_2019:image:MICCAI-AP-00274,images/miccai_2019/MICCAI-AP-00274.jpg,MICCAI-2019,AP,19773,4,17,0.0769230769230769,91.43028658029826,1.019039196939567,1.0281292375694382,1.0341719699609446,0.015132773021377721
val:19774,val,miccai_2019:image:MICCAI-AP-00274,images/miccai_2019/MICCAI-AP-00274.jpg,MICCAI-2019,AP,19774,5,17,0.0769230769230769,97.1977768562083,1.1073561686449969,1.0,1.0383284240961075,0.06902774454888938
val:19775,val,miccai_2019:image:MICCAI-AP-00274,images/miccai_2019/MICCAI-AP-00274.jpg,MICCAI-2019,AP,19775,6,17,0.0769230769230769,109.3534135184778,0.9256639060706671,1.0,0.968116506934166,0.04245260086349889
val:19776,val,miccai_2019:image:MICCAI-AP-00274,images/miccai_2019/MICCAI-AP-00274.jpg,MICCAI-2019,AP,19776,7,17,0.0769230769230769,105.85630076839196,1.0492929419447417,1.0428681808768125,1.038384787949017,0.010908153995724756
val:19777,val,miccai_2019:image:MICCAI-AP-00274,images/miccai_2019/MICCAI-AP-00274.jpg,MICCAI-2019,AP,19777,8,17,0.0769230769230769,107.5771565065676,1.1114239455324229,1.0,0.9873570892959833,0.12406685623643954
val:19778,val,miccai_2019:image:MICCAI-AP-00274,images/miccai_2019/MICCAI-AP-00274.jpg,MICCAI-2019,AP,19778,9,17,0.0769230769230769,117.91713552776764,0.8826541052803352,1.0,0.9732088521122932,0.09055474683195808
val:19779,val,miccai_2019:image:MICCAI-AP-00274,images/miccai_2019/MICCAI-AP-00274.jpg,MICCAI-2019,AP,19779,10,17,0.0769230769230769,122.1896401253996,0.9515572940760122,0.9366403569021233,0.9512926975750335,0.0002645965009786533
val:19780,val,miccai_2019:image:MICCAI-AP-00274,images/miccai_2019/MICCAI-AP-00274.jpg,MICCAI-2019,AP,19780,11,17,0.0769230769230769,124.6107823539784,1.0016424755487934,1.0,1.0082679111510515,0.006625435602258145
val:19781,val,miccai_2019:image:MICCAI-AP-00274,images/miccai_2019/MICCAI-AP-00274.jpg,MICCAI-2019,AP,19781,12,17,0.0769230769230769,134.87878548791156,0.985708174233416,1.0,0.9942153599113226,0.008507185677906648
val:19782,val,miccai_2019:image:MICCAI-AP-00274,images/miccai_2019/MICCAI-AP-00274.jpg,MICCAI-2019,AP,19782,13,17,0.0769230769230769,134.74892292981968,1.07564584048068,1.0531672762966258,1.0171907173729045,0.05845512310777545
val:19783,val,miccai_2019:image:MICCAI-AP-00274,images/miccai_2019/MICCAI-AP-00274.jpg,MICCAI-2019,AP,19783,14,17,0.0769230769230769,140.7444214661209,1.071979900404167,0.9999999999999999,0.9776788819581269,0.09430101844604011
val:19784,val,miccai_2019:image:MICCAI-AP-00274,images/miccai_2019/MICCAI-AP-00274.jpg,MICCAI-2019,AP,19784,15,17,0.0769230769230769,156.32056360248438,0.8735045558098244,0.9999999999999999,0.9120311588048934,0.03852660299506894
val:19789,val,miccai_2019:image:MICCAI-AP-00275,images/miccai_2019/MICCAI-AP-00275.jpg,MICCAI-2019,AP,19789,3,17,0.0769230769230769,85.59758554275248,1.2504985144146485,0.9999999999999998,1.0561644695699213,0.19433404484472727
val:19790,val,miccai_2019:image:MICCAI-AP-00275,images/miccai_2019/MICCAI-AP-00275.jpg,MICCAI-2019,AP,19790,4,17,0.0769230769230769,88.70630263868621,0.9912814911816148,1.1340231625193598,1.1300280466506125,0.13874655546899772
val:19791,val,miccai_2019:image:MICCAI-AP-00275,images/miccai_2019/MICCAI-AP-00275.jpg,MICCAI-2019,AP,19791,5,17,0.0769230769230769,89.33211830984007,1.0539361646188699,0.9308086493888752,0.9813167126754181,0.07261945194345176
val:19792,val,miccai_2019:image:MICCAI-AP-00275,images/miccai_2019/MICCAI-AP-00275.jpg,MICCAI-2019,AP,19792,6,17,0.0769230769230769,92.4408354057738,0.8477779379769592,1.0,0.982045017182827,0.13426707920586778
val:19793,val,miccai_2019:image:MICCAI-AP-00275,images/miccai_2019/MICCAI-AP-00275.jpg,MICCAI-2019,AP,19793,7,17,0.0769230769230769,95.16676552707602,0.9533929219962991,0.9170873926618444,0.934363020364319,0.01902990163198015
val:19794,val,miccai_2019:image:MICCAI-AP-00275,images/miccai_2019/MICCAI-AP-00275.jpg,MICCAI-2019,AP,19794,8,17,0.0769230769230769,94.69588176626,1.0157060593491407,1.0,1.004303173162043,0.011402886187097616
val:19795,val,miccai_2019:image:MICCAI-AP-00275,images/miccai_2019/MICCAI-AP-00275.jpg,MICCAI-2019,AP,19795,9,17,0.0769230769230769,101.2254224019752,0.9746607179166402,1.0,1.0063921664841473,0.03173144856750709
val:19796,val,miccai_2019:image:MICCAI-AP-00275,images/miccai_2019/MICCAI-AP-00275.jpg,MICCAI-2019,AP,19796,10,17,0.0769230769230769,105.1649807627359,1.0104852692200095,0.9999999999999999,1.0190359819680452,0.00855071274803576
val:19797,val,miccai_2019:image:MICCAI-AP-00275,images/miccai_2019/MICCAI-AP-00275.jpg,MICCAI-2019,AP,19797,11,17,0.0769230769230769,112.15033369666382,0.9957127631718259,1.046886101783393,0.9744589258443099,0.021253837327515956
val:19798,val,miccai_2019:image:MICCAI-AP-00275,images/miccai_2019/MICCAI-AP-00275.jpg,MICCAI-2019,AP,19798,12,17,0.0769230769230769,114.59988567216816,1.121725267545215,1.0021935048330968,0.9282496291030591,0.19347563844215587
val:19799,val,miccai_2019:image:MICCAI-AP-00275,images/miccai_2019/MICCAI-AP-00275.jpg,MICCAI-2019,AP,19799,13,17,0.0769230769230769,123.03992005242635,0.959306568506257,1.0,0.9317465722560883,0.027559996250168695
val:19800,val,miccai_2019:image:MICCAI-AP-00275,images/miccai_2019/MICCAI-AP-00275.jpg,MICCAI-2019,AP,19800,14,17,0.0769230769230769,133.62605743352412,0.8795459130196777,0.9606492022459081,0.9314249350164703,0.05187902199679262
val:19801,val,miccai_2019:image:MICCAI-AP-00275,images/miccai_2019/MICCAI-AP-00275.jpg,MICCAI-2019,AP,19801,15,17,0.0769230769230769,127.32312291487662,1.0893742179377393,1.010494981293196,1.0070842123651897,0.08229000557254951
val:20112,val,miccai_2019:image:MICCAI-AP-00294,images/miccai_2019/MICCAI-AP-00294.jpg,MICCAI-2019,AP,20112,3,17,0.0769230769230769,100.35017201548337,0.9369338289364164,1.0,0.9484712593257427,0.011537430389326309
val:20113,val,miccai_2019:image:MICCAI-AP-00294,images/miccai_2019/MICCAI-AP-00294.jpg,MICCAI-2019,AP,20113,4,17,0.0769230769230769,98.90168414738062,1.1439067310602429,1.0566675379562078,1.042502308792144,0.10140442226809898
val:20114,val,miccai_2019:image:MICCAI-AP-00294,images/miccai_2019/MICCAI-AP-00294.jpg,MICCAI-2019,AP,20114,5,17,0.0769230769230769,103.90056319271656,1.1067401729217616,1.0438644071683676,1.041994021098727,0.06474615182303456
val:20115,val,miccai_2019:image:MICCAI-AP-00294,images/miccai_2019/MICCAI-AP-00294.jpg,MICCAI-2019,AP,20115,6,17,0.0769230769230769,108.57676560047476,0.9558389110221623,1.0085498267282362,0.976486882703435,0.020647971681272637
val:20116,val,miccai_2019:image:MICCAI-AP-00294,images/miccai_2019/MICCAI-AP-00294.jpg,MICCAI-2019,AP,20116,7,17,0.0769230769230769,104.9122923137429,0.991487524459904,0.9860002199341582,0.9934709925358223,0.0019834680759183154
val:20117,val,miccai_2019:image:MICCAI-AP-00294,images/miccai_2019/MICCAI-AP-00294.jpg,MICCAI-2019,AP,20117,8,17,0.0769230769230769,105.03095811259308,0.981664749605534,0.9999999999999998,1.0193336829543111,0.03766893334877719
val:20118,val,miccai_2019:image:MICCAI-AP-00294,images/miccai_2019/MICCAI-AP-00294.jpg,MICCAI-2019,AP,20118,9,17,0.0769230769230769,110.51240662351344,0.9595545918647741,0.9958645376430331,0.9905402926781652,0.030985700813391137
val:20119,val,miccai_2019:image:MICCAI-AP-00294,images/miccai_2019/MICCAI-AP-00294.jpg,MICCAI-2019,AP,20119,10,17,0.0769230769230769,115.71495100966256,1.0111535565156986,1.0,0.9981514828978106,0.013002073617887966
val:20120,val,miccai_2019:image:MICCAI-AP-00294,images/miccai_2019/MICCAI-AP-00294.jpg,MICCAI-2019,AP,20120,11,17,0.0769230769230769,119.40138645639664,1.0501319834463985,1.0537444432997758,1.0125874323570783,0.0375445510893202
val:20121,val,miccai_2019:image:MICCAI-AP-00294,images/miccai_2019/MICCAI-AP-00294.jpg,MICCAI-2019,AP,20121,12,17,0.0769230769230769,123.59220172151944,1.0893204334147921,1.0,1.0316794738173485,0.05764095959744364
val:20122,val,miccai_2019:image:MICCAI-AP-00294,images/miccai_2019/MICCAI-AP-00294.jpg,MICCAI-2019,AP,20122,13,17,0.0769230769230769,127.48722746890964,0.9553677735052779,1.0362557730048785,1.0514490407302866,0.09608126722500865
val:20123,val,miccai_2019:image:MICCAI-AP-00294,images/miccai_2019/MICCAI-AP-00294.jpg,MICCAI-2019,AP,20123,14,17,0.0769230769230769,124.38935812615236,1.0417871922828772,0.993246635285328,1.0191284826520186,0.022658709630858587
val:20124,val,miccai_2019:image:MICCAI-AP-00294,images/miccai_2019/MICCAI-AP-00294.jpg,MICCAI-2019,AP,20124,15,17,0.0769230769230769,122.63723535938296,1.0217242244876248,1.0317605475692275,1.0612684323249582,0.03954420783733337
val:20163,val,miccai_2019:image:MICCAI-AP-00297,images/miccai_2019/MICCAI-AP-00297.jpg,MICCAI-2019,AP,20163,3,17,0.0769230769230769,74.9591087315022,0.9652551673758933,1.0000000000000002,0.9844033839181068,0.019148216542213436
val:20164,val,miccai_2019:image:MICCAI-AP-00297,images/miccai_2019/MICCAI-AP-00297.jpg,MICCAI-2019,AP,20164,4,17,0.0769230769230769,78.09213137445978,1.0498074978709138,1.001331808948677,1.0105161796973756,0.03929131817353815
val:20165,val,miccai_2019:image:MICCAI-AP-00297,images/miccai_2019/MICCAI-AP-00297.jpg,MICCAI-2019,AP,20165,5,17,0.0769230769230769,80.3267607885074,1.0461968399793942,1.0321049866690077,1.009916202114407,0.03628063786498714
val:20166,val,miccai_2019:image:MICCAI-AP-00297,images/miccai_2019/MICCAI-AP-00297.jpg,MICCAI-2019,AP,20166,6,17,0.0769230769230769,80.3267607885074,1.043607321906841,1.01279709427411,1.045052389938182,0.0014450680313411457
val:20167,val,miccai_2019:image:MICCAI-AP-00297,images/miccai_2019/MICCAI-AP-00297.jpg,MICCAI-2019,AP,20167,7,17,0.0769230769230769,79.784884704736,0.9860491348271205,1.0,1.0178602542728186,0.03181111944569803
val:20168,val,miccai_2019:image:MICCAI-AP-00297,images/miccai_2019/MICCAI-AP-00297.jpg,MICCAI-2019,AP,20168,8,17,0.0769230769230769,81.25070611966606,0.9321786520104356,0.9381109554521196,0.9866649102620237,0.05448625825158815
val:20169,val,miccai_2019:image:MICCAI-AP-00297,images/miccai_2019/MICCAI-AP-00297.jpg,MICCAI-2019,AP,20169,9,17,0.0769230769230769,81.35280607065118,0.9068222981602387,0.9878420625247647,0.9986534826823165,0.09183118452207772
val:20170,val,miccai_2019:image:MICCAI-AP-00297,images/miccai_2019/MICCAI-AP-00297.jpg,MICCAI-2019,AP,20170,10,17,0.0769230769230769,79.88698465572111,1.0638438056305555,0.9876848828927898,1.006259906752529,0.057583898878026396
val:20171,val,miccai_2019:image:MICCAI-AP-00297,images/miccai_2019/MICCAI-AP-00297.jpg,MICCAI-2019,AP,20171,11,17,0.0769230769230769,89.56881196262205,0.9382037537908172,1.0,1.0044547249563038,0.06625097116548662
val:20172,val,miccai_2019:image:MICCAI-AP-00297,images/miccai_2019/MICCAI-AP-00297.jpg,MICCAI-2019,AP,20172,12,17,0.0769230769230769,91.23238833969226,1.0319838366852245,0.9999058699798824,1.014693011213565,0.0172908254716595
val:20173,val,miccai_2019:image:MICCAI-AP-00297,images/miccai_2019/MICCAI-AP-00297.jpg,MICCAI-2019,AP,20173,13,17,0.0769230769230769,95.81392652582215,1.0271346685061096,1.0,1.0251492392271757,0.001985429278933859
val:20174,val,miccai_2019:image:MICCAI-AP-00297,images/miccai_2019/MICCAI-AP-00297.jpg,MICCAI-2019,AP,20174,14,17,0.0769230769230769,100.72564569554852,0.9677525741311808,0.9999999999999999,1.0127284107729793,0.044975836641798494
val:20175,val,miccai_2019:image:MICCAI-AP-00297,images/miccai_2019/MICCAI-AP-00297.jpg,MICCAI-2019,AP,20175,15,17,0.0769230769230769,98.98107639464186,1.0409816652216732,1.0409292038299296,1.0230168960757706,0.017964769145902615
val:20197,val,miccai_2019:image:MICCAI-AP-00299,images/miccai_2019/MICCAI-AP-00299.jpg,MICCAI-2019,AP,20197,3,17,0.0769230769230769,80.88108659041143,1.056160250148892,1.1223907170540546,1.017582163000748,0.038578087148144036
val:20198,val,miccai_2019:image:MICCAI-AP-00299,images/miccai_2019/MICCAI-AP-00299.jpg,MICCAI-2019,AP,20198,4,17,0.0769230769230769,86.9738031070958,1.0333444533513785,0.9043623434815586,0.8780376410547674,0.15530681229661103
val:20199,val,miccai_2019:image:MICCAI-AP-00299,images/miccai_2019/MICCAI-AP-00299.jpg,MICCAI-2019,AP,20199,5,17,0.0769230769230769,88.74708867938675,0.8100353174732142,1.0050927712154758,0.9259951873255146,0.11595986985230033
val:20200,val,miccai_2019:image:MICCAI-AP-00299,images/miccai_2019/MICCAI-AP-00299.jpg,MICCAI-2019,AP,20200,6,17,0.0769230769230769,89.42192840890867,0.9899609541380596,0.8994339464917536,0.7927518321886415,0.1972091219494181
val:20201,val,miccai_2019:image:MICCAI-AP-00299,images/miccai_2019/MICCAI-AP-00299.jpg,MICCAI-2019,AP,20201,7,17,0.0769230769230769,91.70393259440002,0.9701869622509302,1.0,0.8999493792653084,0.07023758298562177
val:20202,val,miccai_2019:image:MICCAI-AP-00299,images/miccai_2019/MICCAI-AP-00299.jpg,MICCAI-2019,AP,20202,8,17,0.0769230769230769,93.9160727298,1.0103025484597858,1.0,0.959947943687439,0.05035460477234688
val:20203,val,miccai_2019:image:MICCAI-AP-00299,images/miccai_2019/MICCAI-AP-00299.jpg,MICCAI-2019,AP,20203,9,17,0.0769230769230769,107.51902289868646,0.9194855292028774,1.01771377395505,0.9676788970422177,0.04819336783934025
val:20204,val,miccai_2019:image:MICCAI-AP-00299,images/miccai_2019/MICCAI-AP-00299.jpg,MICCAI-2019,AP,20204,10,17,0.0769230769230769,109.5082919232482,1.1320013428662998,0.9999999999999999,0.9952478511258959,0.13675349174040397
val:20205,val,miccai_2019:image:MICCAI-AP-00299,images/miccai_2019/MICCAI-AP-00299.jpg,MICCAI-2019,AP,20205,11,17,0.0769230769230769,118.70988849772476,1.0121684022929929,1.076044422008441,0.9745922129530173,0.03757618933997553
val:20206,val,miccai_2019:image:MICCAI-AP-00299,images/miccai_2019/MICCAI-AP-00299.jpg,MICCAI-2019,AP,20206,12,17,0.0769230769230769,122.05896584461657,1.0774357482738743,0.9569581392236683,0.9668662277065847,0.11056952056728964
val:20207,val,miccai_2019:image:MICCAI-AP-00299,images/miccai_2019/MICCAI-AP-00299.jpg,MICCAI-2019,AP,20207,13,17,0.0769230769230769,133.5962137989396,0.8492474468931266,1.0,0.9172510206699371,0.06800357377681054
val:20208,val,miccai_2019:image:MICCAI-AP-00299,images/miccai_2019/MICCAI-AP-00299.jpg,MICCAI-2019,AP,20208,14,17,0.0769230769230769,140.2597875367654,0.9673601877087123,0.9356392518765954,1.0040908799655464,0.03673069225683401
val:20209,val,miccai_2019:image:MICCAI-AP-00299,images/miccai_2019/MICCAI-AP-00299.jpg,MICCAI-2019,AP,20209,15,17,0.0769230769230769,137.53059066540754,1.083459913567292,1.0504592105456116,1.0531650954101655,0.030294818157126535
val:20231,val,miccai_2019:image:MICCAI-AP-00301,images/miccai_2019/MICCAI-AP-00301.jpg,MICCAI-2019,AP,20231,3,17,0.0769230769230769,73.69090525158661,0.8603271861189733,1.0230658044365417,1.0030764536258947,0.1427492675069214
val:20232,val,miccai_2019:image:MICCAI-AP-00301,images/miccai_2019/MICCAI-AP-00301.jpg,MICCAI-2019,AP,20232,4,17,0.0769230769230769,73.69090525158661,1.1798848498055778,0.9970402135257337,1.0781543268565748,0.10173052294900309
val:20233,val,miccai_2019:image:MICCAI-AP-00301,images/miccai_2019/MICCAI-AP-00301.jpg,MICCAI-2019,AP,20233,5,17,0.0769230769230769,91.0246596556666,0.9178535022518437,1.0,0.9897536942735314,0.07190019202168774
val:20234,val,miccai_2019:image:MICCAI-AP-00301,images/miccai_2019/MICCAI-AP-00301.jpg,MICCAI-2019,AP,20234,6,17,0.0769230769230769,90.20147002136233,1.0543346645459861,1.0911039150422517,1.0792444235747758,0.02490975902878967
val:20235,val,miccai_2019:image:MICCAI-AP-00301,images/miccai_2019/MICCAI-AP-00301.jpg,MICCAI-2019,AP,20235,7,17,0.0769230769230769,94.27934700222356,1.2016529082116127,0.9999999999999998,1.0158403217792509,0.18581258643236187
val:20236,val,miccai_2019:image:MICCAI-AP-00301,images/miccai_2019/MICCAI-AP-00301.jpg,MICCAI-2019,AP,20236,8,17,0.0769230769230769,103.02527039758968,0.9071187778227441,1.0406906626438643,0.9577149174427535,0.05059613962000942
val:20237,val,miccai_2019:image:MICCAI-AP-00301,images/miccai_2019/MICCAI-AP-00301.jpg,MICCAI-2019,AP,20237,9,17,0.0769230769230769,109.09888498797253,0.9270839233590564,0.909096714674118,0.9107692183289631,0.016314705030093357
val:20238,val,miccai_2019:image:MICCAI-AP-00301,images/miccai_2019/MICCAI-AP-00301.jpg,MICCAI-2019,AP,20238,10,17,0.0769230769230769,107.8677030703087,0.9725498502369386,1.0,1.0205055549740791,0.0479557047371405
val:20239,val,miccai_2019:image:MICCAI-AP-00301,images/miccai_2019/MICCAI-AP-00301.jpg,MICCAI-2019,AP,20239,11,17,0.0769230769230769,113.12786676719996,1.0129386073166353,1.0,1.0866697952151299,0.07373118789849453
val:20240,val,miccai_2019:image:MICCAI-AP-00301,images/miccai_2019/MICCAI-AP-00301.jpg,MICCAI-2019,AP,20240,12,17,0.0769230769230769,112.7967388620449,1.0758202434946589,1.0858688670533492,1.049494033618529,0.02632620987612988
val:20241,val,miccai_2019:image:MICCAI-AP-00301,images/miccai_2019/MICCAI-AP-00301.jpg,MICCAI-2019,AP,20241,13,17,0.0769230769230769,117.970299439919,1.1051370631250346,0.9847856201234908,0.9987310534346552,0.10640600969037939
val:20242,val,miccai_2019:image:MICCAI-AP-00301,images/miccai_2019/MICCAI-AP-00301.jpg,MICCAI-2019,AP,20242,14,17,0.0769230769230769,127.88607683179772,0.8679748152585506,1.017196506593907,0.9663443196160437,0.09836950435749314
val:20243,val,miccai_2019:image:MICCAI-AP-00301,images/miccai_2019/MICCAI-AP-00301.jpg,MICCAI-2019,AP,20243,15,17,0.0769230769230769,125.91652017186,1.0308193933126462,0.9410078054919895,0.9600860974445995,0.07073329586804666
val:20384,val,miccai_2019:image:MICCAI-AP-00310,images/miccai_2019/MICCAI-AP-00310.jpg,MICCAI-2019,AP,20384,3,17,0.0769230769230769,72.99223730339436,1.0990871197538539,1.123548765245526,1.0575969485078742,0.041490171245979646
val:20385,val,miccai_2019:image:MICCAI-AP-00310,images/miccai_2019/MICCAI-AP-00310.jpg,MICCAI-2019,AP,20385,4,17,0.0769230769230769,78.46464911158104,1.207431282958313,1.0,1.0629225745797157,0.1445087083785972
val:20386,val,miccai_2019:image:MICCAI-AP-00310,images/miccai_2019/MICCAI-AP-00310.jpg,MICCAI-2019,AP,20386,5,17,0.0769230769230769,87.48274990292383,0.8767953733290332,1.097710042477611,0.9934017800102266,0.11660640668119338
val:20387,val,miccai_2019:image:MICCAI-AP-00310,images/miccai_2019/MICCAI-AP-00310.jpg,MICCAI-2019,AP,20387,6,17,0.0769230769230769,84.43985713816262,1.1525447529012842,0.9292364709464762,0.9757798530546877,0.1767648998465965
val:20388,val,miccai_2019:image:MICCAI-AP-00310,images/miccai_2019/MICCAI-AP-00310.jpg,MICCAI-2019,AP,20388,7,17,0.0769230769230769,92.62554975367036,0.8661186849735074,1.0039115001402839,1.0113309270657642,0.1452122420922568
val:20389,val,miccai_2019:image:MICCAI-AP-00310,images/miccai_2019/MICCAI-AP-00310.jpg,MICCAI-2019,AP,20389,8,17,0.0769230769230769,96.95840942946802,0.9143610693533477,0.9118385138879439,0.961945620454373,0.04758455110102533
val:20390,val,miccai_2019:image:MICCAI-AP-00310,images/miccai_2019/MICCAI-AP-00310.jpg,MICCAI-2019,AP,20390,9,17,0.0769230769230769,100.01422584516304,0.9658236492092421,1.0,0.9874338051304221,0.021610155921179985
val:20391,val,miccai_2019:image:MICCAI-AP-00310,images/miccai_2019/MICCAI-AP-00310.jpg,MICCAI-2019,AP,20391,10,17,0.0769230769230769,100.31342142622483,1.1102547912146252,1.0604813180831498,1.027300149944169,0.08295464127045626
val:20392,val,miccai_2019:image:MICCAI-AP-00310,images/miccai_2019/MICCAI-AP-00310.jpg,MICCAI-2019,AP,20392,11,17,0.0769230769230769,100.31342142622483,1.1580196599898374,1.0736559075190815,1.03455082745097,0.12346883253886731
val:20393,val,miccai_2019:image:MICCAI-AP-00310,images/miccai_2019/MICCAI-AP-00310.jpg,MICCAI-2019,AP,20393,12,17,0.0769230769230769,113.76918546700604,0.914401714724474,0.9223770634888449,0.9823729755042829,0.06797126077980897
val:20394,val,miccai_2019:image:MICCAI-AP-00310,images/miccai_2019/MICCAI-AP-00310.jpg,MICCAI-2019,AP,20394,13,17,0.0769230769230769,111.19041200947528,0.84279982911431,1.0039415151768043,1.0013647879895433,0.15856495887523336
val:20395,val,miccai_2019:image:MICCAI-AP-00310,images/miccai_2019/MICCAI-AP-00310.jpg,MICCAI-2019,AP,20395,14,17,0.0769230769230769,105.12332406018672,1.1341593714231593,0.9509172768015153,0.9820903719085938,0.15206899951456543
val:20396,val,miccai_2019:image:MICCAI-AP-00310,images/miccai_2019/MICCAI-AP-00310.jpg,MICCAI-2019,AP,20396,15,17,0.0769230769230769,103.1502958827024,1.029719875620329,1.1177420631732988,1.1226073486481059,0.09288747302777689
val:20418,val,miccai_2019:image:MICCAI-AP-00312,images/miccai_2019/MICCAI-AP-00312.jpg,MICCAI-2019,AP,20418,3,17,0.0769230769230769,83.44178282641661,0.9794308707835215,1.0,0.9579825103282928,0.021448360455228688
val:20419,val,miccai_2019:image:MICCAI-AP-00312,images/miccai_2019/MICCAI-AP-00312.jpg,MICCAI-2019,AP,20419,4,17,0.0769230769230769,82.77550383638746,1.066074819211639,1.0419248550405817,1.0551347940435725,0.01094002516806647
val:20420,val,miccai_2019:image:MICCAI-AP-00312,images/miccai_2019/MICCAI-AP-00312.jpg,MICCAI-2019,AP,20420,5,17,0.0769230769230769,86.03521497344866,1.0549895375502103,0.9999999999999999,1.0156492963433266,0.03934024120688373
val:20421,val,miccai_2019:image:MICCAI-AP-00312,images/miccai_2019/MICCAI-AP-00312.jpg,MICCAI-2019,AP,20421,6,17,0.0769230769230769,91.59974682820564,0.9151286172939117,1.0004950236371082,0.9804732832899612,0.06534466599604949
val:20422,val,miccai_2019:image:MICCAI-AP-00312,images/miccai_2019/MICCAI-AP-00312.jpg,MICCAI-2019,AP,20422,7,17,0.0769230769230769,91.59974682820564,1.010089364676232,0.9621139673479638,0.9787172676958881,0.03137209698034382
val:20423,val,miccai_2019:image:MICCAI-AP-00312,images/miccai_2019/MICCAI-AP-00312.jpg,MICCAI-2019,AP,20423,8,17,0.0769230769230769,93.79221708917105,0.9855107904172982,1.0,0.9946134961210191,0.009102705703720959
val:20424,val,miccai_2019:image:MICCAI-AP-00312,images/miccai_2019/MICCAI-AP-00312.jpg,MICCAI-2019,AP,20424,9,17,0.0769230769230769,96.88596513977518,0.9811586638270517,0.9995319854659271,0.9789499689084721,0.002208694918579668
val:20425,val,miccai_2019:image:MICCAI-AP-00312,images/miccai_2019/MICCAI-AP-00312.jpg,MICCAI-2019,AP,20425,10,17,0.0769230769230769,99.46481777175366,1.0179277705377463,1.0,1.0335353501141071,0.01560757957636083
val:20426,val,miccai_2019:image:MICCAI-AP-00312,images/miccai_2019/MICCAI-AP-00312.jpg,MICCAI-2019,AP,20426,11,17,0.0769230769230769,111.50689580858312,0.9315041073484531,1.0,0.9857362909242511,0.054232183575797954
val:20427,val,miccai_2019:image:MICCAI-AP-00312,images/miccai_2019/MICCAI-AP-00312.jpg,MICCAI-2019,AP,20427,12,17,0.0769230769230769,110.32255476671028,1.1037252688111652,1.0259607984581278,1.0172340423696922,0.086491226441473
val:20428,val,miccai_2019:image:MICCAI-AP-00312,images/miccai_2019/MICCAI-AP-00312.jpg,MICCAI-2019,AP,20428,13,17,0.0769230769230769,116.97649103949313,1.0472540270340194,1.0196141437741355,1.0302873752193884,0.016966651814630973
val:20429,val,miccai_2019:image:MICCAI-AP-00312,images/miccai_2019/MICCAI-AP-00312.jpg,MICCAI-2019,AP,20429,14,17,0.0769230769230769,119.4713977023793,0.9774387873234346,1.0030899023021203,1.0324324866140824,0.05499369929064779
val:20430,val,miccai_2019:image:MICCAI-AP-00312,images/miccai_2019/MICCAI-AP-00312.jpg,MICCAI-2019,AP,20430,15,17,0.0769230769230769,116.94880299053008,1.001951289731672,1.0,1.0101798996329308,0.008228609901258732
val:20520,val,miccai_2019:image:MICCAI-AP-00318,images/miccai_2019/MICCAI-AP-00318.jpg,MICCAI-2019,AP,20520,3,17,0.0769230769230769,73.61540165829811,0.9432205900625545,1.0,1.016669299453497,0.07344870939094239
val:20521,val,miccai_2019:image:MICCAI-AP-00318,images/miccai_2019/MICCAI-AP-00318.jpg,MICCAI-2019,AP,20521,4,17,0.0769230769230769,79.12908652938299,1.0492031149323928,1.0,0.9876939887180924,0.06150912621430038
val:20522,val,miccai_2019:image:MICCAI-AP-00318,images/miccai_2019/MICCAI-AP-00318.jpg,MICCAI-2019,AP,20522,5,17,0.0769230769230769,93.0275853275688,0.9547986240443826,1.021687369841087,0.8967440091547849,0.05805461488959773
val:20523,val,miccai_2019:image:MICCAI-AP-00318,images/miccai_2019/MICCAI-AP-00318.jpg,MICCAI-2019,AP,20523,6,17,0.0769230769230769,92.43010559529944,1.158364292608183,1.0378398673248137,1.018865337745532,0.13949895486265107
val:20524,val,miccai_2019:image:MICCAI-AP-00318,images/miccai_2019/MICCAI-AP-00318.jpg,MICCAI-2019,AP,20524,7,17,0.0769230769230769,101.55266730263176,1.0145739085287815,1.0,0.9548221789300442,0.05975172959873731
val:20525,val,miccai_2019:image:MICCAI-AP-00318,images/miccai_2019/MICCAI-AP-00318.jpg,MICCAI-2019,AP,20525,8,17,0.0769230769230769,109.6235338148204,0.8760673678326645,0.9815958893294723,0.9534470593924911,0.0773796915598266
val:20526,val,miccai_2019:image:MICCAI-AP-00318,images/miccai_2019/MICCAI-AP-00318.jpg,MICCAI-2019,AP,20526,9,17,0.0769230769230769,109.28534760901827,1.0264810077502557,0.9679962317999156,0.9851412582751067,0.04133974947514907
val:20527,val,miccai_2019:image:MICCAI-AP-00318,images/miccai_2019/MICCAI-AP-00318.jpg,MICCAI-2019,AP,20527,10,17,0.0769230769230769,113.20526386834555,1.0206063276849902,1.0131352334137722,0.9988126787211462,0.021793648963843948
val:20528,val,miccai_2019:image:MICCAI-AP-00318,images/miccai_2019/MICCAI-AP-00318.jpg,MICCAI-2019,AP,20528,11,17,0.0769230769230769,113.20526386834555,1.0353330323589187,1.0148344466081827,0.9563525931528776,0.07898043920604114
val:20529,val,miccai_2019:image:MICCAI-AP-00318,images/miccai_2019/MICCAI-AP-00318.jpg,MICCAI-2019,AP,20529,12,17,0.0769230769230769,113.21293795869326,1.0089941666590023,1.0073628532152905,1.0002893078524902,0.008704858806512172
val:20530,val,miccai_2019:image:MICCAI-AP-00318,images/miccai_2019/MICCAI-AP-00318.jpg,MICCAI-2019,AP,20530,13,17,0.0769230769230769,115.7181715552274,0.9582580315243052,0.950865187495192,0.996559687703093,0.03830165617878778
val:20531,val,miccai_2019:image:MICCAI-AP-00318,images/miccai_2019/MICCAI-AP-00318.jpg,MICCAI-2019,AP,20531,14,17,0.0769230769230769,117.22450480259866,0.9028280219438298,0.9857396424485861,0.9159635395480811,0.013135517604251246
val:20532,val,miccai_2019:image:MICCAI-AP-00318,images/miccai_2019/MICCAI-AP-00318.jpg,MICCAI-2019,AP,20532,15,17,0.0769230769230769,108.36071754018958,1.1094224765534713,1.0890889136188262,1.0380958175354236,0.07132665901804769
val:20622,val,miccai_2019:image:MICCAI-AP-00324,images/miccai_2019/MICCAI-AP-00324.jpg,MICCAI-2019,AP,20622,3,17,0.0769230769230769,88.26847281579546,0.9785345622535289,1.0,0.9497471265494823,0.028787435704046516
val:20623,val,miccai_2019:image:MICCAI-AP-00324,images/miccai_2019/MICCAI-AP-00324.jpg,MICCAI-2019,AP,20623,4,17,0.0769230769230769,96.2948535245115,1.0958789895066015,1.0124588790297504,0.988021708554029,0.10785728095257241
val:20624,val,miccai_2019:image:MICCAI-AP-00324,images/miccai_2019/MICCAI-AP-00324.jpg,MICCAI-2019,AP,20624,5,17,0.0769230769230769,105.87173120827946,1.0259150980562777,1.0,0.9920213203877211,0.03389377766855661
val:20625,val,miccai_2019:image:MICCAI-AP-00324,images/miccai_2019/MICCAI-AP-00324.jpg,MICCAI-2019,AP,20625,6,17,0.0769230769230769,107.69639549396597,0.9862535803009502,1.0,0.9905851855874062,0.004331605286455931
val:20626,val,miccai_2019:image:MICCAI-AP-00324,images/miccai_2019/MICCAI-AP-00324.jpg,MICCAI-2019,AP,20626,7,17,0.0769230769230769,110.40650329580257,0.9671294742296348,0.9891335573953002,0.9880604452660664,0.0209309710364316
val:20627,val,miccai_2019:image:MICCAI-AP-00324,images/miccai_2019/MICCAI-AP-00324.jpg,MICCAI-2019,AP,20627,8,17,0.0769230769230769,107.53820838806234,1.0433277694454328,1.065654976521893,1.0375128744591908,0.005814894986241992
val:20628,val,miccai_2019:image:MICCAI-AP-00324,images/miccai_2019/MICCAI-AP-00324.jpg,MICCAI-2019,AP,20628,9,17,0.0769230769230769,110.24831618989896,1.1104012706652864,1.0,1.0027073591481894,0.10769391151709695
val:20629,val,miccai_2019:image:MICCAI-AP-00324,images/miccai_2019/MICCAI-AP-00324.jpg,MICCAI-2019,AP,20629,10,17,0.0769230769230769,119.3942383340199,0.9070708503465885,0.9999999999999999,1.000719740986824,0.09364889064023552
val:20630,val,miccai_2019:image:MICCAI-AP-00324,images/miccai_2019/MICCAI-AP-00324.jpg,MICCAI-2019,AP,20630,11,17,0.0769230769230769,134.6145958169941,0.8644575692242806,0.9475508691752625,0.9023191543305589,0.03786158510627824
val:20631,val,miccai_2019:image:MICCAI-AP-00324,images/miccai_2019/MICCAI-AP-00324.jpg,MICCAI-2019,AP,20631,12,17,0.0769230769230769,132.1013917413863,1.1113381873782484,1.0,0.9944477803073823,0.11689040707086606
val:20632,val,miccai_2019:image:MICCAI-AP-00324,images/miccai_2019/MICCAI-AP-00324.jpg,MICCAI-2019,AP,20632,13,17,0.0769230769230769,148.43193781756483,0.9959728302031957,1.002540856168328,0.9564051884568316,0.03956764174636407
val:20633,val,miccai_2019:image:MICCAI-AP-00324,images/miccai_2019/MICCAI-AP-00324.jpg,MICCAI-2019,AP,20633,14,17,0.0769230769230769,147.32174922436047,1.0236699169720267,1.0110141006205238,1.0282422979269183,0.004572380954891653
val:20634,val,miccai_2019:image:MICCAI-AP-00324,images/miccai_2019/MICCAI-AP-00324.jpg,MICCAI-2019,AP,20634,15,17,0.0769230769230769,143.5129216450053,1.045582186378239,1.0103637552698155,1.0294242626865406,0.01615792369169844
val:20724,val,miccai_2019:image:MICCAI-AP-00330,images/miccai_2019/MICCAI-AP-00330.jpg,MICCAI-2019,AP,20724,3,17,0.0769230769230769,78.22915393050702,0.9363002589893676,1.0,1.0061436174437404,0.06984335845437273
val:20725,val,miccai_2019:image:MICCAI-AP-00330,images/miccai_2019/MICCAI-AP-00330.jpg,MICCAI-2019,AP,20725,4,17,0.0769230769230769,86.06860482313562,1.113086063560682,1.0,0.9635454304516315,0.14954063310905052
val:20726,val,miccai_2019:image:MICCAI-AP-00330,images/miccai_2019/MICCAI-AP-00330.jpg,MICCAI-2019,AP,20726,5,17,0.0769230769230769,97.18790853856508,1.0175260898980807,1.0229079225453264,0.941275680938614,0.07625040895946666
val:20727,val,miccai_2019:image:MICCAI-AP-00330,images/miccai_2019/MICCAI-AP-00330.jpg,MICCAI-2019,AP,20727,6,17,0.0769230769230769,98.73264254950227,1.0434927703775205,1.0000000000000002,0.9602889977395537,0.08320377263796686
val:20728,val,miccai_2019:image:MICCAI-AP-00330,images/miccai_2019/MICCAI-AP-00330.jpg,MICCAI-2019,AP,20728,7,17,0.0769230769230769,100.28466304106212,0.9829424515095042,1.0111050076138117,0.9502803712438681,0.032662080265636106
val:20729,val,miccai_2019:image:MICCAI-AP-00330,images/miccai_2019/MICCAI-AP-00330.jpg,MICCAI-2019,AP,20729,8,17,0.0769230769230769,101.91313675405404,0.9789694876673584,0.9781542090445456,0.8889136953025756,0.09005579236478278
val:20730,val,miccai_2019:image:MICCAI-AP-00330,images/miccai_2019/MICCAI-AP-00330.jpg,MICCAI-2019,AP,20730,9,17,0.0769230769230769,107.3733521328808,0.9387755230244583,1.0084567748201296,0.9285615168703005,0.010214006154157795
val:20731,val,miccai_2019:image:MICCAI-AP-00330,images/miccai_2019/MICCAI-AP-00330.jpg,MICCAI-2019,AP,20731,10,17,0.0769230769230769,107.8881638992532,1.0825368909000486,0.9999999999999998,1.0314865224063394,0.05105036849370914
val:20732,val,miccai_2019:image:MICCAI-AP-00330,images/miccai_2019/MICCAI-AP-00330.jpg,MICCAI-2019,AP,20732,11,17,0.0769230769230769,114.78012425893375,1.001713961658504,1.0197305530481406,0.9388940632515022,0.06281989840700186
val:20733,val,miccai_2019:image:MICCAI-AP-00330,images/miccai_2019/MICCAI-AP-00330.jpg,MICCAI-2019,AP,20733,12,17,0.0769230769230769,113.87209199826349,1.0300740032805396,1.0,1.071497492492199,0.04142348921165939
val:20734,val,miccai_2019:image:MICCAI-AP-00330,images/miccai_2019/MICCAI-AP-00330.jpg,MICCAI-2019,AP,20734,13,17,0.0769230769230769,108.18590789250428,1.0423476883653184,0.9781002652727258,1.0845655825816285,0.04221789421631006
val:20735,val,miccai_2019:image:MICCAI-AP-00330,images/miccai_2019/MICCAI-AP-00330.jpg,MICCAI-2019,AP,20735,14,17,0.0769230769230769,115.03200633601811,0.8200904405223693,0.930881328687799,0.7782744688845993,0.041815971637770066
val:20736,val,miccai_2019:image:MICCAI-AP-00330,images/miccai_2019/MICCAI-AP-00330.jpg,MICCAI-2019,AP,20736,15,17,0.0769230769230769,117.85074884655832,0.8603675732765426,0.9218049845437353,0.8954318533430641,0.035064280066521514
val:20741,val,miccai_2019:image:MICCAI-AP-00331,images/miccai_2019/MICCAI-AP-00331.jpg,MICCAI-2019,AP,20741,3,17,0.0769230769230769,75.843162420369,0.9086017208862248,1.0,1.0388171337544918,0.130215412868267
val:20742,val,miccai_2019:image:MICCAI-AP-00331,images/miccai_2019/MICCAI-AP-00331.jpg,MICCAI-2019,AP,20742,4,17,0.0769230769230769,82.30264323342047,0.9841743943182516,0.9892169751580118,1.028553224390304,0.044378830072052344
val:20743,val,miccai_2019:image:MICCAI-AP-00331,images/miccai_2019/MICCAI-AP-00331.jpg,MICCAI-2019,AP,20743,5,17,0.0769230769230769,84.91947706153572,1.1059784978785077,1.110093716104223,1.0609419974877374,0.04503650039077023
val:20744,val,miccai_2019:image:MICCAI-AP-00331,images/miccai_2019/MICCAI-AP-00331.jpg,MICCAI-2019,AP,20744,6,17,0.0769230769230769,89.13877743744212,1.2063997819822254,1.0251313794236996,1.0177108609881618,0.18868892099406365
val:20745,val,miccai_2019:image:MICCAI-AP-00331,images/miccai_2019/MICCAI-AP-00331.jpg,MICCAI-2019,AP,20745,7,17,0.0769230769230769,98.72202140290985,0.8998883815947691,0.9976282579832891,0.9183090416723112,0.01842066007754206
val:20746,val,miccai_2019:image:MICCAI-AP-00331,images/miccai_2019/MICCAI-AP-00331.jpg,MICCAI-2019,AP,20746,8,17,0.0769230769230769,105.53096439568314,0.8475119631382251,0.9114089324126917,0.8193519948969561,0.028159968241268984
val:20747,val,miccai_2019:image:MICCAI-AP-00331,images/miccai_2019/MICCAI-AP-00331.jpg,MICCAI-2019,AP,20747,9,17,0.0769230769230769,99.426018629569,1.0412257128627092,1.0,0.9804360307753086,0.06078968208740054
val:20748,val,miccai_2019:image:MICCAI-AP-00331,images/miccai_2019/MICCAI-AP-00331.jpg,MICCAI-2019,AP,20748,10,17,0.0769230769230769,102.7259482996758,1.0650987823748106,1.1067023074119446,1.0633413327722905,0.0017574496025201114
val:20749,val,miccai_2019:image:MICCAI-AP-00331,images/miccai_2019/MICCAI-AP-00331.jpg,MICCAI-2019,AP,20749,11,17,0.0769230769230769,106.46910478847822,1.163240370528515,0.9924956744345177,1.0548199934693325,0.1084203770591825
val:20750,val,miccai_2019:image:MICCAI-AP-00331,images/miccai_2019/MICCAI-AP-00331.jpg,MICCAI-2019,AP,20750,12,17,0.0769230769230769,118.14830934870892,0.8627035802420597,1.0779442246529831,0.8906375970217957,0.02793401677973595
val:20751,val,miccai_2019:image:MICCAI-AP-00331,images/miccai_2019/MICCAI-AP-00331.jpg,MICCAI-2019,AP,20751,13,17,0.0769230769230769,111.24349886744768,1.1763870775213012,0.963536878337245,1.0143022846776057,0.16208479284369548
val:20752,val,miccai_2019:image:MICCAI-AP-00331,images/miccai_2019/MICCAI-AP-00331.jpg,MICCAI-2019,AP,20752,14,17,0.0769230769230769,120.45247723369356,0.9335420937442936,1.0,0.9810749478638172,0.04753285411952357
val:20753,val,miccai_2019:image:MICCAI-AP-00331,images/miccai_2019/MICCAI-AP-00331.jpg,MICCAI-2019,AP,20753,15,17,0.0769230769230769,136.04110807594344,0.808869771040367,0.9323073849037962,0.8868315368846731,0.07796176584430614
val:21132,val,miccai_2019:image:MICCAI-AP-00354,images/miccai_2019/MICCAI-AP-00354.jpg,MICCAI-2019,AP,21132,3,17,0.0769230769230769,83.51508813081912,0.9905613033275105,1.115850635796423,0.9869106197651578,0.0036506835623526523
val:21133,val,miccai_2019:image:MICCAI-AP-00354,images/miccai_2019/MICCAI-AP-00354.jpg,MICCAI-2019,AP,21133,4,17,0.0769230769230769,88.01335899272947,1.2799245119765053,1.0,1.1160725802183151,0.16385193175819013
val:21134,val,miccai_2019:image:MICCAI-AP-00354,images/miccai_2019/MICCAI-AP-00354.jpg,MICCAI-2019,AP,21134,5,17,0.0769230769230769,98.44069964118565,0.9477777360294991,1.078970657856512,1.0329166932118414,0.08513895718234232
val:21135,val,miccai_2019:image:MICCAI-AP-00354,images/miccai_2019/MICCAI-AP-00354.jpg,MICCAI-2019,AP,21135,6,17,0.0769230769230769,102.99611104089227,0.9687627653010471,0.9243189060732133,0.9382731189622886,0.030489646338758503
val:21136,val,miccai_2019:image:MICCAI-AP-00354,images/miccai_2019/MICCAI-AP-00354.jpg,MICCAI-2019,AP,21136,7,17,0.0769230769230769,104.3342087469352,0.9306880562123888,1.0,0.9686396829783916,0.03795162676600283
val:21137,val,miccai_2019:image:MICCAI-AP-00354,images/miccai_2019/MICCAI-AP-00354.jpg,MICCAI-2019,AP,21137,8,17,0.0769230769230769,104.98803663655768,1.0371621723300768,1.0175350411279918,0.9890534216954232,0.048108750634653585
val:21138,val,miccai_2019:image:MICCAI-AP-00354,images/miccai_2019/MICCAI-AP-00354.jpg,MICCAI-2019,AP,21138,9,17,0.0769230769230769,109.54344803626432,1.0640107875746734,0.9999999999999999,0.9487040750682353,0.11530671250643809
val:21139,val,miccai_2019:image:MICCAI-AP-00354,images/miccai_2019/MICCAI-AP-00354.jpg,MICCAI-2019,AP,21139,10,17,0.0769230769230769,112.72251528267635,0.9775977376794955,1.0471539479457381,0.9877690207921508,0.01017128311265525
val:21140,val,miccai_2019:image:MICCAI-AP-00354,images/miccai_2019/MICCAI-AP-00354.jpg,MICCAI-2019,AP,21140,11,17,0.0769230769230769,108.16351576703916,1.1049959178468884,0.9970584051017364,0.9853339423690637,0.11966197547782476
val:21141,val,miccai_2019:image:MICCAI-AP-00354,images/miccai_2019/MICCAI-AP-00354.jpg,MICCAI-2019,AP,21141,12,17,0.0769230769230769,113.1129146854688,0.9326380582554888,0.9974546214205452,1.003791544643534,0.07115348638804508
val:21142,val,miccai_2019:image:MICCAI-AP-00354,images/miccai_2019/MICCAI-AP-00354.jpg,MICCAI-2019,AP,21142,13,17,0.0769230769230769,116.5828063183094,0.9103379731520824,0.9500627474865262,0.9196295099338834,0.009291536781800946
val:21143,val,miccai_2019:image:MICCAI-AP-00354,images/miccai_2019/MICCAI-AP-00354.jpg,MICCAI-2019,AP,21143,14,17,0.0769230769230769,111.6334073998798,1.039371243318116,1.0,0.9805326964706182,0.058838546847497675
val:21144,val,miccai_2019:image:MICCAI-AP-00354,images/miccai_2019/MICCAI-AP-00354.jpg,MICCAI-2019,AP,21144,15,17,0.0769230769230769,120.75959040415094,0.9700021240511063,1.0,0.9955534623004496,0.025551338249343303
val:21557,val,miccai_2019:image:MICCAI-AP-00379,images/miccai_2019/MICCAI-AP-00379.jpg,MICCAI-2019,AP,21557,3,17,0.0769230769230769,49.63155539321828,0.9564923903378393,1.031114714483958,0.9796585126623925,0.023166122324553173
val:21558,val,miccai_2019:image:MICCAI-AP-00379,images/miccai_2019/MICCAI-AP-00379.jpg,MICCAI-2019,AP,21558,4,17,0.0769230769230769,50.12682227050568,1.0109337363645639,0.9581738454543667,0.9653971246697621,0.04553661169480172
val:21559,val,miccai_2019:image:MICCAI-AP-00379,images/miccai_2019/MICCAI-AP-00379.jpg,MICCAI-2019,AP,21559,5,17,0.0769230769230769,49.07355039212448,0.990110042338193,1.0427238746415244,1.0474092816803025,0.057299239342109454
val:21560,val,miccai_2019:image:MICCAI-AP-00379,images/miccai_2019/MICCAI-AP-00379.jpg,MICCAI-2019,AP,21560,6,17,0.0769230769230769,49.63155539321828,1.040979455010978,0.9535979480593022,0.9710795451997336,0.0698999098112445
val:21561,val,miccai_2019:image:MICCAI-AP-00379,images/miccai_2019/MICCAI-AP-00379.jpg,MICCAI-2019,AP,21561,7,17,0.0769230769230769,49.755675716945404,0.9259020813942536,1.0309232503006658,0.9309976577589711,0.00509557636471758
val:21562,val,miccai_2019:image:MICCAI-AP-00379,images/miccai_2019/MICCAI-AP-00379.jpg,MICCAI-2019,AP,21562,8,17,0.0769230769230769,45.542092525879895,1.1181553932446393,0.9994848679651329,1.0123238127578804,0.10583158048675889
val:21563,val,miccai_2019:image:MICCAI-AP-00379,images/miccai_2019/MICCAI-AP-00379.jpg,MICCAI-2019,AP,21563,9,17,0.0769230769230769,48.49601004247812,0.9272593956344941,0.9891374325195836,1.057069129292159,0.1298097336576649
val:21564,val,miccai_2019:image:MICCAI-AP-00379,images/miccai_2019/MICCAI-AP-00379.jpg,MICCAI-2019,AP,21564,10,17,0.0769230769230769,53.24038239063721,0.845510481385627,0.950347354318013,0.9770953670693538,0.13158488568372684
val:21565,val,miccai_2019:image:MICCAI-AP-00379,images/miccai_2019/MICCAI-AP-00379.jpg,MICCAI-2019,AP,21565,11,17,0.0769230769230769,50.28646487403898,1.1181007110721999,1.0,0.9670445024967194,0.15105620857548052
val:21566,val,miccai_2019:image:MICCAI-AP-00379,images/miccai_2019/MICCAI-AP-00379.jpg,MICCAI-2019,AP,21566,12,17,0.0769230769230769,50.71983673651343,1.0953826348541706,1.161991449097687,1.1382377911606372,0.042855156306466524
val:21567,val,miccai_2019:image:MICCAI-AP-00379,images/miccai_2019/MICCAI-AP-00379.jpg,MICCAI-2019,AP,21567,13,17,0.0769230769230769,50.38598487193605,1.2234890555108393,1.0,1.1380449533462524,0.08544410216458687
val:21568,val,miccai_2019:image:MICCAI-AP-00379,images/miccai_2019/MICCAI-AP-00379.jpg,MICCAI-2019,AP,21568,14,17,0.0769230769230769,53.39138457165821,0.846847140279217,0.9163865139672691,0.7705322196671898,0.07631492061202727
val:21569,val,miccai_2019:image:MICCAI-AP-00379,images/miccai_2019/MICCAI-AP-00379.jpg,MICCAI-2019,AP,21569,15,17,0.0769230769230769,56.43592089072473,0.6415699071372412,0.8544157741865387,0.7956613337895145,0.15409142665227338
val:21659,val,miccai_2019:image:MICCAI-AP-00385,images/miccai_2019/MICCAI-AP-00385.jpg,MICCAI-2019,AP,21659,3,17,0.0769230769230769,69.18810531334327,1.0113020170328757,1.0,0.9694627225399017,0.041839294492973966
val:21660,val,miccai_2019:image:MICCAI-AP-00385,images/miccai_2019/MICCAI-AP-00385.jpg,MICCAI-2019,AP,21660,4,17,0.0769230769230769,78.25885580052716,1.046873471923462,1.0666986720063556,0.9896483661033977,0.05722510582006435
val:21661,val,miccai_2019:image:MICCAI-AP-00385,images/miccai_2019/MICCAI-AP-00385.jpg,MICCAI-2019,AP,21661,5,17,0.0769230769230769,84.23738061182132,1.151355419029266,1.0,1.0077968798577785,0.14355853917148753
val:21662,val,miccai_2019:image:MICCAI-AP-00385,images/miccai_2019/MICCAI-AP-00385.jpg,MICCAI-2019,AP,21662,6,17,0.0769230769230769,89.79524510674861,0.9638332301459767,1.109974092738685,1.0394125570822328,0.07557932693625613
val:21663,val,miccai_2019:image:MICCAI-AP-00385,images/miccai_2019/MICCAI-AP-00385.jpg,MICCAI-2019,AP,21663,7,17,0.0769230769230769,86.64902430902521,1.181243846692801,0.9760696560238975,1.030613449225344,0.150630397467457
val:21664,val,miccai_2019:image:MICCAI-AP-00385,images/miccai_2019/MICCAI-AP-00385.jpg,MICCAI-2019,AP,21664,8,17,0.0769230769230769,94.55201713101708,0.8736283800988155,1.0,0.9499587677419186,0.07633038764310307
val:21665,val,miccai_2019:image:MICCAI-AP-00385,images/miccai_2019/MICCAI-AP-00385.jpg,MICCAI-2019,AP,21665,9,17,0.0769230769230769,102.4473747623793,0.8467801900856481,0.9036075776878874,0.9171418087992946,0.07036161871364655
val:21666,val,miccai_2019:image:MICCAI-AP-00385,images/miccai_2019/MICCAI-AP-00385.jpg,MICCAI-2019,AP,21666,10,17,0.0769230769230769,94.117895899247,1.0894965485369297,1.0180298643347445,1.006556466610414,0.08294008192651559
val:21667,val,miccai_2019:image:MICCAI-AP-00385,images/miccai_2019/MICCAI-AP-00385.jpg,MICCAI-2019,AP,21667,11,17,0.0769230769230769,102.01325353060923,1.0280943552205373,1.0,1.0454519018530846,0.017357546632547294
val:21668,val,miccai_2019:image:MICCAI-AP-00385,images/miccai_2019/MICCAI-AP-00385.jpg,MICCAI-2019,AP,21668,12,17,0.0769230769230769,112.23856699774052,0.9041935142086573,1.0027726500883327,0.9940092855721341,0.08981577136347674
val:21669,val,miccai_2019:image:MICCAI-AP-00385,images/miccai_2019/MICCAI-AP-00385.jpg,MICCAI-2019,AP,21669,13,17,0.0769230769230769,103.18231721796587,1.1651248360164645,1.071323431026399,0.9901355494970678,0.17498928651939671
val:21670,val,miccai_2019:image:MICCAI-AP-00385,images/miccai_2019/MICCAI-AP-00385.jpg,MICCAI-2019,AP,21670,14,17,0.0769230769230769,106.324516412311,1.124838258555505,1.0094861453726451,0.9380689999416034,0.1867692586139016
val:21671,val,miccai_2019:image:MICCAI-AP-00385,images/miccai_2019/MICCAI-AP-00385.jpg,MICCAI-2019,AP,21671,15,17,0.0769230769230769,119.12973001743624,0.7927993458991636,0.96853040945529,0.9389144335389044,0.1461150876397408
val:22066,val,miccai_2019:image:MICCAI-AP-00409,images/miccai_2019/MICCAI-AP-00409.jpg,MICCAI-2019,AP,22066,3,17,0.0769230769230769,80.02057885801509,0.8876272437023871,0.9999999999999998,1.0077958879992364,0.12016864429684926
val:22067,val,miccai_2019:image:MICCAI-AP-00409,images/miccai_2019/MICCAI-AP-00409.jpg,MICCAI-2019,AP,22067,4,17,0.0769230769230769,83.1481047400274,1.0393386321800857,1.007182602711536,0.9991214153697268,0.04021721681035895
val:22068,val,miccai_2019:image:MICCAI-AP-00409,images/miccai_2019/MICCAI-AP-00409.jpg,MICCAI-2019,AP,22068,5,17,0.0769230769230769,89.54656333087891,1.0772295400946041,1.0,0.987179359421134,0.09005018067347015
val:22069,val,miccai_2019:image:MICCAI-AP-00409,images/miccai_2019/MICCAI-AP-00409.jpg,MICCAI-2019,AP,22069,6,17,0.0769230769230769,96.64131655802156,0.9589489517896987,1.0,1.0127001022920012,0.0537511505023025
val:22070,val,miccai_2019:image:MICCAI-AP-00409,images/miccai_2019/MICCAI-AP-00409.jpg,MICCAI-2019,AP,22070,7,17,0.0769230769230769,99.86806481849004,0.969483388488993,0.9824132397105682,0.9762222016496348,0.006738813160641843
val:22071,val,miccai_2019:image:MICCAI-AP-00409,images/miccai_2019/MICCAI-AP-00409.jpg,MICCAI-2019,AP,22071,8,17,0.0769230769230769,100.0471781425366,1.0350049937790182,1.0,1.0319773443043232,0.0030276494746950267
val:22072,val,miccai_2019:image:MICCAI-AP-00409,images/miccai_2019/MICCAI-AP-00409.jpg,MICCAI-2019,AP,22072,9,17,0.0769230769230769,110.51661308783906,0.9344651769315672,0.9999999999999999,0.9749692082405089,0.04050403130894176
val:22073,val,miccai_2019:image:MICCAI-AP-00409,images/miccai_2019/MICCAI-AP-00409.jpg,MICCAI-2019,AP,22073,10,17,0.0769230769230769,104.91588658854836,1.1197913014393488,1.066165757950615,1.0140396856034508,0.10575161583589798
val:22074,val,miccai_2019:image:MICCAI-AP-00409,images/miccai_2019/MICCAI-AP-00409.jpg,MICCAI-2019,AP,22074,11,17,0.0769230769230769,107.61035398641278,1.1192373282563781,1.0397063715587227,1.0249228839035003,0.09431444435287784
val:22075,val,miccai_2019:image:MICCAI-AP-00409,images/miccai_2019/MICCAI-AP-00409.jpg,MICCAI-2019,AP,22075,12,17,0.0769230769230769,118.2255375281061,0.8989804268033497,0.9700940831869674,0.9887951894968582,0.08981476269350852
val:22076,val,miccai_2019:image:MICCAI-AP-00409,images/miccai_2019/MICCAI-AP-00409.jpg,MICCAI-2019,AP,22076,13,17,0.0769230769230769,119.11074743585482,0.9145964250238648,0.9455470094289156,0.9715743982996317,0.05697797327576681
val:22077,val,miccai_2019:image:MICCAI-AP-00409,images/miccai_2019/MICCAI-AP-00409.jpg,MICCAI-2019,AP,22077,14,17,0.0769230769230769,114.0962903934522,1.0426910240579201,0.9999999999999999,1.0203561168164015,0.022334907241518653
val:22078,val,miccai_2019:image:MICCAI-AP-00409,images/miccai_2019/MICCAI-AP-00409.jpg,MICCAI-2019,AP,22078,15,17,0.0769230769230769,124.62750987400472,0.956885980637134,1.0,0.9792277067899704,0.02234172615283636
val:22219,val,miccai_2019:image:MICCAI-AP-00418,images/miccai_2019/MICCAI-AP-00418.jpg,MICCAI-2019,AP,22219,3,17,0.0769230769230769,96.57006277976822,1.0676509601292123,1.027247228446267,1.0482946362074832,0.019356323921729146
val:22220,val,miccai_2019:image:MICCAI-AP-00418,images/miccai_2019/MICCAI-AP-00418.jpg,MICCAI-2019,AP,22220,4,17,0.0769230769230769,101.36859212716332,1.0348037289443761,1.0,0.993910651654005,0.04089307729037106
val:22221,val,miccai_2019:image:MICCAI-AP-00418,images/miccai_2019/MICCAI-AP-00418.jpg,MICCAI-2019,AP,22221,5,17,0.0769230769230769,104.35416856022668,0.9547684139734793,1.044935263897408,1.0331648282884847,0.07839641431500532
val:22222,val,miccai_2019:image:MICCAI-AP-00418,images/miccai_2019/MICCAI-AP-00418.jpg,MICCAI-2019,AP,22222,6,17,0.0769230769230769,104.35416856022668,1.0846725699337427,0.9747852280562028,0.9909642010753259,0.09370836885841682
val:22223,val,miccai_2019:image:MICCAI-AP-00418,images/miccai_2019/MICCAI-AP-00418.jpg,MICCAI-2019,AP,22223,7,17,0.0769230769230769,110.44431690404214,0.9399464173391419,1.0,0.9831225778907537,0.043176160551611886
val:22224,val,miccai_2019:image:MICCAI-AP-00418,images/miccai_2019/MICCAI-AP-00418.jpg,MICCAI-2019,AP,22224,8,17,0.0769230769230769,116.48529755280774,0.9245675795586126,0.9860674351424004,0.9141472488611961,0.010420330697416436
val:22225,val,miccai_2019:image:MICCAI-AP-00418,images/miccai_2019/MICCAI-AP-00418.jpg,MICCAI-2019,AP,22225,9,17,0.0769230769230769,113.7395102613298,1.107029359460665,1.0,0.974771723151207,0.13225763630945808
val:22226,val,miccai_2019:image:MICCAI-AP-00418,images/miccai_2019/MICCAI-AP-00418.jpg,MICCAI-2019,AP,22226,10,17,0.0769230769230769,125.24339900304354,0.9563816685235813,1.0,0.9806514270603657,0.02426975853678437
val:22227,val,miccai_2019:image:MICCAI-AP-00418,images/miccai_2019/MICCAI-AP-00418.jpg,MICCAI-2019,AP,22227,11,17,0.0769230769230769,130.72123315157808,0.9529731154820701,0.9765436489083479,1.0288312982716272,0.07585818278955714
val:22228,val,miccai_2019:image:MICCAI-AP-00418,images/miccai_2019/MICCAI-AP-00418.jpg,MICCAI-2019,AP,22228,12,17,0.0769230769230769,131.01743559040975,1.0344385730223147,0.9999999999999999,1.020116399973631,0.014322173048683773
val:22229,val,miccai_2019:image:MICCAI-AP-00418,images/miccai_2019/MICCAI-AP-00418.jpg,MICCAI-2019,AP,22229,13,17,0.0769230769230769,138.02874603454228,0.9958871199938444,0.9999999999999998,0.9681083448231218,0.02777877517072258
val:22230,val,miccai_2019:image:MICCAI-AP-00418,images/miccai_2019/MICCAI-AP-00418.jpg,MICCAI-2019,AP,22230,14,17,0.0769230769230769,140.9901377778689,0.9967222188072545,0.9999999999999999,1.0184065289795399,0.021684310172285337
val:22231,val,miccai_2019:image:MICCAI-AP-00418,images/miccai_2019/MICCAI-AP-00418.jpg,MICCAI-2019,AP,22231,15,17,0.0769230769230769,141.97212801482897,1.0179408255114746,1.052038101279505,1.04075445959843,0.02281363408695536
val:22406,val,miccai_2019:image:MICCAI-AP-00429,images/miccai_2019/MICCAI-AP-00429.jpg,MICCAI-2019,AP,22406,3,17,0.0769230769230769,70.2562088434189,1.0121612563777072,1.0000000000000002,0.9803437720984223,0.03181748427928488
val:22407,val,miccai_2019:image:MICCAI-AP-00429,images/miccai_2019/MICCAI-AP-00429.jpg,MICCAI-2019,AP,22407,4,17,0.0769230769230769,72.52650067286069,0.9817347737159698,1.012287639101815,0.981844939311814,0.00011016559584420271
val:22408,val,miccai_2019:image:MICCAI-AP-00429,images/miccai_2019/MICCAI-AP-00429.jpg,MICCAI-2019,AP,22408,5,17,0.0769230769230769,72.57208823045698,1.0434417626944228,1.0,1.042391486465931,0.0010502762284918532
val:22409,val,miccai_2019:image:MICCAI-AP-00429,images/miccai_2019/MICCAI-AP-00429.jpg,MICCAI-2019,AP,22409,6,17,0.0769230769230769,76.4143218139921,0.9676509190832401,1.032099406615815,0.9768183002332065,0.009167381149966403
val:22410,val,miccai_2019:image:MICCAI-AP-00429,images/miccai_2019/MICCAI-AP-00429.jpg,MICCAI-2019,AP,22410,7,17,0.0769230769230769,76.4143218139921,1.0732229612188027,0.9883375335352065,0.9873040799151676,0.08591888130363512
val:22411,val,miccai_2019:image:MICCAI-AP-00429,images/miccai_2019/MICCAI-AP-00429.jpg,MICCAI-2019,AP,22411,8,17,0.0769230769230769,82.91293443887241,0.9299380908925117,0.9999999999999999,0.9535701423883437,0.02363205149583203
val:22412,val,miccai_2019:image:MICCAI-AP-00429,images/miccai_2019/MICCAI-AP-00429.jpg,MICCAI-2019,AP,22412,9,17,0.0769230769230769,85.89687683922631,0.9757777840733963,0.9714441959074936,0.9408992816022835,0.03487850247111279
val:22413,val,miccai_2019:image:MICCAI-AP-00429,images/miccai_2019/MICCAI-AP-00429.jpg,MICCAI-2019,AP,22413,10,17,0.0769230769230769,90.3708939702323,0.9935073672203341,1.0,1.0092559764161706,0.015748609195836538
val:22414,val,miccai_2019:image:MICCAI-AP-00429,images/miccai_2019/MICCAI-AP-00429.jpg,MICCAI-2019,AP,22414,11,17,0.0769230769230769,93.98710866723404,1.0312640230547836,1.0071832568107544,1.0610275112746654,0.02976348821988184
val:22415,val,miccai_2019:image:MICCAI-AP-00429,images/miccai_2019/MICCAI-AP-00429.jpg,MICCAI-2019,AP,22415,12,17,0.0769230769230769,97.55779609610678,1.020321690863218,0.9999999999999999,1.0793753117322922,0.059053620869074175
val:22416,val,miccai_2019:image:MICCAI-AP-00429,images/miccai_2019/MICCAI-AP-00429.jpg,MICCAI-2019,AP,22416,13,17,0.0769230769230769,101.329665137936,0.9690160157846418,1.0133214713763452,0.9685254180561758,0.0004905977284660468
val:22417,val,miccai_2019:image:MICCAI-AP-00429,images/miccai_2019/MICCAI-AP-00429.jpg,MICCAI-2019,AP,22417,14,17,0.0769230769230769,101.329665137936,1.044301440546318,0.9933372567891346,0.9767816550581919,0.0675197854881261
val:22418,val,miccai_2019:image:MICCAI-AP-00429,images/miccai_2019/MICCAI-AP-00429.jpg,MICCAI-2019,AP,22418,15,17,0.0769230769230769,102.0043918331886,1.0109270096412848,1.039904843391492,1.025772222624733,0.014845212983448208
val:22423,val,miccai_2019:image:MICCAI-AP-00430,images/miccai_2019/MICCAI-AP-00430.jpg,MICCAI-2019,AP,22423,3,17,0.0769230769230769,56.75407540323327,1.078262929076978,1.1165968335469874,1.1726159497400435,0.09435302066306539
val:22424,val,miccai_2019:image:MICCAI-AP-00430,images/miccai_2019/MICCAI-AP-00430.jpg,MICCAI-2019,AP,22424,4,17,0.0769230769230769,61.36417036534328,1.331910669725139,1.0567462828212266,1.06557439195149,0.2663362777736491
val:22425,val,miccai_2019:image:MICCAI-AP-00430,images/miccai_2019/MICCAI-AP-00430.jpg,MICCAI-2019,AP,22425,5,17,0.0769230769230769,61.36417036534328,1.1162361012104398,1.1673271026465628,1.0951458256695006,0.02109027554093923
val:22426,val,miccai_2019:image:MICCAI-AP-00430,images/miccai_2019/MICCAI-AP-00430.jpg,MICCAI-2019,AP,22426,6,17,0.0769230769230769,68.62811480830581,0.8966081222136899,0.9284647613938779,0.9951265216048688,0.0985183993911789
val:22427,val,miccai_2019:image:MICCAI-AP-00430,images/miccai_2019/MICCAI-AP-00430.jpg,MICCAI-2019,AP,22427,7,17,0.0769230769230769,68.62811480830581,0.8588414582394044,0.9492600288326694,0.9539122779938234,0.095070819754419
val:22428,val,miccai_2019:image:MICCAI-AP-00430,images/miccai_2019/MICCAI-AP-00430.jpg,MICCAI-2019,AP,22428,8,17,0.0769230769230769,67.01782501363991,1.025985658591476,0.992306378355242,0.9486552781071437,0.07733038048433227
val:22429,val,miccai_2019:image:MICCAI-AP-00430,images/miccai_2019/MICCAI-AP-00430.jpg,MICCAI-2019,AP,22429,9,17,0.0769230769230769,69.64022462916192,1.0635198356304532,1.0142303027033392,1.0092427825375978,0.054277053092855354
val:22430,val,miccai_2019:image:MICCAI-AP-00430,images/miccai_2019/MICCAI-AP-00430.jpg,MICCAI-2019,AP,22430,10,17,0.0769230769230769,72.29244108760517,1.0029143266870562,1.0,1.0265249088406563,0.023610582153600124
val:22431,val,miccai_2019:image:MICCAI-AP-00430,images/miccai_2019/MICCAI-AP-00430.jpg,MICCAI-2019,AP,22431,11,17,0.0769230769230769,81.25758461455777,0.8678712548354771,1.0683983776648431,0.9643958646734148,0.09652460983793765
val:22432,val,miccai_2019:image:MICCAI-AP-00430,images/miccai_2019/MICCAI-AP-00430.jpg,MICCAI-2019,AP,22432,12,17,0.0769230769230769,78.00431897918499,1.296438704879414,1.0189982617821363,1.028460673297551,0.26797803158186295
val:22433,val,miccai_2019:image:MICCAI-AP-00430,images/miccai_2019/MICCAI-AP-00430.jpg,MICCAI-2019,AP,22433,13,17,0.0769230769230769,81.33151449842617,1.087541643896881,1.135066354607099,1.0241750198945936,0.06336662400228743
val:22434,val,miccai_2019:image:MICCAI-AP-00430,images/miccai_2019/MICCAI-AP-00430.jpg,MICCAI-2019,AP,22434,14,17,0.0769230769230769,83.8044624473315,0.9964327750793862,1.0,0.9500136785209179,0.04641909655846832
val:22435,val,miccai_2019:image:MICCAI-AP-00430,images/miccai_2019/MICCAI-AP-00430.jpg,MICCAI-2019,AP,22435,15,17,0.0769230769230769,85.97846102933607,0.9206668154878099,0.9302938189796436,1.0319395047120081,0.1112726892241982
val:22525,val,miccai_2019:image:MICCAI-AP-00436,images/miccai_2019/MICCAI-AP-00436.jpg,MICCAI-2019,AP,22525,3,17,0.0769230769230769,74.47060096608742,1.1107542965865191,1.0,1.0347239188849926,0.07603037770152654
val:22526,val,miccai_2019:image:MICCAI-AP-00436,images/miccai_2019/MICCAI-AP-00436.jpg,MICCAI-2019,AP,22526,4,17,0.0769230769230769,80.66428015822575,0.9439704972700353,1.00430088854197,0.9861287194377515,0.04215822216771614
val:22527,val,miccai_2019:image:MICCAI-AP-00436,images/miccai_2019/MICCAI-AP-00436.jpg,MICCAI-2019,AP,22527,5,17,0.0769230769230769,82.37161191418302,0.9627573703810506,0.960096450786827,0.9674006940645854,0.004643323683534817
val:22528,val,miccai_2019:image:MICCAI-AP-00436,images/miccai_2019/MICCAI-AP-00436.jpg,MICCAI-2019,AP,22528,6,17,0.0769230769230769,79.71868975787525,1.0289266429871446,1.035887354554586,0.9995445101875586,0.029382132799586014
val:22529,val,miccai_2019:image:MICCAI-AP-00436,images/miccai_2019/MICCAI-AP-00436.jpg,MICCAI-2019,AP,22529,7,17,0.0769230769230769,81.07909343555376,1.0589078536180438,1.0,1.0179247576743364,0.040983095943707415
val:22530,val,miccai_2019:image:MICCAI-AP-00436,images/miccai_2019/MICCAI-AP-00436.jpg,MICCAI-2019,AP,22530,8,17,0.0769230769230769,83.97006771031678,0.9543103301006132,1.0,1.0009110188111663,0.04660068871055312
val:22531,val,miccai_2019:image:MICCAI-AP-00436,images/miccai_2019/MICCAI-AP-00436.jpg,MICCAI-2019,AP,22531,9,17,0.0769230769230769,87.71381178042259,0.9358257833211115,0.9673837811184209,0.9601044306960982,0.02427864737498664
val:22532,val,miccai_2019:image:MICCAI-AP-00436,images/miccai_2019/MICCAI-AP-00436.jpg,MICCAI-2019,AP,22532,10,17,0.0769230769230769,89.08959623796902,1.0054185734375503,1.0,1.0126521410420537,0.007233567604503444
val:22533,val,miccai_2019:image:MICCAI-AP-00436,images/miccai_2019/MICCAI-AP-00436.jpg,MICCAI-2019,AP,22533,11,17,0.0769230769230769,93.95661088324997,1.0227523636186695,1.0121888626276188,1.012548364026253,0.01020399959241658
val:22534,val,miccai_2019:image:MICCAI-AP-00436,images/miccai_2019/MICCAI-AP-00436.jpg,MICCAI-2019,AP,22534,12,17,0.0769230769230769,97.21761643361864,1.0351142019978568,1.0,1.0082577439025044,0.02685645809535231
val:22535,val,miccai_2019:image:MICCAI-AP-00436,images/miccai_2019/MICCAI-AP-00436.jpg,MICCAI-2019,AP,22535,13,17,0.0769230769230769,103.86108060963426,0.9468502198471406,1.0,1.026535702869296,0.0796854830221555
val:22536,val,miccai_2019:image:MICCAI-AP-00436,images/miccai_2019/MICCAI-AP-00436.jpg,MICCAI-2019,AP,22536,14,17,0.0769230769230769,101.21618347983669,1.0580405433463438,1.0417972138029796,1.0478438712534768,0.01019667209286701
val:22537,val,miccai_2019:image:MICCAI-AP-00436,images/miccai_2019/MICCAI-AP-00436.jpg,MICCAI-2019,AP,22537,15,17,0.0769230769230769,104.44592863465203,1.0776158567850072,1.0,1.0083880061283708,0.06922785065663639
val:22967,val,miccai_2019:image:MICCAI-AP-00462,images/miccai_2019/MICCAI-AP-00462.jpg,MICCAI-2019,AP,22967,3,17,0.0769230769230769,85.16638128460917,1.1216039987440112,1.0412719056797837,1.074877503593049,0.04672649515096228
val:22968,val,miccai_2019:image:MICCAI-AP-00462,images/miccai_2019/MICCAI-AP-00462.jpg,MICCAI-2019,AP,22968,4,17,0.0769230769230769,86.2607284766629,1.132900635359749,1.079389390066575,1.0370497372898568,0.09585089806989222
val:22969,val,miccai_2019:image:MICCAI-AP-00462,images/miccai_2019/MICCAI-AP-00462.jpg,MICCAI-2019,AP,22969,5,17,0.0769230769230769,91.78162921178352,0.988159364414817,0.978144625488995,0.969677813638328,0.018481550776489053
val:22970,val,miccai_2019:image:MICCAI-AP-00462,images/miccai_2019/MICCAI-AP-00462.jpg,MICCAI-2019,AP,22970,6,17,0.0769230769230769,93.84397131737566,0.8719428581056097,0.9522997508203865,1.000862024203527,0.12891916609791743
val:22971,val,miccai_2019:image:MICCAI-AP-00462,images/miccai_2019/MICCAI-AP-00462.jpg,MICCAI-2019,AP,22971,7,17,0.0769230769230769,91.20066239007454,0.9653472059186907,0.9803637502625936,1.0204951627090924,0.05514795679040163
val:22972,val,miccai_2019:image:MICCAI-AP-00462,images/miccai_2019/MICCAI-AP-00462.jpg,MICCAI-2019,AP,22972,8,17,0.0769230769230769,89.8733765047345,1.0792191193881466,1.0,0.9967629972379655,0.08245612215018117
val:22973,val,miccai_2019:image:MICCAI-AP-00462,images/miccai_2019/MICCAI-AP-00462.jpg,MICCAI-2019,AP,22973,9,17,0.0769230769230769,97.3816588848194,0.9417219776646524,1.0,1.0258340518921614,0.08411207422750899
val:22974,val,miccai_2019:image:MICCAI-AP-00462,images/miccai_2019/MICCAI-AP-00462.jpg,MICCAI-2019,AP,22974,10,17,0.0769230769230769,101.34848983633968,0.964693718472194,0.9739186155455339,0.9791409770803678,0.014447258608173863
val:22975,val,miccai_2019:image:MICCAI-AP-00462,images/miccai_2019/MICCAI-AP-00462.jpg,MICCAI-2019,AP,22975,11,17,0.0769230769230769,104.62546060657176,1.010307747387455,0.9999999999999998,1.0730579644441602,0.06275021705670514
val:22976,val,miccai_2019:image:MICCAI-AP-00462,images/miccai_2019/MICCAI-AP-00462.jpg,MICCAI-2019,AP,22976,12,17,0.0769230769230769,117.66031717168886,0.9474789153314285,0.9999999999999999,0.9960168306715785,0.04853791534015006
val:22977,val,miccai_2019:image:MICCAI-AP-00462,images/miccai_2019/MICCAI-AP-00462.jpg,MICCAI-2019,AP,22977,13,17,0.0769230769230769,124.73130510528333,1.0391675194063774,1.0,0.9952013273723423,0.04396619203403507
val:22978,val,miccai_2019:image:MICCAI-AP-00462,images/miccai_2019/MICCAI-AP-00462.jpg,MICCAI-2019,AP,22978,14,17,0.0769230769230769,136.75712193648536,1.0089561593967038,1.0000000000000002,0.9789360594004395,0.030020099996264316
val:22979,val,miccai_2019:image:MICCAI-AP-00462,images/miccai_2019/MICCAI-AP-00462.jpg,MICCAI-2019,AP,22979,15,17,0.0769230769230769,139.55315344694432,1.0311305721163855,1.030331985428674,1.006465777158482,0.024664794957903524
val:22984,val,nih_chestx_ray14:patient:00000053,images/nih_chestxray14/NIH_00000053_001.png,NIH ChestX-ray14,unknown,22984,3,8,0.25,49.34817199868368,1.0845346428218257,1.0,1.0046293195337057,0.07990532328811994
val:22985,val,nih_chestx_ray14:patient:00000053,images/nih_chestxray14/NIH_00000053_001.png,NIH ChestX-ray14,unknown,22985,4,8,0.25,54.76500872296272,0.9399817079787403,1.0023828389653835,0.9898074305215749,0.04982572254283468
val:22986,val,nih_chestx_ray14:patient:00000053,images/nih_chestxray14/NIH_00000053_001.png,NIH ChestX-ray14,unknown,22986,5,8,0.25,53.3125707822332,1.0554960475780526,1.0080954661646648,1.0267566150108143,0.02873943256723832
val:22987,val,nih_chestx_ray14:patient:00000053,images/nih_chestxray14/NIH_00000053_001.png,NIH ChestX-ray14,unknown,22987,6,8,0.25,52.29172295442254,1.0711105350696042,1.0458304014400985,1.0532796698035147,0.017830865266089457
val:22992,val,nih_chestx_ray14:patient:00006611,images/nih_chestxray14/NIH_00006611_000.png,NIH ChestX-ray14,unknown,22992,3,8,0.25,55.9217209626294,0.986605291251729,1.0,0.9463972970843315,0.04020799416739751
val:22993,val,nih_chestx_ray14:patient:00006611,images/nih_chestxray14/NIH_00006611_000.png,NIH ChestX-ray14,unknown,22993,4,8,0.25,56.73776426040808,0.9857670643417522,1.0821956908956636,1.0223146444812883,0.03654758013953607
val:22994,val,nih_chestx_ray14:patient:00006611,images/nih_chestxray14/NIH_00006611_000.png,NIH ChestX-ray14,unknown,22994,5,8,0.25,56.74626261007553,1.1917976458540251,1.0,1.0036307915579528,0.18816685429607238
val:22995,val,nih_chestx_ray14:patient:00006611,images/nih_chestxray14/NIH_00006611_000.png,NIH ChestX-ray14,unknown,22995,6,8,0.25,67.85199556636876,0.8483509648813528,1.0,0.9240854978561401,0.07573453297478738
val:23000,val,nih_chestx_ray14:patient:00007238,images/nih_chestxray14/NIH_00007238_000.png,NIH ChestX-ray14,unknown,23000,3,10,0.1666666666666666,56.6717688289024,1.1197802305694768,1.0130146964678493,1.0188976665252771,0.10088256404419971
val:23001,val,nih_chestx_ray14:patient:00007238,images/nih_chestxray14/NIH_00007238_000.png,NIH ChestX-ray14,unknown,23001,4,10,0.1666666666666666,62.29314928063784,1.004950057227783,1.0000000000000002,1.0070057562552395,0.0020556990274565035
val:23002,val,nih_chestx_ray14:patient:00007238,images/nih_chestxray14/NIH_00007238_000.png,NIH ChestX-ray14,unknown,23002,5,10,0.1666666666666666,65.54252988287129,0.9326214948447062,0.9934514090845543,0.9918573341991934,0.059235839354487174
val:23003,val,nih_chestx_ray14:patient:00007238,images/nih_chestxray14/NIH_00007238_000.png,NIH ChestX-ray14,unknown,23003,6,10,0.1666666666666666,64.408844673158,1.0499355134049861,1.0061071168853004,1.0233545180631836,0.026580995341802582
val:23004,val,nih_chestx_ray14:patient:00007238,images/nih_chestxray14/NIH_00007238_000.png,NIH ChestX-ray14,unknown,23004,7,10,0.1666666666666666,66.92065940578718,1.0232717735423145,1.0,0.952498909085989,0.07077286445632547
val:23005,val,nih_chestx_ray14:patient:00007238,images/nih_chestxray14/NIH_00007238_000.png,NIH ChestX-ray14,unknown,23005,8,10,0.1666666666666666,69.98542316376023,0.9461425310939346,1.0000000000000002,1.0091536203399303,0.06301108924599563
val:23010,val,nih_chestx_ray14:patient:00007442,images/nih_chestxray14/NIH_00007442_013.png,NIH ChestX-ray14,unknown,23010,3,14,0.1,37.270877620189765,1.1011950740221108,1.0714068277870687,1.0973128690516027,0.003882204970508063
val:23011,val,nih_chestx_ray14:patient:00007442,images/nih_chestxray14/NIH_00007442_013.png,NIH ChestX-ray14,unknown,23011,4,14,0.1,39.19853890654469,1.0655047802086508,0.9883780021405234,0.9711418215370192,0.09436295867163158
val:23012,val,nih_chestx_ray14:patient:00007442,images/nih_chestxray14/NIH_00007442_013.png,NIH ChestX-ray14,unknown,23012,5,14,0.1,41.40436871097603,0.8801834549662297,0.9910185327351174,0.9519043108046136,0.07172085583838383
val:23013,val,nih_chestx_ray14:patient:00007442,images/nih_chestxray14/NIH_00007442_013.png,NIH ChestX-ray14,unknown,23013,6,14,0.1,41.544334763754,0.9700182492894716,1.0042396587147877,1.0842172306790516,0.11419898138958007
val:23014,val,nih_chestx_ray14:patient:00007442,images/nih_chestxray14/NIH_00007442_013.png,NIH ChestX-ray14,unknown,23014,7,14,0.1,40.81060091041112,1.1516002160766623,1.0,0.9652633517980576,0.18633686427860474
val:23015,val,nih_chestx_ray14:patient:00007442,images/nih_chestxray14/NIH_00007442_013.png,NIH ChestX-ray14,unknown,23015,8,14,0.1,48.34400432854711,0.8547582997999397,1.0,0.8520396947860718,0.002718605013867892
val:23016,val,nih_chestx_ray14:patient:00007442,images/nih_chestxray14/NIH_00007442_013.png,NIH ChestX-ray14,unknown,23016,9,14,0.1,50.20218659977992,0.989807719464239,0.943477981083767,1.0246387723020478,0.03483105283780885
val:23017,val,nih_chestx_ray14:patient:00007442,images/nih_chestxray14/NIH_00007442_013.png,NIH ChestX-ray14,unknown,23017,10,14,0.1,53.06463541757778,1.0064495111036003,1.0,1.0660081505775452,0.05955863947394491
val:23018,val,nih_chestx_ray14:patient:00007442,images/nih_chestxray14/NIH_00007442_013.png,NIH ChestX-ray14,unknown,23018,11,14,0.1,56.18796659586398,1.004463454081709,0.9999999999999999,1.0044542532414198,9.200840289214085e-06
val:23019,val,nih_chestx_ray14:patient:00007442,images/nih_chestxray14/NIH_00007442_013.png,NIH ChestX-ray14,unknown,23019,12,14,0.1,58.60973585525365,1.006130738491123,1.0,0.9960846700705588,0.010046068420564103
val:23024,val,nih_chestx_ray14:patient:00008026,images/nih_chestxray14/NIH_00008026_002.png,NIH ChestX-ray14,unknown,23024,3,13,0.1111111111111111,43.44111913410865,1.0128930738404724,1.0,1.0333338379859924,0.020440764145519985
val:23025,val,nih_chestx_ray14:patient:00008026,images/nih_chestxray14/NIH_00008026_002.png,NIH ChestX-ray14,unknown,23025,4,13,0.1111111111111111,45.752149971769214,0.9055791013904015,0.9841664411379558,0.9283724516882164,0.02279335029781482
val:23026,val,nih_chestx_ray14:patient:00008026,images/nih_chestxray14/NIH_00008026_002.png,NIH ChestX-ray14,unknown,23026,5,13,0.1111111111111111,45.0874895065484,1.0214419351679802,0.9715107465416687,0.981270921441962,0.04017101372601817
val:23027,val,nih_chestx_ray14:patient:00008026,images/nih_chestxray14/NIH_00008026_002.png,NIH ChestX-ray14,unknown,23027,6,13,0.1111111111111111,47.020558157292,0.9819911147762215,1.0,0.97332095913589,0.008670155640331467
val:23028,val,nih_chestx_ray14:patient:00008026,images/nih_chestxray14/NIH_00008026_002.png,NIH ChestX-ray14,unknown,23028,7,13,0.1111111111111111,47.510792978443405,1.0100202664039266,1.0,0.9933939962647855,0.016626270139141086
val:23029,val,nih_chestx_ray14:patient:00008026,images/nih_chestxray14/NIH_00008026_002.png,NIH ChestX-ray14,unknown,23029,8,13,0.1111111111111111,49.76622189386199,0.9815455900748663,1.0,1.0001893426669994,0.018643752592133134
val:23030,val,nih_chestx_ray14:patient:00008026,images/nih_chestxray14/NIH_00008026_002.png,NIH ChestX-ray14,unknown,23030,9,13,0.1111111111111111,51.775372921457006,0.9955617332736391,1.0,0.9945078222081065,0.0010539110655325423
val:23031,val,nih_chestx_ray14:patient:00008026,images/nih_chestxray14/NIH_00008026_002.png,NIH ChestX-ray14,unknown,23031,10,13,0.1111111111111111,55.30841079857783,0.9890526489275502,0.9999999999999998,0.9816909488290546,0.007361700098495572
val:23032,val,nih_chestx_ray14:patient:00008026,images/nih_chestxray14/NIH_00008026_002.png,NIH ChestX-ray14,unknown,23032,11,13,0.1111111111111111,57.24971405067471,1.0318172338519251,0.9999999999999998,1.0005287878448141,0.031288446007111004
val:23037,val,nih_chestx_ray14:patient:00008220,images/nih_chestxray14/NIH_00008220_000.png,NIH ChestX-ray14,unknown,23037,3,11,0.1428571428571428,47.79951479934748,0.9230231849677425,1.0006226644896548,0.9973306932066213,0.07430750823887877
val:23038,val,nih_chestx_ray14:patient:00008220,images/nih_chestxray14/NIH_00008220_000.png,NIH ChestX-ray14,unknown,23038,4,11,0.1428571428571428,50.320588849123126,1.1478285058734672,1.0117125307066657,1.0220217705561139,0.1258067353173533
val:23039,val,nih_chestx_ray14:patient:00008220,images/nih_chestxray14/NIH_00008220_000.png,NIH ChestX-ray14,unknown,23039,5,11,0.1428571428571428,56.47387483339233,1.021709248083474,1.0117999159677735,0.9864531972392312,0.03525605084424277
val:23040,val,nih_chestx_ray14:patient:00008220,images/nih_chestxray14/NIH_00008220_000.png,NIH ChestX-ray14,unknown,23040,6,11,0.1428571428571428,57.06325627546518,0.9904993335009087,0.9999999999999999,1.0310820676386356,0.04058273413772695
val:23041,val,nih_chestx_ray14:patient:00008220,images/nih_chestxray14/NIH_00008220_000.png,NIH ChestX-ray14,unknown,23041,7,11,0.1428571428571428,57.11049875031264,0.9880255573540402,0.9629722354426566,1.0289552105083648,0.04092965315432462
val:23042,val,nih_chestx_ray14:patient:00008220,images/nih_chestxray14/NIH_00008220_000.png,NIH ChestX-ray14,unknown,23042,8,11,0.1428571428571428,63.068787881612735,0.8478129005713206,0.9992509373267779,0.9270492457588801,0.07923634518755951
val:23043,val,nih_chestx_ray14:patient:00008220,images/nih_chestxray14/NIH_00008220_000.png,NIH ChestX-ray14,unknown,23043,9,11,0.1428571428571428,66.73444435439777,1.0431863054899022,0.9778517645743865,0.9448917706457156,0.0982945348441866
val:23048,val,nih_chestx_ray14:patient:00008275,images/nih_chestxray14/NIH_00008275_000.png,NIH ChestX-ray14,unknown,23048,3,12,0.125,47.684947332324505,1.0529152184916897,1.0117645993774742,1.0337019100731224,0.019213308418567276
val:23049,val,nih_chestx_ray14:patient:00008275,images/nih_chestxray14/NIH_00008275_000.png,NIH ChestX-ray14,unknown,23049,4,12,0.125,51.24034413651212,1.0420396474113356,1.0,1.0215489137917757,0.020490733619559887
val:23050,val,nih_chestx_ray14:patient:00008275,images/nih_chestxray14/NIH_00008275_000.png,NIH ChestX-ray14,unknown,23050,5,12,0.125,53.70273266181727,0.9733672560579194,1.0,0.9530339874327183,0.02033326862520113
val:23051,val,nih_chestx_ray14:patient:00008275,images/nih_chestxray14/NIH_00008275_000.png,NIH ChestX-ray14,unknown,23051,6,12,0.125,54.78667223667832,0.9858418659388647,0.9897603873570333,0.9934283405483584,0.0075864746094936875
val:23052,val,nih_chestx_ray14:patient:00008275,images/nih_chestxray14/NIH_00008275_000.png,NIH ChestX-ray14,unknown,23052,7,12,0.125,54.81313457977381,1.0249162863391537,1.016959165479598,1.0066282947320317,0.018287991607121912
val:23053,val,nih_chestx_ray14:patient:00008275,images/nih_chestxray14/NIH_00008275_000.png,NIH ChestX-ray14,unknown,23053,8,12,0.125,55.89707415463485,1.0282191846705406,1.0,0.9858329659327865,0.04238621873775417
val:23054,val,nih_chestx_ray14:patient:00008275,images/nih_chestxray14/NIH_00008275_000.png,NIH ChestX-ray14,unknown,23054,9,12,0.125,60.83403024675373,0.914213208422558,1.031741421002471,1.0523497790876264,0.13813657066506835
val:23055,val,nih_chestx_ray14:patient:00008275,images/nih_chestxray14/NIH_00008275_000.png,NIH ChestX-ray14,unknown,23055,10,12,0.125,59.89345142540851,1.136276704577547,1.0001835559863341,1.0386628953177226,0.09761380925982444
val:23060,val,nih_chestx_ray14:patient:00008986,images/nih_chestxray14/NIH_00008986_000.png,NIH ChestX-ray14,unknown,23060,3,11,0.1428571428571428,45.15870032009801,0.8821850757549179,1.0,0.8844119161367416,0.002226840381823747
val:23061,val,nih_chestx_ray14:patient:00008986,images/nih_chestxray14/NIH_00008986_000.png,NIH ChestX-ray14,unknown,23061,4,11,0.1428571428571428,49.36863715737464,1.138305321118901,1.0367861316934088,1.0008225926592806,0.13748272845962028
val:23062,val,nih_chestx_ray14:patient:00008986,images/nih_chestxray14/NIH_00008986_000.png,NIH ChestX-ray14,unknown,23062,5,11,0.1428571428571428,57.54776261224891,1.086594897688533,1.0,0.9813624285161495,0.10523246917238338
val:23063,val,nih_chestx_ray14:patient:00008986,images/nih_chestxray14/NIH_00008986_000.png,NIH ChestX-ray14,unknown,23063,6,11,0.1428571428571428,59.61145357779047,0.9880474190250923,1.0251610596048875,0.9318814520108742,0.056165967014218054
val:23064,val,nih_chestx_ray14:patient:00008986,images/nih_chestxray14/NIH_00008986_000.png,NIH ChestX-ray14,unknown,23064,7,11,0.1428571428571428,60.90734716281395,0.9800390163335444,0.9722166448157739,0.9190656482499551,0.06097336808358933
val:23065,val,nih_chestx_ray14:patient:00008986,images/nih_chestxray14/NIH_00008986_000.png,NIH ChestX-ray14,unknown,23065,8,11,0.1428571428571428,60.98747018595336,0.9761239542013718,1.0,0.9899769024923444,0.013852948290972611
val:23066,val,nih_chestx_ray14:patient:00008986,images/nih_chestxray14/NIH_00008986_000.png,NIH ChestX-ray14,unknown,23066,9,11,0.1428571428571428,62.75942282725513,0.9924145405608868,0.9987233307839692,0.9603328917802633,0.032081648780623584
val:23071,val,nih_chestx_ray14:patient:00028523,images/nih_chestxray14/NIH_00028523_005.png,NIH ChestX-ray14,unknown,23071,3,13,0.0476190476190476,42.37969435750387,1.1050150953181226,1.057735149686731,1.1066610561064851,0.0016459607883625438
val:23072,val,nih_chestx_ray14:patient:00028523,images/nih_chestxray14/NIH_00028523_005.png,NIH ChestX-ray14,unknown,23072,4,13,0.0476190476190476,42.37969435750387,1.1370489431239945,1.0632968695343274,1.0536880708739895,0.08336087225000499
val:23073,val,nih_chestx_ray14:patient:00028523,images/nih_chestxray14/NIH_00028523_005.png,NIH ChestX-ray14,unknown,23073,5,13,0.0476190476190476,47.50899433956387,0.9112840902264052,0.9156907545692556,0.8790092328853243,0.03227485734108093
val:23074,val,nih_chestx_ray14:patient:00028523,images/nih_chestxray14/NIH_00028523_005.png,NIH ChestX-ray14,unknown,23074,6,13,0.0476190476190476,50.42594441603457,0.7698280621548836,0.9514773986735615,0.7720748833813939,0.0022468212265102094
val:23075,val,nih_chestx_ray14:patient:00028523,images/nih_chestxray14/NIH_00028523_005.png,NIH ChestX-ray14,unknown,23075,7,13,0.0476190476190476,48.19448866451081,1.0927411746092857,1.0010817351683345,1.0125229268267122,0.08021824778257347
val:23076,val,nih_chestx_ray14:patient:00028523,images/nih_chestxray14/NIH_00028523_005.png,NIH ChestX-ray14,unknown,23076,8,13,0.0476190476190476,52.87944439883608,1.090668373300494,1.0,1.0049147219397128,0.08575365136078128
val:23077,val,nih_chestx_ray14:patient:00028523,images/nih_chestxray14/NIH_00028523_005.png,NIH ChestX-ray14,unknown,23077,9,13,0.0476190476190476,55.54178104168696,0.9559431773509453,1.0,1.0330772586166859,0.07713408126574062
val:23078,val,nih_chestx_ray14:patient:00028523,images/nih_chestxray14/NIH_00028523_005.png,NIH ChestX-ray14,unknown,23078,10,13,0.0476190476190476,60.17002916340132,0.8876449824350112,0.9619482404906575,0.9608893320784245,0.07324434964341331
val:23079,val,nih_chestx_ray14:patient:00028523,images/nih_chestxray14/NIH_00028523_005.png,NIH ChestX-ray14,unknown,23079,11,13,0.0476190476190476,58.31565941174459,1.0746019397779358,1.0000000000000002,1.033462353050709,0.04113958672722684
val:23084,val,nih_chestx_ray14:patient:00028523,images/nih_chestxray14/NIH_00028523_006.png,NIH ChestX-ray14,unknown,23084,3,11,0.0476190476190476,53.81378392630187,0.9433446339530942,1.0500077149334444,1.0314398156914009,0.08809518173830666
val:23085,val,nih_chestx_ray14:patient:00028523,images/nih_chestxray14/NIH_00028523_006.png,NIH ChestX-ray14,unknown,23085,4,11,0.0476190476190476,51.705669381768686,1.0911461932958768,0.9861014184105666,1.0127234567451748,0.07842273655070198
val:23086,val,nih_chestx_ray14:patient:00028523,images/nih_chestxray14/NIH_00028523_006.png,NIH ChestX-ray14,unknown,23086,5,11,0.0476190476190476,54.31032977319889,0.942898408990004,0.9999999999999998,0.9940570485778151,0.05115863958781108
val:23087,val,nih_chestx_ray14:patient:00028523,images/nih_chestxray14/NIH_00028523_006.png,NIH ChestX-ray14,unknown,23087,6,11,0.0476190476190476,56.51378932213121,0.9237075739358169,0.9760348717333214,0.970384010544552,0.046676436608735106
val:23088,val,nih_chestx_ray14:patient:00028523,images/nih_chestxray14/NIH_00028523_006.png,NIH ChestX-ray14,unknown,23088,7,11,0.0476190476190476,54.40567477759802,1.0864626701376343,1.0000000000000002,0.9919188525527718,0.09454381758486252
val:23089,val,nih_chestx_ray14:patient:00028523,images/nih_chestxray14/NIH_00028523_006.png,NIH ChestX-ray14,unknown,23089,8,11,0.0476190476190476,59.84493400938675,0.94593026567046,1.0,1.0108070150017738,0.06487674933131382
val:23090,val,nih_chestx_ray14:patient:00028523,images/nih_chestxray14/NIH_00028523_006.png,NIH ChestX-ray14,unknown,23090,9,11,0.0476190476190476,63.06842039699058,0.9605462281746837,0.9801754955393028,1.031717852149601,0.07117162397491739
val:23095,val,nih_chestx_ray14:patient:00028523,images/nih_chestxray14/NIH_00028523_007.png,NIH ChestX-ray14,unknown,23095,3,9,0.0476190476190476,52.476994960493336,1.0671420221395742,1.0730537389135333,1.0044009227967234,0.06274109934285077
val:23096,val,nih_chestx_ray14:patient:00028523,images/nih_chestxray14/NIH_00028523_007.png,NIH ChestX-ray14,unknown,23096,4,9,0.0476190476190476,55.14721425532149,1.0004043279460149,0.9591135839970211,0.8909942890555957,0.10941003889041911
val:23097,val,nih_chestx_ray14:patient:00028523,images/nih_chestxray14/NIH_00028523_007.png,NIH ChestX-ray14,unknown,23097,5,9,0.0476190476190476,54.73176690394182,0.9096084581587185,1.0,1.0107781793922186,0.1011697212335001
val:23098,val,nih_chestx_ray14:patient:00028523,images/nih_chestxray14/NIH_00028523_007.png,NIH ChestX-ray14,unknown,23098,6,9,0.0476190476190476,51.256644805545136,1.0592582132262414,0.9670581224358078,1.030293979028463,0.02896423419777827
val:23099,val,nih_chestx_ray14:patient:00028523,images/nih_chestxray14/NIH_00028523_007.png,NIH ChestX-ray14,unknown,23099,7,9,0.0476190476190476,53.51141674899361,0.9222673266476433,1.0,1.0015123108169064,0.07924498416926307
val:23104,val,nih_chestx_ray14:patient:00028544,images/nih_chestxray14/NIH_00028544_007.png,NIH ChestX-ray14,unknown,23104,3,12,0.0666666666666666,42.586769631990464,1.0513920808413502,1.121532589271979,1.100856812745647,0.0494647319042969
val:23105,val,nih_chestx_ray14:patient:00028544,images/nih_chestxray14/NIH_00028544_007.png,NIH ChestX-ray14,unknown,23105,4,12,0.0666666666666666,43.884136669217206,1.2155700399222737,1.0,1.04073067009449,0.1748393698277837
val:23106,val,nih_chestx_ray14:patient:00028544,images/nih_chestxray14/NIH_00028544_007.png,NIH ChestX-ray14,unknown,23106,5,12,0.0666666666666666,51.99320612904917,0.8268942079092936,1.0,0.9344179332256317,0.10752372531633814
val:23107,val,nih_chestx_ray14:patient:00028544,images/nih_chestxray14/NIH_00028544_007.png,NIH ChestX-ray14,unknown,23107,6,12,0.0666666666666666,53.38101299823722,0.9486925715856271,0.9030426720775047,0.9785607064760604,0.029868134890433273
val:23108,val,nih_chestx_ray14:patient:00028544,images/nih_chestxray14/NIH_00028544_007.png,NIH ChestX-ray14,unknown,23108,7,12,0.0666666666666666,54.45294126051467,0.980989878544068,1.0198102692500073,1.0057676207632142,0.024777742219146193
val:23109,val,nih_chestx_ray14:patient:00028544,images/nih_chestxray14/NIH_00028544_007.png,NIH ChestX-ray14,unknown,23109,8,12,0.0666666666666666,55.84074812970272,1.082026457475021,1.0,0.995784008409828,0.08624244906519296
val:23110,val,nih_chestx_ray14:patient:00028544,images/nih_chestxray14/NIH_00028544_007.png,NIH ChestX-ray14,unknown,23110,9,12,0.0666666666666666,61.33823197433799,0.9498759607264455,1.0,1.0255751349031925,0.07569917417674699
val:23111,val,nih_chestx_ray14:patient:00028544,images/nih_chestxray14/NIH_00028544_007.png,NIH ChestX-ray14,unknown,23111,10,12,0.0666666666666666,59.34243945371151,1.0490855724881252,1.0500818211521632,1.0237019080605037,0.025383664427621522
val:23116,val,nih_chestx_ray14:patient:00028544,images/nih_chestxray14/NIH_00028544_008.png,NIH ChestX-ray14,unknown,23116,3,11,0.0666666666666666,48.701773370560936,0.9476077053685874,1.1378521357554439,0.9474761520403865,0.00013155332820091736
val:23117,val,nih_chestx_ray14:patient:00028544,images/nih_chestxray14/NIH_00028544_008.png,NIH ChestX-ray14,unknown,23117,4,11,0.0666666666666666,49.49819531595645,1.3389074378618668,0.9999999999999999,1.0943366289138794,0.24457080894798744
val:23118,val,nih_chestx_ray14:patient:00028544,images/nih_chestxray14/NIH_00028544_008.png,NIH ChestX-ray14,unknown,23118,5,11,0.0666666666666666,59.57150767596746,0.8871055473080477,1.0564654083853264,0.8968523206120034,0.00974677330395568
val:23119,val,nih_chestx_ray14:patient:00028544,images/nih_chestxray14/NIH_00028544_008.png,NIH ChestX-ray14,unknown,23119,6,11,0.0666666666666666,59.5523833055418,1.0007487390554475,0.9436419798295717,0.9305415205891947,0.07020721846625277
val:23120,val,nih_chestx_ray14:patient:00028544,images/nih_chestxray14/NIH_00028544_008.png,NIH ChestX-ray14,unknown,23120,7,11,0.0666666666666666,59.57784813034196,0.999466155959425,0.9999999999999999,1.012538354843855,0.013072198884429898
val:23121,val,nih_chestx_ray14:patient:00028544,images/nih_chestxray14/NIH_00028544_008.png,NIH ChestX-ray14,unknown,23121,8,11,0.0666666666666666,60.49735479377736,0.9844847590930104,0.9995790754011151,1.0116586225604889,0.02717386346747852
val:23122,val,nih_chestx_ray14:patient:00028544,images/nih_chestxray14/NIH_00028544_008.png,NIH ChestX-ray14,unknown,23122,9,11,0.0666666666666666,59.5523833055418,1.0309870685070228,1.0713517459278017,1.0632281609048158,0.032241092397792936
val:23127,val,nih_chestx_ray14:patient:00028890,images/nih_chestxray14/NIH_00028890_012.png,NIH ChestX-ray14,unknown,23127,3,5,1.0,61.62465799267944,0.8603977782355717,1.0,0.9816875923424959,0.12128981410692419
val:23132,val,nih_chestx_ray14:patient:00029357,images/nih_chestxray14/NIH_00029357_000.png,NIH ChestX-ray14,unknown,23132,3,11,0.1428571428571428,62.19657035395943,0.980075024162272,1.0142357472121128,0.9349308062135586,0.04514421794871337
val:23133,val,nih_chestx_ray14:patient:00029357,images/nih_chestxray14/NIH_00029357_000.png,NIH ChestX-ray14,unknown,23133,4,11,0.1428571428571428,60.67918722087125,0.9981741303132128,1.0,1.0014411818701774,0.0032670515569646064
val:23134,val,nih_chestx_ray14:patient:00029357,images/nih_chestxray14/NIH_00029357_000.png,NIH ChestX-ray14,unknown,23134,5,11,0.1428571428571428,60.762850062386505,0.9940460196857157,0.9692229934377938,1.0097401857717305,0.015694166086014816
val:23135,val,nih_chestx_ray14:patient:00029357,images/nih_chestxray14/NIH_00029357_000.png,NIH ChestX-ray14,unknown,23135,6,11,0.1428571428571428,61.914276255630014,0.9241343254343138,0.9986487310104404,1.004018190289322,0.07988386485500809
val:23136,val,nih_chestx_ray14:patient:00029357,images/nih_chestxray14/NIH_00029357_000.png,NIH ChestX-ray14,unknown,23136,7,11,0.1428571428571428,63.39011126477162,0.997949937565584,0.9748859777692622,0.9830935336295432,0.014856403936040818
val:23137,val,nih_chestx_ray14:patient:00029357,images/nih_chestxray14/NIH_00029357_000.png,NIH ChestX-ray14,unknown,23137,8,11,0.1428571428571428,65.18322093073924,1.0183472423186866,1.0000000000000002,0.9914833474904301,0.026863894828256463
val:23138,val,nih_chestx_ray14:patient:00029357,images/nih_chestxray14/NIH_00029357_000.png,NIH ChestX-ray14,unknown,23138,9,11,0.1428571428571428,64.81965542961112,1.03527678198469,1.0431351032507528,1.0247119445753206,0.01056483740936942
val:23143,val,nih_chestx_ray14:patient:00029650,images/nih_chestxray14/NIH_00029650_001.png,NIH ChestX-ray14,unknown,23143,3,13,0.1111111111111111,45.34916000636998,1.1362369738676037,0.9481250081302254,0.9333626400770275,0.20287433379057618
val:23144,val,nih_chestx_ray14:patient:00029650,images/nih_chestxray14/NIH_00029650_001.png,NIH ChestX-ray14,unknown,23144,4,13,0.1111111111111111,52.84303218450359,0.9302522125977812,1.0,0.9517194032669067,0.021467190669125502
val:23145,val,nih_chestx_ray14:patient:00029650,images/nih_chestxray14/NIH_00029650_001.png,NIH ChestX-ray14,unknown,23145,5,13,0.1111111111111111,55.00714568284949,0.9845752104315704,0.978456937788318,0.9868199304549797,0.0022447200234093634
val:23146,val,nih_chestx_ray14:patient:00029650,images/nih_chestxray14/NIH_00029650_001.png,NIH ChestX-ray14,unknown,23146,6,13,0.1111111111111111,57.22628930603307,1.0220285072101891,1.0,0.9792978651821613,0.04273064202802779
val:23147,val,nih_chestx_ray14:patient:00029650,images/nih_chestxray14/NIH_00029650_001.png,NIH ChestX-ray14,unknown,23147,7,13,0.1111111111111111,60.801949022017325,0.991644306571508,1.0,0.9959952784702182,0.004350971898710143
val:23148,val,nih_chestx_ray14:patient:00029650,images/nih_chestxray14/NIH_00029650_001.png,NIH ChestX-ray14,unknown,23148,8,13,0.1111111111111111,60.53122284014916,1.0427180560698504,1.0365255886558842,1.0328225418329637,0.009895514236886616
val:23149,val,nih_chestx_ray14:patient:00029650,images/nih_chestxray14/NIH_00029650_001.png,NIH ChestX-ray14,unknown,23149,9,13,0.1111111111111111,60.53122284014916,1.0769717368656586,1.02331930781187,1.006760269500627,0.07021146736503159
val:23150,val,nih_chestx_ray14:patient:00029650,images/nih_chestxray14/NIH_00029650_001.png,NIH ChestX-ray14,unknown,23150,10,13,0.1111111111111111,60.36895588723189,1.0066190181867363,0.973058892234105,0.9353759603638829,0.07124305782285334
val:23151,val,nih_chestx_ray14:patient:00029650,images/nih_chestxray14/NIH_00029650_001.png,NIH ChestX-ray14,unknown,23151,11,13,0.1111111111111111,62.97947765046071,0.8303448112955035,0.939904999881737,0.7686905981597827,0.06165421313572084
val:23156,val,nih_chestx_ray14:patient:00029824,images/nih_chestxray14/NIH_00029824_000.png,NIH ChestX-ray14,unknown,23156,3,5,1.0,77.92468853164563,0.9646910187091692,0.9623797969165064,0.9424115666392066,0.022279452069962624
val:23161,val,nih_chestx_ray14:patient:00029919,images/nih_chestxray14/NIH_00029919_006.png,NIH ChestX-ray14,unknown,23161,3,10,0.1666666666666666,52.89737975493814,1.1896974199226547,1.0334765259788035,0.9516312275693415,0.23806619235331317
val:23162,val,nih_chestx_ray14:patient:00029919,images/nih_chestxray14/NIH_00029919_006.png,NIH ChestX-ray14,unknown,23162,4,10,0.1666666666666666,58.77999525013168,0.8468224098585788,1.0049497093485495,0.9932893318535587,0.1464669219949799
val:23163,val,nih_chestx_ray14:patient:00029919,images/nih_chestxray14/NIH_00029919_006.png,NIH ChestX-ray14,unknown,23163,5,10,0.1666666666666666,57.58998332507589,0.9586736943037028,0.9357184896656336,1.0163606459685626,0.05768695166485982
val:23164,val,nih_chestx_ray14:patient:00029919,images/nih_chestxray14/NIH_00029919_006.png,NIH ChestX-ray14,unknown,23164,6,10,0.1666666666666666,56.19508075743259,1.0321153813228472,1.0,0.9831768795847893,0.048938501738057916
val:23165,val,nih_chestx_ray14:patient:00029919,images/nih_chestxray14/NIH_00029919_006.png,NIH ChestX-ray14,unknown,23165,7,10,0.1666666666666666,59.918986463011706,0.9542911658064117,1.0000000000000002,0.9860386336222293,0.03174746781581761
val:23166,val,nih_chestx_ray14:patient:00029919,images/nih_chestxray14/NIH_00029919_006.png,NIH ChestX-ray14,unknown,23166,8,10,0.1666666666666666,60.21494939276469,1.026957032185566,1.017956133885555,1.0150119645523503,0.011945067633215789
val:23171,val,nih_chestx_ray14:patient:00030483,images/nih_chestxray14/NIH_00030483_000.png,NIH ChestX-ray14,unknown,23171,3,13,0.1111111111111111,43.54276599817764,0.9315695353562461,1.0018302495795866,0.9878140394780417,0.0562445041217956
val:23172,val,nih_chestx_ray14:patient:00030483,images/nih_chestxray14/NIH_00030483_000.png,NIH ChestX-ray14,unknown,23172,4,13,0.1111111111111111,44.98235576347295,1.101787237574321,1.0,0.9967034095898271,0.1050838279844939
val:23173,val,nih_chestx_ray14:patient:00030483,images/nih_chestxray14/NIH_00030483_000.png,NIH ChestX-ray14,unknown,23173,5,13,0.1111111111111111,51.021242704100445,0.9682554681077481,1.007496145289267,0.9884975354334959,0.020242067325747848
val:23174,val,nih_chestx_ray14:patient:00030483,images/nih_chestxray14/NIH_00030483_000.png,NIH ChestX-ray14,unknown,23174,6,13,0.1111111111111111,51.021242704100445,1.0436128637062225,0.9984380206177184,1.0176586000332781,0.0259542636729444
val:23175,val,nih_chestx_ray14:patient:00030483,images/nih_chestxray14/NIH_00030483_000.png,NIH ChestX-ray14,unknown,23175,7,13,0.1111111111111111,54.08141311223886,0.9704165792239978,0.9999999999999999,0.9866135669872164,0.01619698776321854
val:23176,val,nih_chestx_ray14:patient:00030483,images/nih_chestxray14/NIH_00030483_000.png,NIH ChestX-ray14,unknown,23176,8,13,0.1111111111111111,56.011808044673785,0.9804432838947306,0.9931717496452919,0.9792561223818055,0.0011871615129250834
val:23177,val,nih_chestx_ray14:patient:00030483,images/nih_chestxray14/NIH_00030483_000.png,NIH ChestX-ray14,unknown,23177,9,13,0.1111111111111111,59.10898288159463,0.9943867753368695,1.0000000000000002,0.9180456101894381,0.07634116514743139
val:23178,val,nih_chestx_ray14:patient:00030483,images/nih_chestxray14/NIH_00030483_000.png,NIH ChestX-ray14,unknown,23178,10,13,0.1111111111111111,62.25485353839005,1.0168133269794382,1.0000000000000002,0.9720139764249327,0.04479935055450546
val:23179,val,nih_chestx_ray14:patient:00030483,images/nih_chestxray14/NIH_00030483_000.png,NIH ChestX-ray14,unknown,23179,11,13,0.1111111111111111,63.331047735448266,1.0379192915028401,1.023044638264111,1.0184474051214072,0.019471886381432935
val:23188,val,lumos_ap:case:106,images/lumos_ap/lumos_AP_106.png,Lumos AP,AP,23188,3,9,0.2,158.83710318679056,1.088347285047639,1.0,0.9754950013011694,0.1128522837464696
val:23187,val,lumos_ap:case:106,images/lumos_ap/lumos_AP_106.png,Lumos AP,AP,23187,4,9,0.2,169.1038437237965,1.0133127327960367,1.0202192391199931,0.9960278651608094,0.017284867635227297
val:23182,val,lumos_ap:case:106,images/lumos_ap/lumos_AP_106.png,Lumos AP,AP,23182,5,9,0.2,172.11250401412465,1.0003692673021058,0.9801342088888508,0.9682512266720754,0.03211804063003043
val:23183,val,lumos_ap:case:106,images/lumos_ap/lumos_AP_106.png,Lumos AP,AP,23183,6,9,0.2,176.1382616218628,0.9426210204679575,0.9999999999999998,0.9914908241480587,0.04886980368010119
val:23184,val,lumos_ap:case:106,images/lumos_ap/lumos_AP_106.png,Lumos AP,AP,23184,7,9,0.2,175.88676365578348,1.0239568911623609,1.0096395693363562,1.028137487137498,0.004180595975137091
val:23191,val,lumos_ap:case:118,images/lumos_ap/lumos_AP_118.png,Lumos AP,AP,23191,3,7,0.3333333333333333,195.5146947309506,0.8288100773388538,1.0,0.9674764052033424,0.13866632786448863
val:23192,val,lumos_ap:case:118,images/lumos_ap/lumos_AP_118.png,Lumos AP,AP,23192,4,7,0.3333333333333333,192.3696438705298,1.042951736081166,0.973795608149567,1.0294230547712235,0.013528681309942447
val:23193,val,lumos_ap:case:118,images/lumos_ap/lumos_AP_118.png,Lumos AP,AP,23193,5,7,0.3333333333333333,196.0751065911145,1.0843440716182675,1.0072018147387478,1.0182760839291785,0.06606798768908906
val:23198,val,lumos_ap:case:130,images/lumos_ap/lumos_AP_130.png,Lumos AP,AP,23198,3,8,0.25,160.0051294754658,0.9541742085657662,1.0681829906019185,1.050328218093774,0.0961540095280079
val:23199,val,lumos_ap:case:130,images/lumos_ap/lumos_AP_130.png,Lumos AP,AP,23199,4,8,0.25,153.48939572323522,1.1466338224255337,0.9995792946450899,1.0220235353939722,0.12461028703156152
val:23200,val,lumos_ap:case:130,images/lumos_ap/lumos_AP_130.png,Lumos AP,AP,23200,5,8,0.25,164.39902396251966,0.9378211155103908,1.0000000000000002,0.9400246739387514,0.002203558428360619
val:23201,val,lumos_ap:case:130,images/lumos_ap/lumos_AP_130.png,Lumos AP,AP,23201,6,8,0.25,165.08650428063413,0.9255869586127373,1.032712311289347,1.0385453116996952,0.1129583530869579
val:23206,val,lumos_ap:case:136,images/lumos_ap/lumos_AP_136.png,Lumos AP,AP,23206,3,7,0.3333333333333333,191.55475572705387,0.8037440767944776,1.0,0.9791235402226448,0.17537946342816724
val:23207,val,lumos_ap:case:136,images/lumos_ap/lumos_AP_136.png,Lumos AP,AP,23207,4,7,0.3333333333333333,196.75256551968997,0.9615704461194798,0.8984586075174811,0.9643296301591399,0.002759184039660023
val:23208,val,lumos_ap:case:136,images/lumos_ap/lumos_AP_136.png,Lumos AP,AP,23208,5,7,0.3333333333333333,184.6846115216048,1.080691402184553,1.0687054169071608,1.081372037221282,0.0006806350367289937
val:23213,val,lumos_ap:case:139,images/lumos_ap/lumos_AP_139.png,Lumos AP,AP,23213,3,8,0.25,165.8329371453358,1.0150088689980077,1.0,1.0035269896034151,0.011481879394592553
val:23214,val,lumos_ap:case:139,images/lumos_ap/lumos_AP_139.png,Lumos AP,AP,23214,4,8,0.25,169.2373875893214,0.9700964194766759,1.0,0.9939301195554435,0.023833700078767617
val:23215,val,lumos_ap:case:139,images/lumos_ap/lumos_AP_139.png,Lumos AP,AP,23215,5,8,0.25,182.01502301765493,0.9348287321735715,0.9886127030511218,1.0217308877070266,0.08690215553345504
val:23216,val,lumos_ap:case:139,images/lumos_ap/lumos_AP_139.png,Lumos AP,AP,23216,6,8,0.25,180.07160706853293,1.0868351054717968,1.0260293368100126,1.0491640452145536,0.037671060257243205
val:23226,val,lumos_ap:case:144,images/lumos_ap/lumos_AP_144.png,Lumos AP,AP,23226,3,8,0.25,150.26127757201857,1.002807421160745,1.0779496658482202,1.03690133652469,0.034093915363945015
val:23221,val,lumos_ap:case:144,images/lumos_ap/lumos_AP_144.png,Lumos AP,AP,23221,4,8,0.25,156.00584196778567,1.1842773968986253,1.0,0.97581896930933,0.20845842758929534
val:23222,val,lumos_ap:case:144,images/lumos_ap/lumos_AP_144.png,Lumos AP,AP,23222,5,8,0.25,181.4837412681072,0.8889422189887782,1.0,0.9562312327325344,0.06728901374375618
val:23223,val,lumos_ap:case:144,images/lumos_ap/lumos_AP_144.png,Lumos AP,AP,23223,6,8,0.25,176.60164071697886,1.0091259027158808,1.018992151463474,1.0584602051918162,0.0493343024759354
val:23229,val,lumos_ap:case:160,images/lumos_ap/lumos_AP_160.png,Lumos AP,AP,23229,3,9,0.2,157.1502125566465,1.1730118235665508,0.9932589967528755,1.0025249010676915,0.17048692249885922
val:23230,val,lumos_ap:case:160,images/lumos_ap/lumos_AP_160.png,Lumos AP,AP,23230,4,9,0.2,159.28556259634956,0.9411161062774246,1.0692578177681697,0.9103861819735302,0.03072992430389443
val:23231,val,lumos_ap:case:160,images/lumos_ap/lumos_AP_160.png,Lumos AP,AP,23231,5,9,0.2,170.16127767579547,0.9185145460669348,0.8988229007845675,0.9432801389520918,0.024765592885157006
val:23232,val,lumos_ap:case:160,images/lumos_ap/lumos_AP_160.png,Lumos AP,AP,23232,6,9,0.2,172.71448008643182,0.9031292446851527,1.0153892975764658,0.9998475037979271,0.09671825911277443
val:23233,val,lumos_ap:case:160,images/lumos_ap/lumos_AP_160.png,Lumos AP,AP,23233,7,9,0.2,172.71448008643182,1.1258422595061597,0.9990964545191903,1.0653077228249688,0.06053453668119091
val:23246,val,lumos_ap:case:163,images/lumos_ap/lumos_AP_163.png,Lumos AP,AP,23246,3,11,0.1428571428571428,134.75732662461542,1.0598173514935851,1.0,0.9362048953771591,0.12361245611642602
val:23245,val,lumos_ap:case:163,images/lumos_ap/lumos_AP_163.png,Lumos AP,AP,23245,4,11,0.1428571428571428,144.7409604327863,0.9685402910088208,1.0,0.9292983636260033,0.03924192738281751
val:23244,val,lumos_ap:case:163,images/lumos_ap/lumos_AP_163.png,Lumos AP,AP,23244,5,11,0.1428571428571428,152.19947059531523,0.9636286334916535,0.9913577194161745,0.9948690853849085,0.031240451893254972
val:23243,val,lumos_ap:case:163,images/lumos_ap/lumos_AP_163.png,Lumos AP,AP,23243,6,11,0.1428571428571428,155.45824123988467,1.03938386864703,0.9999999999999998,0.9723205622285602,0.0670633064184698
val:23238,val,lumos_ap:case:163,images/lumos_ap/lumos_AP_163.png,Lumos AP,AP,23238,7,11,0.1428571428571428,171.6030931481192,0.9571663983357099,1.0,0.9623428732156754,0.00517647487996542
val:23239,val,lumos_ap:case:163,images/lumos_ap/lumos_AP_163.png,Lumos AP,AP,23239,8,11,0.1428571428571428,174.02414683599716,1.043679290520701,1.0,1.0331981852650642,0.010481105255636836
val:23240,val,lumos_ap:case:163,images/lumos_ap/lumos_AP_163.png,Lumos AP,AP,23240,9,11,0.1428571428571428,172.93905635755823,1.0627765811335133,1.079516221433122,1.067913849502046,0.005137268368532677
val:23254,val,lumos_ap:case:182,images/lumos_ap/lumos_AP_182.png,Lumos AP,AP,23254,3,11,0.1428571428571428,122.21785655835006,1.1129827164887622,1.0000000000000002,1.022997718304396,0.08998499818436634
val:23255,val,lumos_ap:case:182,images/lumos_ap/lumos_AP_182.png,Lumos AP,AP,23255,4,11,0.1428571428571428,144.3866757521321,0.8583244285075704,1.0,0.9709733799099922,0.11264895140242182
val:23249,val,lumos_ap:case:182,images/lumos_ap/lumos_AP_182.png,Lumos AP,AP,23249,5,11,0.1428571428571428,145.25737865999662,1.0515609665933199,0.9583644178413748,0.9935540315412879,0.05800693505203203
val:23256,val,lumos_ap:case:182,images/lumos_ap/lumos_AP_182.png,Lumos AP,AP,23256,6,11,0.1428571428571428,138.3388002287873,1.1167394474200378,1.123822245798503,1.0381305404523955,0.07860890696764233
val:23250,val,lumos_ap:case:182,images/lumos_ap/lumos_AP_182.png,Lumos AP,AP,23250,7,11,0.1428571428571428,153.61769241638245,1.0297606370175139,0.9007577809839418,0.8939463442525735,0.1358142927649404
val:23257,val,lumos_ap:case:182,images/lumos_ap/lumos_AP_182.png,Lumos AP,AP,23257,8,11,0.1428571428571428,159.44198994400358,0.76677585497019,1.0,0.9414321929216385,0.17465633795144853
val:23251,val,lumos_ap:case:182,images/lumos_ap/lumos_AP_182.png,Lumos AP,AP,23251,9,11,0.1428571428571428,170.39620990969772,0.943063975268661,0.8945599064045038,0.9696713402681436,0.026607364999482574
val:23261,val,lumos_ap:case:195,images/lumos_ap/lumos_AP_195.png,Lumos AP,AP,23261,3,5,1.0,215.7019836626952,1.0116455542823335,1.0474994150629238,0.966559324943085,0.04508622933924844
val:23265,val,lumos_ap:case:215,images/lumos_ap/lumos_AP_215.png,Lumos AP,AP,23265,3,7,0.3333333333333333,145.09609161536017,1.104239022020523,1.062923368085582,1.010281469691951,0.09395755232857184
val:23266,val,lumos_ap:case:215,images/lumos_ap/lumos_AP_215.png,Lumos AP,AP,23266,4,7,0.3333333333333333,152.8021475654468,1.1038666118629417,1.0164585073281227,1.0286232230056225,0.07524338885731918
val:23267,val,lumos_ap:case:215,images/lumos_ap/lumos_AP_215.png,Lumos AP,AP,23267,5,7,0.3333333333333333,157.75669766642085,0.9534512422129751,1.0264672419065688,1.0084091430539344,0.054957900840959306
val:23272,val,lumos_ap:case:224,images/lumos_ap/lumos_AP_224.png,Lumos AP,AP,23272,3,9,0.2,154.303402886809,1.1101124956252657,0.9801713103409392,1.0102839568610769,0.09982853876418885
val:23273,val,lumos_ap:case:224,images/lumos_ap/lumos_AP_224.png,Lumos AP,AP,23273,4,9,0.2,176.08052528699093,0.9352892075538682,1.0145822550853267,0.9770683098336235,0.04177910227975523
val:23274,val,lumos_ap:case:224,images/lumos_ap/lumos_AP_224.png,Lumos AP,AP,23274,5,9,0.2,176.08052528699093,1.0563474687462444,0.9812360830647298,1.00669735819524,0.04965011055100432
val:23275,val,lumos_ap:case:224,images/lumos_ap/lumos_AP_224.png,Lumos AP,AP,23275,6,9,0.2,188.32543179383177,0.9603955938879172,1.0,0.9906624844297767,0.030266890541859492
val:23276,val,lumos_ap:case:224,images/lumos_ap/lumos_AP_224.png,Lumos AP,AP,23276,7,9,0.2,183.43456604712875,1.039327813255542,1.0257544109280756,1.0096837674881867,0.029644045767355243
val:23286,val,lumos_ap:case:240,images/lumos_ap/lumos_AP_240.png,Lumos AP,AP,23286,3,8,0.25,145.73311205198647,0.9795627833186371,1.1139256755557,1.0886632675971926,0.10910048427855545
val:23281,val,lumos_ap:case:240,images/lumos_ap/lumos_AP_240.png,Lumos AP,AP,23281,4,8,0.25,148.8428263273128,1.2916578974979265,1.0,1.1379333287477493,0.15372456875017715
val:23282,val,lumos_ap:case:240,images/lumos_ap/lumos_AP_240.png,Lumos AP,AP,23282,5,8,0.25,192.06513263356777,0.8066582292522635,1.0,0.957762286067009,0.15110405681474548
val:23283,val,lumos_ap:case:240,images/lumos_ap/lumos_AP_240.png,Lumos AP,AP,23283,6,8,0.25,193.69994358684937,0.9905849717995296,0.9074631029481504,0.9645405145103547,0.026044457289174927
val:23291,val,lumos_ap:case:269,images/lumos_ap/lumos_AP_269.png,Lumos AP,AP,23291,3,8,0.25,162.6318349647294,0.9682185229069897,1.0,0.9726712871342897,0.00445276422730001
val:23292,val,lumos_ap:case:269,images/lumos_ap/lumos_AP_269.png,Lumos AP,AP,23292,4,8,0.25,160.87597807522462,1.0006147016613154,1.0603811773752896,1.069018093431565,0.06840339177024957
val:23293,val,lumos_ap:case:269,images/lumos_ap/lumos_AP_269.png,Lumos AP,AP,23293,5,8,0.25,157.40146403547584,1.167184588683403,0.9914412986120853,1.0133138674876365,0.1538707211957664
val:23294,val,lumos_ap:case:269,images/lumos_ap/lumos_AP_269.png,Lumos AP,AP,23294,6,8,0.25,170.10145287517207,0.8884918526724552,1.0025085921883408,1.0521226714849297,0.16363081881247443
val:23299,val,lumos_ap:case:270,images/lumos_ap/lumos_AP_270.png,Lumos AP,AP,23299,3,5,1.0,169.89070011391522,1.0212069521953206,0.989440311326409,0.9768550271380192,0.044351925057301456
val:23304,val,lumos_ap:case:276,images/lumos_ap/lumos_AP_276.png,Lumos AP,AP,23304,3,6,0.5,173.59504304799253,0.9832016079591563,0.8883818401655992,0.979695224638923,0.0035063833202333416
val:23305,val,lumos_ap:case:276,images/lumos_ap/lumos_AP_276.png,Lumos AP,AP,23305,4,6,0.5,150.30641030042352,1.1875972027679995,1.1610653095189427,1.1696881979945992,0.017909004773400294
val:23310,val,nih_chestx_ray14:patient:00006647,images/nih_chestxray14/NIH_00006647_002.png,NIH ChestX-ray14,unknown,23310,3,10,0.1666666666666666,55.36516735428006,1.0378431585918402,1.0,0.9927796246483922,0.045063533943447975
val:23311,val,nih_chestx_ray14:patient:00006647,images/nih_chestxray14/NIH_00006647_002.png,NIH ChestX-ray14,unknown,23311,4,10,0.1666666666666666,61.80026980795126,1.0096183203515863,0.9999999999999999,1.0218988545238972,0.012280534172310897
val:23312,val,nih_chestx_ray14:patient:00006647,images/nih_chestxray14/NIH_00006647_002.png,NIH ChestX-ray14,unknown,23312,5,10,0.1666666666666666,64.34949815319547,1.0278274322437162,1.0,1.0429337210953236,0.015106288851607363
val:23313,val,nih_chestx_ray14:patient:00006647,images/nih_chestxray14/NIH_00006647_002.png,NIH ChestX-ray14,unknown,23313,6,10,0.1666666666666666,67.90935383095879,0.9763649330349727,1.0,0.9825667701661587,0.006201837131185939
val:23314,val,nih_chestx_ray14:patient:00006647,images/nih_chestxray14/NIH_00006647_002.png,NIH ChestX-ray14,unknown,23314,7,10,0.1666666666666666,67.12196995823143,1.0380882481891756,1.028927322504431,0.9957622327183784,0.042326015470797174
val:23315,val,nih_chestx_ray14:patient:00006647,images/nih_chestxray14/NIH_00006647_002.png,NIH ChestX-ray14,unknown,23315,8,10,0.1666666666666666,67.85377821236742,1.0584958987882653,1.0140788033135226,1.005881600034981,0.05261429875328427
val:23320,val,nih_chestx_ray14:patient:00006933,images/nih_chestxray14/NIH_00006933_000.png,NIH ChestX-ray14,unknown,23320,3,11,0.1428571428571428,43.11038243634165,1.0512599608803708,1.0,1.0247088521718979,0.02655110870847288
val:23321,val,nih_chestx_ray14:patient:00006933,images/nih_chestxray14/NIH_00006933_000.png,NIH ChestX-ray14,unknown,23321,4,11,0.1428571428571428,48.8192962510605,1.0055194837674397,1.0,1.0045286961831152,0.0009907875843244707
val:23322,val,nih_chestx_ray14:patient:00006933,images/nih_chestxray14/NIH_00006933_000.png,NIH ChestX-ray14,unknown,23322,5,11,0.1428571428571428,49.2430654289919,1.062451597859953,1.1297848593025712,1.141013920824161,0.07856232296420806
val:23323,val,nih_chestx_ray14:patient:00006933,images/nih_chestxray14/NIH_00006933_000.png,NIH ChestX-ray14,unknown,23323,6,11,0.1428571428571428,50.85787542114119,1.2226107641244157,1.0,1.0214020069688559,0.20120875715555986
val:23324,val,nih_chestx_ray14:patient:00006933,images/nih_chestxray14/NIH_00006933_000.png,NIH ChestX-ray14,unknown,23324,7,11,0.1428571428571428,58.76768646759222,0.840553376573165,1.0,0.8830101266503334,0.042456750077168426
val:23325,val,nih_chestx_ray14:patient:00006933,images/nih_chestxray14/NIH_00006933_000.png,NIH ChestX-ray14,unknown,23325,8,11,0.1428571428571428,66.74215130773695,0.8294006998599947,0.9110924804068565,0.9258371915153623,0.0964364916553676
val:23326,val,nih_chestx_ray14:patient:00006933,images/nih_chestxray14/NIH_00006933_000.png,NIH ChestX-ray14,unknown,23326,9,11,0.1428571428571428,59.19773170008466,1.2199651067285833,1.0698121368196416,1.071717079496998,0.14824802723158537
val:23331,val,nih_chestx_ray14:patient:00007620,images/nih_chestxray14/NIH_00007620_016.png,NIH ChestX-ray14,unknown,23331,3,11,0.1428571428571428,46.79243391041955,0.9194914409075956,1.0,1.0247144252061844,0.10522298429858878
val:23332,val,nih_chestx_ray14:patient:00007620,images/nih_chestxray14/NIH_00007620_016.png,NIH ChestX-ray14,unknown,23332,4,11,0.1428571428571428,48.17961978155677,0.9750856789205735,0.9756406307363619,0.9754655327209008,0.0003798538003272345
val:23333,val,nih_chestx_ray14:patient:00007620,images/nih_chestxray14/NIH_00007620_016.png,NIH ChestX-ray14,unknown,23333,5,11,0.1428571428571428,48.36644313597159,1.0541760666879962,1.0,1.0159869398921728,0.038189126795823425
val:23334,val,nih_chestx_ray14:patient:00007620,images/nih_chestxray14/NIH_00007620_016.png,NIH ChestX-ray14,unknown,23334,6,11,0.1428571428571428,52.61735365411843,0.9455745215573862,1.02503633449628,0.9884684155400003,0.04289389398261412
val:23335,val,nih_chestx_ray14:patient:00007620,images/nih_chestxray14/NIH_00007620_016.png,NIH ChestX-ray14,unknown,23335,7,11,0.1428571428571428,52.61735365411843,1.0810625754798777,0.988282214022352,0.9978742563269274,0.08318831915295033
val:23336,val,nih_chestx_ray14:patient:00007620,images/nih_chestxray14/NIH_00007620_016.png,NIH ChestX-ray14,unknown,23336,8,11,0.1428571428571428,57.72886995222956,0.9397024498896254,1.0201917792930542,0.9862295481636463,0.046527098274020906
val:23337,val,nih_chestx_ray14:patient:00007620,images/nih_chestxray14/NIH_00007620_016.png,NIH ChestX-ray14,unknown,23337,9,11,0.1428571428571428,57.72886995222956,1.0550420491589012,0.977180470231209,1.0019919820905068,0.053050067068394435
val:23342,val,nih_chestx_ray14:patient:00008342,images/nih_chestxray14/NIH_00008342_020.png,NIH ChestX-ray14,unknown,23342,3,14,0.1,43.23760260229052,0.8706807668876382,1.0,0.9389793165028095,0.06829854961517134
val:23343,val,nih_chestx_ray14:patient:00008342,images/nih_chestxray14/NIH_00008342_020.png,NIH ChestX-ray14,unknown,23343,4,14,0.1,45.784501602409605,1.0188544419048515,0.9761784740678912,0.9556955912105685,0.06315885069428306
val:23344,val,nih_chestx_ray14:patient:00008342,images/nih_chestxray14/NIH_00008342_020.png,NIH ChestX-ray14,unknown,23344,5,14,0.1,49.72441251022662,1.040566156867344,1.0,0.9931879914365709,0.04737816543077322
val:23345,val,nih_chestx_ray14:patient:00008342,images/nih_chestxray14/NIH_00008342_020.png,NIH ChestX-ray14,unknown,23345,6,14,0.1,53.15057230278879,0.9934245278045288,1.0,1.0206245929002762,0.02720006509574735
val:23346,val,nih_chestx_ray14:patient:00008342,images/nih_chestxray14/NIH_00008342_020.png,NIH ChestX-ray14,unknown,23346,7,14,0.1,55.87711584294436,0.9764212585824409,1.0369267585290136,0.9817029694629373,0.0052817108804964485
val:23347,val,nih_chestx_ray14:patient:00008342,images/nih_chestxray14/NIH_00008342_020.png,NIH ChestX-ray14,unknown,23347,8,14,0.1,56.75637663538745,1.1114146948940433,1.0,0.9767768960446119,0.1346377988494314
val:23348,val,nih_chestx_ray14:patient:00008342,images/nih_chestxray14/NIH_00008342_020.png,NIH ChestX-ray14,unknown,23348,9,14,0.1,61.18517275191318,0.9635201935685788,1.0049229326284017,0.9597120049035635,0.0038081886650153107
val:23349,val,nih_chestx_ray14:patient:00008342,images/nih_chestxray14/NIH_00008342_020.png,NIH ChestX-ray14,unknown,23349,10,14,0.1,62.778660538195766,0.9540327069021386,0.9671327685818538,0.9556610230237708,0.0016283161216321673
val:23350,val,nih_chestx_ray14:patient:00008342,images/nih_chestxray14/NIH_00008342_020.png,NIH ChestX-ray14,unknown,23350,11,14,0.1,61.697702252199306,1.0126381984128732,1.028852906743131,1.0113844691906788,0.0012537292221943552
val:23351,val,nih_chestx_ray14:patient:00008342,images/nih_chestxray14/NIH_00008342_020.png,NIH ChestX-ray14,unknown,23351,12,14,0.1,62.014447185199685,1.0814064818456484,1.0157307275037717,1.0034742812092852,0.07793220063636319
val:23356,val,nih_chestx_ray14:patient:00009645,images/nih_chestxray14/NIH_00009645_000.png,NIH ChestX-ray14,unknown,23356,3,11,0.1428571428571428,39.168799397306216,1.0053949306198855,0.9971068485096859,1.0126615178228187,0.007266587202933161
val:23357,val,nih_chestx_ray14:patient:00009645,images/nih_chestxray14/NIH_00009645_000.png,NIH ChestX-ray14,unknown,23357,4,11,0.1428571428571428,46.8233061224612,0.9077963431366662,1.0,0.9266410693526268,0.01884472621596056
val:23358,val,nih_chestx_ray14:patient:00009645,images/nih_chestxray14/NIH_00009645_000.png,NIH ChestX-ray14,unknown,23358,5,11,0.1428571428571428,48.898116100639285,1.1097871292365402,1.0000000000000002,1.0041374741122129,0.10564965512432734
val:23359,val,nih_chestx_ray14:patient:00009645,images/nih_chestxray14/NIH_00009645_000.png,NIH ChestX-ray14,unknown,23359,6,11,0.1428571428571428,58.94845428617029,0.9379415762341894,1.0,0.9338968098163605,0.0040447664178289156
val:23360,val,nih_chestx_ray14:patient:00009645,images/nih_chestxray14/NIH_00009645_000.png,NIH ChestX-ray14,unknown,23360,7,11,0.1428571428571428,59.64880127542866,1.0667508368881262,1.0213132030876295,1.0003518178673403,0.06639901902078593
val:23361,val,nih_chestx_ray14:patient:00009645,images/nih_chestxray14/NIH_00009645_000.png,NIH ChestX-ray14,unknown,23361,8,11,0.1428571428571428,63.81890255052738,1.0427946547570566,1.0,0.9762756135314703,0.06651904122558627
val:23362,val,nih_chestx_ray14:patient:00009645,images/nih_chestxray14/NIH_00009645_000.png,NIH ChestX-ray14,unknown,23362,9,11,0.1428571428571428,66.38828970048404,0.9641368486805744,1.0,0.9866830827668309,0.022546234086256556
val:23367,val,nih_chestx_ray14:patient:00009675,images/nih_chestxray14/NIH_00009675_000.png,NIH ChestX-ray14,unknown,23367,3,11,0.1428571428571428,48.10966445663696,1.1315061815509133,1.0,1.147116795182228,0.015610613631314774
val:23368,val,nih_chestx_ray14:patient:00009675,images/nih_chestxray14/NIH_00009675_000.png,NIH ChestX-ray14,unknown,23368,4,11,0.1428571428571428,54.36945482949064,0.9338112975378037,1.0,1.036161620169878,0.10235032263207433
val:23369,val,nih_chestx_ray14:patient:00009675,images/nih_chestxray14/NIH_00009675_000.png,NIH ChestX-ray14,unknown,23369,5,11,0.1428571428571428,59.18839021353456,0.9174523371568055,0.9690347080647828,0.940121059265721,0.022668722108915462
val:23370,val,nih_chestx_ray14:patient:00009675,images/nih_chestxray14/NIH_00009675_000.png,NIH ChestX-ray14,unknown,23370,6,11,0.1428571428571428,60.88108650246667,1.050250601218385,1.0131658318103411,0.9569255563081362,0.09332504491024873
val:23371,val,nih_chestx_ray14:patient:00009675,images/nih_chestxray14/NIH_00009675_000.png,NIH ChestX-ray14,unknown,23371,7,11,0.1428571428571428,65.7000218865106,1.051183003879661,1.0000000000000002,1.0040744985453787,0.04710850533428235
val:23372,val,nih_chestx_ray14:patient:00009675,images/nih_chestxray14/NIH_00009675_000.png,NIH ChestX-ray14,unknown,23372,8,11,0.1428571428571428,68.72108799970339,0.9816440343794943,1.0,1.0302453842014074,0.04860134982191311
val:23373,val,nih_chestx_ray14:patient:00009675,images/nih_chestxray14/NIH_00009675_000.png,NIH ChestX-ray14,unknown,23373,9,11,0.1428571428571428,70.07225098837833,0.9758417729312847,0.9885610903886155,0.9905302150447861,0.014688442113501399
val:23378,val,nih_chestx_ray14:patient:00009682,images/nih_chestxray14/NIH_00009682_000.png,NIH ChestX-ray14,unknown,23378,3,11,0.1428571428571428,53.23332192434265,1.0733914373581857,1.0,1.0120865236967802,0.06130491366140545
val:23379,val,nih_chestx_ray14:patient:00009682,images/nih_chestxray14/NIH_00009682_000.png,NIH ChestX-ray14,unknown,23379,4,11,0.1428571428571428,61.07348228137079,0.9500237268445306,1.0167601894663694,0.9912386708037975,0.041214943959266837
val:23380,val,nih_chestx_ray14:patient:00009682,images/nih_chestxray14/NIH_00009682_000.png,NIH ChestX-ray14,unknown,23380,5,11,0.1428571428571428,61.51401493767084,1.09006019138527,1.0,1.0375750847160816,0.052485106669188486
val:23381,val,nih_chestx_ray14:patient:00009682,images/nih_chestxray14/NIH_00009682_000.png,NIH ChestX-ray14,unknown,23381,6,11,0.1428571428571428,64.83033231966519,1.0027215703057824,1.0188128234982585,0.9655302571296787,0.03719131317610369
val:23382,val,nih_chestx_ray14:patient:00009682,images/nih_chestxray14/NIH_00009682_000.png,NIH ChestX-ray14,unknown,23382,7,11,0.1428571428571428,66.03037576142711,0.9850916065817845,0.981529082862258,0.9648536646194459,0.020237941962338635
val:23383,val,nih_chestx_ray14:patient:00009682,images/nih_chestxray14/NIH_00009682_000.png,NIH ChestX-ray14,unknown,23383,8,11,0.1428571428571428,67.02148860212404,0.9640892353330909,0.9999999999999999,0.9916567606851457,0.027567525352054867
val:23384,val,nih_chestx_ray14:patient:00009682,images/nih_chestxray14/NIH_00009682_000.png,NIH ChestX-ray14,unknown,23384,9,11,0.1428571428571428,66.3584033424244,1.039762935617735,1.0456015481818592,1.0382075500879562,0.0015553855297787411
val:23389,val,nih_chestx_ray14:patient:00009688,images/nih_chestxray14/NIH_00009688_000.png,NIH ChestX-ray14,unknown,23389,3,14,0.1,41.73509721043448,1.0850343879172382,1.01907147526963,1.0322730007044816,0.05276138721275658
val:23390,val,nih_chestx_ray14:patient:00009688,images/nih_chestxray14/NIH_00009688_000.png,NIH ChestX-ray14,unknown,23390,4,14,0.1,47.01846726769347,1.070745635773576,1.0000000000000002,0.9656738527119162,0.10507178306165987
val:23391,val,nih_chestx_ray14:patient:00009688,images/nih_chestxray14/NIH_00009688_000.png,NIH ChestX-ray14,unknown,23391,5,14,0.1,50.33563941750393,0.9685566617048513,1.0,1.0433136783540249,0.07475701664917356
val:23392,val,nih_chestx_ray14:patient:00009688,images/nih_chestxray14/NIH_00009688_000.png,NIH ChestX-ray14,unknown,23392,6,14,0.1,50.6451055307352,0.9937082701273181,1.0011615325783982,1.00767786904179,0.013969598914471915
val:23393,val,nih_chestx_ray14:patient:00009688,images/nih_chestxray14/NIH_00009688_000.png,NIH ChestX-ray14,unknown,23393,7,14,0.1,50.6359263205936,1.0398732261579986,1.0,0.9694940280169249,0.07037919814107374
val:23394,val,nih_chestx_ray14:patient:00009688,images/nih_chestxray14/NIH_00009688_000.png,NIH ChestX-ray14,unknown,23394,8,14,0.1,54.9091835600606,0.9278118728190508,0.9999999999999999,0.9976090358104556,0.06979716299140482
val:23395,val,nih_chestx_ray14:patient:00009688,images/nih_chestxray14/NIH_00009688_000.png,NIH ChestX-ray14,unknown,23395,9,14,0.1,56.06265334180517,1.0196346346490313,0.9847532044349858,0.9900366630590209,0.02959797159001032
val:23396,val,nih_chestx_ray14:patient:00009688,images/nih_chestxray14/NIH_00009688_000.png,NIH ChestX-ray14,unknown,23396,10,14,0.1,59.33470682418636,1.0022862807316393,1.028759977946309,0.9939481943643369,0.008338086367302378
val:23397,val,nih_chestx_ray14:patient:00009688,images/nih_chestxray14/NIH_00009688_000.png,NIH ChestX-ray14,unknown,23397,11,14,0.1,60.48817660593094,1.0732497481798642,1.0,1.0103990230709314,0.06285072510893275
val:23398,val,nih_chestx_ray14:patient:00009688,images/nih_chestxray14/NIH_00009688_000.png,NIH ChestX-ray14,unknown,23398,12,14,0.1,62.19464146564525,0.9889274886281043,1.0490672522378477,1.050523581254794,0.061596092626689636
val:23403,val,nih_chestx_ray14:patient:00009702,images/nih_chestxray14/NIH_00009702_000.png,NIH ChestX-ray14,unknown,23403,3,14,0.1,36.014175241442814,1.0133682324772986,1.0,0.9925459367223084,0.020822295754990172
val:23404,val,nih_chestx_ray14:patient:00009702,images/nih_chestxray14/NIH_00009702_000.png,NIH ChestX-ray14,unknown,23404,4,14,0.1,41.51245639328331,0.8437331647226383,0.9938898681227681,0.9953653204518003,0.151632155729162
val:23405,val,nih_chestx_ray14:patient:00009702,images/nih_chestxray14/NIH_00009702_000.png,NIH ChestX-ray14,unknown,23405,5,14,0.1,42.199309756890656,1.0905865232613565,0.9825804627030295,1.0112566354214352,0.07932988783992134
val:23406,val,nih_chestx_ray14:patient:00009702,images/nih_chestxray14/NIH_00009702_000.png,NIH ChestX-ray14,unknown,23406,6,14,0.1,50.21165616435336,0.9540214775715838,1.0,0.9056433513760567,0.04837812619552717
val:23407,val,nih_chestx_ray14:patient:00009702,images/nih_chestxray14/NIH_00009702_000.png,NIH ChestX-ray14,unknown,23407,7,14,0.1,51.55304679688007,1.0552492470765589,1.0,0.9805451799184084,0.07470406715815048
val:23408,val,nih_chestx_ray14:patient:00009702,images/nih_chestxray14/NIH_00009702_000.png,NIH ChestX-ray14,unknown,23408,8,14,0.1,51.926510211885365,1.0631004271858824,1.0559646514936392,0.9957218309625093,0.06737859622337306
val:23409,val,nih_chestx_ray14:patient:00009702,images/nih_chestxray14/NIH_00009702_000.png,NIH ChestX-ray14,unknown,23409,9,14,0.1,54.80220450271886,1.0084230224478796,0.9548411669296596,0.9212502950889442,0.08717272735893544
val:23410,val,nih_chestx_ray14:patient:00009702,images/nih_chestxray14/NIH_00009702_000.png,NIH ChestX-ray14,unknown,23410,10,14,0.1,57.33400465154311,0.8625196671227022,1.0,0.9441441223025322,0.08162445517982997
val:23411,val,nih_chestx_ray14:patient:00009702,images/nih_chestxray14/NIH_00009702_000.png,NIH ChestX-ray14,unknown,23411,11,14,0.1,58.646273491390936,1.0129237727332838,0.9504478481873933,0.9501304151533234,0.06279335757996041
val:23412,val,nih_chestx_ray14:patient:00009702,images/nih_chestxray14/NIH_00009702_000.png,NIH ChestX-ray14,unknown,23412,12,14,0.1,66.1863358718198,0.9371835056932551,1.0083075522297908,0.8682387082690288,0.06894479742422632
val:23417,val,nih_chestx_ray14:patient:00009705,images/nih_chestxray14/NIH_00009705_000.png,NIH ChestX-ray14,unknown,23417,3,14,0.1,42.39900819650313,0.8528541640595523,1.0,1.0215046498924494,0.1686504858328971
val:23418,val,nih_chestx_ray14:patient:00009705,images/nih_chestxray14/NIH_00009705_000.png,NIH ChestX-ray14,unknown,23418,4,14,0.1,45.14767249758757,1.0071224361542805,0.9649083594693969,0.9635794023187066,0.0435430338355739
val:23419,val,nih_chestx_ray14:patient:00009705,images/nih_chestxray14/NIH_00009705_000.png,NIH ChestX-ray14,unknown,23419,5,14,0.1,51.59166633838774,0.9878836279554756,1.0,0.9623199105262756,0.02556371742919994
val:23420,val,nih_chestx_ray14:patient:00009705,images/nih_chestxray14/NIH_00009705_000.png,NIH ChestX-ray14,unknown,23420,6,14,0.1,52.5585576918801,1.0980913727247477,1.0375125418347806,1.0658760639769524,0.03221530874779521
val:23421,val,nih_chestx_ray14:patient:00009705,images/nih_chestxray14/NIH_00009705_000.png,NIH ChestX-ray14,unknown,23421,7,14,0.1,55.9323258167174,1.0386437933561967,1.0,0.963106706738472,0.07553708661772474
val:23422,val,nih_chestx_ray14:patient:00009705,images/nih_chestxray14/NIH_00009705_000.png,NIH ChestX-ray14,unknown,23422,8,14,0.1,59.45777132589539,0.910739700825977,1.0,0.9458011463284492,0.035061445502472255
val:23423,val,nih_chestx_ray14:patient:00009705,images/nih_chestxray14/NIH_00009705_000.png,NIH ChestX-ray14,unknown,23423,9,14,0.1,61.549773785564966,0.9881722686127079,0.9679673055978838,0.9696443700557921,0.018527898556915834
val:23424,val,nih_chestx_ray14:patient:00009705,images/nih_chestxray14/NIH_00009705_000.png,NIH ChestX-ray14,unknown,23424,10,14,0.1,65.51761332901344,0.99218792032574,1.0078905256608268,0.9372124480226776,0.054975472303062434
val:23425,val,nih_chestx_ray14:patient:00009705,images/nih_chestxray14/NIH_00009705_000.png,NIH ChestX-ray14,unknown,23425,11,14,0.1,67.609615788683,1.0538054838952293,1.0,1.0114692877978086,0.042336196097420675
val:23426,val,nih_chestx_ray14:patient:00009705,images/nih_chestxray14/NIH_00009705_000.png,NIH ChestX-ray14,unknown,23426,12,14,0.1,71.90193514542653,0.976516792235629,1.0077709347685055,1.0292731054802613,0.05275631324463226
val:23431,val,nih_chestx_ray14:patient:00009719,images/nih_chestxray14/NIH_00009719_000.png,NIH ChestX-ray14,unknown,23431,3,9,0.2,49.82305924199828,1.0611569034578956,1.0,1.0282488744705915,0.03290802898730405
val:23432,val,nih_chestx_ray14:patient:00009719,images/nih_chestxray14/NIH_00009719_000.png,NIH ChestX-ray14,unknown,23432,4,9,0.2,58.59888710982357,0.8563995174779162,1.0146136555370608,0.7751100781854907,0.08128943929242549
val:23433,val,nih_chestx_ray14:patient:00009719,images/nih_chestxray14/NIH_00009719_000.png,NIH ChestX-ray14,unknown,23433,5,9,0.2,58.59888710982357,1.1269903254646287,0.9770812659342119,1.0299536666650602,0.09703665879956858
val:23434,val,nih_chestx_ray14:patient:00009719,images/nih_chestxray14/NIH_00009719_000.png,NIH ChestX-ray14,unknown,23434,6,9,0.2,62.612854173072776,1.0273879350044655,1.0458538342488453,1.1238081861508533,0.09642025114638786
val:23435,val,nih_chestx_ray14:patient:00009719,images/nih_chestxray14/NIH_00009719_000.png,NIH ChestX-ray14,unknown,23435,7,9,0.2,65.00447862921291,0.9988143853122227,0.9585954196021271,0.8977628893420411,0.10105149597018159
val:23440,val,nih_chestx_ray14:patient:00009731,images/nih_chestxray14/NIH_00009731_000.png,NIH ChestX-ray14,unknown,23440,3,13,0.1111111111111111,41.81433746264884,1.0047099696006239,0.9486451072050153,0.9563509204788028,0.048359049121821096
val:23441,val,nih_chestx_ray14:patient:00009731,images/nih_chestxray14/NIH_00009731_000.png,NIH ChestX-ray14,unknown,23441,4,13,0.1111111111111111,49.28326552845426,0.9013418391117072,1.0,0.9866308961063623,0.08528905699465517
val:23442,val,nih_chestx_ray14:patient:00009731,images/nih_chestxray14/NIH_00009731_000.png,NIH ChestX-ray14,unknown,23442,5,13,0.1111111111111111,52.07008084821759,1.086137152365807,1.0133658252511561,0.9539599582408012,0.13217719412500584
val:23443,val,nih_chestx_ray14:patient:00009731,images/nih_chestxray14/NIH_00009731_000.png,NIH ChestX-ray14,unknown,23443,6,13,0.1111111111111111,58.137170921764,1.0511521414189078,1.0,0.9479500874876976,0.10320205393121018
val:23444,val,nih_chestx_ray14:patient:00009731,images/nih_chestxray14/NIH_00009731_000.png,NIH ChestX-ray14,unknown,23444,7,13,0.1111111111111111,61.01869896621911,0.9787015049378391,0.9999999999999999,0.9690380860120057,0.009663418925833445
val:23445,val,nih_chestx_ray14:patient:00009731,images/nih_chestxray14/NIH_00009731_000.png,NIH ChestX-ray14,unknown,23445,8,13,0.1111111111111111,62.27369637427235,0.97836469921127,0.9888241803208848,0.9675463857064506,0.010818313504819432
val:23446,val,nih_chestx_ray14:patient:00009731,images/nih_chestxray14/NIH_00009731_000.png,NIH ChestX-ray14,unknown,23446,9,13,0.1111111111111111,64.38051248761195,0.9853351361609894,0.9999999999999998,0.9662025794386861,0.019132556722303296
val:23447,val,nih_chestx_ray14:patient:00009731,images/nih_chestxray14/NIH_00009731_000.png,NIH ChestX-ray14,unknown,23447,10,13,0.1111111111111111,66.22278322983483,1.0243398939879345,1.0000000000000002,0.9819182623177769,0.042421631670157556
val:23448,val,nih_chestx_ray14:patient:00009731,images/nih_chestxray14/NIH_00009731_000.png,NIH ChestX-ray14,unknown,23448,11,13,0.1111111111111111,65.7932594987365,1.0488792613003088,1.0433160639418384,1.0574387381835004,0.008559476883191586
val:23453,val,nih_chestx_ray14:patient:00030153,images/nih_chestxray14/NIH_00030153_003.png,NIH ChestX-ray14,unknown,23453,3,12,0.125,44.8354521776854,1.0588279685351152,1.076709760006933,1.0795503965378241,0.02072242800270896
val:23454,val,nih_chestx_ray14:patient:00030153,images/nih_chestxray14/NIH_00030153_003.png,NIH ChestX-ray14,unknown,23454,4,12,0.125,44.8354521776854,1.1349164023605147,1.0201624254408816,1.0421028672430257,0.09281353511748902
val:23455,val,nih_chestx_ray14:patient:00030153,images/nih_chestxray14/NIH_00030153_003.png,NIH ChestX-ray14,unknown,23455,5,12,0.125,49.17876041567877,0.8948142685794676,0.9097298453441178,1.0590390930762803,0.16422482449681275
val:23456,val,nih_chestx_ray14:patient:00030153,images/nih_chestxray14/NIH_00030153_003.png,NIH ChestX-ray14,unknown,23456,6,12,0.125,54.885541828652855,0.7031775736335737,0.93733656147388,0.8615381691780426,0.1583605955444689
val:23457,val,nih_chestx_ray14:patient:00030153,images/nih_chestxray14/NIH_00030153_003.png,NIH ChestX-ray14,unknown,23457,7,12,0.125,53.16857074375132,1.1075451671892234,0.990625368990472,0.9457526976247341,0.16179246956448923
val:23458,val,nih_chestx_ray14:patient:00030153,images/nih_chestxray14/NIH_00030153_003.png,NIH ChestX-ray14,unknown,23458,8,12,0.125,60.60893926505113,1.1012564928899997,1.0,1.0147169763222337,0.08653951656776604
val:23459,val,nih_chestx_ray14:patient:00030153,images/nih_chestxray14/NIH_00030153_003.png,NIH ChestX-ray14,unknown,23459,9,12,0.125,65.01904692426757,0.9586619291590657,1.0152037391773416,0.9905710710546924,0.03190914189562677
val:23460,val,nih_chestx_ray14:patient:00030153,images/nih_chestxray14/NIH_00030153_003.png,NIH ChestX-ray14,unknown,23460,10,12,0.125,65.75745526181731,0.9925744686718874,0.9664319207705525,0.980975725110617,0.01159874356127033
test:48,test,buu_ap:image:BUU-AP-00010,images/buu_ap/BUU-AP-00010.jpg,BUU AP,AP,48,3,5,1.0,141.65661826360906,1.0343253184202552,0.9709579616928629,1.0495744243407779,0.015249105920522643
test:63,test,buu_ap:image:BUU-AP-00013,images/buu_ap/BUU-AP-00013.jpg,BUU AP,AP,63,3,5,1.0,138.84931565250326,0.9996767424038155,0.9797924453996952,0.9857810646899875,0.013895677713828047
test:98,test,buu_ap:image:BUU-AP-00020,images/buu_ap/BUU-AP-00020.jpg,BUU AP,AP,98,3,5,1.0,124.82126019604894,1.0445564999349872,1.044799051938506,1.016078229753228,0.02847827018175919
test:113,test,buu_ap:image:BUU-AP-00023,images/buu_ap/BUU-AP-00023.jpg,BUU AP,AP,113,3,5,1.0,147.8025159894107,1.020057447183162,1.0058787957700273,1.0043620815435728,0.015695365639589287
test:343,test,buu_ap:image:BUU-AP-00069,images/buu_ap/BUU-AP-00069.jpg,BUU AP,AP,343,3,5,1.0,148.11653446142873,0.9929924829354811,1.0000000000000002,1.008573438972235,0.015580956036753801
test:388,test,buu_ap:image:BUU-AP-00078,images/buu_ap/BUU-AP-00078.jpg,BUU AP,AP,388,3,5,1.0,156.97087133306184,1.089221978057885,0.9963830513773548,1.0821325955806362,0.0070893824772486624
test:393,test,buu_ap:image:BUU-AP-00079,images/buu_ap/BUU-AP-00079.jpg,BUU AP,AP,393,3,5,1.0,142.6155022405854,1.1082639188142482,0.9510703101791764,1.0622169315852548,0.046046987228993475
test:408,test,buu_ap:image:BUU-AP-00082,images/buu_ap/BUU-AP-00082.jpg,BUU AP,AP,408,3,5,1.0,122.6647865766038,0.988668494047,1.1723112007425325,1.1415997454718845,0.1529312514248845
test:413,test,buu_ap:image:BUU-AP-00083,images/buu_ap/BUU-AP-00083.jpg,BUU AP,AP,413,3,5,1.0,133.23117782978494,1.11903391022668,1.0882907285427872,1.1013275840392533,0.017706326187426624
test:433,test,buu_ap:image:BUU-AP-00087,images/buu_ap/BUU-AP-00087.jpg,BUU AP,AP,433,3,5,1.0,150.20341305484666,1.0395851028908674,1.0624821821470247,1.0806943217535006,0.04110921886263319
test:508,test,buu_ap:image:BUU-AP-00102,images/buu_ap/BUU-AP-00102.jpg,BUU AP,AP,508,3,5,1.0,187.4231154653344,1.0720846619143525,0.953189747884962,1.013246356055233,0.05883830585911953
test:528,test,buu_ap:image:BUU-AP-00106,images/buu_ap/BUU-AP-00106.jpg,BUU AP,AP,528,3,5,1.0,159.91958701509438,1.1530740152410583,1.0247413942741401,1.077461326323653,0.07561268891740536
test:553,test,buu_ap:image:BUU-AP-00111,images/buu_ap/BUU-AP-00111.jpg,BUU AP,AP,553,3,5,1.0,185.7344183528232,1.0486729341868253,0.9960156081041225,1.0104334743490346,0.038239459837790646
test:558,test,buu_ap:image:BUU-AP-00112,images/buu_ap/BUU-AP-00112.jpg,BUU AP,AP,558,3,5,1.0,210.88972556329367,1.0306718362441862,1.1793052346320496,1.0921432242603646,0.06147138801617835
test:708,test,buu_ap:image:BUU-AP-00142,images/buu_ap/BUU-AP-00142.jpg,BUU AP,AP,708,3,5,1.0,194.99064523129093,0.9682125961913933,0.9925010089265502,0.993252460748548,0.02503986455715468
test:743,test,buu_ap:image:BUU-AP-00149,images/buu_ap/BUU-AP-00149.jpg,BUU AP,AP,743,3,5,1.0,176.7754851098693,1.0709926309145392,1.071186749197444,1.0814877878203002,0.010495156905760972
test:748,test,buu_ap:image:BUU-AP-00150,images/buu_ap/BUU-AP-00150.jpg,BUU AP,AP,748,3,5,1.0,168.90517553820234,1.1356583027075873,0.8865382621190075,1.023646617879582,0.11201168482800528
test:778,test,buu_ap:image:BUU-AP-00156,images/buu_ap/BUU-AP-00156.jpg,BUU AP,AP,778,3,5,1.0,193.9150899424477,0.9405296591577104,0.9546608388700015,0.9965765610613353,0.056046901903624935
test:833,test,buu_ap:image:BUU-AP-00167,images/buu_ap/BUU-AP-00167.jpg,BUU AP,AP,833,3,5,1.0,207.0811537348449,0.9982868736759116,1.0,1.0074676824733615,0.009180808797449869
test:1028,test,buu_ap:image:BUU-AP-00206,images/buu_ap/BUU-AP-00206.jpg,BUU AP,AP,1028,3,5,1.0,191.29444210214348,0.958997282275839,0.9908681233024179,1.0048279949074566,0.04583071263161753
test:1098,test,buu_ap:image:BUU-AP-00220,images/buu_ap/BUU-AP-00220.jpg,BUU AP,AP,1098,3,5,1.0,183.66387324889516,1.122682675663245,1.1577494382978228,1.172510441963449,0.0498277663002038
test:1218,test,buu_ap:image:BUU-AP-00244,images/buu_ap/BUU-AP-00244.jpg,BUU AP,AP,1218,3,5,1.0,210.132577241007,1.0468377541240295,1.0041264172833664,1.012681257743786,0.03415649638024343
test:1238,test,buu_ap:image:BUU-AP-00248,images/buu_ap/BUU-AP-00248.jpg,BUU AP,AP,1238,3,5,1.0,192.2856836108957,1.0354771018502196,1.0663897453034679,1.0736846609199802,0.03820755906976059
test:1253,test,buu_ap:image:BUU-AP-00251,images/buu_ap/BUU-AP-00251.jpg,BUU AP,AP,1253,3,5,1.0,176.3730911342073,1.0295250595303298,0.9933578039662689,1.0306369627969116,0.0011119032665818374
test:1328,test,buu_ap:image:BUU-AP-00266,images/buu_ap/BUU-AP-00266.jpg,BUU AP,AP,1328,3,5,1.0,203.12106021956703,1.0545411141176362,1.0514896121067072,1.0519542431184168,0.002586870999219393
test:1393,test,buu_ap:image:BUU-AP-00279,images/buu_ap/BUU-AP-00279.jpg,BUU AP,AP,1393,3,5,1.0,198.36961191419763,1.1657154180787086,1.1185426066826114,1.1222760858676413,0.04343933221106733
test:1463,test,buu_ap:image:BUU-AP-00293,images/buu_ap/BUU-AP-00293.jpg,BUU AP,AP,1463,3,5,1.0,192.2076986044047,0.9745536399050698,1.0,0.9996911067282781,0.025137466823208277
test:1483,test,buu_ap:image:BUU-AP-00297,images/buu_ap/BUU-AP-00297.jpg,BUU AP,AP,1483,3,5,1.0,165.22582088213625,1.1175050028316837,1.0774179813205291,1.1034611505209495,0.01404385231073424
test:1503,test,buu_ap:image:BUU-AP-00301,images/buu_ap/BUU-AP-00301.jpg,BUU AP,AP,1503,3,5,1.0,178.7175886471045,0.966536997144391,0.9658358492959478,0.9888901603479126,0.022353163203521542
test:1553,test,buu_ap:image:BUU-AP-00311,images/buu_ap/BUU-AP-00311.jpg,BUU AP,AP,1553,3,5,1.0,198.2076148073153,1.044692411082909,1.0515634761647008,1.0520799824841007,0.007387571401191728
test:1648,test,buu_ap:image:BUU-AP-00330,images/buu_ap/BUU-AP-00330.jpg,BUU AP,AP,1648,3,5,1.0,196.16634040430125,1.0427234646792267,1.0227101395140399,1.0248154214351435,0.017908043244083238
test:1658,test,buu_ap:image:BUU-AP-00332,images/buu_ap/BUU-AP-00332.jpg,BUU AP,AP,1658,3,5,1.0,189.61076375162725,1.0128583620414653,0.9826187607423171,0.9465678450242385,0.06629051701722677
test:1683,test,buu_ap:image:BUU-AP-00337,images/buu_ap/BUU-AP-00337.jpg,BUU AP,AP,1683,3,5,1.0,200.45372567080076,0.9913045148727118,1.0112733416605924,1.0308129400361512,0.03950842516343944
test:1718,test,buu_ap:image:BUU-AP-00344,images/buu_ap/BUU-AP-00344.jpg,BUU AP,AP,1718,3,5,1.0,214.2172145365813,1.0196379391560497,1.0187658373720077,1.0061735570884374,0.013464382067612357
test:1733,test,buu_ap:image:BUU-AP-00347,images/buu_ap/BUU-AP-00347.jpg,BUU AP,AP,1733,3,5,1.0,202.21020308514076,0.9792607320524049,1.0216047491475666,1.0201034158298472,0.04084268377744227
test:1768,test,buu_ap:image:BUU-AP-00354,images/buu_ap/BUU-AP-00354.jpg,BUU AP,AP,1768,3,5,1.0,173.21559984553528,1.0699678489463822,1.0,0.9722948968410492,0.097672952105333
test:1818,test,buu_ap:image:BUU-AP-00364,images/buu_ap/BUU-AP-00364.jpg,BUU AP,AP,1818,3,5,1.0,169.83484851503323,0.9029507217405401,0.8384483079586029,0.9410286690268517,0.03807794728631153
test:1868,test,buu_ap:image:BUU-AP-00374,images/buu_ap/BUU-AP-00374.jpg,BUU AP,AP,1868,3,5,1.0,232.8948521208651,1.0182007306110297,0.9860789349142732,1.0118049328986825,0.006395797712347218
test:1888,test,buu_ap:image:BUU-AP-00378,images/buu_ap/BUU-AP-00378.jpg,BUU AP,AP,1888,3,5,1.0,187.239284979278,0.9457262955305488,1.0062081196669312,1.0155645280469032,0.06983823251635446
test:1978,test,buu_ap:image:BUU-AP-00396,images/buu_ap/BUU-AP-00396.jpg,BUU AP,AP,1978,3,5,1.0,211.47483716492496,1.066856127961949,1.0,1.0451326556503773,0.02172347231157179
test:2034,test,mendeley_pa:image:MENDE-PA-00003,images/mendeley_pa/MENDE-PA-00003.jpg,Mendeley PA,PA,2034,3,18,0.0714285714285714,30.78127237606897,1.0778790894776167,1.0,1.0165083967149258,0.061370692762690915
test:2035,test,mendeley_pa:image:MENDE-PA-00003,images/mendeley_pa/MENDE-PA-00003.jpg,Mendeley PA,PA,2035,4,18,0.0714285714285714,32.50960994061825,0.957633676636074,1.0105478072648624,1.0125954484676698,0.054961771831595785
test:2036,test,mendeley_pa:image:MENDE-PA-00003,images/mendeley_pa/MENDE-PA-00003.jpg,Mendeley PA,PA,2036,5,18,0.0714285714285714,32.835584741770234,0.9905881224645485,0.9688418439273621,0.990681095669129,9.297320458045988e-05
test:2037,test,mendeley_pa:image:MENDE-PA-00003,images/mendeley_pa/MENDE-PA-00003.jpg,Mendeley PA,PA,2037,6,18,0.0714285714285714,33.31840886377029,0.9752170271609989,1.0324513446154406,1.0117705985518506,0.03655357139085169
test:2038,test,mendeley_pa:image:MENDE-PA-00003,images/mendeley_pa/MENDE-PA-00003.jpg,Mendeley PA,PA,2038,7,18,0.0714285714285714,33.31840886377029,1.0886693891243926,0.9994918635272549,1.0216961769544648,0.0669732121699278
test:2039,test,mendeley_pa:image:MENDE-PA-00003,images/mendeley_pa/MENDE-PA-00003.jpg,Mendeley PA,PA,2039,8,18,0.0714285714285714,36.055538251159135,0.9460482118046933,1.0,0.9864188637584448,0.040370651953751446
test:2040,test,mendeley_pa:image:MENDE-PA-00003,images/mendeley_pa/MENDE-PA-00003.jpg,Mendeley PA,PA,2040,9,18,0.0714285714285714,37.16988655546866,0.9641768646379678,0.9789052669915697,0.9751231655503949,0.010946300912427098
test:2041,test,mendeley_pa:image:MENDE-PA-00003,images/mendeley_pa/MENDE-PA-00003.jpg,Mendeley PA,PA,2041,10,18,0.0714285714285714,36.952692982310246,1.0462381720216627,1.0,1.016507063060999,0.029731108960663777
test:2042,test,mendeley_pa:image:MENDE-PA-00003,images/mendeley_pa/MENDE-PA-00003.jpg,Mendeley PA,PA,2042,11,18,0.0714285714285714,41.46267412720914,0.9181038630028677,1.0,0.9725588690489531,0.05445500604608533
test:2043,test,mendeley_pa:image:MENDE-PA-00003,images/mendeley_pa/MENDE-PA-00003.jpg,Mendeley PA,PA,2043,12,18,0.0714285714285714,42.33653672606321,1.0455278990753745,0.9929815153006554,0.990418591710934,0.05510930736444042
test:2044,test,mendeley_pa:image:MENDE-PA-00003,images/mendeley_pa/MENDE-PA-00003.jpg,Mendeley PA,PA,2044,13,18,0.0714285714285714,45.12172061804664,1.019725198081959,1.0419644288489431,1.0091814271876425,0.010543770894316573
test:2045,test,mendeley_pa:image:MENDE-PA-00003,images/mendeley_pa/MENDE-PA-00003.jpg,Mendeley PA,PA,2045,14,18,0.0714285714285714,45.99558321690071,1.0819827019676647,0.9999999999999999,1.00095828139456,0.08102442057310477
test:2046,test,mendeley_pa:image:MENDE-PA-00003,images/mendeley_pa/MENDE-PA-00003.jpg,Mendeley PA,PA,2046,15,18,0.0714285714285714,46.75967770076953,0.983313256199118,1.0246937087763675,1.0264790129408814,0.04316575674176337
test:2047,test,mendeley_pa:image:MENDE-PA-00003,images/mendeley_pa/MENDE-PA-00003.jpg,Mendeley PA,PA,2047,16,18,0.0714285714285714,46.71824830956328,0.98595883595551,1.0,0.9852792993187904,0.0006795366367196021
test:2082,test,mendeley_pa:image:MENDE-PA-00006,images/mendeley_pa/MENDE-PA-00006.jpg,Mendeley PA,PA,2082,3,18,0.0714285714285714,68.85233487033008,1.00822562310147,0.938135619786859,0.9759643781458144,0.03226124495565552
test:2083,test,mendeley_pa:image:MENDE-PA-00006,images/mendeley_pa/MENDE-PA-00006.jpg,Mendeley PA,PA,2083,4,18,0.0714285714285714,76.05289448705068,0.9164538713133059,1.0389816224591375,0.9508621305243612,0.03440825921105528
test:2084,test,mendeley_pa:image:MENDE-PA-00006,images/mendeley_pa/MENDE-PA-00006.jpg,Mendeley PA,PA,2084,5,18,0.0714285714285714,76.19303516235587,1.1630515964914796,1.0,0.991887959651649,0.1711636368398306
test:2085,test,mendeley_pa:image:MENDE-PA-00006,images/mendeley_pa/MENDE-PA-00006.jpg,Mendeley PA,PA,2085,6,18,0.0714285714285714,86.20627864122946,0.9591772438246209,1.0133993019101089,0.94138032838077,0.01779691544385087
test:2086,test,mendeley_pa:image:MENDE-PA-00006,images/mendeley_pa/MENDE-PA-00006.jpg,Mendeley PA,PA,2086,7,18,0.0714285714285714,87.46132723304862,0.9845075158079064,0.9661031302221245,0.9749117681913203,0.009595747616586103
test:2087,test,mendeley_pa:image:MENDE-PA-00006,images/mendeley_pa/MENDE-PA-00006.jpg,Mendeley PA,PA,2087,8,18,0.0714285714285714,89.5097259956928,0.9642105628067823,0.9999999999999999,0.944214142858982,0.019996419947800326
test:2088,test,mendeley_pa:image:MENDE-PA-00006,images/mendeley_pa/MENDE-PA-00006.jpg,Mendeley PA,PA,2088,9,18,0.0714285714285714,89.75175053121426,1.0352234629184283,1.0,0.9634387418627739,0.07178472105565437
test:2089,test,mendeley_pa:image:MENDE-PA-00006,images/mendeley_pa/MENDE-PA-00006.jpg,Mendeley PA,PA,2089,10,18,0.0714285714285714,97.2998714483574,0.9578355695249382,1.0,0.9331625178456306,0.024673051679307556
test:2090,test,mendeley_pa:image:MENDE-PA-00006,images/mendeley_pa/MENDE-PA-00006.jpg,Mendeley PA,PA,2090,11,18,0.0714285714285714,102.5142986494662,0.9919262605161452,1.0319434459138368,0.9686907510090326,0.023235509507112617
test:2091,test,mendeley_pa:image:MENDE-PA-00006,images/mendeley_pa/MENDE-PA-00006.jpg,Mendeley PA,PA,2091,12,18,0.0714285714285714,105.28328231720153,1.124401109260996,1.014016374323309,0.9993075610434419,0.12509354821755414
test:2092,test,mendeley_pa:image:MENDE-PA-00006,images/mendeley_pa/MENDE-PA-00006.jpg,Mendeley PA,PA,2092,13,18,0.0714285714285714,113.63028957485136,0.9841682172412789,1.0000000000000002,0.9258837178349497,0.05828449940632918
test:2093,test,mendeley_pa:image:MENDE-PA-00006,images/mendeley_pa/MENDE-PA-00006.jpg,Mendeley PA,PA,2093,14,18,0.0714285714285714,118.61936064380026,0.917893496766992,0.9723935457371284,0.9439422147773315,0.02604871801033959
test:2094,test,mendeley_pa:image:MENDE-PA-00006,images/mendeley_pa/MENDE-PA-00006.jpg,Mendeley PA,PA,2094,15,18,0.0714285714285714,110.35562962054723,1.077045931160817,1.1445809879562723,1.113497739400612,0.0364518082397951
test:2095,test,mendeley_pa:image:MENDE-PA-00006,images/mendeley_pa/MENDE-PA-00006.jpg,Mendeley PA,PA,2095,16,18,0.0714285714285714,96.45326733054593,1.490275813436548,1.0517252676558,1.2404427819323045,0.2498330315042434
test:2232,test,mendeley_pa:image:MENDE-PA-00016,images/mendeley_pa/MENDE-PA-00016.jpg,Mendeley PA,PA,2232,3,18,0.0714285714285714,59.323946155092926,1.113840452996869,1.0,1.0157224498689175,0.0981180031279516
test:2233,test,mendeley_pa:image:MENDE-PA-00016,images/mendeley_pa/MENDE-PA-00016.jpg,Mendeley PA,PA,2233,4,18,0.0714285714285714,63.55507808101984,0.9649760245334462,1.0082244494894486,0.9507413016596775,0.014234722873768701
test:2234,test,mendeley_pa:image:MENDE-PA-00016,images/mendeley_pa/MENDE-PA-00016.jpg,Mendeley PA,PA,2234,5,18,0.0714285714285714,63.180563292767616,0.9825514830309522,1.0,0.9785875584930182,0.003963924537934038
test:2235,test,mendeley_pa:image:MENDE-PA-00016,images/mendeley_pa/MENDE-PA-00016.jpg,Mendeley PA,PA,2235,6,18,0.0714285714285714,61.703641373787534,1.0539410406275687,0.9979257523947099,1.0201257333093028,0.033815307318265875
test:2236,test,mendeley_pa:image:MENDE-PA-00016,images/mendeley_pa/MENDE-PA-00016.jpg,Mendeley PA,PA,2236,7,18,0.0714285714285714,66.94903027766159,0.9122335166249396,1.0032261542666998,0.9471898160565939,0.03495629943165435
test:2237,test,mendeley_pa:image:MENDE-PA-00016,images/mendeley_pa/MENDE-PA-00016.jpg,Mendeley PA,PA,2237,8,18,0.0714285714285714,66.94903027766159,1.0350864839607519,0.9704338460261459,0.9533901213700409,0.081696362590711
test:2238,test,mendeley_pa:image:MENDE-PA-00016,images/mendeley_pa/MENDE-PA-00016.jpg,Mendeley PA,PA,2238,9,18,0.0714285714285714,71.99330198758844,0.9565620502751173,1.0,0.940249253064394,0.016312797210723318
test:2239,test,mendeley_pa:image:MENDE-PA-00016,images/mendeley_pa/MENDE-PA-00016.jpg,Mendeley PA,PA,2239,10,18,0.0714285714285714,69.08204845500495,1.081157396036641,1.0645169970770016,1.0512234150622621,0.029933980974378827
test:2240,test,mendeley_pa:image:MENDE-PA-00016,images/mendeley_pa/MENDE-PA-00016.jpg,Mendeley PA,PA,2240,11,18,0.0714285714285714,71.77731408790675,1.0896474740666524,0.9936895999897313,0.9966793026149314,0.09296817145172098
test:2241,test,mendeley_pa:image:MENDE-PA-00016,images/mendeley_pa/MENDE-PA-00016.jpg,Mendeley PA,PA,2241,12,18,0.0714285714285714,79.68682789375,0.8528407419959396,1.0195365490479533,0.9802219847304885,0.12738124273454887
test:2242,test,mendeley_pa:image:MENDE-PA-00016,images/mendeley_pa/MENDE-PA-00016.jpg,Mendeley PA,PA,2242,13,18,0.0714285714285714,79.68682789375,1.0575812874862565,0.9356744656931444,1.00755098412147,0.05003030336478642
test:2243,test,mendeley_pa:image:MENDE-PA-00016,images/mendeley_pa/MENDE-PA-00016.jpg,Mendeley PA,PA,2243,14,18,0.0714285714285714,87.9084087576023,0.9232528257918768,1.0,0.9982466499786824,0.07499382418680556
test:2244,test,mendeley_pa:image:MENDE-PA-00016,images/mendeley_pa/MENDE-PA-00016.jpg,Mendeley PA,PA,2244,15,18,0.0714285714285714,92.63566197616774,0.9881887549871182,0.9831943164391419,1.0175084273142716,0.02931967232715338
test:2245,test,mendeley_pa:image:MENDE-PA-00016,images/mendeley_pa/MENDE-PA-00016.jpg,Mendeley PA,PA,2245,16,18,0.0714285714285714,99.50448771892916,1.0149896575323476,1.0,1.0111386170610785,0.0038510404712690516
test:2328,test,mendeley_pa:image:MENDE-PA-00023,images/mendeley_pa/MENDE-PA-00023.jpg,Mendeley PA,PA,2328,3,18,0.0714285714285714,59.3747370530944,1.0162294760639723,1.0,1.0371520929038525,0.02092261683988017
test:2329,test,mendeley_pa:image:MENDE-PA-00023,images/mendeley_pa/MENDE-PA-00023.jpg,Mendeley PA,PA,2329,4,18,0.0714285714285714,64.75148634995664,0.9232685498558018,1.0000000000000002,1.0356884114444258,0.11241986158862405
test:2330,test,mendeley_pa:image:MENDE-PA-00023,images/mendeley_pa/MENDE-PA-00023.jpg,Mendeley PA,PA,2330,5,18,0.0714285714285714,69.69472972980071,0.9923937583394775,0.9960158606990581,1.03707893844688,0.04468518010740241
test:2331,test,mendeley_pa:image:MENDE-PA-00023,images/mendeley_pa/MENDE-PA-00023.jpg,Mendeley PA,PA,2331,6,18,0.0714285714285714,76.10241949496893,1.0387462324758965,1.0450171215253428,1.018937725739415,0.01980850673648149
test:2332,test,mendeley_pa:image:MENDE-PA-00023,images/mendeley_pa/MENDE-PA-00023.jpg,Mendeley PA,PA,2332,7,18,0.0714285714285714,81.01795454740643,1.1095324296034048,1.00034200230753,1.003372908738907,0.10615952086449787
test:2333,test,mendeley_pa:image:MENDE-PA-00023,images/mendeley_pa/MENDE-PA-00023.jpg,Mendeley PA,PA,2333,8,18,0.0714285714285714,81.01795454740643,1.0249607593874401,1.0669045921878926,1.0035737779455296,0.021386981441910535
test:2334,test,mendeley_pa:image:MENDE-PA-00023,images/mendeley_pa/MENDE-PA-00023.jpg,Mendeley PA,PA,2334,9,18,0.0714285714285714,86.46613608370444,0.959737665180035,0.9369112615213494,0.967350325428019,0.0076126602479840155
test:2335,test,mendeley_pa:image:MENDE-PA-00023,images/mendeley_pa/MENDE-PA-00023.jpg,Mendeley PA,PA,2335,10,18,0.0714285714285714,90.37491844282631,0.8739368224952783,0.9996934068889468,0.9751494938076585,0.10121267131238021
test:2336,test,mendeley_pa:image:MENDE-PA-00023,images/mendeley_pa/MENDE-PA-00023.jpg,Mendeley PA,PA,2336,11,18,0.0714285714285714,92.57688043624243,1.0554429162907284,0.9783810035180605,0.9643175446283376,0.09112537166239076
test:2337,test,mendeley_pa:image:MENDE-PA-00023,images/mendeley_pa/MENDE-PA-00023.jpg,Mendeley PA,PA,2337,12,18,0.0714285714285714,103.61774208679532,0.986017946856914,1.0,0.970695611089468,0.015322335767446016
test:2338,test,mendeley_pa:image:MENDE-PA-00023,images/mendeley_pa/MENDE-PA-00023.jpg,Mendeley PA,PA,2338,13,18,0.0714285714285714,101.1542385313172,1.0827610695814374,1.0853475411885507,0.9983624672048814,0.08439860237655594
test:2339,test,mendeley_pa:image:MENDE-PA-00023,images/mendeley_pa/MENDE-PA-00023.jpg,Mendeley PA,PA,2339,14,18,0.0714285714285714,101.1542385313172,1.160663720431355,1.0363648538178456,1.0003187660759938,0.16034495435536122
test:2340,test,mendeley_pa:image:MENDE-PA-00023,images/mendeley_pa/MENDE-PA-00023.jpg,Mendeley PA,PA,2340,15,18,0.0714285714285714,106.28865866977767,0.9421468386705407,0.9931787553992659,0.9431644979682356,0.0010176592976949284
test:2341,test,mendeley_pa:image:MENDE-PA-00023,images/mendeley_pa/MENDE-PA-00023.jpg,Mendeley PA,PA,2341,16,18,0.0714285714285714,101.59548479347686,0.9224939555214622,0.9999999999999999,0.9851988153532146,0.06270485983175245
test:2346,test,mendeley_pa:image:MENDE-PA-00024,images/mendeley_pa/MENDE-PA-00024.jpg,Mendeley PA,PA,2346,3,17,0.0769230769230769,101.85193984199584,0.9091849873832539,1.0000000000000002,1.0433676764369013,0.13418268905364739
test:2347,test,mendeley_pa:image:MENDE-PA-00024,images/mendeley_pa/MENDE-PA-00024.jpg,Mendeley PA,PA,2347,4,17,0.0769230769230769,104.52760484855855,1.018752370335955,1.1200666706900444,0.9397142957787361,0.07903807455721878
test:2348,test,mendeley_pa:image:MENDE-PA-00024,images/mendeley_pa/MENDE-PA-00024.jpg,Mendeley PA,PA,2348,5,17,0.0769230769230769,107.65563069599004,1.3148733341722623,1.014005579697356,1.0464996888213012,0.2683736453509611
test:2349,test,mendeley_pa:image:MENDE-PA-00024,images/mendeley_pa/MENDE-PA-00024.jpg,Mendeley PA,PA,2349,6,17,0.0769230769230769,120.46724563227998,0.9283774575498931,1.0391913293464352,1.0321157150505353,0.10373825750064225
test:2350,test,mendeley_pa:image:MENDE-PA-00024,images/mendeley_pa/MENDE-PA-00024.jpg,Mendeley PA,PA,2350,7,17,0.0769230769230769,134.72356311673428,0.8077541424040157,0.9053726187613799,0.9479539124933077,0.14019977008929208
test:2351,test,mendeley_pa:image:MENDE-PA-00024,images/mendeley_pa/MENDE-PA-00024.jpg,Mendeley PA,PA,2351,8,17,0.0769230769230769,120.10871645374378,1.0999282897879232,1.0247368992476555,0.9844469682483765,0.11548132153954671
test:2352,test,mendeley_pa:image:MENDE-PA-00024,images/mendeley_pa/MENDE-PA-00024.jpg,Mendeley PA,PA,2352,9,17,0.0769230769230769,130.244666383471,1.054447410165185,1.0,1.0160858817398548,0.03836152842533025
test:2353,test,mendeley_pa:image:MENDE-PA-00024,images/mendeley_pa/MENDE-PA-00024.jpg,Mendeley PA,PA,2353,10,17,0.0769230769230769,137.91681087591547,0.9308390824440956,1.0000000000000002,0.9913496198132636,0.060510537369168005
test:2354,test,mendeley_pa:image:MENDE-PA-00024,images/mendeley_pa/MENDE-PA-00024.jpg,Mendeley PA,PA,2354,11,17,0.0769230769230769,144.33138917715445,0.9595796963192643,0.968967964911875,1.0029830541853277,0.04340335786606342
test:2355,test,mendeley_pa:image:MENDE-PA-00024,images/mendeley_pa/MENDE-PA-00024.jpg,Mendeley PA,PA,2355,12,17,0.0769230769230769,142.7796917393146,1.0598610023246136,1.0744815387897346,1.104629404204354,0.044768401879740516
test:2356,test,mendeley_pa:image:MENDE-PA-00024,images/mendeley_pa/MENDE-PA-00024.jpg,Mendeley PA,PA,2356,13,17,0.0769230769230769,149.19427004055356,1.1282659524005765,0.9999999999999999,1.0842010006308556,0.04406495176972092
test:2357,test,mendeley_pa:image:MENDE-PA-00024,images/mendeley_pa/MENDE-PA-00024.jpg,Mendeley PA,PA,2357,14,17,0.0769230769230769,181.7450138507474,0.809166148587977,1.0,0.9995289349171799,0.1903627863292029
test:2358,test,mendeley_pa:image:MENDE-PA-00024,images/mendeley_pa/MENDE-PA-00024.jpg,Mendeley PA,PA,2358,15,17,0.0769230769230769,179.55375603779282,1.0869124479935874,0.978580561988457,0.9946381482858498,0.0922742997077376
test:2469,test,mendeley_pa:image:MENDE-PA-00034,images/mendeley_pa/MENDE-PA-00034.jpg,Mendeley PA,PA,2469,3,18,0.0714285714285714,115.09382156047404,0.909051064689286,1.0,0.998317998717539,0.08926693402825303
test:2470,test,mendeley_pa:image:MENDE-PA-00034,images/mendeley_pa/MENDE-PA-00034.jpg,Mendeley PA,PA,2470,4,18,0.0714285714285714,104.3861212169304,1.2074551697716709,1.1239244382635882,1.0949009492800763,0.11255422049159458
test:2471,test,mendeley_pa:image:MENDE-PA-00034,images/mendeley_pa/MENDE-PA-00034.jpg,Mendeley PA,PA,2471,5,18,0.0714285714285714,115.33386137225128,1.1273190954229224,0.9900160715304032,1.1365678891859665,0.009248793763044105
test:2472,test,mendeley_pa:image:MENDE-PA-00034,images/mendeley_pa/MENDE-PA-00034.jpg,Mendeley PA,PA,2472,6,18,0.0714285714285714,132.95064049807186,0.769632929944897,1.0166290288758408,1.055030129660381,0.28539719971548405
test:2473,test,mendeley_pa:image:MENDE-PA-00034,images/mendeley_pa/MENDE-PA-00034.jpg,Mendeley PA,PA,2473,7,18,0.0714285714285714,132.95064049807186,1.0553156891650133,0.8958452806791143,0.9286437385698633,0.12667195059515002
test:2474,test,mendeley_pa:image:MENDE-PA-00034,images/mendeley_pa/MENDE-PA-00034.jpg,Mendeley PA,PA,2474,8,18,0.0714285714285714,147.37849684991917,0.922001646283036,1.0,0.9903413271531463,0.06833968087011022
test:2475,test,mendeley_pa:image:MENDE-PA-00034,images/mendeley_pa/MENDE-PA-00034.jpg,Mendeley PA,PA,2475,9,18,0.0714285714285714,148.35560573190645,1.0410937701727037,1.046787089251723,1.0293997028402946,0.011694067332409075
test:2476,test,mendeley_pa:image:MENDE-PA-00034,images/mendeley_pa/MENDE-PA-00034.jpg,Mendeley PA,PA,2476,10,18,0.0714285714285714,155.42920577967294,1.124050321159533,1.0,0.9876625994220376,0.13638772173749536
test:2477,test,mendeley_pa:image:MENDE-PA-00034,images/mendeley_pa/MENDE-PA-00034.jpg,Mendeley PA,PA,2477,11,18,0.0714285714285714,168.55924562281916,0.9279011310459157,1.0080881800605608,0.9767581421984983,0.048857011152582674
test:2478,test,mendeley_pa:image:MENDE-PA-00034,images/mendeley_pa/MENDE-PA-00034.jpg,Mendeley PA,PA,2478,12,18,0.0714285714285714,173.34691114474282,0.9526268252480093,0.9472043260197794,0.9751437648396647,0.02251693959165535
test:2479,test,mendeley_pa:image:MENDE-PA-00034,images/mendeley_pa/MENDE-PA-00034.jpg,Mendeley PA,PA,2479,13,18,0.0714285714285714,174.72354113536903,0.9843182692939296,1.0,0.9946800945326686,0.010361825238738964
test:2480,test,mendeley_pa:image:MENDE-PA-00034,images/mendeley_pa/MENDE-PA-00034.jpg,Mendeley PA,PA,2480,14,18,0.0714285714285714,187.28865954113064,0.9841074472525442,1.0219239286459172,1.0028748485571826,0.018767401304638387
test:2481,test,mendeley_pa:image:MENDE-PA-00034,images/mendeley_pa/MENDE-PA-00034.jpg,Mendeley PA,PA,2481,15,18,0.0714285714285714,193.4529550536805,1.0897013789447199,1.0,1.0592673011124134,0.03043407783230645
test:2482,test,mendeley_pa:image:MENDE-PA-00034,images/mendeley_pa/MENDE-PA-00034.jpg,Mendeley PA,PA,2482,16,18,0.0714285714285714,219.53076718387928,0.9228489840665264,1.0,0.9860669542104006,0.0632179701438742
test:2589,test,mendeley_pa:image:MENDE-PA-00044,images/mendeley_pa/MENDE-PA-00044.jpg,Mendeley PA,PA,2589,3,17,0.0769230769230769,71.14648656294982,0.9778141023083535,0.902726250717286,0.969161908158902,0.008652194149451509
test:2590,test,mendeley_pa:image:MENDE-PA-00044,images/mendeley_pa/MENDE-PA-00044.jpg,Mendeley PA,PA,2590,4,17,0.0769230769230769,74.54352533151518,0.9360770516920318,1.0,1.019553281366825,0.08347622967479329
test:2591,test,mendeley_pa:image:MENDE-PA-00044,images/mendeley_pa/MENDE-PA-00044.jpg,Mendeley PA,PA,2591,5,17,0.0769230769230769,75.60462803297447,1.051774406421318,1.0,1.0408803187310696,0.010894087690248355
test:2592,test,mendeley_pa:image:MENDE-PA-00044,images/mendeley_pa/MENDE-PA-00044.jpg,Mendeley PA,PA,2592,6,17,0.0769230769230769,79.61263329465342,1.0228373221811597,1.0821131399736124,1.011032678829165,0.011804643351994715
test:2593,test,mendeley_pa:image:MENDE-PA-00044,images/mendeley_pa/MENDE-PA-00044.jpg,Mendeley PA,PA,2593,7,17,0.0769230769230769,80.0291038344977,1.1593374906693583,1.0067401654362527,1.059754708343729,0.09958278232562923
test:2594,test,mendeley_pa:image:MENDE-PA-00044,images/mendeley_pa/MENDE-PA-00044.jpg,Mendeley PA,PA,2594,8,17,0.0769230769230769,87.10575653544902,0.9150515073568404,0.9938074196125026,1.0379336508358474,0.12288214347900706
test:2595,test,mendeley_pa:image:MENDE-PA-00044,images/mendeley_pa/MENDE-PA-00044.jpg,Mendeley PA,PA,2595,9,17,0.0769230769230769,95.51021823154773,0.8412916998783906,0.9635835749532331,0.9860677564020504,0.14477605652365977
test:2596,test,mendeley_pa:image:MENDE-PA-00044,images/mendeley_pa/MENDE-PA-00044.jpg,Mendeley PA,PA,2596,10,17,0.0769230769230769,89.2958249474331,1.1686761536773926,0.9999999999999999,1.0483135767281055,0.12036257694928709
test:2597,test,mendeley_pa:image:MENDE-PA-00044,images/mendeley_pa/MENDE-PA-00044.jpg,Mendeley PA,PA,2597,11,17,0.0769230769230769,108.35099459352828,0.9066801501142763,1.0008690951890322,0.9740158727890822,0.06733572267480592
test:2598,test,mendeley_pa:image:MENDE-PA-00044,images/mendeley_pa/MENDE-PA-00044.jpg,Mendeley PA,PA,2598,12,17,0.0769230769230769,108.35099459352828,1.0385915055644384,0.9717667326503252,1.0019807033412909,0.0366108022231475
test:2599,test,mendeley_pa:image:MENDE-PA-00044,images/mendeley_pa/MENDE-PA-00044.jpg,Mendeley PA,PA,2599,13,17,0.0769230769230769,117.34315271775344,0.9573978996308627,0.9999999999999999,1.0117103680968285,0.05431246846596571
test:2600,test,mendeley_pa:image:MENDE-PA-00044,images/mendeley_pa/MENDE-PA-00044.jpg,Mendeley PA,PA,2600,14,17,0.0769230769230769,115.0632452647842,1.061623827401259,1.032864236411715,1.0441722852635031,0.017451542137755904
test:2601,test,mendeley_pa:image:MENDE-PA-00044,images/mendeley_pa/MENDE-PA-00044.jpg,Mendeley PA,PA,2601,15,17,0.0769230769230769,114.9690779366561,1.0902525811327337,1.042662753582203,1.050688084073567,0.03956449705916665
test:2621,test,mendeley_pa:image:MENDE-PA-00047,images/mendeley_pa/MENDE-PA-00047.jpg,Mendeley PA,PA,2621,3,18,0.0714285714285714,109.56882778318,1.1162164785368431,0.9972266346836827,1.0601207778478405,0.0560957006890026
test:2622,test,mendeley_pa:image:MENDE-PA-00047,images/mendeley_pa/MENDE-PA-00047.jpg,Mendeley PA,PA,2622,4,18,0.0714285714285714,127.48280097176338,0.915698787067397,1.0388177162353953,0.9949509179537257,0.07925213088632865
test:2623,test,mendeley_pa:image:MENDE-PA-00047,images/mendeley_pa/MENDE-PA-00047.jpg,Mendeley PA,PA,2623,5,18,0.0714285714285714,127.48280097176338,1.1182704814870084,0.9781669180418073,1.0186508398080885,0.0996196416789199
test:2624,test,mendeley_pa:image:MENDE-PA-00047,images/mendeley_pa/MENDE-PA-00047.jpg,Mendeley PA,PA,2624,6,18,0.0714285714285714,144.03811314165694,0.9210275526693812,1.0400985522295547,1.0010652287031723,0.08003767603379108
test:2625,test,mendeley_pa:image:MENDE-PA-00047,images/mendeley_pa/MENDE-PA-00047.jpg,Mendeley PA,PA,2625,7,18,0.0714285714285714,144.03811314165694,1.0904573049395005,0.965643876574886,0.9783832033797624,0.11207410155973818
test:2626,test,mendeley_pa:image:MENDE-PA-00047,images/mendeley_pa/MENDE-PA-00047.jpg,Mendeley PA,PA,2626,8,18,0.0714285714285714,153.99078255390333,0.9449654755041641,1.0123998092667832,0.9854297599004282,0.04046428439626415
test:2627,test,mendeley_pa:image:MENDE-PA-00047,images/mendeley_pa/MENDE-PA-00047.jpg,Mendeley PA,PA,2627,9,18,0.0714285714285714,149.38223652965377,1.0358197112485379,0.9999999999999999,1.031017167493701,0.004802543754836908
test:2628,test,mendeley_pa:image:MENDE-PA-00047,images/mendeley_pa/MENDE-PA-00047.jpg,Mendeley PA,PA,2628,10,18,0.0714285714285714,150.12451908355715,1.0208092651054823,0.9905166935189824,1.0086034864201407,0.012205778685341562
test:2629,test,mendeley_pa:image:MENDE-PA-00047,images/mendeley_pa/MENDE-PA-00047.jpg,Mendeley PA,PA,2629,11,18,0.0714285714285714,154.8260690397835,0.9214767273661035,0.9952057004449768,1.0022082240795596,0.08073149671345603
test:2630,test,mendeley_pa:image:MENDE-PA-00047,images/mendeley_pa/MENDE-PA-00047.jpg,Mendeley PA,PA,2630,12,18,0.0714285714285714,167.51287045340774,0.9248189261663311,0.977750748792447,0.9676647246123924,0.04284579844606129
test:2631,test,mendeley_pa:image:MENDE-PA-00047,images/mendeley_pa/MENDE-PA-00047.jpg,Mendeley PA,PA,2631,13,18,0.0714285714285714,168.3481569392879,1.098337237474643,1.0,1.0107299238443375,0.0876073136303055
test:2632,test,mendeley_pa:image:MENDE-PA-00047,images/mendeley_pa/MENDE-PA-00047.jpg,Mendeley PA,PA,2632,14,18,0.0714285714285714,190.45743594114575,0.9544244886452606,0.9999999999999998,1.0149554787203667,0.060530990075106095
test:2633,test,mendeley_pa:image:MENDE-PA-00047,images/mendeley_pa/MENDE-PA-00047.jpg,Mendeley PA,PA,2633,15,18,0.0714285714285714,193.06301077208684,1.0152738293667276,1.0010401530937247,1.014590254873126,0.0006835744936015686
test:2634,test,mendeley_pa:image:MENDE-PA-00047,images/mendeley_pa/MENDE-PA-00047.jpg,Mendeley PA,PA,2634,16,18,0.0714285714285714,198.6173970865875,1.0308785323773715,1.0,0.9688289947807789,0.0620495375965926
test:2673,test,mendeley_pa:image:MENDE-PA-00051,images/mendeley_pa/MENDE-PA-00051.jpg,Mendeley PA,PA,2673,3,18,0.0714285714285714,21.66911837270124,1.0339013866543225,1.0544710160555328,1.0153387525441135,0.018562634110208975
test:2674,test,mendeley_pa:image:MENDE-PA-00051,images/mendeley_pa/MENDE-PA-00051.jpg,Mendeley PA,PA,2674,4,18,0.0714285714285714,23.34069713053584,1.14128298604614,0.9999999999999999,1.0457215458154678,0.09556144023067215
test:2675,test,mendeley_pa:image:MENDE-PA-00051,images/mendeley_pa/MENDE-PA-00051.jpg,Mendeley PA,PA,2675,5,18,0.0714285714285714,26.35694049241205,0.9211108070357612,1.0537816468559766,0.9470404792510534,0.025929672215292188
test:2676,test,mendeley_pa:image:MENDE-PA-00051,images/mendeley_pa/MENDE-PA-00051.jpg,Mendeley PA,PA,2676,6,18,0.0714285714285714,26.35694049241205,1.096886788022476,0.955217150673142,0.9554937867725848,0.14139300124989118
test:2677,test,mendeley_pa:image:MENDE-PA-00051,images/mendeley_pa/MENDE-PA-00051.jpg,Mendeley PA,PA,2677,7,18,0.0714285714285714,27.277219001381805,0.955945709346934,1.0218473219062705,0.9546903365041632,0.0012553728427707744
test:2678,test,mendeley_pa:image:MENDE-PA-00051,images/mendeley_pa/MENDE-PA-00051.jpg,Mendeley PA,PA,2678,8,18,0.0714285714285714,28.267795355400104,0.9493392121673803,0.9515112731876068,0.937315946471899,0.012023265695481289
test:2679,test,mendeley_pa:image:MENDE-PA-00051,images/mendeley_pa/MENDE-PA-00051.jpg,Mendeley PA,PA,2679,9,18,0.0714285714285714,27.49138112769775,1.0082691481233936,1.012182792751266,1.0150000449364618,0.006730896813068155
test:2680,test,mendeley_pa:image:MENDE-PA-00051,images/mendeley_pa/MENDE-PA-00051.jpg,Mendeley PA,PA,2680,10,18,0.0714285714285714,27.932873556675297,1.0316475038621404,1.0,0.997454155003652,0.03419334885848846
test:2681,test,mendeley_pa:image:MENDE-PA-00051,images/mendeley_pa/MENDE-PA-00051.jpg,Mendeley PA,PA,2681,11,18,0.0714285714285714,29.26977723749508,0.9616416091795333,1.0,0.9775353837758303,0.015893774596296928
test:2682,test,mendeley_pa:image:MENDE-PA-00051,images/mendeley_pa/MENDE-PA-00051.jpg,Mendeley PA,PA,2682,12,18,0.0714285714285714,30.564449417631412,0.9724590418240437,1.008999977968837,0.9953518628703606,0.022892821046316847
test:2683,test,mendeley_pa:image:MENDE-PA-00051,images/mendeley_pa/MENDE-PA-00051.jpg,Mendeley PA,PA,2683,13,18,0.0714285714285714,31.017347374685635,1.081073164961066,1.0,1.0146913146600127,0.06638185030105337
test:2684,test,mendeley_pa:image:MENDE-PA-00051,images/mendeley_pa/MENDE-PA-00051.jpg,Mendeley PA,PA,2684,14,18,0.0714285714285714,33.8493758824639,0.9545824320962332,1.0,1.0119750006124377,0.057392568516204556
test:2685,test,mendeley_pa:image:MENDE-PA-00051,images/mendeley_pa/MENDE-PA-00051.jpg,Mendeley PA,PA,2685,15,18,0.0714285714285714,35.06410209667375,0.9744076655857303,0.982603257073821,0.9891449674207582,0.01473730183502786
test:2686,test,mendeley_pa:image:MENDE-PA-00051,images/mendeley_pa/MENDE-PA-00051.jpg,Mendeley PA,PA,2686,16,18,0.0714285714285714,36.10270372360341,1.0136687428862352,1.0302628518522423,1.0388450741276782,0.02517633124144303
test:3016,test,mendeley_pa:image:MENDE-PA-00078,images/mendeley_pa/MENDE-PA-00078.jpg,Mendeley PA,PA,3016,3,17,0.0769230769230769,18.45670567913919,0.9762108931691169,0.9773649768144808,0.9717146413573048,0.004496251811812124
test:3017,test,mendeley_pa:image:MENDE-PA-00078,images/mendeley_pa/MENDE-PA-00078.jpg,Mendeley PA,PA,3017,4,17,0.0769230769230769,19.220169667384003,1.0459926309047953,1.0,1.0074377567507327,0.03855487415406267
test:3018,test,mendeley_pa:image:MENDE-PA-00078,images/mendeley_pa/MENDE-PA-00078.jpg,Mendeley PA,PA,3018,5,17,0.0769230769230769,19.65799215999184,1.0389007194916138,1.0352937882676894,1.0397128165610308,0.0008120970694169838
test:3019,test,mendeley_pa:image:MENDE-PA-00078,images/mendeley_pa/MENDE-PA-00078.jpg,Mendeley PA,PA,3019,6,17,0.0769230769230769,19.99378934026125,1.0302918650745507,0.9911710583577217,0.988281760222307,0.04201010485224377
test:3020,test,mendeley_pa:image:MENDE-PA-00078,images/mendeley_pa/MENDE-PA-00078.jpg,Mendeley PA,PA,3020,7,17,0.0769230769230769,20.15306252123749,0.9532957317486872,1.0043848499532806,1.0160016005735861,0.06270586882489892
test:3021,test,mendeley_pa:image:MENDE-PA-00078,images/mendeley_pa/MENDE-PA-00078.jpg,Mendeley PA,PA,3021,8,17,0.0769230769230769,19.66786236778,1.0109600358131496,0.953139885821982,0.9635226591766315,0.04743737663651815
test:3022,test,mendeley_pa:image:MENDE-PA-00078,images/mendeley_pa/MENDE-PA-00078.jpg,Mendeley PA,PA,3022,9,17,0.0769230769230769,20.00365954804941,0.9138637685822344,1.0,1.011204200796783,0.09734043221454858
test:3023,test,mendeley_pa:image:MENDE-PA-00078,images/mendeley_pa/MENDE-PA-00078.jpg,Mendeley PA,PA,3023,10,17,0.0769230769230769,21.12785108876354,0.9524819238764125,0.962068950198751,1.0014756372200067,0.04899371334359415
test:3024,test,mendeley_pa:image:MENDE-PA-00078,images/mendeley_pa/MENDE-PA-00078.jpg,Mendeley PA,PA,3024,11,17,0.0769230769230769,21.877294496704963,1.0226255050503483,1.0149581504479332,0.9919167419389172,0.030708763111431114
test:3025,test,mendeley_pa:image:MENDE-PA-00078,images/mendeley_pa/MENDE-PA-00078.jpg,Mendeley PA,PA,3025,12,17,0.0769230769230769,23.00148603741909,1.0558091953908348,1.0,1.0156294200569391,0.04017977533389572
test:3026,test,mendeley_pa:image:MENDE-PA-00078,images/mendeley_pa/MENDE-PA-00078.jpg,Mendeley PA,PA,3026,13,17,0.0769230769230769,25.425356892088207,0.929414396867853,0.9999999999999999,0.9993561604642308,0.06994176359637783
test:3027,test,mendeley_pa:image:MENDE-PA-00078,images/mendeley_pa/MENDE-PA-00078.jpg,Mendeley PA,PA,3027,14,17,0.0769230769230769,26.752661497774437,0.993005249979537,0.9877678016259175,0.9866222803306606,0.006382969648876413
test:3028,test,mendeley_pa:image:MENDE-PA-00078,images/mendeley_pa/MENDE-PA-00078.jpg,Mendeley PA,PA,3028,15,17,0.0769230769230769,27.870824465140917,1.0484132812839682,1.0191592824607687,1.0420372811108427,0.006376000173125451
test:3182,test,mendeley_pa:image:MENDE-PA-00091,images/mendeley_pa/MENDE-PA-00091.jpg,Mendeley PA,PA,3182,3,17,0.0769230769230769,67.14704717386267,0.9662018985229843,1.0,0.9658254571259022,0.0003764413970821501
test:3183,test,mendeley_pa:image:MENDE-PA-00091,images/mendeley_pa/MENDE-PA-00091.jpg,Mendeley PA,PA,3183,4,17,0.0769230769230769,69.02296359006336,0.9674333851371771,0.9808660014536672,0.9346886812713437,0.03274470386583339
test:3184,test,mendeley_pa:image:MENDE-PA-00091,images/mendeley_pa/MENDE-PA-00091.jpg,Mendeley PA,PA,3184,5,17,0.0769230769230769,66.70456468720226,1.0573032367613604,1.0419849759459887,1.0206796179086361,0.03662361885272425
test:3185,test,mendeley_pa:image:MENDE-PA-00091,images/mendeley_pa/MENDE-PA-00091.jpg,Mendeley PA,PA,3185,6,17,0.0769230769230769,68.6510357343358,1.0522082933105796,0.9989722714278356,1.008421772949721,0.04378652036085873
test:3186,test,mendeley_pa:image:MENDE-PA-00091,images/mendeley_pa/MENDE-PA-00091.jpg,Mendeley PA,PA,3186,7,17,0.0769230769230769,73.31389005412456,0.9088865698856837,0.9999999999999998,0.9642356783151624,0.05534910842947871
test:3187,test,mendeley_pa:image:MENDE-PA-00091,images/mendeley_pa/MENDE-PA-00091.jpg,Mendeley PA,PA,3187,8,17,0.0769230769230769,74.15075089875143,1.0032614648204816,0.962231137110076,0.9626910151752337,0.04057044964524792
test:3188,test,mendeley_pa:image:MENDE-PA-00091,images/mendeley_pa/MENDE-PA-00091.jpg,Mendeley PA,PA,3188,9,17,0.0769230769230769,79.73409248685442,0.9539998547799944,1.0,0.9592907764017582,0.005290921621763811
test:3189,test,mendeley_pa:image:MENDE-PA-00091,images/mendeley_pa/MENDE-PA-00091.jpg,Mendeley PA,PA,3189,10,17,0.0769230769230769,81.44708230503188,1.044550542533465,1.0084410740952496,1.00268912296328,0.041861419570184966
test:3190,test,mendeley_pa:image:MENDE-PA-00091,images/mendeley_pa/MENDE-PA-00091.jpg,Mendeley PA,PA,3190,11,17,0.0769230769230769,85.95172298303943,1.0261906406128953,1.0,1.0021774237975478,0.024013216815347516
test:3191,test,mendeley_pa:image:MENDE-PA-00091,images/mendeley_pa/MENDE-PA-00091.jpg,Mendeley PA,PA,3191,12,17,0.0769230769230769,89.89985554693638,0.9658286037095746,0.9999999999999998,0.996567348949611,0.03073874524003639
test:3192,test,mendeley_pa:image:MENDE-PA-00091,images/mendeley_pa/MENDE-PA-00091.jpg,Mendeley PA,PA,3192,13,17,0.0769230769230769,90.2867538144352,1.014510474176343,0.9923853629958643,0.994611395312549,0.01989907886379405
test:3193,test,mendeley_pa:image:MENDE-PA-00091,images/mendeley_pa/MENDE-PA-00091.jpg,Mendeley PA,PA,3193,14,17,0.0769230769230769,93.08307750933456,0.9923463687570913,1.0,0.9825605303049088,0.009785838452182505
test:3194,test,mendeley_pa:image:MENDE-PA-00091,images/mendeley_pa/MENDE-PA-00091.jpg,Mendeley PA,PA,3194,15,17,0.0769230769230769,91.9837556916242,1.0281086794453962,1.0595386307246732,1.061665363798638,0.03355668435324177
test:3244,test,mendeley_pa:image:MENDE-PA-00097,images/mendeley_pa/MENDE-PA-00097.jpg,Mendeley PA,PA,3244,3,17,0.0769230769230769,94.11404984729148,0.9957986904372091,1.0160524347329893,1.0080944295505443,0.012295739113335147
test:3245,test,mendeley_pa:image:MENDE-PA-00097,images/mendeley_pa/MENDE-PA-00097.jpg,Mendeley PA,PA,3245,4,17,0.0769230769230769,99.2385996175763,1.0860700508277863,0.9999999999999998,1.0091309631243346,0.0769390877034517
test:3246,test,mendeley_pa:image:MENDE-PA-00097,images/mendeley_pa/MENDE-PA-00097.jpg,Mendeley PA,PA,3246,5,17,0.0769230769230769,104.40022398683358,1.003432249902923,1.0867677449830606,1.0713850397267177,0.06795278982379482
test:3247,test,mendeley_pa:image:MENDE-PA-00097,images/mendeley_pa/MENDE-PA-00097.jpg,Mendeley PA,PA,3247,6,17,0.0769230769230769,106.26931128810848,1.1210905539987925,0.9681954564028115,1.0108489350848526,0.11024161891393991
test:3248,test,mendeley_pa:image:MENDE-PA-00097,images/mendeley_pa/MENDE-PA-00097.jpg,Mendeley PA,PA,3248,7,17,0.0769230769230769,110.4705224454923,0.9144555018536514,1.065080571274898,1.0411748246361232,0.12671932278247178
test:3249,test,mendeley_pa:image:MENDE-PA-00097,images/mendeley_pa/MENDE-PA-00097.jpg,Mendeley PA,PA,3249,8,17,0.0769230769230769,98.37852683578676,1.180974110736977,0.8754474172957013,1.0849156329996656,0.09605847773731124
test:3250,test,mendeley_pa:image:MENDE-PA-00097,images/mendeley_pa/MENDE-PA-00097.jpg,Mendeley PA,PA,3250,9,17,0.0769230769230769,98.37852683578676,0.7240409032294222,1.0770600896874984,0.8553186070720276,0.1312777038426054
test:3251,test,mendeley_pa:image:MENDE-PA-00097,images/mendeley_pa/MENDE-PA-00097.jpg,Mendeley PA,PA,3251,10,17,0.0769230769230769,103.7993279858223,0.9223246285536866,0.7834648032447569,0.9715329547187559,0.049208326165069316
test:3252,test,mendeley_pa:image:MENDE-PA-00097,images/mendeley_pa/MENDE-PA-00097.jpg,Mendeley PA,PA,3252,11,17,0.0769230769230769,107.59523121803872,0.8496302456089828,1.0,1.026746105402708,0.17711585979372524
test:3253,test,mendeley_pa:image:MENDE-PA-00097,images/mendeley_pa/MENDE-PA-00097.jpg,Mendeley PA,PA,3253,12,17,0.0769230769230769,109.95189826820244,1.0864185856623547,1.007414059729224,0.9905137811013516,0.09590480456100314
test:3254,test,mendeley_pa:image:MENDE-PA-00097,images/mendeley_pa/MENDE-PA-00097.jpg,Mendeley PA,PA,3254,13,17,0.0769230769230769,121.8104528575953,1.0682007220233238,1.0,0.9762824308127165,0.09191829121060735
test:3255,test,mendeley_pa:image:MENDE-PA-00097,images/mendeley_pa/MENDE-PA-00097.jpg,Mendeley PA,PA,3255,14,17,0.0769230769230769,124.78589974995144,0.9950412679362622,1.0556768100153642,1.1228189017068582,0.12777763377059592
test:3256,test,mendeley_pa:image:MENDE-PA-00097,images/mendeley_pa/MENDE-PA-00097.jpg,Mendeley PA,PA,3256,15,17,0.0769230769230769,118.95449197046736,1.121009768227051,0.9382901123825365,1.0419879860345178,0.0790217821925332
test:3286,test,mendeley_pa:image:MENDE-PA-00100,images/mendeley_pa/MENDE-PA-00100.jpg,Mendeley PA,PA,3286,3,19,0.0666666666666666,15.175783308897156,0.9441700275499653,1.0,1.0216952562332153,0.07752522868325007
test:3287,test,mendeley_pa:image:MENDE-PA-00100,images/mendeley_pa/MENDE-PA-00100.jpg,Mendeley PA,PA,3287,4,19,0.0666666666666666,15.280118230991873,1.0042337386904838,1.055536158686047,1.0355327989212326,0.0312990602307488
test:3288,test,mendeley_pa:image:MENDE-PA-00100,images/mendeley_pa/MENDE-PA-00100.jpg,Mendeley PA,PA,3288,5,19,0.0666666666666666,15.449145180836307,1.160511772586975,1.0,1.0584703534841537,0.10204141910282116
test:3289,test,mendeley_pa:image:MENDE-PA-00100,images/mendeley_pa/MENDE-PA-00100.jpg,Mendeley PA,PA,3289,6,19,0.0666666666666666,16.765767756673817,0.9276926848005378,1.0347368859179427,1.0229279401205589,0.09523525532002108
test:3290,test,mendeley_pa:image:MENDE-PA-00100,images/mendeley_pa/MENDE-PA-00100.jpg,Mendeley PA,PA,3290,7,19,0.0666666666666666,17.346524296875565,0.9666144924134741,0.9315299504621021,0.9563946818186037,0.010219810594870427
test:3291,test,mendeley_pa:image:MENDE-PA-00100,images/mendeley_pa/MENDE-PA-00100.jpg,Mendeley PA,PA,3291,8,19,0.0666666666666666,16.435245956508844,1.0200111260486593,1.0899958512688341,1.1378285712505045,0.11781744520184523
test:3292,test,mendeley_pa:image:MENDE-PA-00100,images/mendeley_pa/MENDE-PA-00100.jpg,Mendeley PA,PA,3292,9,19,0.0666666666666666,16.765767756673817,1.1369176951890614,0.9801884514521377,1.0303097215722816,0.10660797361677976
test:3293,test,mendeley_pa:image:MENDE-PA-00100,images/mendeley_pa/MENDE-PA-00100.jpg,Mendeley PA,PA,3293,10,19,0.0666666666666666,18.340369272818187,0.8780134082971447,0.9999999999999998,1.0238719489425419,0.14585854064539716
test:3294,test,mendeley_pa:image:MENDE-PA-00100,images/mendeley_pa/MENDE-PA-00100.jpg,Mendeley PA,PA,3294,11,19,0.0666666666666666,19.663923486107628,0.8960287361823626,0.9247808326901978,0.9734759983541554,0.07744726217179287
test:3295,test,mendeley_pa:image:MENDE-PA-00100,images/mendeley_pa/MENDE-PA-00100.jpg,Mendeley PA,PA,3295,12,19,0.0666666666666666,19.583496550428475,1.034878980065445,1.0,1.0082769002765417,0.026602079788903277
test:3296,test,mendeley_pa:image:MENDE-PA-00100,images/mendeley_pa/MENDE-PA-00100.jpg,Mendeley PA,PA,3296,13,19,0.0666666666666666,22.519395057513197,0.9568442019060497,0.9999999999999998,1.02836393751204,0.07151973560599023
test:3297,test,mendeley_pa:image:MENDE-PA-00100,images/mendeley_pa/MENDE-PA-00100.jpg,Mendeley PA,PA,3297,14,19,0.0666666666666666,24.142282015544808,1.0260936046912787,1.0,1.0564244091510773,0.03033080445979852
test:3298,test,mendeley_pa:image:MENDE-PA-00100,images/mendeley_pa/MENDE-PA-00100.jpg,Mendeley PA,PA,3298,15,19,0.0666666666666666,23.352392480266143,1.1449367109802724,1.1188818585290177,1.114365421344952,0.030571289635320298
test:3299,test,mendeley_pa:image:MENDE-PA-00100,images/mendeley_pa/MENDE-PA-00100.jpg,Mendeley PA,PA,3299,16,19,0.0666666666666666,23.352392480266143,1.176962722053455,1.042067857987846,1.1053721779656063,0.07159054408784882
test:3300,test,mendeley_pa:image:MENDE-PA-00100,images/mendeley_pa/MENDE-PA-00100.jpg,Mendeley PA,PA,3300,17,19,0.0666666666666666,24.989535402068608,0.8776691294513994,0.8602618066198455,0.871594281268798,0.0060748481826014
test:3371,test,mendeley_pa:image:MENDE-PA-00106,images/mendeley_pa/MENDE-PA-00106.jpg,Mendeley PA,PA,3371,3,18,0.0714285714285714,106.81380577591132,1.1671411535254168,1.072803032249805,1.0296917526429858,0.13744940088243096
test:3372,test,mendeley_pa:image:MENDE-PA-00106,images/mendeley_pa/MENDE-PA-00106.jpg,Mendeley PA,PA,3372,4,18,0.0714285714285714,107.21271517844488,1.1999759117792617,1.0507102014592937,1.0368612354717306,0.16311467630753107
test:3373,test,mendeley_pa:image:MENDE-PA-00106,images/mendeley_pa/MENDE-PA-00106.jpg,Mendeley PA,PA,3373,5,18,0.0714285714285714,119.2922513951923,0.8435769923494132,1.0161846412041944,0.9266669286111158,0.08308993626170258
test:3374,test,mendeley_pa:image:MENDE-PA-00106,images/mendeley_pa/MENDE-PA-00106.jpg,Mendeley PA,PA,3374,6,18,0.0714285714285714,121.28519497761614,0.9382285425302284,0.884485171445659,0.9542826202595742,0.01605407772934586
test:3375,test,mendeley_pa:image:MENDE-PA-00106,images/mendeley_pa/MENDE-PA-00106.jpg,Mendeley PA,PA,3375,7,18,0.0714285714285714,130.99830711974505,0.8696121103344935,1.0363803712355881,0.9812802841591626,0.11166817382466909
test:3376,test,mendeley_pa:image:MENDE-PA-00106,images/mendeley_pa/MENDE-PA-00106.jpg,Mendeley PA,PA,3376,8,18,0.0714285714285714,131.0605484148972,1.2035270607468127,0.9999999999999999,1.007888900116086,0.1956381606307267
test:3377,test,mendeley_pa:image:MENDE-PA-00106,images/mendeley_pa/MENDE-PA-00106.jpg,Mendeley PA,PA,3377,9,18,0.0714285714285714,156.0117308475984,0.9499502487407225,1.0000000000000002,0.9347381070256235,0.015212141715098992
test:3378,test,mendeley_pa:image:MENDE-PA-00106,images/mendeley_pa/MENDE-PA-00106.jpg,Mendeley PA,PA,3378,10,18,0.0714285714285714,158.97431830766692,0.970524967328068,0.9700217802788336,0.9460085254873354,0.02451644184073265
test:3379,test,mendeley_pa:image:MENDE-PA-00106,images/mendeley_pa/MENDE-PA-00106.jpg,Mendeley PA,PA,3379,11,18,0.0714285714285714,159.78920151990252,1.0026567407418452,0.9999999999999999,0.9983102853875606,0.004346455354284573
test:3380,test,mendeley_pa:image:MENDE-PA-00106,images/mendeley_pa/MENDE-PA-00106.jpg,Mendeley PA,PA,3380,12,18,0.0714285714285714,163.37656128590464,1.01171096182519,1.0211190817130955,0.9970219371093663,0.014689024715823784
test:3381,test,mendeley_pa:image:MENDE-PA-00106,images/mendeley_pa/MENDE-PA-00106.jpg,Mendeley PA,PA,3381,13,18,0.0714285714285714,165.0997437082179,1.0505172483625858,1.0049357227192952,1.0212277098702027,0.029289538492383027
test:3382,test,mendeley_pa:image:MENDE-PA-00106,images/mendeley_pa/MENDE-PA-00106.jpg,Mendeley PA,PA,3382,14,18,0.0714285714285714,169.36499321198994,0.9833165603571261,0.9988774879245625,1.0367025098173486,0.05338594946022246
test:3383,test,mendeley_pa:image:MENDE-PA-00106,images/mendeley_pa/MENDE-PA-00106.jpg,Mendeley PA,PA,3383,15,18,0.0714285714285714,183.60942735413,0.8981544784196598,0.981208138397236,1.0077316055505467,0.10957712713088696
test:3384,test,mendeley_pa:image:MENDE-PA-00106,images/mendeley_pa/MENDE-PA-00106.jpg,Mendeley PA,PA,3384,16,18,0.0714285714285714,186.4072880331343,1.0395447961674669,0.9956284619310292,1.0206254373678358,0.018919358799631025
test:3624,test,mendeley_pa:image:MENDE-PA-00125,images/mendeley_pa/MENDE-PA-00125.jpg,Mendeley PA,PA,3624,3,17,0.0769230769230769,66.96294971340957,0.9210746384117884,0.9855980612835038,0.9558663107952226,0.03479167238343417
test:3625,test,mendeley_pa:image:MENDE-PA-00125,images/mendeley_pa/MENDE-PA-00125.jpg,Mendeley PA,PA,3625,4,17,0.0769230769230769,66.66257650936836,1.0049259897402614,0.9750363949803504,0.9915837973473463,0.01334219239291512
test:3626,test,mendeley_pa:image:MENDE-PA-00125,images/mendeley_pa/MENDE-PA-00125.jpg,Mendeley PA,PA,3626,5,17,0.0769230769230769,68.28644166366378,1.000476817957857,1.0,1.0145411593839526,0.014064341426095694
test:3627,test,mendeley_pa:image:MENDE-PA-00125,images/mendeley_pa/MENDE-PA-00125.jpg,Mendeley PA,PA,3627,6,17,0.0769230769230769,70.31078047054046,0.9896338397092435,1.0,1.0033025706652552,0.013668730956011732
test:3628,test,mendeley_pa:image:MENDE-PA-00125,images/mendeley_pa/MENDE-PA-00125.jpg,Mendeley PA,PA,3628,7,17,0.0769230769230769,70.63958903047067,1.0235416155176915,1.01964180686564,1.012744717328407,0.010796898189284532
test:3629,test,mendeley_pa:image:MENDE-PA-00125,images/mendeley_pa/MENDE-PA-00125.jpg,Mendeley PA,PA,3629,8,17,0.0769230769230769,71.99990474334024,1.034337878723715,1.0,1.0207873582839966,0.013550520439718383
test:3630,test,mendeley_pa:image:MENDE-PA-00125,images/mendeley_pa/MENDE-PA-00125.jpg,Mendeley PA,PA,3630,9,17,0.0769230769230769,79.44904769989114,0.9024305827019365,1.0,0.9992680616560392,0.09683747895410266
test:3631,test,mendeley_pa:image:MENDE-PA-00125,images/mendeley_pa/MENDE-PA-00125.jpg,Mendeley PA,PA,3631,10,17,0.0769230769230769,83.28108119948317,1.013746044639129,0.9833396835773394,0.9961214582025215,0.01762458643660758
test:3632,test,mendeley_pa:image:MENDE-PA-00125,images/mendeley_pa/MENDE-PA-00125.jpg,Mendeley PA,PA,3632,11,17,0.0769230769230769,91.3429439408111,1.0081778590156145,1.0,0.997973031597212,0.010204827418402562
test:3633,test,mendeley_pa:image:MENDE-PA-00125,images/mendeley_pa/MENDE-PA-00125.jpg,Mendeley PA,PA,3633,12,17,0.0769230769230769,99.76678823203316,0.9848971081824063,1.0,0.9893058855086565,0.004408777326250224
test:3634,test,mendeley_pa:image:MENDE-PA-00125,images/mendeley_pa/MENDE-PA-00125.jpg,Mendeley PA,PA,3634,13,17,0.0769230769230769,103.19873915990104,1.0411332898084904,0.9999999999999998,1.009148135781288,0.03198515402720248
test:3635,test,mendeley_pa:image:MENDE-PA-00125,images/mendeley_pa/MENDE-PA-00125.jpg,Mendeley PA,PA,3635,14,17,0.0769230769230769,109.72710693767968,0.9855126970479917,1.0,1.0038174209184945,0.018304723870502748
test:3636,test,mendeley_pa:image:MENDE-PA-00125,images/mendeley_pa/MENDE-PA-00125.jpg,Mendeley PA,PA,3636,15,17,0.0769230769230769,109.39784096869144,1.023882830574139,1.0216607790718224,1.0208409787666421,0.0030418518074968315
test:3683,test,mendeley_pa:image:MENDE-PA-00129,images/mendeley_pa/MENDE-PA-00129.jpg,Mendeley PA,PA,3683,3,19,0.0666666666666666,104.78003284190204,0.9568270038541997,1.0408035490108238,0.987569474746059,0.03074247089185933
test:3684,test,mendeley_pa:image:MENDE-PA-00129,images/mendeley_pa/MENDE-PA-00129.jpg,Mendeley PA,PA,3684,4,19,0.0666666666666666,103.42205553552182,1.1237006661901228,0.99207585609144,1.0669093981999758,0.056791267990147
test:3685,test,mendeley_pa:image:MENDE-PA-00129,images/mendeley_pa/MENDE-PA-00129.jpg,Mendeley PA,PA,3685,5,19,0.0666666666666666,121.00931491230224,0.8672777278052941,1.0,1.0436982735991478,0.1764205457938537
test:3686,test,mendeley_pa:image:MENDE-PA-00129,images/mendeley_pa/MENDE-PA-00129.jpg,Mendeley PA,PA,3686,6,19,0.0666666666666666,127.48013842906845,0.9868454699755851,1.0014001886409507,0.9987532846678779,0.01190781469229285
test:3687,test,mendeley_pa:image:MENDE-PA-00129,images/mendeley_pa/MENDE-PA-00129.jpg,Mendeley PA,PA,3687,7,19,0.0666666666666666,132.27402063735292,1.1367960612124002,1.0,0.988474790006876,0.14832127120552419
test:3688,test,mendeley_pa:image:MENDE-PA-00129,images/mendeley_pa/MENDE-PA-00129.jpg,Mendeley PA,PA,3688,8,19,0.0666666666666666,146.2870133166226,0.9484426608247223,1.004379054595569,1.0011676722847316,0.0527250114600093
test:3689,test,mendeley_pa:image:MENDE-PA-00129,images/mendeley_pa/MENDE-PA-00129.jpg,Mendeley PA,PA,3689,9,19,0.0666666666666666,143.91611608975862,0.9970157790970144,1.0,0.9835114497691393,0.013504329327875153
test:3690,test,mendeley_pa:image:MENDE-PA-00129,images/mendeley_pa/MENDE-PA-00129.jpg,Mendeley PA,PA,3690,10,19,0.0666666666666666,141.11574138098308,1.056490130487238,0.9723645629423745,0.9742176372387521,0.08227249324848596
test:3691,test,mendeley_pa:image:MENDE-PA-00129,images/mendeley_pa/MENDE-PA-00129.jpg,Mendeley PA,PA,3691,11,19,0.0666666666666666,152.5234760815169,0.8585252391348999,1.0203293781456657,0.9806525330719658,0.1221272939370659
test:3692,test,mendeley_pa:image:MENDE-PA-00129,images/mendeley_pa/MENDE-PA-00129.jpg,Mendeley PA,PA,3692,12,19,0.0666666666666666,152.5234760815169,1.0631870132154149,0.9405267480294919,0.9957567099015927,0.06743030331382216
test:3693,test,mendeley_pa:image:MENDE-PA-00129,images/mendeley_pa/MENDE-PA-00129.jpg,Mendeley PA,PA,3693,13,19,0.0666666666666666,165.19449372111475,0.9440966258895425,1.0148141937187076,0.9939125956824184,0.04981596979287595
test:3694,test,mendeley_pa:image:MENDE-PA-00129,images/mendeley_pa/MENDE-PA-00129.jpg,Mendeley PA,PA,3694,14,19,0.0666666666666666,165.19449372111475,1.0479916795329451,0.9812299589925363,0.9984696972482755,0.04952198228466964
test:3695,test,mendeley_pa:image:MENDE-PA-00129,images/mendeley_pa/MENDE-PA-00129.jpg,Mendeley PA,PA,3695,15,19,0.0666666666666666,193.2691923928158,0.8704336494559811,1.0,0.9965325251687318,0.1260988757127507
test:3696,test,mendeley_pa:image:MENDE-PA-00129,images/mendeley_pa/MENDE-PA-00129.jpg,Mendeley PA,PA,3696,16,19,0.0666666666666666,188.42038023646688,1.1326584183378137,1.016098375757103,1.0400788368181038,0.09257958151970991
test:3697,test,mendeley_pa:image:MENDE-PA-00129,images/mendeley_pa/MENDE-PA-00129.jpg,Mendeley PA,PA,3697,17,19,0.0666666666666666,202.61129123624784,1.059562252744401,1.029395333459993,0.9804327143043476,0.07912953844005344
test:3904,test,mendeley_pa:image:MENDE-PA-00143,images/mendeley_pa/MENDE-PA-00143.jpg,Mendeley PA,PA,3904,3,18,0.0714285714285714,76.4813846667082,0.9119412893501373,0.9999999999999999,0.9713488593697547,0.059407570019617384
test:3905,test,mendeley_pa:image:MENDE-PA-00143,images/mendeley_pa/MENDE-PA-00143.jpg,Mendeley PA,PA,3905,4,18,0.0714285714285714,77.31888363135725,1.0254718069583142,0.9745993391572059,1.00476392553733,0.02070788142098423
test:3906,test,mendeley_pa:image:MENDE-PA-00143,images/mendeley_pa/MENDE-PA-00143.jpg,Mendeley PA,PA,3906,5,18,0.0714285714285714,83.39574716425435,0.9708328780756905,1.0059707301449528,0.9867213300209989,0.015888451945308413
test:3907,test,mendeley_pa:image:MENDE-PA-00143,images/mendeley_pa/MENDE-PA-00143.jpg,Mendeley PA,PA,3907,6,18,0.0714285714285714,82.21457315780842,1.0764396459530219,1.024553712238099,1.0003315599304694,0.07610808602255248
test:3908,test,mendeley_pa:image:MENDE-PA-00143,images/mendeley_pa/MENDE-PA-00143.jpg,Mendeley PA,PA,3908,7,18,0.0714285714285714,84.87280486516418,1.0309917194097182,1.0130738542943087,1.026549714763352,0.004442004646366238
test:3909,test,mendeley_pa:image:MENDE-PA-00143,images/mendeley_pa/MENDE-PA-00143.jpg,Mendeley PA,PA,3909,8,18,0.0714285714285714,87.24450914534077,0.956688436837043,0.9959535412309619,0.9965073874155919,0.039818950578548895
test:3910,test,mendeley_pa:image:MENDE-PA-00143,images/mendeley_pa/MENDE-PA-00143.jpg,Mendeley PA,PA,3910,9,18,0.0714285714285714,87.24450914534077,0.9889424274222638,0.9768618908986916,0.993576916427957,0.0046344890056931876
test:3911,test,mendeley_pa:image:MENDE-PA-00143,images/mendeley_pa/MENDE-PA-00143.jpg,Mendeley PA,PA,3911,10,18,0.0714285714285714,92.43653493962567,0.9410333190056792,1.0,0.9758645817637444,0.03483126275806514
test:3912,test,mendeley_pa:image:MENDE-PA-00143,images/mendeley_pa/MENDE-PA-00143.jpg,Mendeley PA,PA,3912,11,18,0.0714285714285714,94.96505693647744,1.0382058033382076,1.0,1.0084792478010058,0.029726555537201715
test:3913,test,mendeley_pa:image:MENDE-PA-00143,images/mendeley_pa/MENDE-PA-00143.jpg,Mendeley PA,PA,3913,12,18,0.0714285714285714,103.65103225065388,0.9931811807950912,1.0,0.992344303522259,0.0008368772728322149
test:3914,test,mendeley_pa:image:MENDE-PA-00143,images/mendeley_pa/MENDE-PA-00143.jpg,Mendeley PA,PA,3914,13,18,0.0714285714285714,102.13847079123924,1.064327578368619,1.0563078952644158,1.0386584682081033,0.025669110160515762
test:3915,test,mendeley_pa:image:MENDE-PA-00143,images/mendeley_pa/MENDE-PA-00143.jpg,Mendeley PA,PA,3915,14,18,0.0714285714285714,105.82652293842403,1.0662269578521377,0.9923858047328633,1.0256403834424657,0.04058657440967206
test:3916,test,mendeley_pa:image:MENDE-PA-00143,images/mendeley_pa/MENDE-PA-00143.jpg,Mendeley PA,PA,3916,15,18,0.0714285714285714,112.92539369237564,0.8973418968738613,1.0,1.0421114191412926,0.14476952226743123
test:3917,test,mendeley_pa:image:MENDE-PA-00143,images/mendeley_pa/MENDE-PA-00143.jpg,Mendeley PA,PA,3917,16,18,0.0714285714285714,116.52176144816092,0.9699106361546482,0.9607952517408405,1.0026275833088432,0.03271694715419493
test:4074,test,mendeley_pa:image:MENDE-PA-00156,images/mendeley_pa/MENDE-PA-00156.jpg,Mendeley PA,PA,4074,3,18,0.0714285714285714,112.25422878146463,0.9731877398315898,1.0,0.9649692252278328,0.008218514603756999
test:4075,test,mendeley_pa:image:MENDE-PA-00156,images/mendeley_pa/MENDE-PA-00156.jpg,Mendeley PA,PA,4075,4,18,0.0714285714285714,114.37366344099962,1.0344665757463363,1.0006069010203302,1.0245120162223995,0.009954559523936757
test:4076,test,mendeley_pa:image:MENDE-PA-00156,images/mendeley_pa/MENDE-PA-00156.jpg,Mendeley PA,PA,4076,5,18,0.0714285714285714,118.90930983150116,1.0061593565991316,1.0,1.0124895619228482,0.006330205323716642
test:4077,test,mendeley_pa:image:MENDE-PA-00156,images/mendeley_pa/MENDE-PA-00156.jpg,Mendeley PA,PA,4077,6,18,0.0714285714285714,123.76025197348808,0.9655999061251703,1.0,1.020819390192628,0.05521948406745758
test:4078,test,mendeley_pa:image:MENDE-PA-00156,images/mendeley_pa/MENDE-PA-00156.jpg,Mendeley PA,PA,4078,7,18,0.0714285714285714,127.27474793193257,1.0047459637606717,0.9994546169277949,0.989089013436131,0.01565695032454073
test:4079,test,mendeley_pa:image:MENDE-PA-00156,images/mendeley_pa/MENDE-PA-00156.jpg,Mendeley PA,PA,4079,8,18,0.0714285714285714,131.7390600223688,1.0240530118193365,1.0,0.9935229234397411,0.030530088379595366
test:4080,test,mendeley_pa:image:MENDE-PA-00156,images/mendeley_pa/MENDE-PA-00156.jpg,Mendeley PA,PA,4080,9,18,0.0714285714285714,135.24348173507843,1.0026311732870798,1.0336473536442548,1.0176212367366582,0.014990063449578317
test:4081,test,mendeley_pa:image:MENDE-PA-00156,images/mendeley_pa/MENDE-PA-00156.jpg,Mendeley PA,PA,4081,10,18,0.0714285714285714,135.58925652573657,1.06704879503916,1.0000000000000002,0.9655700325965884,0.1014787624425717
test:4082,test,mendeley_pa:image:MENDE-PA-00156,images/mendeley_pa/MENDE-PA-00156.jpg,Mendeley PA,PA,4082,11,18,0.0714285714285714,142.12883935208814,0.9539174659981476,1.0,1.0132677843794227,0.059350318381275025
test:4083,test,mendeley_pa:image:MENDE-PA-00156,images/mendeley_pa/MENDE-PA-00156.jpg,Mendeley PA,PA,4083,12,18,0.0714285714285714,152.41017647136894,0.9158005662066393,0.9701425104059547,0.9851430316113203,0.06934246540468103
test:4084,test,mendeley_pa:image:MENDE-PA-00156,images/mendeley_pa/MENDE-PA-00156.jpg,Mendeley PA,PA,4084,13,18,0.0714285714285714,152.75536003937933,1.0483429197208665,1.0,1.0103037795051932,0.03803914021567323
test:4085,test,mendeley_pa:image:MENDE-PA-00156,images/mendeley_pa/MENDE-PA-00156.jpg,Mendeley PA,PA,4085,14,18,0.0714285714285714,165.74946243130216,1.0011096973505975,1.0,0.9701017886400223,0.031007908710575238
test:4086,test,mendeley_pa:image:MENDE-PA-00156,images/mendeley_pa/MENDE-PA-00156.jpg,Mendeley PA,PA,4086,15,18,0.0714285714285714,171.24361488689604,1.000673367173949,1.0,1.0246580690145493,0.02398470184060031
test:4087,test,mendeley_pa:image:MENDE-PA-00156,images/mendeley_pa/MENDE-PA-00156.jpg,Mendeley PA,PA,4087,16,18,0.0714285714285714,177.3004836551696,0.9957887985604436,1.0414019335063234,1.0286268336700335,0.032838035109589936
test:4238,test,mendeley_pa:image:MENDE-PA-00169,images/mendeley_pa/MENDE-PA-00169.jpg,Mendeley PA,PA,4238,3,18,0.0714285714285714,16.974282199500742,0.9716383149932682,1.0948076612520408,1.0166153899598311,0.04497707496656289
test:4239,test,mendeley_pa:image:MENDE-PA-00169,images/mendeley_pa/MENDE-PA-00169.jpg,Mendeley PA,PA,4239,4,18,0.0714285714285714,17.0517136767723,1.146898450457413,0.9568699903613973,1.058356434834664,0.08854201562274899
test:4240,test,mendeley_pa:image:MENDE-PA-00169,images/mendeley_pa/MENDE-PA-00169.jpg,Mendeley PA,PA,4240,5,18,0.0714285714285714,20.46773917611149,0.7885425502866883,1.0494163484625507,0.9203776569418598,0.1318351066551715
test:4241,test,mendeley_pa:image:MENDE-PA-00169,images/mendeley_pa/MENDE-PA-00169.jpg,Mendeley PA,PA,4241,6,18,0.0714285714285714,20.46773917611149,1.143349346992701,0.9165296001771442,1.0351947291234485,0.10815461786925251
test:4242,test,mendeley_pa:image:MENDE-PA-00169,images/mendeley_pa/MENDE-PA-00169.jpg,Mendeley PA,PA,4242,7,18,0.0714285714285714,22.325621760157453,0.9575945784785422,1.026906926071634,0.9658305792868038,0.00823600080826159
test:4243,test,mendeley_pa:image:MENDE-PA-00169,images/mendeley_pa/MENDE-PA-00169.jpg,Mendeley PA,PA,4243,8,18,0.0714285714285714,22.37549654084993,1.0033696890842607,0.9738162188299389,0.9557631416686267,0.04760654741563397
test:4244,test,mendeley_pa:image:MENDE-PA-00169,images/mendeley_pa/MENDE-PA-00169.jpg,Mendeley PA,PA,4244,9,18,0.0714285714285714,22.500769787991025,0.9866484001300705,1.0,0.9860359188169241,0.0006124813131463958
test:4245,test,mendeley_pa:image:MENDE-PA-00169,images/mendeley_pa/MENDE-PA-00169.jpg,Mendeley PA,PA,4245,10,18,0.0714285714285714,22.659037083569576,0.9952163671171768,0.9944713781667306,0.9834824795914247,0.011733887525752107
test:4246,test,mendeley_pa:image:MENDE-PA-00169,images/mendeley_pa/MENDE-PA-00169.jpg,Mendeley PA,PA,4246,11,18,0.0714285714285714,22.691402619495182,1.0077463937903253,1.0116612917073615,1.0029899902903088,0.004756403500016493
test:4247,test,mendeley_pa:image:MENDE-PA-00169,images/mendeley_pa/MENDE-PA-00169.jpg,Mendeley PA,PA,4247,12,18,0.0714285714285714,22.81948958260579,1.0237469473683745,1.001322568252839,1.0082776028180196,0.015469344550354869
test:4248,test,mendeley_pa:image:MENDE-PA-00169,images/mendeley_pa/MENDE-PA-00169.jpg,Mendeley PA,PA,4248,13,18,0.0714285714285714,22.83699882737266,0.9997881439193318,1.0108202405358129,1.006569780231493,0.006781636312161221
test:4249,test,mendeley_pa:image:MENDE-PA-00169,images/mendeley_pa/MENDE-PA-00169.jpg,Mendeley PA,PA,4249,14,18,0.0714285714285714,23.096771735501985,0.9874461572414648,0.8821369019712988,1.017175426837403,0.029729269595938135
test:4250,test,mendeley_pa:image:MENDE-PA-00169,images/mendeley_pa/MENDE-PA-00169.jpg,Mendeley PA,PA,4250,15,18,0.0714285714285714,25.512337839360047,0.7022825101758888,0.9995033349048268,0.9622412677060734,0.2599587575301846
test:4251,test,mendeley_pa:image:MENDE-PA-00169,images/mendeley_pa/MENDE-PA-00169.jpg,Mendeley PA,PA,4251,16,18,0.0714285714285714,25.54501822302328,1.103640434399996,0.9132853959372116,1.0587948028614593,0.0448456315385366
test:4282,test,mendeley_pa:image:MENDE-PA-00172,images/mendeley_pa/MENDE-PA-00172.jpg,Mendeley PA,PA,4282,3,18,0.0714285714285714,22.148329725506585,0.8682230045644741,0.9999999999999998,0.9514122530817983,0.08318924851732423
test:4283,test,mendeley_pa:image:MENDE-PA-00172,images/mendeley_pa/MENDE-PA-00172.jpg,Mendeley PA,PA,4283,4,18,0.0714285714285714,22.394030853056087,1.0005711670449888,0.9406058582615031,1.0180200505208148,0.01744888347582596
test:4284,test,mendeley_pa:image:MENDE-PA-00172,images/mendeley_pa/MENDE-PA-00172.jpg,Mendeley PA,PA,4284,5,18,0.0714285714285714,23.877721346281295,0.9589786022085806,1.0030797163340879,1.055303644606812,0.09632504239823148
test:4285,test,mendeley_pa:image:MENDE-PA-00172,images/mendeley_pa/MENDE-PA-00172.jpg,Mendeley PA,PA,4285,6,18,0.0714285714285714,24.1234224738308,1.0568854544432282,1.0000000000000002,0.97855637408793,0.07832908035529829
test:4286,test,mendeley_pa:image:MENDE-PA-00172,images/mendeley_pa/MENDE-PA-00172.jpg,Mendeley PA,PA,4286,7,18,0.0714285714285714,27.184012594542303,0.9324826869808023,1.0,0.951587624847889,0.01910493786708667
test:4287,test,mendeley_pa:image:MENDE-PA-00172,images/mendeley_pa/MENDE-PA-00172.jpg,Mendeley PA,PA,4287,8,18,0.0714285714285714,25.78939616382761,1.1195427253004278,1.1136362155716464,1.0776594890098616,0.04188323629056612
test:4288,test,mendeley_pa:image:MENDE-PA-00172,images/mendeley_pa/MENDE-PA-00172.jpg,Mendeley PA,PA,4288,9,18,0.0714285714285714,27.477714434389267,1.1679060884439363,1.0,1.038360808044672,0.12954528039926427
test:4289,test,mendeley_pa:image:MENDE-PA-00172,images/mendeley_pa/MENDE-PA-00172.jpg,Mendeley PA,PA,4289,10,18,0.0714285714285714,33.227252830234946,0.7849911076590843,1.0810922945400978,0.9163068200012947,0.1313157123422104
test:4290,test,mendeley_pa:image:MENDE-PA-00172,images/mendeley_pa/MENDE-PA-00172.jpg,Mendeley PA,PA,4290,11,18,0.0714285714285714,33.227252830234946,1.1963692642801362,0.9095878914295124,0.9842761546669887,0.21209310961314753
test:4291,test,mendeley_pa:image:MENDE-PA-00172,images/mendeley_pa/MENDE-PA-00172.jpg,Mendeley PA,PA,4291,12,18,0.0714285714285714,39.91503721407255,0.8609065173039019,1.0018885665023431,0.9195792161309824,0.05867269882708048
test:4292,test,mendeley_pa:image:MENDE-PA-00172,images/mendeley_pa/MENDE-PA-00172.jpg,Mendeley PA,PA,4292,13,18,0.0714285714285714,39.8128901883396,1.0104459791721832,0.9348872404070279,0.9401781458863696,0.07026783328581354
test:4293,test,mendeley_pa:image:MENDE-PA-00172,images/mendeley_pa/MENDE-PA-00172.jpg,Mendeley PA,PA,4293,14,18,0.0714285714285714,38.55276327353052,1.0395625890998978,1.0388683503154876,1.0212952674959066,0.01826732160399125
test:4294,test,mendeley_pa:image:MENDE-PA-00172,images/mendeley_pa/MENDE-PA-00172.jpg,Mendeley PA,PA,4294,15,18,0.0714285714285714,40.15339260780912,0.9930348038976462,0.9626810535492778,1.0080047569873214,0.014969953089675192
test:4295,test,mendeley_pa:image:MENDE-PA-00172,images/mendeley_pa/MENDE-PA-00172.jpg,Mendeley PA,PA,4295,16,18,0.0714285714285714,42.988622653438526,0.8660852080117075,0.9976238590718192,0.976994885230152,0.11090967721844447
test:4332,test,mendeley_pa:image:MENDE-PA-00175,images/mendeley_pa/MENDE-PA-00175.jpg,Mendeley PA,PA,4332,3,18,0.0714285714285714,25.49701599051361,0.8695475534300812,0.9530204824882043,1.0137933410482896,0.1442457876182084
test:4333,test,mendeley_pa:image:MENDE-PA-00175,images/mendeley_pa/MENDE-PA-00175.jpg,Mendeley PA,PA,4333,4,18,0.0714285714285714,24.354165442816782,1.1964780239675774,1.0000000000000002,1.0479356385767462,0.1485423853908312
test:4334,test,mendeley_pa:image:MENDE-PA-00175,images/mendeley_pa/MENDE-PA-00175.jpg,Mendeley PA,PA,4334,5,18,0.0714285714285714,26.283856763302666,1.0096487456272485,1.1468074018480587,1.0288919354202557,0.01924318979300721
test:4335,test,mendeley_pa:image:MENDE-PA-00175,images/mendeley_pa/MENDE-PA-00175.jpg,Mendeley PA,PA,4335,6,18,0.0714285714285714,25.58125044957258,1.2175252842911295,0.9766127909191809,0.9799196349580697,0.23760564933305983
test:4336,test,mendeley_pa:image:MENDE-PA-00175,images/mendeley_pa/MENDE-PA-00175.jpg,Mendeley PA,PA,4336,7,18,0.0714285714285714,26.422251596429877,0.8866954315645854,1.0553766947231786,0.9522787641726034,0.06558333260801796
test:4337,test,mendeley_pa:image:MENDE-PA-00175,images/mendeley_pa/MENDE-PA-00175.jpg,Mendeley PA,PA,4337,8,18,0.0714285714285714,28.27532988848878,0.8709018775358476,0.8794862899901532,0.9046634223284387,0.03376154479259108
test:4338,test,mendeley_pa:image:MENDE-PA-00175,images/mendeley_pa/MENDE-PA-00175.jpg,Mendeley PA,PA,4338,9,18,0.0714285714285714,24.62449105469484,1.068328280292693,1.1141074420866426,1.0784179167804178,0.010089636487724762
test:4339,test,mendeley_pa:image:MENDE-PA-00175,images/mendeley_pa/MENDE-PA-00175.jpg,Mendeley PA,PA,4339,10,18,0.0714285714285714,24.946990486527586,1.2123153537002964,1.0207841388845909,1.0582678571308124,0.15404749656948402
test:4340,test,mendeley_pa:image:MENDE-PA-00175,images/mendeley_pa/MENDE-PA-00175.jpg,Mendeley PA,PA,4340,11,18,0.0714285714285714,28.27532988848878,0.8708631983665744,0.981643059507809,0.9697386997126558,0.09887550134608136
test:4341,test,mendeley_pa:image:MENDE-PA-00175,images/mendeley_pa/MENDE-PA-00175.jpg,Mendeley PA,PA,4341,12,18,0.0714285714285714,29.23725369028377,0.8642721150523891,1.040245092421641,0.9846163456736705,0.12034423062128141
test:4342,test,mendeley_pa:image:MENDE-PA-00175,images/mendeley_pa/MENDE-PA-00175.jpg,Mendeley PA,PA,4342,13,18,0.0714285714285714,26.749915435179872,1.3534201706385929,1.0,1.0896717384457588,0.26374843219283406
test:4343,test,mendeley_pa:image:MENDE-PA-00175,images/mendeley_pa/MENDE-PA-00175.jpg,Mendeley PA,PA,4343,14,18,0.0714285714285714,32.906116857056034,0.857922188381258,1.0208317220624918,0.9111094505008692,0.05318726211961122
test:4344,test,mendeley_pa:image:MENDE-PA-00175,images/mendeley_pa/MENDE-PA-00175.jpg,Mendeley PA,PA,4344,15,18,0.0714285714285714,35.518384032327006,0.8722058057064569,0.8877625271400644,0.9172064281722738,0.04500062246581693
test:4345,test,mendeley_pa:image:MENDE-PA-00175,images/mendeley_pa/MENDE-PA-00175.jpg,Mendeley PA,PA,4345,16,18,0.0714285714285714,34.79875817106631,1.0009809195078405,0.9999999999999999,1.057344265282154,0.05636334577431357
test:4350,test,mendeley_pa:image:MENDE-PA-00176,images/mendeley_pa/MENDE-PA-00176.jpg,Mendeley PA,PA,4350,3,18,0.0714285714285714,17.336378947551353,1.2211603949449006,1.0,1.0516331866383553,0.16952720830654533
test:4351,test,mendeley_pa:image:MENDE-PA-00176,images/mendeley_pa/MENDE-PA-00176.jpg,Mendeley PA,PA,4351,4,18,0.0714285714285714,19.03228943283944,0.9065059631159714,1.0617459741613855,1.020781355836152,0.11427539272018061
test:4352,test,mendeley_pa:image:MENDE-PA-00176,images/mendeley_pa/MENDE-PA-00176.jpg,Mendeley PA,PA,4352,5,18,0.0714285714285714,19.99533211095416,0.9624453297144314,0.9020367484233477,0.944325964494715,0.018119365219716466
test:4353,test,mendeley_pa:image:MENDE-PA-00176,images/mendeley_pa/MENDE-PA-00176.jpg,Mendeley PA,PA,4353,6,18,0.0714285714285714,19.42412623559575,0.968906638637525,1.0504449637775863,1.0549308736046399,0.08602423496711487
test:4354,test,mendeley_pa:image:MENDE-PA-00176,images/mendeley_pa/MENDE-PA-00176.jpg,Mendeley PA,PA,4354,7,18,0.0714285714285714,19.42412623559575,1.1101419385408497,0.9890793248116012,1.039801882862949,0.0703400556779008
test:4355,test,mendeley_pa:image:MENDE-PA-00176,images/mendeley_pa/MENDE-PA-00176.jpg,Mendeley PA,PA,4355,8,18,0.0714285714285714,21.42698489230396,0.914913533726151,1.0,0.9427533335983753,0.02783979987222429
test:4356,test,mendeley_pa:image:MENDE-PA-00176,images/mendeley_pa/MENDE-PA-00176.jpg,Mendeley PA,PA,4356,9,18,0.0714285714285714,21.649760964067827,0.9834026651055072,0.9612851923545129,0.9620642648175597,0.021338400287947534
test:4357,test,mendeley_pa:image:MENDE-PA-00176,images/mendeley_pa/MENDE-PA-00176.jpg,Mendeley PA,PA,4357,10,18,0.0714285714285714,21.513208702725343,1.023527038895049,1.0,1.0441689603030682,0.020641921408019126
test:4358,test,mendeley_pa:image:MENDE-PA-00176,images/mendeley_pa/MENDE-PA-00176.jpg,Mendeley PA,PA,4358,11,18,0.0714285714285714,23.43922817716897,0.9273336395803848,1.0163567980418031,1.0029089023957078,0.07557526281532301
test:4359,test,mendeley_pa:image:MENDE-PA-00176,images/mendeley_pa/MENDE-PA-00176.jpg,Mendeley PA,PA,4359,12,18,0.0714285714285714,23.43922817716897,1.0932905641392496,0.9939553038180141,0.9989321342632441,0.09435842987600551
test:4360,test,mendeley_pa:image:MENDE-PA-00176,images/mendeley_pa/MENDE-PA-00176.jpg,Mendeley PA,PA,4360,13,18,0.0714285714285714,26.00023708375176,0.9561107259764718,0.9999999999999999,0.9995498985226731,0.04343917254620122
test:4361,test,mendeley_pa:image:MENDE-PA-00176,images/mendeley_pa/MENDE-PA-00176.jpg,Mendeley PA,PA,4361,14,18,0.0714285714285714,27.32739875472499,0.9651334694319416,0.9859704641121982,0.9912701547573863,0.026136685325444775
test:4362,test,mendeley_pa:image:MENDE-PA-00176,images/mendeley_pa/MENDE-PA-00176.jpg,Mendeley PA,PA,4362,15,18,0.0714285714285714,28.020163244318205,1.0360007634334774,1.0,1.0205144472420216,0.015486316191455796
test:4363,test,mendeley_pa:image:MENDE-PA-00176,images/mendeley_pa/MENDE-PA-00176.jpg,Mendeley PA,PA,4363,16,18,0.0714285714285714,29.243930117944785,1.0144238205430174,1.0550565873326496,1.0569225238922746,0.042498703349257205
test:4384,test,mendeley_pa:image:MENDE-PA-00178,images/mendeley_pa/MENDE-PA-00178.jpg,Mendeley PA,PA,4384,3,18,0.0714285714285714,85.10016553450615,1.2276046575768236,1.0184406445642409,1.094173292936891,0.13343136463993255
test:4385,test,mendeley_pa:image:MENDE-PA-00178,images/mendeley_pa/MENDE-PA-00178.jpg,Mendeley PA,PA,4385,4,18,0.0714285714285714,107.44202779792488,0.5856575880361039,0.80396312999089,0.7834486063804174,0.19779101834431345
test:4386,test,mendeley_pa:image:MENDE-PA-00178,images/mendeley_pa/MENDE-PA-00178.jpg,Mendeley PA,PA,4386,5,18,0.0714285714285714,114.02529302739046,0.5988978106362182,0.8178249771877456,0.847114667965405,0.24821685732918686
test:4387,test,mendeley_pa:image:MENDE-PA-00178,images/mendeley_pa/MENDE-PA-00178.jpg,Mendeley PA,PA,4387,6,18,0.0714285714285714,102.50643278443007,1.2055948405106682,1.0147978014130188,0.9958089033890558,0.20978593712161242
test:4388,test,mendeley_pa:image:MENDE-PA-00178,images/mendeley_pa/MENDE-PA-00178.jpg,Mendeley PA,PA,4388,7,18,0.0714285714285714,130.15229685083267,1.0737967002578532,0.9999999999999999,1.0292553827166557,0.0445413175411975
test:4389,test,mendeley_pa:image:MENDE-PA-00178,images/mendeley_pa/MENDE-PA-00178.jpg,Mendeley PA,PA,4389,8,18,0.0714285714285714,131.6691666867336,1.0383856042994037,1.1280786032009207,1.1005171677249752,0.06213156342557147
test:4390,test,mendeley_pa:image:MENDE-PA-00178,images/mendeley_pa/MENDE-PA-00178.jpg,Mendeley PA,PA,4390,9,18,0.0714285714285714,125.54831245735404,1.2529776729992217,0.9949381471406904,1.0492906578611818,0.20368701513803988
test:4391,test,mendeley_pa:image:MENDE-PA-00178,images/mendeley_pa/MENDE-PA-00178.jpg,Mendeley PA,PA,4391,10,18,0.0714285714285714,131.4451041213818,0.8604523103718986,1.0334446912454691,1.115512635354909,0.25506032498301034
test:4392,test,mendeley_pa:image:MENDE-PA-00178,images/mendeley_pa/MENDE-PA-00178.jpg,Mendeley PA,PA,4392,11,18,0.0714285714285714,140.71461538009393,0.8128029727982682,0.8501927248536778,0.9335411108433438,0.1207381380450756
test:4393,test,mendeley_pa:image:MENDE-PA-00178,images/mendeley_pa/MENDE-PA-00178.jpg,Mendeley PA,PA,4393,12,18,0.0714285714285714,134.81782371606616,0.9358320550469292,1.0,1.0282744728028774,0.09244241775594819
test:4394,test,mendeley_pa:image:MENDE-PA-00178,images/mendeley_pa/MENDE-PA-00178.jpg,Mendeley PA,PA,4394,13,18,0.0714285714285714,141.10904008264856,1.1003008003178874,1.0359012068654998,1.0535337192412122,0.046767081076675154
test:4395,test,mendeley_pa:image:MENDE-PA-00178,images/mendeley_pa/MENDE-PA-00178.jpg,Mendeley PA,PA,4395,14,18,0.0714285714285714,155.6568144375817,1.0676256572369611,1.0,1.010265571065247,0.057360086171714064
test:4396,test,mendeley_pa:image:MENDE-PA-00178,images/mendeley_pa/MENDE-PA-00178.jpg,Mendeley PA,PA,4396,15,18,0.0714285714285714,170.76304465353505,0.9138466666294933,1.0,1.0183884724974632,0.1045418058679699
test:4397,test,mendeley_pa:image:MENDE-PA-00178,images/mendeley_pa/MENDE-PA-00178.jpg,Mendeley PA,PA,4397,16,18,0.0714285714285714,169.4624540943324,1.0347004675863447,1.009561452368587,1.0527440414822993,0.018043573895954568
test:4495,test,mendeley_pa:image:MENDE-PA-00185,images/mendeley_pa/MENDE-PA-00185.jpg,Mendeley PA,PA,4495,3,18,0.0714285714285714,13.62649052007837,0.9620070165628845,0.9668703153872518,0.9974672626847056,0.03546024612182119
test:4496,test,mendeley_pa:image:MENDE-PA-00185,images/mendeley_pa/MENDE-PA-00185.jpg,Mendeley PA,PA,4496,4,18,0.0714285714285714,13.98079710786344,0.9769934893927128,1.0,0.981870349496603,0.004876860103890213
test:4497,test,mendeley_pa:image:MENDE-PA-00185,images/mendeley_pa/MENDE-PA-00185.jpg,Mendeley PA,PA,4497,5,18,0.0714285714285714,14.438773356827864,1.0286756608212984,1.0,1.0000076002033893,0.028668060617909052
test:4498,test,mendeley_pa:image:MENDE-PA-00185,images/mendeley_pa/MENDE-PA-00185.jpg,Mendeley PA,PA,4498,6,18,0.0714285714285714,15.15424168535172,1.0042336184635996,1.0000000000000002,1.004111971240491,0.00012164722310870069
test:4499,test,mendeley_pa:image:MENDE-PA-00185,images/mendeley_pa/MENDE-PA-00185.jpg,Mendeley PA,PA,4499,7,18,0.0714285714285714,15.525117337030965,0.9955266881979866,1.0,1.0068571851588786,0.011330496960891945
test:4500,test,mendeley_pa:image:MENDE-PA-00185,images/mendeley_pa/MENDE-PA-00185.jpg,Mendeley PA,PA,4500,8,18,0.0714285714285714,15.546886531667024,1.0183283758495194,1.0117077174228286,1.0333469974440193,0.015018621594499848
test:4501,test,mendeley_pa:image:MENDE-PA-00185,images/mendeley_pa/MENDE-PA-00185.jpg,Mendeley PA,PA,4501,9,18,0.0714285714285714,15.734970064111858,1.0169794705899724,1.0,1.0395199656486511,0.022540495058678722
test:4502,test,mendeley_pa:image:MENDE-PA-00185,images/mendeley_pa/MENDE-PA-00185.jpg,Mendeley PA,PA,4502,10,18,0.0714285714285714,18.350623898968266,0.8521838005624263,1.0,1.0010287215700373,0.14884492100761104
test:4503,test,mendeley_pa:image:MENDE-PA-00185,images/mendeley_pa/MENDE-PA-00185.jpg,Mendeley PA,PA,4503,11,18,0.0714285714285714,18.69151248441056,1.1074067060999393,0.9902619675925453,1.0684346215060432,0.03897208459389612
test:4504,test,mendeley_pa:image:MENDE-PA-00185,images/mendeley_pa/MENDE-PA-00185.jpg,Mendeley PA,PA,4504,12,18,0.0714285714285714,21.31911180258368,1.0028974772148067,0.9999999999999998,1.0671437010169027,0.06424622380209599
test:4505,test,mendeley_pa:image:MENDE-PA-00185,images/mendeley_pa/MENDE-PA-00185.jpg,Mendeley PA,PA,4505,13,18,0.0714285714285714,23.960924732823347,0.9156206439197494,1.0233289730325916,1.0280361902490833,0.11241554632933393
test:4506,test,mendeley_pa:image:MENDE-PA-00185,images/mendeley_pa/MENDE-PA-00185.jpg,Mendeley PA,PA,4506,14,18,0.0714285714285714,21.66000038802597,1.276959051742282,1.1191154775314809,1.1483023130439998,0.1286567386982822
test:4507,test,mendeley_pa:image:MENDE-PA-00185,images/mendeley_pa/MENDE-PA-00185.jpg,Mendeley PA,PA,4507,15,18,0.0714285714285714,18.98844733090984,1.3977428254057986,1.150613057607398,1.241923648112998,0.1558191772928006
test:4508,test,mendeley_pa:image:MENDE-PA-00185,images/mendeley_pa/MENDE-PA-00185.jpg,Mendeley PA,PA,4508,16,18,0.0714285714285714,21.33845806628853,0.7515902638896168,0.9710253887412743,0.8354911320445733,0.08390086815495645
test:4540,test,mendeley_pa:image:MENDE-PA-00189,images/mendeley_pa/MENDE-PA-00189.jpg,Mendeley PA,PA,4540,3,18,0.0714285714285714,58.961815630556295,1.058247384471271,0.9997672808300098,1.0220910643170913,0.03615632015417969
test:4541,test,mendeley_pa:image:MENDE-PA-00189,images/mendeley_pa/MENDE-PA-00189.jpg,Mendeley PA,PA,4541,4,18,0.0714285714285714,63.56353290596403,1.0023157560358242,1.089675709161964,1.0077688317038684,0.005453075668044205
test:4542,test,mendeley_pa:image:MENDE-PA-00189,images/mendeley_pa/MENDE-PA-00189.jpg,Mendeley PA,PA,4542,5,18,0.0714285714285714,64.22080458908195,1.1854583402482284,0.9999999999999999,1.030189972370863,0.15526836787736542
test:4543,test,mendeley_pa:image:MENDE-PA-00189,images/mendeley_pa/MENDE-PA-00189.jpg,Mendeley PA,PA,4543,6,18,0.0714285714285714,70.8014497001825,0.9142592264893653,1.0440014783555203,0.9563325304800205,0.04207330399065523
test:4544,test,mendeley_pa:image:MENDE-PA-00189,images/mendeley_pa/MENDE-PA-00189.jpg,Mendeley PA,PA,4544,7,18,0.0714285714285714,69.98763735504731,1.0245030494754832,0.9618215104102247,0.951361056370949,0.07314199310453418
test:4545,test,mendeley_pa:image:MENDE-PA-00189,images/mendeley_pa/MENDE-PA-00189.jpg,Mendeley PA,PA,4545,8,18,0.0714285714285714,70.76694636568524,0.9877542425432297,1.001720989688893,0.9571129480447966,0.030641294498433114
test:4546,test,mendeley_pa:image:MENDE-PA-00189,images/mendeley_pa/MENDE-PA-00189.jpg,Mendeley PA,PA,4546,9,18,0.0714285714285714,71.58075871082045,0.9789631245549653,0.9874114467089112,0.9909961233639206,0.012032998808955364
test:4547,test,mendeley_pa:image:MENDE-PA-00189,images/mendeley_pa/MENDE-PA-00189.jpg,Mendeley PA,PA,4547,10,18,0.0714285714285714,72.53770496930187,0.985128624569143,1.0,0.9796702638268471,0.005458360742295887
test:4548,test,mendeley_pa:image:MENDE-PA-00189,images/mendeley_pa/MENDE-PA-00189.jpg,Mendeley PA,PA,4548,11,18,0.0714285714285714,76.37098170119282,0.9820547682166629,1.0027738783077957,0.9455643977539303,0.036490370462732624
test:4549,test,mendeley_pa:image:MENDE-PA-00189,images/mendeley_pa/MENDE-PA-00189.jpg,Mendeley PA,PA,4549,12,18,0.0714285714285714,78.14174030480945,1.0456214716594703,0.9999999999999999,0.9871225738897919,0.058498897769678426
test:4550,test,mendeley_pa:image:MENDE-PA-00189,images/mendeley_pa/MENDE-PA-00189.jpg,Mendeley PA,PA,4550,13,18,0.0714285714285714,84.05177367052923,0.9670586393000167,1.0000000000000002,0.9514668770134451,0.015591762286571553
test:4551,test,mendeley_pa:image:MENDE-PA-00189,images/mendeley_pa/MENDE-PA-00189.jpg,Mendeley PA,PA,4551,14,18,0.0714285714285714,81.49483768606098,1.060151394844596,1.039067078631994,1.0422288624277978,0.017922532416798198
test:4552,test,mendeley_pa:image:MENDE-PA-00189,images/mendeley_pa/MENDE-PA-00189.jpg,Mendeley PA,PA,4552,15,18,0.0714285714285714,83.83992986104323,1.0505043611735783,0.9207720077317629,1.058694086102811,0.008189724929232645
test:4553,test,mendeley_pa:image:MENDE-PA-00189,images/mendeley_pa/MENDE-PA-00189.jpg,Mendeley PA,PA,4553,16,18,0.0714285714285714,92.99792061530654,0.7311782327720413,1.0,0.9006548449397087,0.1694766121676674
test:4606,test,mendeley_pa:image:MENDE-PA-00195,images/mendeley_pa/MENDE-PA-00195.jpg,Mendeley PA,PA,4606,3,18,0.0714285714285714,19.549679229618437,0.8528622756087427,1.232062598768839,1.1509772595802632,0.2981149839715205
test:4607,test,mendeley_pa:image:MENDE-PA-00195,images/mendeley_pa/MENDE-PA-00195.jpg,Mendeley PA,PA,4607,4,18,0.0714285714285714,18.85214101545598,0.8797252347196239,0.9605364961541403,0.9820300782091129,0.10230484348948898
test:4608,test,mendeley_pa:image:MENDE-PA-00195,images/mendeley_pa/MENDE-PA-00195.jpg,Mendeley PA,PA,4608,5,18,0.0714285714285714,17.417155454659486,1.1220635360154687,0.997459983186284,1.0653622874184046,0.05670124859706416
test:4609,test,mendeley_pa:image:MENDE-PA-00195,images/mendeley_pa/MENDE-PA-00195.jpg,Mendeley PA,PA,4609,6,18,0.0714285714285714,19.84987262620221,0.9149241073795404,1.0,1.021295364946127,0.1063712575665865
test:4610,test,mendeley_pa:image:MENDE-PA-00195,images/mendeley_pa/MENDE-PA-00195.jpg,Mendeley PA,PA,4610,7,18,0.0714285714285714,19.56936951599416,1.030007134319988,0.9889345122010473,1.0742770907909636,0.04426995647097565
test:4611,test,mendeley_pa:image:MENDE-PA-00195,images/mendeley_pa/MENDE-PA-00195.jpg,Mendeley PA,PA,4611,8,18,0.0714285714285714,19.876087105410036,1.033630145092585,1.0,1.0537877939641476,0.02015764887156246
test:4612,test,mendeley_pa:image:MENDE-PA-00195,images/mendeley_pa/MENDE-PA-00195.jpg,Mendeley PA,PA,4612,9,18,0.0714285714285714,21.56816931713477,0.9085418287974181,1.0,1.039486013352871,0.13094418455545287
test:4613,test,mendeley_pa:image:MENDE-PA-00195,images/mendeley_pa/MENDE-PA-00195.jpg,Mendeley PA,PA,4613,10,18,0.0714285714285714,20.89575341965008,1.0811678039034802,1.0460592608833006,1.057598219060271,0.023569584843209146
test:4614,test,mendeley_pa:image:MENDE-PA-00195,images/mendeley_pa/MENDE-PA-00195.jpg,Mendeley PA,PA,4614,11,18,0.0714285714285714,20.44477880741058,1.1798028722899512,1.0721270278650281,1.117032962347841,0.06276990994211018
test:4615,test,mendeley_pa:image:MENDE-PA-00195,images/mendeley_pa/MENDE-PA-00195.jpg,Mendeley PA,PA,4615,12,18,0.0714285714285714,22.07436475880564,0.9625184811801539,0.991271613309212,1.152667088577576,0.19014860739742212
test:4616,test,mendeley_pa:image:MENDE-PA-00195,images/mendeley_pa/MENDE-PA-00195.jpg,Mendeley PA,PA,4616,13,18,0.0714285714285714,22.83886122114764,0.8600504807994016,0.9370847632938812,1.0466144298964928,0.18656394909709118
test:4617,test,mendeley_pa:image:MENDE-PA-00195,images/mendeley_pa/MENDE-PA-00195.jpg,Mendeley PA,PA,4617,14,18,0.0714285714285714,22.684551642934387,0.9502904893733679,0.96463649597846,1.0360716718145464,0.0857811824411785
test:4618,test,mendeley_pa:image:MENDE-PA-00195,images/mendeley_pa/MENDE-PA-00195.jpg,Mendeley PA,PA,4618,15,18,0.0714285714285714,24.828234258019265,0.9715599987709662,1.0,1.075047880411148,0.10348788164018186
test:4619,test,mendeley_pa:image:MENDE-PA-00195,images/mendeley_pa/MENDE-PA-00195.jpg,Mendeley PA,PA,4619,16,18,0.0714285714285714,27.684449828072445,1.0149941576792905,1.0000000000000002,1.0808027982711794,0.06580864059188896
test:4624,test,mendeley_pa:image:MENDE-PA-00196,images/mendeley_pa/MENDE-PA-00196.jpg,Mendeley PA,PA,4624,3,17,0.0769230769230769,95.23434394308856,1.180724763481644,1.0712647200574126,1.1164682009269442,0.0642565625546998
test:4625,test,mendeley_pa:image:MENDE-PA-00196,images/mendeley_pa/MENDE-PA-00196.jpg,Mendeley PA,PA,4625,4,17,0.0769230769230769,111.43182428229954,0.8401934175809214,0.9390941599972205,0.9527660443104462,0.11257262672952484
test:4626,test,mendeley_pa:image:MENDE-PA-00196,images/mendeley_pa/MENDE-PA-00196.jpg,Mendeley PA,PA,4626,5,17,0.0769230769230769,113.7366107890514,0.8514795890548698,0.9423062076988729,0.920024981928161,0.0685453928732912
test:4627,test,mendeley_pa:image:MENDE-PA-00196,images/mendeley_pa/MENDE-PA-00196.jpg,Mendeley PA,PA,4627,6,17,0.0769230769230769,104.22402047186304,1.1583236087105009,1.0164263238286968,1.0583146725869175,0.10000893612358341
test:4628,test,mendeley_pa:image:MENDE-PA-00196,images/mendeley_pa/MENDE-PA-00196.jpg,Mendeley PA,PA,4628,7,17,0.0769230769230769,108.65598333615384,1.0586409493410391,1.0691025689634162,1.0061942249926406,0.05244672434839859
test:4629,test,mendeley_pa:image:MENDE-PA-00196,images/mendeley_pa/MENDE-PA-00196.jpg,Mendeley PA,PA,4629,8,17,0.0769230769230769,117.87640842892776,0.9467851949006492,0.9363027116125489,1.0223422771161461,0.07555708221549695
test:4630,test,mendeley_pa:image:MENDE-PA-00196,images/mendeley_pa/MENDE-PA-00196.jpg,Mendeley PA,PA,4630,9,17,0.0769230769230769,122.4237689006196,0.8634624574378852,0.9860156444588033,1.0055628405639259,0.14210038312604067
test:4631,test,mendeley_pa:image:MENDE-PA-00196,images/mendeley_pa/MENDE-PA-00196.jpg,Mendeley PA,PA,4631,10,17,0.0769230769230769,128.30213357474997,1.0118293502503208,0.9770256743961334,0.9804301049755275,0.03139924527479332
test:4632,test,mendeley_pa:image:MENDE-PA-00196,images/mendeley_pa/MENDE-PA-00196.jpg,Mendeley PA,PA,4632,11,17,0.0769230769230769,139.74811713046677,1.0375855632141262,0.9999999999999999,1.0028336390387267,0.03475192417539952
test:4633,test,mendeley_pa:image:MENDE-PA-00196,images/mendeley_pa/MENDE-PA-00196.jpg,Mendeley PA,PA,4633,12,17,0.0769230769230769,148.42049003205702,1.008461633416896,1.0,1.0078386273235083,0.0006230060933878345
test:4634,test,mendeley_pa:image:MENDE-PA-00196,images/mendeley_pa/MENDE-PA-00196.jpg,Mendeley PA,PA,4634,13,17,0.0769230769230769,158.46349818238193,0.95820395854461,1.0,1.0188003070652485,0.06059634852063844
test:4635,test,mendeley_pa:image:MENDE-PA-00196,images/mendeley_pa/MENDE-PA-00196.jpg,Mendeley PA,PA,4635,14,17,0.0769230769230769,168.40987900610622,0.9931164818925813,1.0175271661904053,1.0377427371170715,0.04462625522449026
test:4636,test,mendeley_pa:image:MENDE-PA-00196,images/mendeley_pa/MENDE-PA-00196.jpg,Mendeley PA,PA,4636,15,17,0.0769230769230769,172.36891993006822,1.1074090544940627,1.0217330173746815,1.0262272876844873,0.08118176680957534
test:4851,test,mendeley_pa:image:MENDE-PA-00216,images/mendeley_pa/MENDE-PA-00216.jpg,Mendeley PA,PA,4851,3,18,0.0714285714285714,125.05755374449733,0.9980167388426631,1.086578389700902,1.0744645866345888,0.0764478477919257
test:4852,test,mendeley_pa:image:MENDE-PA-00216,images/mendeley_pa/MENDE-PA-00216.jpg,Mendeley PA,PA,4852,4,18,0.0714285714285714,126.21149649295836,1.1826816765839205,0.9999999999999999,1.016188045963645,0.16649363062027556
test:4853,test,mendeley_pa:image:MENDE-PA-00216,images/mendeley_pa/MENDE-PA-00216.jpg,Mendeley PA,PA,4853,5,18,0.0714285714285714,133.27609002574354,0.9575120413987438,1.0699171470733537,1.014754475119914,0.057242433721170216
test:4854,test,mendeley_pa:image:MENDE-PA-00216,images/mendeley_pa/MENDE-PA-00216.jpg,Mendeley PA,PA,4854,6,18,0.0714285714285714,139.94974028876618,0.9712109752398213,0.9226345000655805,0.9954537702591573,0.024242795019336016
test:4855,test,mendeley_pa:image:MENDE-PA-00216,images/mendeley_pa/MENDE-PA-00216.jpg,Mendeley PA,PA,4855,7,18,0.0714285714285714,131.7670923903024,0.9913814893489203,1.104961297454186,1.0381498625295835,0.04676837318066318
test:4856,test,mendeley_pa:image:MENDE-PA-00216,images/mendeley_pa/MENDE-PA-00216.jpg,Mendeley PA,PA,4856,8,18,0.0714285714285714,133.27609002574354,1.165057820636119,0.9584497002237287,1.0295769137614217,0.13548090687469738
test:4857,test,mendeley_pa:image:MENDE-PA-00216,images/mendeley_pa/MENDE-PA-00216.jpg,Mendeley PA,PA,4857,9,18,0.0714285714285714,156.39157671623985,0.7982872440104396,1.0,1.0000263671463472,0.20173912313590758
test:4858,test,mendeley_pa:image:MENDE-PA-00216,images/mendeley_pa/MENDE-PA-00216.jpg,Mendeley PA,PA,4858,10,18,0.0714285714285714,163.45077314144515,0.9636467262707935,0.9069170807815347,0.940754626444653,0.02289209982614049
test:4859,test,mendeley_pa:image:MENDE-PA-00216,images/mendeley_pa/MENDE-PA-00216.jpg,Mendeley PA,PA,4859,11,18,0.0714285714285714,165.24529090867736,1.0386207942799648,1.0000000000000002,0.9794856347143652,0.05913515956559956
test:4860,test,mendeley_pa:image:MENDE-PA-00216,images/mendeley_pa/MENDE-PA-00216.jpg,Mendeley PA,PA,4860,12,18,0.0714285714285714,184.35806493991865,0.9382924442689551,1.0128827002379057,0.9865225032451508,0.0482300589761957
test:4861,test,mendeley_pa:image:MENDE-PA-00216,images/mendeley_pa/MENDE-PA-00216.jpg,Mendeley PA,PA,4861,13,18,0.0714285714285714,185.0353569792069,1.090813114069042,1.0,1.0440951772034168,0.0467179368656252
test:4862,test,mendeley_pa:image:MENDE-PA-00216,images/mendeley_pa/MENDE-PA-00216.jpg,Mendeley PA,PA,4862,14,18,0.0714285714285714,207.31541217848985,0.9506718893410471,1.0254135374008975,1.0071944650291762,0.05652257568812913
test:4863,test,mendeley_pa:image:MENDE-PA-00216,images/mendeley_pa/MENDE-PA-00216.jpg,Mendeley PA,PA,4863,15,18,0.0714285714285714,207.31541217848985,1.077242950792767,0.9885438826660098,0.9856945068369092,0.09154844395585782
test:4864,test,mendeley_pa:image:MENDE-PA-00216,images/mendeley_pa/MENDE-PA-00216.jpg,Mendeley PA,PA,4864,16,18,0.0714285714285714,208.04440597988224,1.0228192841589356,1.06306377633934,0.9995509816658972,0.023268302493038462
test:4941,test,mendeley_pa:image:MENDE-PA-00224,images/mendeley_pa/MENDE-PA-00224.jpg,Mendeley PA,PA,4941,3,18,0.0714285714285714,41.70162853563434,0.9552687257360428,1.0000000000000002,1.0329151041805746,0.07764637844453182
test:4942,test,mendeley_pa:image:MENDE-PA-00224,images/mendeley_pa/MENDE-PA-00224.jpg,Mendeley PA,PA,4942,4,18,0.0714285714285714,44.10583298952,0.9841865155598442,1.0093503031551956,1.0463016327142833,0.06211511715443918
test:4943,test,mendeley_pa:image:MENDE-PA-00224,images/mendeley_pa/MENDE-PA-00224.jpg,Mendeley PA,PA,4943,5,18,0.0714285714285714,44.34350421120214,1.1095246332153115,1.0331292340250484,1.009009594255852,0.10051503895945957
test:4944,test,mendeley_pa:image:MENDE-PA-00224,images/mendeley_pa/MENDE-PA-00224.jpg,Mendeley PA,PA,4944,6,18,0.0714285714285714,47.23942629099992,1.0206892585140839,0.9999999999999998,0.975617231801152,0.04507202671293187
test:4945,test,mendeley_pa:image:MENDE-PA-00224,images/mendeley_pa/MENDE-PA-00224.jpg,Mendeley PA,PA,4945,7,18,0.0714285714285714,49.39464616230234,0.916671053534958,0.9900451230221099,0.9708977194838828,0.05422666594892478
test:4946,test,mendeley_pa:image:MENDE-PA-00224,images/mendeley_pa/MENDE-PA-00224.jpg,Mendeley PA,PA,4946,8,18,0.0714285714285714,49.989674351080666,0.9919864996703465,0.9706126045513661,0.961699779525748,0.030286720144598434
test:4947,test,mendeley_pa:image:MENDE-PA-00224,images/mendeley_pa/MENDE-PA-00224.jpg,Mendeley PA,PA,4947,9,18,0.0714285714285714,51.31430721381982,1.0087357019725944,1.023288218407616,0.9882353303122371,0.02050037166035734
test:4948,test,mendeley_pa:image:MENDE-PA-00224,images/mendeley_pa/MENDE-PA-00224.jpg,Mendeley PA,PA,4948,10,18,0.0714285714285714,52.40105302851027,1.0577949627453958,1.0,1.023168832063675,0.034626130681720824
test:4949,test,mendeley_pa:image:MENDE-PA-00224,images/mendeley_pa/MENDE-PA-00224.jpg,Mendeley PA,PA,4949,11,18,0.0714285714285714,55.46211625307694,0.9563200240399787,1.0,1.006543334107846,0.05022331006786729
test:4950,test,mendeley_pa:image:MENDE-PA-00224,images/mendeley_pa/MENDE-PA-00224.jpg,Mendeley PA,PA,4950,12,18,0.0714285714285714,58.8687940363979,0.9426838697549954,0.9797003010951426,0.985229857052907,0.04254598729791159
test:4951,test,mendeley_pa:image:MENDE-PA-00224,images/mendeley_pa/MENDE-PA-00224.jpg,Mendeley PA,PA,4951,13,18,0.0714285714285714,58.47047975989479,1.0656320658312897,1.0101085478167207,1.0215598275612265,0.044072238270063124
test:4952,test,mendeley_pa:image:MENDE-PA-00224,images/mendeley_pa/MENDE-PA-00224.jpg,Mendeley PA,PA,4952,14,18,0.0714285714285714,61.87715754321575,1.0121408726159857,0.9999999999999999,1.0093263983726501,0.002814474243335585
test:4953,test,mendeley_pa:image:MENDE-PA-00224,images/mendeley_pa/MENDE-PA-00224.jpg,Mendeley PA,PA,4953,15,18,0.0714285714285714,63.46584063829104,0.9681790445343229,1.0355491621503568,1.0088005459019875,0.040621501367664625
test:4954,test,mendeley_pa:image:MENDE-PA-00224,images/mendeley_pa/MENDE-PA-00224.jpg,Mendeley PA,PA,4954,16,18,0.0714285714285714,63.46584063829104,1.0842934604413759,0.9906870903374926,1.0328632363977208,0.05143022404365505
test:5354,test,mendeley_pa:image:MENDE-PA-00255,images/mendeley_pa/MENDE-PA-00255.jpg,Mendeley PA,PA,5354,3,19,0.0666666666666666,89.77859707239298,0.9635068015460655,1.0,1.08873450756073,0.12522770601466449
test:5355,test,mendeley_pa:image:MENDE-PA-00255,images/mendeley_pa/MENDE-PA-00255.jpg,Mendeley PA,PA,5355,4,19,0.0666666666666666,95.49755619338045,0.957486688812988,0.9915324201612834,1.040076946261442,0.08259025744845405
test:5356,test,mendeley_pa:image:MENDE-PA-00255,images/mendeley_pa/MENDE-PA-00255.jpg,Mendeley PA,PA,5356,5,19,0.0666666666666666,105.72655796832105,0.9730342034035733,1.0,1.0000850912329042,0.02705088782933096
test:5357,test,mendeley_pa:image:MENDE-PA-00255,images/mendeley_pa/MENDE-PA-00255.jpg,Mendeley PA,PA,5357,6,19,0.0666666666666666,115.26462279105642,1.0412169333592112,1.0,0.9993064763839357,0.04191045697527551
test:5358,test,mendeley_pa:image:MENDE-PA-00255,images/mendeley_pa/MENDE-PA-00255.jpg,Mendeley PA,PA,5358,7,19,0.0666666666666666,125.48149476726486,1.0173108688860446,0.9999999999999998,1.008434399962425,0.008876468923619596
test:5359,test,mendeley_pa:image:MENDE-PA-00255,images/mendeley_pa/MENDE-PA-00255.jpg,Mendeley PA,PA,5359,8,19,0.0666666666666666,123.83458276905792,1.0574389604188907,1.061573365035506,1.0383634020416457,0.01907555837724506
test:5360,test,mendeley_pa:image:MENDE-PA-00255,images/mendeley_pa/MENDE-PA-00255.jpg,Mendeley PA,PA,5360,9,19,0.0666666666666666,125.655162232907,1.0764802543830854,0.9571697410346849,0.9908247288467271,0.08565552553635825
test:5361,test,mendeley_pa:image:MENDE-PA-00255,images/mendeley_pa/MENDE-PA-00255.jpg,Mendeley PA,PA,5361,10,19,0.0666666666666666,132.0649691345186,0.8298879440878131,0.9802824272661711,1.0048221978246477,0.17493425373683458
test:5362,test,mendeley_pa:image:MENDE-PA-00255,images/mendeley_pa/MENDE-PA-00255.jpg,Mendeley PA,PA,5362,11,19,0.0666666666666666,134.22386340342254,0.9212716193643333,0.9043904167516795,0.959195699255046,0.03792407989071267
test:5363,test,mendeley_pa:image:MENDE-PA-00255,images/mendeley_pa/MENDE-PA-00255.jpg,Mendeley PA,PA,5363,12,19,0.0666666666666666,129.64769416136215,1.0272641304060213,1.0,1.0523488447070122,0.025084714300990907
test:5364,test,mendeley_pa:image:MENDE-PA-00255,images/mendeley_pa/MENDE-PA-00255.jpg,Mendeley PA,PA,5364,13,19,0.0666666666666666,147.02022732311917,0.9225856523103522,1.0000000000000002,1.0175261180847885,0.09494046577443638
test:5365,test,mendeley_pa:image:MENDE-PA-00255,images/mendeley_pa/MENDE-PA-00255.jpg,Mendeley PA,PA,5365,14,19,0.0666666666666666,164.72130613807326,0.976546584141252,1.0391181792089246,0.9731513793536923,0.0033952047875596136
test:5366,test,mendeley_pa:image:MENDE-PA-00255,images/mendeley_pa/MENDE-PA-00255.jpg,Mendeley PA,PA,5366,15,19,0.0666666666666666,176.29974724653414,1.1723842961922808,1.0058491130361604,1.0125494588168609,0.15983483737541992
test:5367,test,mendeley_pa:image:MENDE-PA-00255,images/mendeley_pa/MENDE-PA-00255.jpg,Mendeley PA,PA,5367,16,19,0.0666666666666666,197.23607847985795,0.9825984243963859,1.0100396535308342,0.9956637480245214,0.013065323628135506
test:5368,test,mendeley_pa:image:MENDE-PA-00255,images/mendeley_pa/MENDE-PA-00255.jpg,Mendeley PA,PA,5368,17,19,0.0666666666666666,200.4525943679883,0.9565426990515817,0.9890980770534348,0.9595346016532253,0.0029919026016436145
test:5556,test,mendeley_pa:image:MENDE-PA-00269,images/mendeley_pa/MENDE-PA-00269.jpg,Mendeley PA,PA,5556,3,18,0.0714285714285714,78.61777010902688,1.1839389998635035,1.0,1.050356686115265,0.1335823137482386
test:5557,test,mendeley_pa:image:MENDE-PA-00269,images/mendeley_pa/MENDE-PA-00269.jpg,Mendeley PA,PA,5557,4,18,0.0714285714285714,90.10594955074644,0.8847285050290723,1.0687636288138673,1.0002392979594514,0.11551079293037914
test:5558,test,mendeley_pa:image:MENDE-PA-00269,images/mendeley_pa/MENDE-PA-00269.jpg,Mendeley PA,PA,5558,5,18,0.0714285714285714,83.42627851368485,1.1929727766586677,1.0,1.0462538860738277,0.14671889058484
test:5559,test,mendeley_pa:image:MENDE-PA-00269,images/mendeley_pa/MENDE-PA-00269.jpg,Mendeley PA,PA,5559,6,18,0.0714285714285714,79.38703949543026,1.097575316335211,1.1235141126516714,1.1410430880341187,0.04346777169890759
test:5560,test,mendeley_pa:image:MENDE-PA-00269,images/mendeley_pa/MENDE-PA-00269.jpg,Mendeley PA,PA,5560,7,18,0.0714285714285714,84.89161711880354,0.9289449538270798,0.9788247507709782,1.0397699636120121,0.11082500978493237
test:5561,test,mendeley_pa:image:MENDE-PA-00269,images/mendeley_pa/MENDE-PA-00269.jpg,Mendeley PA,PA,5561,8,18,0.0714285714285714,84.89161711880354,0.9312436213809966,0.9512695368330599,1.025784901897204,0.09454128051620747
test:5562,test,mendeley_pa:image:MENDE-PA-00269,images/mendeley_pa/MENDE-PA-00269.jpg,Mendeley PA,PA,5562,9,18,0.0714285714285714,86.17639021856152,0.9590791519681494,0.9999999999999998,1.0627821087837217,0.10370295681557229
test:5563,test,mendeley_pa:image:MENDE-PA-00269,images/mendeley_pa/MENDE-PA-00269.jpg,Mendeley PA,PA,5563,10,18,0.0714285714285714,92.26223035905836,1.0112264046016461,1.0,1.0148766450583935,0.0036502404567473334
test:5564,test,mendeley_pa:image:MENDE-PA-00269,images/mendeley_pa/MENDE-PA-00269.jpg,Mendeley PA,PA,5564,11,18,0.0714285714285714,103.5721836548729,0.983608512176323,1.0088628950349556,0.9833142897866236,0.000294222389699339
test:5565,test,mendeley_pa:image:MENDE-PA-00269,images/mendeley_pa/MENDE-PA-00269.jpg,Mendeley PA,PA,5565,12,18,0.0714285714285714,107.8604226454244,1.0725181653335785,1.0,1.015349275432527,0.0571688899010514
test:5566,test,mendeley_pa:image:MENDE-PA-00269,images/mendeley_pa/MENDE-PA-00269.jpg,Mendeley PA,PA,5566,13,18,0.0714285714285714,116.0357773134528,0.9811315652730793,0.9999999999999998,1.008479989133775,0.027348423860695692
test:5567,test,mendeley_pa:image:MENDE-PA-00269,images/mendeley_pa/MENDE-PA-00269.jpg,Mendeley PA,PA,5567,14,18,0.0714285714285714,124.22738308895886,0.9369052871039278,1.014482168188746,1.0048732000276994,0.06796791292377158
test:5568,test,mendeley_pa:image:MENDE-PA-00269,images/mendeley_pa/MENDE-PA-00269.jpg,Mendeley PA,PA,5568,15,18,0.0714285714285714,124.58089779463668,1.1093720507103728,1.0,1.0741802379488945,0.035191812761478314
test:5569,test,mendeley_pa:image:MENDE-PA-00269,images/mendeley_pa/MENDE-PA-00269.jpg,Mendeley PA,PA,5569,16,18,0.0714285714285714,148.16865962523624,0.8960903331781831,0.9999999999999999,0.9835155997425317,0.08742526656434857
test:5646,test,mendeley_pa:image:MENDE-PA-00276,images/mendeley_pa/MENDE-PA-00276.jpg,Mendeley PA,PA,5646,3,18,0.0714285714285714,69.04644407397922,0.9981493164322801,0.9431768680290928,0.9649815788792124,0.03316773755306768
test:5647,test,mendeley_pa:image:MENDE-PA-00276,images/mendeley_pa/MENDE-PA-00276.jpg,Mendeley PA,PA,5647,4,18,0.0714285714285714,69.64934206705536,0.9721967639432788,1.0000000000000002,1.0291735827922823,0.05697681884900352
test:5648,test,mendeley_pa:image:MENDE-PA-00276,images/mendeley_pa/MENDE-PA-00276.jpg,Mendeley PA,PA,5648,5,18,0.0714285714285714,73.06307771306919,0.9632775593711331,1.0407838616816325,1.026565142936818,0.06328758356568498
test:5649,test,mendeley_pa:image:MENDE-PA-00276,images/mendeley_pa/MENDE-PA-00276.jpg,Mendeley PA,PA,5649,6,18,0.0714285714285714,73.79375882560254,1.1433606406760797,1.0000000000000002,1.0442888103425505,0.09907183033352918
test:5650,test,mendeley_pa:image:MENDE-PA-00276,images/mendeley_pa/MENDE-PA-00276.jpg,Mendeley PA,PA,5650,7,18,0.0714285714285714,82.633981483393,0.9343310474170097,1.0,0.9679740741848946,0.03364302676788489
test:5651,test,mendeley_pa:image:MENDE-PA-00276,images/mendeley_pa/MENDE-PA-00276.jpg,Mendeley PA,PA,5651,8,18,0.0714285714285714,87.4014102291523,0.9255581046799497,0.9590087569620778,0.9676952249672581,0.04213712028730843
test:5652,test,mendeley_pa:image:MENDE-PA-00276,images/mendeley_pa/MENDE-PA-00276.jpg,Mendeley PA,PA,5652,9,18,0.0714285714285714,85.1281791385887,1.0622797527754895,1.031240756530705,1.0399252696898011,0.022354483085688326
test:5653,test,mendeley_pa:image:MENDE-PA-00276,images/mendeley_pa/MENDE-PA-00276.jpg,Mendeley PA,PA,5653,10,18,0.0714285714285714,89.89560788434801,1.053224004421636,1.0,1.0024275991600007,0.050796405261635424
test:5654,test,mendeley_pa:image:MENDE-PA-00276,images/mendeley_pa/MENDE-PA-00276.jpg,Mendeley PA,PA,5654,11,18,0.0714285714285714,94.05295164400458,0.9501166429881499,1.0,1.0478678792715073,0.09775123628335736
test:5655,test,mendeley_pa:image:MENDE-PA-00276,images/mendeley_pa/MENDE-PA-00276.jpg,Mendeley PA,PA,5655,12,18,0.0714285714285714,101.13170630517872,0.9238021841559183,0.9737029185451932,0.9871126132019229,0.06331042904600459
test:5656,test,mendeley_pa:image:MENDE-PA-00276,images/mendeley_pa/MENDE-PA-00276.jpg,Mendeley PA,PA,5656,13,18,0.0714285714285714,104.44270083013453,1.0300691157868505,1.0,0.938178863376379,0.09189025241047144
test:5657,test,mendeley_pa:image:MENDE-PA-00276,images/mendeley_pa/MENDE-PA-00276.jpg,Mendeley PA,PA,5657,14,18,0.0714285714285714,145.66477932708636,0.7926398613412814,1.0,0.7935553640127182,0.0009155026714368075
test:5658,test,mendeley_pa:image:MENDE-PA-00276,images/mendeley_pa/MENDE-PA-00276.jpg,Mendeley PA,PA,5658,15,18,0.0714285714285714,154.30227480032912,1.190820798963967,1.0,1.081107571721077,0.10971322724289001
test:5659,test,mendeley_pa:image:MENDE-PA-00276,images/mendeley_pa/MENDE-PA-00276.jpg,Mendeley PA,PA,5659,16,18,0.0714285714285714,149.60303432390782,1.2910489415231194,1.3141540830312104,1.315092162292897,0.024043220769777607
test:5736,test,mendeley_pa:image:MENDE-PA-00285,images/mendeley_pa/MENDE-PA-00285.jpg,Mendeley PA,PA,5736,3,18,0.0714285714285714,124.82941950821866,0.9195476012543308,1.0,0.9981797770597041,0.0786321758053733
test:5737,test,mendeley_pa:image:MENDE-PA-00285,images/mendeley_pa/MENDE-PA-00285.jpg,Mendeley PA,PA,5737,4,18,0.0714285714285714,122.81071573476068,1.0458939474333544,1.0014978779298576,0.9837062714440139,0.062187675989340496
test:5738,test,mendeley_pa:image:MENDE-PA-00285,images/mendeley_pa/MENDE-PA-00285.jpg,Mendeley PA,PA,5738,5,18,0.0714285714285714,126.42828049348644,1.0377642454990603,1.0,1.0213251281529665,0.016439117346093823
test:5739,test,mendeley_pa:image:MENDE-PA-00285,images/mendeley_pa/MENDE-PA-00285.jpg,Mendeley PA,PA,5739,6,18,0.0714285714285714,129.82486669150546,0.9582877293889696,1.0415481828942421,1.0119880732938173,0.05370034390484779
test:5740,test,mendeley_pa:image:MENDE-PA-00285,images/mendeley_pa/MENDE-PA-00285.jpg,Mendeley PA,PA,5740,7,18,0.0714285714285714,127.80616291804748,1.0894228861816615,0.9647116931033054,0.9952860390645185,0.09413684711714299
test:5741,test,mendeley_pa:image:MENDE-PA-00285,images/mendeley_pa/MENDE-PA-00285.jpg,Mendeley PA,PA,5741,8,18,0.0714285714285714,140.8235399613683,0.8676292539507421,1.0,1.0119198746979237,0.14429062074718157
test:5742,test,mendeley_pa:image:MENDE-PA-00285,images/mendeley_pa/MENDE-PA-00285.jpg,Mendeley PA,PA,5742,9,18,0.0714285714285714,141.8198915474781,1.0041759268803088,0.9933580054903169,1.0075437982568283,0.0033678713765195045
test:5743,test,mendeley_pa:image:MENDE-PA-00285,images/mendeley_pa/MENDE-PA-00285.jpg,Mendeley PA,PA,5743,10,18,0.0714285714285714,143.4084726308635,1.1127182611328148,1.0,1.0172989647835493,0.09541929634926549
test:5744,test,mendeley_pa:image:MENDE-PA-00285,images/mendeley_pa/MENDE-PA-00285.jpg,Mendeley PA,PA,5744,11,18,0.0714285714285714,160.99337366176792,0.8969612905954403,1.0,0.9841349106281996,0.0871736200327593
test:5745,test,mendeley_pa:image:MENDE-PA-00285,images/mendeley_pa/MENDE-PA-00285.jpg,Mendeley PA,PA,5745,12,18,0.0714285714285714,165.68393823979477,0.9802611089008944,0.9542248867280041,0.9904830142683541,0.010221905367459705
test:5746,test,mendeley_pa:image:MENDE-PA-00285,images/mendeley_pa/MENDE-PA-00285.jpg,Mendeley PA,PA,5746,13,18,0.0714285714285714,172.2990700297873,0.9970724168874632,1.020934500090027,1.018402532265702,0.021330115378238812
test:5747,test,mendeley_pa:image:MENDE-PA-00285,images/mendeley_pa/MENDE-PA-00285.jpg,Mendeley PA,PA,5747,14,18,0.0714285714285714,176.9896346078142,1.0701113048080404,1.0,1.0071661034598947,0.06294520134814574
test:5748,test,mendeley_pa:image:MENDE-PA-00285,images/mendeley_pa/MENDE-PA-00285.jpg,Mendeley PA,PA,5748,15,18,0.0714285714285714,192.95084809732907,0.9442022195293371,0.9999999999999999,1.0215026009827852,0.07730038145344809
test:5749,test,mendeley_pa:image:MENDE-PA-00285,images/mendeley_pa/MENDE-PA-00285.jpg,Mendeley PA,PA,5749,16,18,0.0714285714285714,212.17215480392335,0.9261492750949716,0.9829996782547479,1.0171420010930543,0.09099272599808272
test:5818,test,mendeley_pa:image:MENDE-PA-00294,images/mendeley_pa/MENDE-PA-00294.jpg,Mendeley PA,PA,5818,3,19,0.0666666666666666,16.530771416651756,0.9814641211572936,0.9704812950103363,1.0246377139000973,0.043173592742803635
test:5819,test,mendeley_pa:image:MENDE-PA-00294,images/mendeley_pa/MENDE-PA-00294.jpg,Mendeley PA,PA,5819,4,19,0.0666666666666666,17.928247077286617,1.0327215089467237,1.0,1.0115024643018842,0.02121904464483948
test:5820,test,mendeley_pa:image:MENDE-PA-00294,images/mendeley_pa/MENDE-PA-00294.jpg,Mendeley PA,PA,5820,5,19,0.0666666666666666,19.475862072693825,1.008023934488748,1.0228481525809436,0.9651646623642116,0.04285927212453644
test:5821,test,mendeley_pa:image:MENDE-PA-00294,images/mendeley_pa/MENDE-PA-00294.jpg,Mendeley PA,PA,5821,6,19,0.0666666666666666,19.786494962072894,1.0778469227827756,1.0125333709139606,1.0190066118221959,0.058840310960579734
test:5822,test,mendeley_pa:image:MENDE-PA-00294,images/mendeley_pa/MENDE-PA-00294.jpg,Mendeley PA,PA,5822,7,19,0.0666666666666666,19.786494962072894,1.032868014781608,1.0428240978682313,0.9992636600101266,0.03360435477148149
test:5823,test,mendeley_pa:image:MENDE-PA-00294,images/mendeley_pa/MENDE-PA-00294.jpg,Mendeley PA,PA,5823,8,19,0.0666666666666666,17.273964488228593,1.1543878548353823,1.0,1.0250205099582672,0.1293673448771151
test:5824,test,mendeley_pa:image:MENDE-PA-00294,images/mendeley_pa/MENDE-PA-00294.jpg,Mendeley PA,PA,5824,9,19,0.0666666666666666,19.376128270604724,0.7282719751036342,0.8057469295182396,0.7426391484060455,0.014367173302411329
test:5825,test,mendeley_pa:image:MENDE-PA-00294,images/mendeley_pa/MENDE-PA-00294.jpg,Mendeley PA,PA,5825,10,19,0.0666666666666666,19.376128270604724,0.5823483800441258,0.8495632480556404,0.7671345468336975,0.18478616678957172
test:5826,test,mendeley_pa:image:MENDE-PA-00294,images/mendeley_pa/MENDE-PA-00294.jpg,Mendeley PA,PA,5826,11,19,0.0666666666666666,18.62686324833563,1.009907115349737,0.924103316326396,0.9147368524565859,0.09517026289315111
test:5827,test,mendeley_pa:image:MENDE-PA-00294,images/mendeley_pa/MENDE-PA-00294.jpg,Mendeley PA,PA,5827,12,19,0.0666666666666666,21.726368315456178,1.065186549134992,1.0474449559558914,1.076866866599469,0.011680317464477064
test:5828,test,mendeley_pa:image:MENDE-PA-00294,images/mendeley_pa/MENDE-PA-00294.jpg,Mendeley PA,PA,5828,13,19,0.0666666666666666,23.89198509547414,1.1176529689216408,1.0,1.0191185232251883,0.09853444569645253
test:5829,test,mendeley_pa:image:MENDE-PA-00294,images/mendeley_pa/MENDE-PA-00294.jpg,Mendeley PA,PA,5829,14,19,0.0666666666666666,25.678664259482275,0.9596034533093933,1.023182240295675,0.9725419850828911,0.012938531773497797
test:5830,test,mendeley_pa:image:MENDE-PA-00294,images/mendeley_pa/MENDE-PA-00294.jpg,Mendeley PA,PA,5830,15,19,0.0666666666666666,25.076852522244693,1.030630074141912,1.0,0.988896232098341,0.04173384204357111
test:5831,test,mendeley_pa:image:MENDE-PA-00294,images/mendeley_pa/MENDE-PA-00294.jpg,Mendeley PA,PA,5831,16,19,0.0666666666666666,23.97687289994256,1.064040763413265,1.0250996758313309,1.049036891859902,0.015003871553362913
test:5832,test,mendeley_pa:image:MENDE-PA-00294,images/mendeley_pa/MENDE-PA-00294.jpg,Mendeley PA,PA,5832,17,19,0.0666666666666666,23.62412002670834,0.9868054714316339,1.0,1.1060696691274643,0.11926419769583041
test:5854,test,mendeley_pa:image:MENDE-PA-00298,images/mendeley_pa/MENDE-PA-00298.jpg,Mendeley PA,PA,5854,3,19,0.0666666666666666,85.2170804159523,1.202997287635735,1.0391312960844201,1.0907345388393563,0.11226274879637876
test:5855,test,mendeley_pa:image:MENDE-PA-00298,images/mendeley_pa/MENDE-PA-00298.jpg,Mendeley PA,PA,5855,4,19,0.0666666666666666,92.03407249929955,0.9266971618945262,1.0195265652906087,0.94034139237515,0.013644230480623798
test:5856,test,mendeley_pa:image:MENDE-PA-00298,images/mendeley_pa/MENDE-PA-00298.jpg,Mendeley PA,PA,5856,5,19,0.0666666666666666,88.77005106083678,0.9591798814090486,1.0000000000000002,0.9338489770889284,0.025330904320120196
test:5857,test,mendeley_pa:image:MENDE-PA-00298,images/mendeley_pa/MENDE-PA-00298.jpg,Mendeley PA,PA,5857,6,19,0.0666666666666666,85.2170804159523,1.082557485995593,0.9668087083674316,1.1156136859036332,0.033056199908040096
test:5858,test,mendeley_pa:image:MENDE-PA-00298,images/mendeley_pa/MENDE-PA-00298.jpg,Mendeley PA,PA,5858,7,19,0.0666666666666666,102.68426996773351,0.7754915516407194,1.0000000000000002,0.9164085909724238,0.1409170393317044
test:5859,test,mendeley_pa:image:MENDE-PA-00298,images/mendeley_pa/MENDE-PA-00298.jpg,Mendeley PA,PA,5859,8,19,0.0666666666666666,102.9983314890522,1.098232854466314,0.9430524875590004,1.0492621083923974,0.048970746073916605
test:5860,test,mendeley_pa:image:MENDE-PA-00298,images/mendeley_pa/MENDE-PA-00298.jpg,Mendeley PA,PA,5860,9,19,0.0666666666666666,113.43021311780812,1.010620349314895,1.0,1.042966715991497,0.032346366676601956
test:5861,test,mendeley_pa:image:MENDE-PA-00298,images/mendeley_pa/MENDE-PA-00298.jpg,Mendeley PA,PA,5861,10,19,0.0666666666666666,120.509552653001,0.9438610644140855,1.0,0.9857842810451984,0.04192321663111298
test:5862,test,mendeley_pa:image:MENDE-PA-00298,images/mendeley_pa/MENDE-PA-00298.jpg,Mendeley PA,PA,5862,11,19,0.0666666666666666,124.2310462848107,1.0173320396277812,0.9964155217576866,0.9916087801512424,0.02572325947653875
test:5863,test,mendeley_pa:image:MENDE-PA-00298,images/mendeley_pa/MENDE-PA-00298.jpg,Mendeley PA,PA,5863,12,19,0.0666666666666666,136.2139240271701,0.9824782005321653,1.0,0.9823226630687714,0.00015553746339391772
test:5864,test,mendeley_pa:image:MENDE-PA-00298,images/mendeley_pa/MENDE-PA-00298.jpg,Mendeley PA,PA,5864,13,19,0.0666666666666666,147.87229986652912,0.9876334139939713,1.004001701238235,1.004780811594469,0.01714739760049766
test:5865,test,mendeley_pa:image:MENDE-PA-00298,images/mendeley_pa/MENDE-PA-00298.jpg,Mendeley PA,PA,5865,14,19,0.0666666666666666,153.98050655986975,1.0592306386195467,0.9999999999999998,1.0299860797822473,0.029244558837299373
test:5866,test,mendeley_pa:image:MENDE-PA-00298,images/mendeley_pa/MENDE-PA-00298.jpg,Mendeley PA,PA,5866,15,19,0.0666666666666666,170.25351037178504,0.9510370060143708,1.0333152701588955,1.0074199279280986,0.056382921913727846
test:5867,test,mendeley_pa:image:MENDE-PA-00298,images/mendeley_pa/MENDE-PA-00298.jpg,Mendeley PA,PA,5867,16,19,0.0666666666666666,167.06617350803157,1.1297932422160648,1.0155363353560747,1.0018530320967616,0.12794021011930323
test:5868,test,mendeley_pa:image:MENDE-PA-00298,images/mendeley_pa/MENDE-PA-00298.jpg,Mendeley PA,PA,5868,17,19,0.0666666666666666,179.34380318471244,0.9891958757140951,1.0030502982570573,1.0118192665411874,0.022623390827092305
test:6037,test,mendeley_pa:image:MENDE-PA-00313,images/mendeley_pa/MENDE-PA-00313.jpg,Mendeley PA,PA,6037,3,17,0.0769230769230769,17.51830435576234,1.1280169751090026,1.057844720776275,1.0989354886068852,0.029081486502117393
test:6038,test,mendeley_pa:image:MENDE-PA-00313,images/mendeley_pa/MENDE-PA-00313.jpg,Mendeley PA,PA,6038,4,17,0.0769230769230769,17.51830435576234,1.101450546853187,1.05688904020482,1.0251641401975722,0.07628640665561481
test:6039,test,mendeley_pa:image:MENDE-PA-00313,images/mendeley_pa/MENDE-PA-00313.jpg,Mendeley PA,PA,6039,5,17,0.0769230769230769,19.106308386596208,0.9038304373252977,0.9322761853225802,1.0016669814475154,0.09783654412221776
test:6040,test,mendeley_pa:image:MENDE-PA-00313,images/mendeley_pa/MENDE-PA-00313.jpg,Mendeley PA,PA,6040,6,17,0.0769230769230769,18.49553543029872,0.8828707200960845,0.9782342896126215,0.9743167012259368,0.09144598112985236
test:6041,test,mendeley_pa:image:MENDE-PA-00313,images/mendeley_pa/MENDE-PA-00313.jpg,Mendeley PA,PA,6041,7,17,0.0769230769230769,17.671431532364632,1.0704888749930328,0.9734119904463383,1.0638341588203999,0.006654716172632913
test:6042,test,mendeley_pa:image:MENDE-PA-00313,images/mendeley_pa/MENDE-PA-00313.jpg,Mendeley PA,PA,6042,8,17,0.0769230769230769,20.178023314279255,0.8957269856661181,1.0226972952538618,0.9759932264739164,0.08026624080779832
test:6043,test,mendeley_pa:image:MENDE-PA-00313,images/mendeley_pa/MENDE-PA-00313.jpg,Mendeley PA,PA,6043,9,17,0.0769230769230769,20.178023314279255,1.1078859670931354,0.9791091811257648,0.9795727762739408,0.12831319081919457
test:6044,test,mendeley_pa:image:MENDE-PA-00313,images/mendeley_pa/MENDE-PA-00313.jpg,Mendeley PA,PA,6044,10,17,0.0769230769230769,22.77279492720007,0.9414292728010366,1.0,1.0252570118755102,0.0838277390744736
test:6045,test,mendeley_pa:image:MENDE-PA-00313,images/mendeley_pa/MENDE-PA-00313.jpg,Mendeley PA,PA,6045,11,17,0.0769230769230769,23.488809761932963,0.9873059220912866,0.980501925919391,0.9940623346457256,0.006756412554438929
test:6046,test,mendeley_pa:image:MENDE-PA-00313,images/mendeley_pa/MENDE-PA-00313.jpg,Mendeley PA,PA,6046,12,17,0.0769230769230769,24.8755596109471,0.9898338383294907,0.9999999999999999,1.0242841113358736,0.034450273006382925
test:6047,test,mendeley_pa:image:MENDE-PA-00313,images/mendeley_pa/MENDE-PA-00313.jpg,Mendeley PA,PA,6047,13,17,0.0769230769230769,26.147707311996207,1.0157861232015772,1.0335705112320799,1.030535888357969,0.014749765156391703
test:6048,test,mendeley_pa:image:MENDE-PA-00313,images/mendeley_pa/MENDE-PA-00313.jpg,Mendeley PA,PA,6048,14,17,0.0769230769230769,27.11661110737837,1.085250943091049,1.0,0.9741614703088999,0.1110894727821492
test:6049,test,mendeley_pa:image:MENDE-PA-00313,images/mendeley_pa/MENDE-PA-00313.jpg,Mendeley PA,PA,6049,15,17,0.0769230769230769,28.860246890378463,0.9588533347897392,1.0,1.0484879687428474,0.08963463395310822
test:6136,test,mendeley_pa:image:MENDE-PA-00320,images/mendeley_pa/MENDE-PA-00320.jpg,Mendeley PA,PA,6136,3,18,0.0714285714285714,8.992810620399545,1.0282516480892097,0.8743761751987571,0.925376900676691,0.10287474741251867
test:6137,test,mendeley_pa:image:MENDE-PA-00320,images/mendeley_pa/MENDE-PA-00320.jpg,Mendeley PA,PA,6137,4,18,0.0714285714285714,9.246264453915217,0.7008821967999057,0.9726542597487742,0.9457913888469511,0.24490919204704542
test:6138,test,mendeley_pa:image:MENDE-PA-00320,images/mendeley_pa/MENDE-PA-00320.jpg,Mendeley PA,PA,6138,5,18,0.0714285714285714,9.114654345453438,0.9588915106482672,1.087008912538095,1.0006286096320587,0.04173709898379152
test:6139,test,mendeley_pa:image:MENDE-PA-00320,images/mendeley_pa/MENDE-PA-00320.jpg,Mendeley PA,PA,6139,6,18,0.0714285714285714,8.672153723083,1.5376663398247887,1.0217992894142982,1.0813908621460315,0.4562754776787572
test:6140,test,mendeley_pa:image:MENDE-PA-00320,images/mendeley_pa/MENDE-PA-00320.jpg,Mendeley PA,PA,6140,7,18,0.0714285714285714,11.037421774059794,0.8138165355461423,0.9938562689137231,0.9639744376551878,0.15015790210904545
test:6141,test,mendeley_pa:image:MENDE-PA-00320,images/mendeley_pa/MENDE-PA-00320.jpg,Mendeley PA,PA,6141,8,18,0.0714285714285714,13.419522985130858,0.6411809705420357,0.8378316975548735,0.831752714829134,0.19057174428709833
test:6142,test,mendeley_pa:image:MENDE-PA-00320,images/mendeley_pa/MENDE-PA-00320.jpg,Mendeley PA,PA,6142,9,18,0.0714285714285714,11.429570698835814,1.1815113141446565,0.9834598521820226,0.9954478140107312,0.18606350013392525
test:6143,test,mendeley_pa:image:MENDE-PA-00320,images/mendeley_pa/MENDE-PA-00320.jpg,Mendeley PA,PA,6143,10,18,0.0714285714285714,14.22000600178714,0.975857889680267,1.0,0.984984097070992,0.009126207390725005
test:6144,test,mendeley_pa:image:MENDE-PA-00320,images/mendeley_pa/MENDE-PA-00320.jpg,Mendeley PA,PA,6144,11,18,0.0714285714285714,14.801145415765994,1.0091006126575883,1.0023372276047051,1.017376532807368,0.008275920149779736
test:6145,test,mendeley_pa:image:MENDE-PA-00320,images/mendeley_pa/MENDE-PA-00320.jpg,Mendeley PA,PA,6145,12,18,0.0714285714285714,15.330715345235388,1.0302698027453796,0.9999999999999999,1.027632113546133,0.0026376891992465623
test:6146,test,mendeley_pa:image:MENDE-PA-00320,images/mendeley_pa/MENDE-PA-00320.jpg,Mendeley PA,PA,6146,13,18,0.0714285714285714,16.220577803557507,0.9694836998925098,1.0,0.9958060448989272,0.02632234500641739
test:6147,test,mendeley_pa:image:MENDE-PA-00320,images/mendeley_pa/MENDE-PA-00320.jpg,Mendeley PA,PA,6147,14,18,0.0714285714285714,16.75921087039626,0.9932676819430817,0.997935842808202,1.0129868845379502,0.01971920259486848
test:6148,test,mendeley_pa:image:MENDE-PA-00320,images/mendeley_pa/MENDE-PA-00320.jpg,Mendeley PA,PA,6148,15,18,0.0714285714285714,18.606131792640717,0.9525703065868605,1.0,0.9951157295145094,0.04254542292764896
test:6149,test,mendeley_pa:image:MENDE-PA-00320,images/mendeley_pa/MENDE-PA-00320.jpg,Mendeley PA,PA,6149,16,18,0.0714285714285714,17.72726597571143,1.1601270653368356,1.1065670814864017,1.1276900474480964,0.032437017888739206
test:6217,test,mendeley_pa:image:MENDE-PA-00325,images/mendeley_pa/MENDE-PA-00325.jpg,Mendeley PA,PA,6217,3,17,0.0769230769230769,108.4956335816136,1.058325184621891,1.0,1.1122604683041573,0.05393528368226619
test:6218,test,mendeley_pa:image:MENDE-PA-00325,images/mendeley_pa/MENDE-PA-00325.jpg,Mendeley PA,PA,6218,4,17,0.0769230769230769,120.72096997939488,0.9649580843134254,1.0000000000000002,1.0137028051540258,0.04874472084060033
test:6219,test,mendeley_pa:image:MENDE-PA-00325,images/mendeley_pa/MENDE-PA-00325.jpg,Mendeley PA,PA,6219,5,17,0.0769230769230769,126.09849753055356,1.004122023636166,1.0532561199844226,1.044200899462436,0.04007887582627001
test:6220,test,mendeley_pa:image:MENDE-PA-00325,images/mendeley_pa/MENDE-PA-00325.jpg,Mendeley PA,PA,6220,6,17,0.0769230769230769,128.76305160309852,1.1582309576020335,1.0186330410209021,0.9876703000184617,0.17056065758357186
test:6221,test,mendeley_pa:image:MENDE-PA-00325,images/mendeley_pa/MENDE-PA-00325.jpg,Mendeley PA,PA,6221,7,17,0.0769230769230769,135.39098974340763,1.0023290278808188,1.0342090628818605,0.9729635990933512,0.029365428787467618
test:6222,test,mendeley_pa:image:MENDE-PA-00325,images/mendeley_pa/MENDE-PA-00325.jpg,Mendeley PA,PA,6222,8,17,0.0769230769230769,137.79023696590468,0.9500515244830434,1.0,1.0136140370741487,0.06356251259110524
test:6223,test,mendeley_pa:image:MENDE-PA-00325,images/mendeley_pa/MENDE-PA-00325.jpg,Mendeley PA,PA,6223,9,17,0.0769230769230769,133.30707191083462,1.04926282449618,0.978208345955832,0.9672412235649657,0.08202160093121424
test:6224,test,mendeley_pa:image:MENDE-PA-00325,images/mendeley_pa/MENDE-PA-00325.jpg,Mendeley PA,PA,6224,10,17,0.0769230769230769,140.31463389966507,0.9257505959127039,1.0,1.0662317648530006,0.14048116894029672
test:6225,test,mendeley_pa:image:MENDE-PA-00325,images/mendeley_pa/MENDE-PA-00325.jpg,Mendeley PA,PA,6225,11,17,0.0769230769230769,148.60072956836552,0.9472033778683191,1.027971381890279,1.0059469049895822,0.05874352712126307
test:6226,test,mendeley_pa:image:MENDE-PA-00325,images/mendeley_pa/MENDE-PA-00325.jpg,Mendeley PA,PA,6226,12,17,0.0769230769230769,149.04120866955287,1.1783200114142747,1.0,1.0261479876935482,0.15217202372072647
test:6227,test,mendeley_pa:image:MENDE-PA-00325,images/mendeley_pa/MENDE-PA-00325.jpg,Mendeley PA,PA,6227,13,17,0.0769230769230769,181.4355601579066,0.867124968232956,1.0309484119137915,0.993902087452093,0.12677711921913692
test:6228,test,mendeley_pa:image:MENDE-PA-00325,images/mendeley_pa/MENDE-PA-00325.jpg,Mendeley PA,PA,6228,14,17,0.0769230769230769,181.4355601579066,1.0939595652887328,0.9495938548470526,1.0037846693421393,0.09017489594659356
test:6229,test,mendeley_pa:image:MENDE-PA-00325,images/mendeley_pa/MENDE-PA-00325.jpg,Mendeley PA,PA,6229,15,17,0.0769230769230769,199.9441106510093,0.936526117250571,1.0715540232295822,1.0590772902751993,0.12255117302462826
test:6282,test,mendeley_pa:image:MENDE-PA-00329,images/mendeley_pa/MENDE-PA-00329.jpg,Mendeley PA,PA,6282,3,18,0.0714285714285714,140.76962718758756,0.6512356756028659,1.0029856707262959,0.9776273849713768,0.3263917093685109
test:6283,test,mendeley_pa:image:MENDE-PA-00329,images/mendeley_pa/MENDE-PA-00329.jpg,Mendeley PA,PA,6283,4,18,0.0714285714285714,140.76962718758756,1.303703708904613,0.9744840215274435,1.012389606548224,0.291314102356389
test:6284,test,mendeley_pa:image:MENDE-PA-00329,images/mendeley_pa/MENDE-PA-00329.jpg,Mendeley PA,PA,6284,5,18,0.0714285714285714,149.78776400926526,1.2196009651641937,1.2708271601994308,1.149100669642237,0.07050029552195669
test:6285,test,mendeley_pa:image:MENDE-PA-00329,images/mendeley_pa/MENDE-PA-00329.jpg,Mendeley PA,PA,6285,6,18,0.0714285714285714,156.14989607552752,1.2628047627779408,0.9565646600364863,0.9845239099501788,0.27828085282776205
test:6286,test,mendeley_pa:image:MENDE-PA-00329,images/mendeley_pa/MENDE-PA-00329.jpg,Mendeley PA,PA,6286,7,18,0.0714285714285714,156.14989607552752,0.743219469687123,1.0464474561960455,0.9148132208139654,0.1715937511268424
test:6287,test,mendeley_pa:image:MENDE-PA-00329,images/mendeley_pa/MENDE-PA-00329.jpg,Mendeley PA,PA,6287,8,18,0.0714285714285714,134.48833689759095,0.9637898243493742,0.8508906301070824,0.9230480652262345,0.04074175912313971
test:6288,test,mendeley_pa:image:MENDE-PA-00329,images/mendeley_pa/MENDE-PA-00329.jpg,Mendeley PA,PA,6288,9,18,0.0714285714285714,141.2707607188988,0.798580597447327,1.0,0.936026006937027,0.13744540948969997
test:6289,test,mendeley_pa:image:MENDE-PA-00329,images/mendeley_pa/MENDE-PA-00329.jpg,Mendeley PA,PA,6289,10,18,0.0714285714285714,143.5028502869874,1.0656445536545258,0.9414562077853179,0.9767401532861686,0.08890440036835723
test:6290,test,mendeley_pa:image:MENDE-PA-00329,images/mendeley_pa/MENDE-PA-00329.jpg,Mendeley PA,PA,6290,11,18,0.0714285714285714,161.07650662368735,0.9770959979042737,1.028288668707049,1.0192493542433143,0.042153356339040604
test:6291,test,mendeley_pa:image:MENDE-PA-00329,images/mendeley_pa/MENDE-PA-00329.jpg,Mendeley PA,PA,6291,12,18,0.0714285714285714,161.5461994483971,1.1039768368357483,1.0109095524957978,1.0194052055439555,0.08457163129179279
test:6292,test,mendeley_pa:image:MENDE-PA-00329,images/mendeley_pa/MENDE-PA-00329.jpg,Mendeley PA,PA,6292,13,18,0.0714285714285714,172.02422559413316,0.9837566878773227,1.0,0.9933723378926516,0.009615650015328825
test:6293,test,mendeley_pa:image:MENDE-PA-00329,images/mendeley_pa/MENDE-PA-00329.jpg,Mendeley PA,PA,6293,14,18,0.0714285714285714,184.5626781225644,0.8978260968252016,0.9930452845572518,1.0201864849357891,0.12236038811058747
test:6294,test,mendeley_pa:image:MENDE-PA-00329,images/mendeley_pa/MENDE-PA-00329.jpg,Mendeley PA,PA,6294,15,18,0.0714285714285714,178.9237791129933,1.102861861083199,0.9961987295956645,0.9812483768747482,0.12161348420845086
test:6295,test,mendeley_pa:image:MENDE-PA-00329,images/mendeley_pa/MENDE-PA-00329.jpg,Mendeley PA,PA,6295,16,18,0.0714285714285714,180.99471996421613,1.054075467024504,1.0661796872354614,1.025592213574754,0.028483253449750112
test:6516,test,mendeley_pa:image:MENDE-PA-00348,images/mendeley_pa/MENDE-PA-00348.jpg,Mendeley PA,PA,6516,3,17,0.0769230769230769,18.257851809468463,0.9018968251069786,0.9654446935825403,0.9805447815530355,0.07864795644605693
test:6517,test,mendeley_pa:image:MENDE-PA-00348,images/mendeley_pa/MENDE-PA-00348.jpg,Mendeley PA,PA,6517,4,17,0.0769230769230769,17.718353326169797,1.0679035434894444,1.0,1.014114148914814,0.05378939457463039
test:6518,test,mendeley_pa:image:MENDE-PA-00348,images/mendeley_pa/MENDE-PA-00348.jpg,Mendeley PA,PA,6518,5,17,0.0769230769230769,19.777819116571195,0.9591557067185397,1.0631542554691449,1.036076053474845,0.07692034675630532
test:6519,test,mendeley_pa:image:MENDE-PA-00348,images/mendeley_pa/MENDE-PA-00348.jpg,Mendeley PA,PA,6519,6,17,0.0769230769230769,19.802077001716988,1.16817305636893,1.0,1.0293968971818686,0.13877615918706154
test:6520,test,mendeley_pa:image:MENDE-PA-00348,images/mendeley_pa/MENDE-PA-00348.jpg,Mendeley PA,PA,6520,7,17,0.0769230769230769,22.11033619516128,0.9332352863925852,1.0286229816335326,1.0258760226494705,0.09264073625688529
test:6521,test,mendeley_pa:image:MENDE-PA-00348,images/mendeley_pa/MENDE-PA-00348.jpg,Mendeley PA,PA,6521,8,17,0.0769230769230769,22.4993890667233,0.9935446248843476,0.9444850063525578,0.9685763618551633,0.024968263029184312
test:6522,test,mendeley_pa:image:MENDE-PA-00348,images/mendeley_pa/MENDE-PA-00348.jpg,Mendeley PA,PA,6522,9,17,0.0769230769230769,24.498076062940285,0.8925813302121621,0.9999999999999999,0.9936220408417283,0.10104071062956621
test:6523,test,mendeley_pa:image:MENDE-PA-00348,images/mendeley_pa/MENDE-PA-00348.jpg,Mendeley PA,PA,6523,10,17,0.0769230769230769,25.487634689562658,1.045291388547955,0.9904341505897698,1.0208855954987464,0.024405793049208535
test:6524,test,mendeley_pa:image:MENDE-PA-00348,images/mendeley_pa/MENDE-PA-00348.jpg,Mendeley PA,PA,6524,11,17,0.0769230769230769,28.251039650869448,1.0130997889778501,1.0,0.9655047617852688,0.04759502719258135
test:6525,test,mendeley_pa:image:MENDE-PA-00348,images/mendeley_pa/MENDE-PA-00348.jpg,Mendeley PA,PA,6525,12,17,0.0769230769230769,29.636514725633177,1.0075433809514847,1.0,0.9878253368660808,0.019718044085403896
test:6526,test,mendeley_pa:image:MENDE-PA-00348,images/mendeley_pa/MENDE-PA-00348.jpg,Mendeley PA,PA,6526,13,17,0.0769230769230769,29.72568166930165,1.0311590995142934,1.0341381953382598,1.0411334513971315,0.009974351882838128
test:6527,test,mendeley_pa:image:MENDE-PA-00348,images/mendeley_pa/MENDE-PA-00348.jpg,Mendeley PA,PA,6527,14,17,0.0769230769230769,30.25599069442428,1.0451104267733244,0.9955581498441551,1.027860272407279,0.01725015436604549
test:6528,test,mendeley_pa:image:MENDE-PA-00348,images/mendeley_pa/MENDE-PA-00348.jpg,Mendeley PA,PA,6528,15,17,0.0769230769230769,31.10390282948874,0.9513690051868897,1.0155759264335027,1.0427152120128265,0.09134620682593675
test:6549,test,mendeley_pa:image:MENDE-PA-00350,images/mendeley_pa/MENDE-PA-00350.jpg,Mendeley PA,PA,6549,3,18,0.0714285714285714,116.6827649661706,0.979315334457688,1.0562721472943697,1.0762598310376081,0.0969444965799201
test:6550,test,mendeley_pa:image:MENDE-PA-00350,images/mendeley_pa/MENDE-PA-00350.jpg,Mendeley PA,PA,6550,4,18,0.0714285714285714,116.6827649661706,1.121773828691659,0.9942724342803038,1.0084239692772305,0.11334985941442843
test:6551,test,mendeley_pa:image:MENDE-PA-00350,images/mendeley_pa/MENDE-PA-00350.jpg,Mendeley PA,PA,6551,5,18,0.0714285714285714,120.29128740114268,0.9789544618634634,1.0361383632330643,0.9530998245386826,0.02585463732478077
test:6552,test,mendeley_pa:image:MENDE-PA-00350,images/mendeley_pa/MENDE-PA-00350.jpg,Mendeley PA,PA,6552,6,18,0.0714285714285714,120.2161589797774,0.984769138228087,0.9980235023466912,1.018403924819645,0.03363478659155805
test:6553,test,mendeley_pa:image:MENDE-PA-00350,images/mendeley_pa/MENDE-PA-00350.jpg,Mendeley PA,PA,6553,7,18,0.0714285714285714,118.31003485824078,1.0328575396761264,1.0,1.034722726792097,0.0018651871159707234
test:6554,test,mendeley_pa:image:MENDE-PA-00350,images/mendeley_pa/MENDE-PA-00350.jpg,Mendeley PA,PA,6554,8,18,0.0714285714285714,124.64262219091614,0.9485912953257201,1.056236097438824,1.0240733305351852,0.07548203520946517
test:6555,test,mendeley_pa:image:MENDE-PA-00350,images/mendeley_pa/MENDE-PA-00350.jpg,Mendeley PA,PA,6555,9,18,0.0714285714285714,122.2713873342576,1.1540448278919297,1.0031894813844757,0.9793207510927515,0.17472407679917823
test:6556,test,mendeley_pa:image:MENDE-PA-00350,images/mendeley_pa/MENDE-PA-00350.jpg,Mendeley PA,PA,6556,10,18,0.0714285714285714,130.25040263066364,0.9757193090567373,1.0113290246217044,0.9977146699665578,0.02199536090982046
test:6557,test,mendeley_pa:image:MENDE-PA-00350,images/mendeley_pa/MENDE-PA-00350.jpg,Mendeley PA,PA,6557,11,18,0.0714285714285714,139.6310521338811,0.876204549604974,0.9498004595722866,0.9965183976080132,0.12031384800303924
test:6558,test,mendeley_pa:image:MENDE-PA-00350,images/mendeley_pa/MENDE-PA-00350.jpg,Mendeley PA,PA,6558,12,18,0.0714285714285714,142.86898567781716,0.9670079300978922,0.9834027319126779,1.0226474917405302,0.05563956164263795
test:6559,test,mendeley_pa:image:MENDE-PA-00350,images/mendeley_pa/MENDE-PA-00350.jpg,Mendeley PA,PA,6559,13,18,0.0714285714285714,155.89676257722698,1.0176615336568675,1.0,0.9997171685972717,0.017944365059595846
test:6560,test,mendeley_pa:image:MENDE-PA-00350,images/mendeley_pa/MENDE-PA-00350.jpg,Mendeley PA,PA,6560,14,18,0.0714285714285714,166.4449657495673,1.043216190150311,1.0,1.0310179460793734,0.012198244070937614
test:6561,test,mendeley_pa:image:MENDE-PA-00350,images/mendeley_pa/MENDE-PA-00350.jpg,Mendeley PA,PA,6561,15,18,0.0714285714285714,188.62083021647828,0.9237568979135546,0.9999999999999999,0.9993789240252225,0.0756220261116679
test:6562,test,mendeley_pa:image:MENDE-PA-00350,images/mendeley_pa/MENDE-PA-00350.jpg,Mendeley PA,PA,6562,16,18,0.0714285714285714,196.12000810933552,1.0381581122538317,1.0,1.0157632622867823,0.022394849967049435
test:7161,test,mendeley_pa:image:MENDE-PA-00395,images/mendeley_pa/MENDE-PA-00395.jpg,Mendeley PA,PA,7161,3,17,0.0769230769230769,73.97064278139136,1.1980651143671808,1.0,0.9950169697403908,0.20304814462679
test:7162,test,mendeley_pa:image:MENDE-PA-00395,images/mendeley_pa/MENDE-PA-00395.jpg,Mendeley PA,PA,7162,4,17,0.0769230769230769,74.74293994043954,1.023597998069818,1.1149746367182054,0.9533500262941637,0.07024797177565434
test:7163,test,mendeley_pa:image:MENDE-PA-00395,images/mendeley_pa/MENDE-PA-00395.jpg,Mendeley PA,PA,7163,5,17,0.0769230769230769,72.34345619577391,1.0788994902284257,1.0,0.9496951289474964,0.12920436128092927
test:7164,test,mendeley_pa:image:MENDE-PA-00395,images/mendeley_pa/MENDE-PA-00395.jpg,Mendeley PA,PA,7164,6,17,0.0769230769230769,62.90386099027688,1.0838792345226627,1.0122774206048744,0.9064576215988891,0.17742161292377356
test:7165,test,mendeley_pa:image:MENDE-PA-00395,images/mendeley_pa/MENDE-PA-00395.jpg,Mendeley PA,PA,7165,7,17,0.0769230769230769,69.76424524479876,0.7066800209000013,0.8399405361455257,0.813101248193937,0.10642122729393577
test:7166,test,mendeley_pa:image:MENDE-PA-00395,images/mendeley_pa/MENDE-PA-00395.jpg,Mendeley PA,PA,7166,8,17,0.0769230769230769,69.76424524479876,0.7025869231259467,0.8646929358674486,0.8289754187299211,0.12638849560397436
test:7167,test,mendeley_pa:image:MENDE-PA-00395,images/mendeley_pa/MENDE-PA-00395.jpg,Mendeley PA,PA,7167,9,17,0.0769230769230769,63.533486643794895,1.1230030895511163,1.0588495668997115,1.0369097714354343,0.086093318115682
test:7168,test,mendeley_pa:image:MENDE-PA-00395,images/mendeley_pa/MENDE-PA-00395.jpg,Mendeley PA,PA,7168,10,17,0.0769230769230769,74.55713839542942,1.1471653159279214,1.0,1.0451349765062332,0.10203033942168815
test:7169,test,mendeley_pa:image:MENDE-PA-00395,images/mendeley_pa/MENDE-PA-00395.jpg,Mendeley PA,PA,7169,11,17,0.0769230769230769,83.49314153697198,0.9314055450349379,1.0,0.9525870457291603,0.02118150069422242
test:7170,test,mendeley_pa:image:MENDE-PA-00395,images/mendeley_pa/MENDE-PA-00395.jpg,Mendeley PA,PA,7170,12,17,0.0769230769230769,86.71149568740958,0.9394016238114189,0.9552343771687517,0.9311769404343138,0.008224683377105135
test:7171,test,mendeley_pa:image:MENDE-PA-00395,images/mendeley_pa/MENDE-PA-00395.jpg,Mendeley PA,PA,7171,13,17,0.0769230769230769,84.80146279070141,1.0364635851821917,1.0000000000000002,1.0011725653894248,0.03529101979276694
test:7172,test,mendeley_pa:image:MENDE-PA-00395,images/mendeley_pa/MENDE-PA-00395.jpg,Mendeley PA,PA,7172,14,17,0.0769230769230769,95.92297893953469,0.9189248155553689,1.0,1.0144581580534577,0.09553334249808887
test:7173,test,mendeley_pa:image:MENDE-PA-00395,images/mendeley_pa/MENDE-PA-00395.jpg,Mendeley PA,PA,7173,15,17,0.0769230769230769,88.01981694113903,1.1810105194360965,1.1968839693008255,1.1286252963481735,0.05238522308792293
test:7345,test,mendeley_pa:image:MENDE-PA-00409,images/mendeley_pa/MENDE-PA-00409.jpg,Mendeley PA,PA,7345,3,19,0.0666666666666666,77.81949588914318,0.9280811327544376,0.9300749235170747,1.0258646689670945,0.0977835362126569
test:7346,test,mendeley_pa:image:MENDE-PA-00409,images/mendeley_pa/MENDE-PA-00409.jpg,Mendeley PA,PA,7346,4,19,0.0666666666666666,85.79200669511928,1.0149991027415806,1.0594719961423924,0.9925642773647358,0.022434825376844714
test:7347,test,mendeley_pa:image:MENDE-PA-00409,images/mendeley_pa/MENDE-PA-00409.jpg,Mendeley PA,PA,7347,5,19,0.0666666666666666,92.03807632320684,1.1904383017822529,1.0128417757140764,0.9939450506853231,0.19649325109692972
test:7348,test,mendeley_pa:image:MENDE-PA-00409,images/mendeley_pa/MENDE-PA-00409.jpg,Mendeley PA,PA,7348,6,19,0.0666666666666666,103.28149705298584,0.9620426729880632,1.0,1.029322886839509,0.06728021385144578
test:7349,test,mendeley_pa:image:MENDE-PA-00409,images/mendeley_pa/MENDE-PA-00409.jpg,Mendeley PA,PA,7349,7,19,0.0666666666666666,104.4634293862835,0.9285291838332479,1.106527057304127,0.9904383242270778,0.06190914039382989
test:7350,test,mendeley_pa:image:MENDE-PA-00409,images/mendeley_pa/MENDE-PA-00409.jpg,Mendeley PA,PA,7350,8,19,0.0666666666666666,98.1792751617656,1.3426664081308703,0.971113380998842,1.002150368899576,0.34051603923129425
test:7351,test,mendeley_pa:image:MENDE-PA-00409,images/mendeley_pa/MENDE-PA-00409.jpg,Mendeley PA,PA,7351,9,19,0.0666666666666666,103.51587325662224,0.9050696276501162,1.1325565812145442,1.0741208319519728,0.1690512043018566
test:7352,test,mendeley_pa:image:MENDE-PA-00409,images/mendeley_pa/MENDE-PA-00409.jpg,Mendeley PA,PA,7352,10,19,0.0666666666666666,108.01956580901007,0.9503199862983858,0.9168138456884769,1.0069815767351535,0.05666159043676777
test:7353,test,mendeley_pa:image:MENDE-PA-00409,images/mendeley_pa/MENDE-PA-00409.jpg,Mendeley PA,PA,7353,11,19,0.0666666666666666,105.04430563767964,0.9936625653340276,1.0201109351093327,1.008154171655551,0.014491606321523465
test:7354,test,mendeley_pa:image:MENDE-PA-00409,images/mendeley_pa/MENDE-PA-00409.jpg,Mendeley PA,PA,7354,12,19,0.0666666666666666,105.9070265947258,1.0543260536587713,1.0,1.03810615837574,0.01621989528303125
test:7355,test,mendeley_pa:image:MENDE-PA-00409,images/mendeley_pa/MENDE-PA-00409.jpg,Mendeley PA,PA,7355,13,19,0.0666666666666666,117.23276538428205,0.9164285993221788,1.0200347115054114,1.0202307134635134,0.10380211414133456
test:7356,test,mendeley_pa:image:MENDE-PA-00409,images/mendeley_pa/MENDE-PA-00409.jpg,Mendeley PA,PA,7356,14,19,0.0666666666666666,117.23276538428205,1.0876007421063403,0.9819799592088483,1.0391000588725827,0.04850068323375756
test:7357,test,mendeley_pa:image:MENDE-PA-00409,images/mendeley_pa/MENDE-PA-00409.jpg,Mendeley PA,PA,7357,15,19,0.0666666666666666,134.0485741096395,0.9161230858283431,0.9999999999999998,1.0062306309118865,0.09010754508354335
test:7358,test,mendeley_pa:image:MENDE-PA-00409,images/mendeley_pa/MENDE-PA-00409.jpg,Mendeley PA,PA,7358,16,19,0.0666666666666666,133.50923603425446,1.0530710066536746,1.0235050272914767,1.0291589865247905,0.02391202012888405
test:7359,test,mendeley_pa:image:MENDE-PA-00409,images/mendeley_pa/MENDE-PA-00409.jpg,Mendeley PA,PA,7359,17,19,0.0666666666666666,136.49980700664622,1.1024906076993055,1.0260480991445724,1.0507651395045463,0.051725468194759205
test:7535,test,mendeley_pa:image:MENDE-PA-00421,images/mendeley_pa/MENDE-PA-00421.jpg,Mendeley PA,PA,7535,3,18,0.0714285714285714,14.680393327488504,0.9990464389060137,1.043538174128173,0.9942615279015286,0.004784911004485193
test:7536,test,mendeley_pa:image:MENDE-PA-00421,images/mendeley_pa/MENDE-PA-00421.jpg,Mendeley PA,PA,7536,4,18,0.0714285714285714,14.734923243289952,1.0747018918540978,0.9507181198366874,0.9893458859094375,0.08535600594466031
test:7537,test,mendeley_pa:image:MENDE-PA-00421,images/mendeley_pa/MENDE-PA-00421.jpg,Mendeley PA,PA,7537,5,18,0.0714285714285714,15.251022280727812,0.8754247500445537,1.0584883316308216,0.9926577358394817,0.11723298579492802
test:7538,test,mendeley_pa:image:MENDE-PA-00421,images/mendeley_pa/MENDE-PA-00421.jpg,Mendeley PA,PA,7538,6,18,0.0714285714285714,12.815810522575074,1.2836026519210852,1.0,1.105110988020897,0.17849166390018834
test:7539,test,mendeley_pa:image:MENDE-PA-00421,images/mendeley_pa/MENDE-PA-00421.jpg,Mendeley PA,PA,7539,7,18,0.0714285714285714,12.522281469612558,0.9806917938173487,1.0863330785830736,0.9663003881176233,0.014391405699725413
test:7540,test,mendeley_pa:image:MENDE-PA-00421,images/mendeley_pa/MENDE-PA-00421.jpg,Mendeley PA,PA,7540,8,18,0.0714285714285714,13.259002905950172,0.811247185217328,0.9040626741833084,0.9048157085551911,0.09356852333786314
test:7541,test,mendeley_pa:image:MENDE-PA-00421,images/mendeley_pa/MENDE-PA-00421.jpg,Mendeley PA,PA,7541,9,18,0.0714285714285714,13.259002905950172,0.8819245801618649,0.9425232085062882,0.9057245003654382,0.023799920203573244
test:7542,test,mendeley_pa:image:MENDE-PA-00421,images/mendeley_pa/MENDE-PA-00421.jpg,Mendeley PA,PA,7542,10,18,0.0714285714285714,14.978311686817891,0.9505415184616837,1.0,0.9376715235412121,0.012869994920471584
test:7543,test,mendeley_pa:image:MENDE-PA-00421,images/mendeley_pa/MENDE-PA-00421.jpg,Mendeley PA,PA,7543,11,18,0.0714285714285714,16.3590450563826,1.1163966319241365,1.0,0.9925456349737942,0.1238509969503423
test:7544,test,mendeley_pa:image:MENDE-PA-00421,images/mendeley_pa/MENDE-PA-00421.jpg,Mendeley PA,PA,7544,12,18,0.0714285714285714,19.013414662339557,0.9719760130509327,1.0,0.9730119127780199,0.001035899727087175
test:7545,test,mendeley_pa:image:MENDE-PA-00421,images/mendeley_pa/MENDE-PA-00421.jpg,Mendeley PA,PA,7545,13,18,0.0714285714285714,20.273802546670662,0.9748366877275294,1.0,0.9850840801373124,0.010247392409783007
test:7546,test,mendeley_pa:image:MENDE-PA-00421,images/mendeley_pa/MENDE-PA-00421.jpg,Mendeley PA,PA,7546,14,18,0.0714285714285714,22.00841296478277,1.0026630339346772,1.0,0.9693210311233997,0.033342002811277416
test:7547,test,mendeley_pa:image:MENDE-PA-00421,images/mendeley_pa/MENDE-PA-00421.jpg,Mendeley PA,PA,7547,15,18,0.0714285714285714,24.47466488576905,0.9909504183417577,0.9999999999999999,0.9641607329249381,0.026789685416819586
test:7548,test,mendeley_pa:image:MENDE-PA-00421,images/mendeley_pa/MENDE-PA-00421.jpg,Mendeley PA,PA,7548,16,18,0.0714285714285714,24.862636436497503,1.0812331879944725,1.0355287572247955,1.0268011201052043,0.05443206788926824
test:7584,test,mendeley_pa:image:MENDE-PA-00424,images/mendeley_pa/MENDE-PA-00424.jpg,Mendeley PA,PA,7584,3,18,0.0714285714285714,126.13037980849344,1.0742303615616953,1.0000000000000002,0.9660050459206106,0.10822531564108462
test:7585,test,mendeley_pa:image:MENDE-PA-00424,images/mendeley_pa/MENDE-PA-00424.jpg,Mendeley PA,PA,7585,4,18,0.0714285714285714,132.61048506070796,0.9123281088430418,1.0133771833276493,1.013651182212599,0.10132307336955726
test:7586,test,mendeley_pa:image:MENDE-PA-00424,images/mendeley_pa/MENDE-PA-00424.jpg,Mendeley PA,PA,7586,5,18,0.0714285714285714,129.56603505755902,1.0286322036193223,0.9760638538555735,1.0111660573439234,0.017466146275398886
test:7587,test,mendeley_pa:image:MENDE-PA-00424,images/mendeley_pa/MENDE-PA-00424.jpg,Mendeley PA,PA,7587,6,18,0.0714285714285714,130.23134615232635,1.0131598717532238,1.0,1.0177380610257387,0.004578189272514965
test:7588,test,mendeley_pa:image:MENDE-PA-00424,images/mendeley_pa/MENDE-PA-00424.jpg,Mendeley PA,PA,7588,7,18,0.0714285714285714,140.61807590051268,0.9044846854479944,0.9955794012161144,0.9570680206628689,0.05258333521487446
test:7589,test,mendeley_pa:image:MENDE-PA-00424,images/mendeley_pa/MENDE-PA-00424.jpg,Mendeley PA,PA,7589,8,18,0.0714285714285714,138.8311875031535,1.0663867990114655,0.9909417932065071,0.9968320401528717,0.06955475885859375
test:7590,test,mendeley_pa:image:MENDE-PA-00424,images/mendeley_pa/MENDE-PA-00424.jpg,Mendeley PA,PA,7590,9,18,0.0714285714285714,140.9362261428643,1.0498390633474572,1.0421910488330763,0.9823443607711237,0.0674947025763335
test:7591,test,mendeley_pa:image:MENDE-PA-00424,images/mendeley_pa/MENDE-PA-00424.jpg,Mendeley PA,PA,7591,10,18,0.0714285714285714,148.00405064499927,0.9845487363712893,0.9598237536497858,0.962504084419876,0.022044651951413252
test:7592,test,mendeley_pa:image:MENDE-PA-00424,images/mendeley_pa/MENDE-PA-00424.jpg,Mendeley PA,PA,7592,11,18,0.0714285714285714,149.21726861749454,0.9124630983186297,0.9924835958131162,0.9855760768600312,0.07311297854140153
test:7593,test,mendeley_pa:image:MENDE-PA-00424,images/mendeley_pa/MENDE-PA-00424.jpg,Mendeley PA,PA,7593,12,18,0.0714285714285714,157.22863727885968,0.957040550587225,0.9873238210902047,1.0046078474596571,0.04756729687243211
test:7594,test,mendeley_pa:image:MENDE-PA-00424,images/mendeley_pa/MENDE-PA-00424.jpg,Mendeley PA,PA,7594,13,18,0.0714285714285714,159.607127553396,1.0921561543813891,0.9999999999999998,0.9870321517810223,0.1051240026003668
test:7595,test,mendeley_pa:image:MENDE-PA-00424,images/mendeley_pa/MENDE-PA-00424.jpg,Mendeley PA,PA,7595,14,18,0.0714285714285714,177.73961721354237,0.949366698109983,0.9999999999999999,0.9622503966093062,0.012883698499323248
test:7596,test,mendeley_pa:image:MENDE-PA-00424,images/mendeley_pa/MENDE-PA-00424.jpg,Mendeley PA,PA,7596,15,18,0.0714285714285714,182.17840189811204,0.9944281314303558,0.9846967778146879,1.006673407086791,0.012245275656435295
test:7597,test,mendeley_pa:image:MENDE-PA-00424,images/mendeley_pa/MENDE-PA-00424.jpg,Mendeley PA,PA,7597,16,18,0.0714285714285714,191.52541960404568,0.9922489534210788,0.9999999999999998,1.0283061433583496,0.036057189937270806
test:7629,test,mendeley_pa:image:MENDE-PA-00428,images/mendeley_pa/MENDE-PA-00428.jpg,Mendeley PA,PA,7629,3,18,0.0714285714285714,34.458729767218,1.0675688739479803,0.9867552797151686,1.0071737336767794,0.06039514027120085
test:7630,test,mendeley_pa:image:MENDE-PA-00428,images/mendeley_pa/MENDE-PA-00428.jpg,Mendeley PA,PA,7630,4,18,0.0714285714285714,35.41502003899113,1.068924426352702,1.0075954517096637,1.0496780557304977,0.019246370622204356
test:7631,test,mendeley_pa:image:MENDE-PA-00428,images/mendeley_pa/MENDE-PA-00428.jpg,Mendeley PA,PA,7631,5,18,0.0714285714285714,37.32152365735735,0.9265687866659317,0.9927925484240003,0.9801938569158264,0.05362507024989471
test:7632,test,mendeley_pa:image:MENDE-PA-00428,images/mendeley_pa/MENDE-PA-00428.jpg,Mendeley PA,PA,7632,6,18,0.0714285714285714,36.98269244032056,0.980163389800686,1.0015329799197423,1.0387837036095369,0.05862031380885091
test:7633,test,mendeley_pa:image:MENDE-PA-00428,images/mendeley_pa/MENDE-PA-00428.jpg,Mendeley PA,PA,7633,7,18,0.0714285714285714,36.17924304372694,1.091725810596973,1.0000000000000002,1.0039336169138553,0.08779219368311764
test:7634,test,mendeley_pa:image:MENDE-PA-00428,images/mendeley_pa/MENDE-PA-00428.jpg,Mendeley PA,PA,7634,8,18,0.0714285714285714,37.127415527222055,0.9725806223898736,1.040616331614915,0.9992030132491028,0.026622390859229128
test:7635,test,mendeley_pa:image:MENDE-PA-00428,images/mendeley_pa/MENDE-PA-00428.jpg,Mendeley PA,PA,7635,9,18,0.0714285714285714,37.98983401763928,0.994291694991998,0.9554037464873983,0.9446565969007208,0.0496350980912772
test:7636,test,mendeley_pa:image:MENDE-PA-00428,images/mendeley_pa/MENDE-PA-00428.jpg,Mendeley PA,PA,7636,10,18,0.0714285714285714,55.61587184223465,0.6559612101392357,1.0129818922539615,0.8929577252527141,0.2369965151134784
test:7637,test,mendeley_pa:image:MENDE-PA-00428,images/mendeley_pa/MENDE-PA-00428.jpg,Mendeley PA,PA,7637,11,18,0.0714285714285714,55.214873679452126,1.3565686335385516,0.9955707085507712,0.9869460999223194,0.3696225336162322
test:7638,test,mendeley_pa:image:MENDE-PA-00428,images/mendeley_pa/MENDE-PA-00428.jpg,Mendeley PA,PA,7638,12,18,0.0714285714285714,59.20392409788669,1.2407753091695526,1.2461972655343496,1.192576498686024,0.0481988104835287
test:7639,test,mendeley_pa:image:MENDE-PA-00428,images/mendeley_pa/MENDE-PA-00428.jpg,Mendeley PA,PA,7639,13,18,0.0714285714285714,59.93361473649263,1.212287482083097,0.9945157241513203,1.0918766256858776,0.12041085639721927
test:7640,test,mendeley_pa:image:MENDE-PA-00428,images/mendeley_pa/MENDE-PA-00428.jpg,Mendeley PA,PA,7640,14,18,0.0714285714285714,60.27194661091369,0.7590774791144379,0.987733430247801,0.8665399914794142,0.10746251236497628
test:7641,test,mendeley_pa:image:MENDE-PA-00428,images/mendeley_pa/MENDE-PA-00428.jpg,Mendeley PA,PA,7641,15,18,0.0714285714285714,60.27194661091369,0.7699844597017846,0.7767975391603101,0.825386914030372,0.05540245432858737
test:7642,test,mendeley_pa:image:MENDE-PA-00428,images/mendeley_pa/MENDE-PA-00428.jpg,Mendeley PA,PA,7642,16,18,0.0714285714285714,63.11258969956267,0.7587570490887046,1.0,1.0602527149021626,0.301495665813458
test:8285,test,mendeley_pa:image:MENDE-PA-00481,images/mendeley_pa/MENDE-PA-00481.jpg,Mendeley PA,PA,8285,3,18,0.0714285714285714,128.10878681115167,0.9844328647488367,1.0,0.9947224128991365,0.01028954815029981
test:8286,test,mendeley_pa:image:MENDE-PA-00481,images/mendeley_pa/MENDE-PA-00481.jpg,Mendeley PA,PA,8286,4,18,0.0714285714285714,129.4676548838142,1.0042248492449948,0.9996584574943395,1.0269775926386924,0.022752743393697594
test:8287,test,mendeley_pa:image:MENDE-PA-00481,images/mendeley_pa/MENDE-PA-00481.jpg,Mendeley PA,PA,8287,5,18,0.0714285714285714,132.80048526895644,0.9994871034116167,1.0409328217250773,1.0324974708823034,0.03301036747068664
test:8288,test,mendeley_pa:image:MENDE-PA-00481,images/mendeley_pa/MENDE-PA-00481.jpg,Mendeley PA,PA,8288,6,18,0.0714285714285714,134.15935334161895,1.0916729088147235,1.0,1.0618055760860443,0.02986733272867914
test:8289,test,mendeley_pa:image:MENDE-PA-00481,images/mendeley_pa/MENDE-PA-00481.jpg,Mendeley PA,PA,8289,7,18,0.0714285714285714,151.78924704012684,0.8932538830913901,1.0010984658314759,1.002424504450048,0.10917062135865785
test:8290,test,mendeley_pa:image:MENDE-PA-00481,images/mendeley_pa/MENDE-PA-00481.jpg,Mendeley PA,PA,8290,8,18,0.0714285714285714,147.3726442051125,1.068406107695814,0.9930835484495689,0.997730961252593,0.07067514644322104
test:8291,test,mendeley_pa:image:MENDE-PA-00481,images/mendeley_pa/MENDE-PA-00481.jpg,Mendeley PA,PA,8291,9,18,0.0714285714285714,152.87049503955092,1.0278004433259391,1.0,1.0075398334302008,0.020260609895738302
test:8292,test,mendeley_pa:image:MENDE-PA-00481,images/mendeley_pa/MENDE-PA-00481.jpg,Mendeley PA,PA,8292,10,18,0.0714285714285714,157.5861469160257,0.9409910693615511,0.9989419418856157,1.0212438839956772,0.08025281463412615
test:8293,test,mendeley_pa:image:MENDE-PA-00481,images/mendeley_pa/MENDE-PA-00481.jpg,Mendeley PA,PA,8293,11,18,0.0714285714285714,166.66770633962895,0.9463048608506954,0.9735005482944947,0.9682335805992883,0.021928719748592895
test:8294,test,mendeley_pa:image:MENDE-PA-00481,images/mendeley_pa/MENDE-PA-00481.jpg,Mendeley PA,PA,8294,12,18,0.0714285714285714,172.20829884176362,1.0232668883633171,1.012825542824149,0.9904993509368896,0.03276753742642757
test:8295,test,mendeley_pa:image:MENDE-PA-00481,images/mendeley_pa/MENDE-PA-00481.jpg,Mendeley PA,PA,8295,13,18,0.0714285714285714,181.4565935668259,1.05322966277362,1.0000000000000002,0.9954030020162465,0.057826660757373416
test:8296,test,mendeley_pa:image:MENDE-PA-00481,images/mendeley_pa/MENDE-PA-00481.jpg,Mendeley PA,PA,8296,14,18,0.0714285714285714,191.27851938370935,0.9760538592050635,0.9999999999999999,0.9947332963347434,0.0186794371296799
test:8297,test,mendeley_pa:image:MENDE-PA-00481,images/mendeley_pa/MENDE-PA-00481.jpg,Mendeley PA,PA,8297,15,18,0.0714285714285714,198.1450187208696,0.9661689864970465,0.9938252218474717,0.993088173511167,0.026919187014120438
test:8298,test,mendeley_pa:image:MENDE-PA-00481,images/mendeley_pa/MENDE-PA-00481.jpg,Mendeley PA,PA,8298,16,18,0.0714285714285714,198.30807125414103,1.0445611015172112,0.9999999999999998,1.018276311457157,0.02628479006005424
test:8388,test,mendeley_pa:image:MENDE-PA-00490,images/mendeley_pa/MENDE-PA-00490.jpg,Mendeley PA,PA,8388,3,19,0.0666666666666666,18.88417497769401,0.9146058596727641,0.9801210557382537,1.0062510893952084,0.09164522972244427
test:8389,test,mendeley_pa:image:MENDE-PA-00490,images/mendeley_pa/MENDE-PA-00490.jpg,Mendeley PA,PA,8389,4,19,0.0666666666666666,17.869749636850276,1.050375868840837,1.0151635780263404,1.046331968091772,0.00404390074906491
test:8390,test,mendeley_pa:image:MENDE-PA-00490,images/mendeley_pa/MENDE-PA-00490.jpg,Mendeley PA,PA,8390,5,19,0.0666666666666666,17.672886254249853,1.0756511752744153,1.0259176492680564,1.0338197359804764,0.041831439293938955
test:8391,test,mendeley_pa:image:MENDE-PA-00490,images/mendeley_pa/MENDE-PA-00490.jpg,Mendeley PA,PA,8391,6,19,0.0666666666666666,18.889907335324875,0.9259917336914683,0.9757521485224364,0.9738821235731242,0.04789038988165595
test:8392,test,mendeley_pa:image:MENDE-PA-00490,images/mendeley_pa/MENDE-PA-00490.jpg,Mendeley PA,PA,8392,7,19,0.0666666666666666,19.86895495355521,0.8985814557195118,0.9618006374589261,0.9883452083817776,0.08976375266226588
test:8393,test,mendeley_pa:image:MENDE-PA-00490,images/mendeley_pa/MENDE-PA-00490.jpg,Mendeley PA,PA,8393,8,19,0.0666666666666666,20.453348311002188,1.0134305993354427,1.0538950535424956,1.0493818634145864,0.03595126407914373
test:8394,test,mendeley_pa:image:MENDE-PA-00490,images/mendeley_pa/MENDE-PA-00490.jpg,Mendeley PA,PA,8394,9,19,0.0666666666666666,20.614737357327225,1.2252152585356835,1.0618828276724939,1.0631235125561629,0.16209174597952059
test:8395,test,mendeley_pa:image:MENDE-PA-00490,images/mendeley_pa/MENDE-PA-00490.jpg,Mendeley PA,PA,8395,10,19,0.0666666666666666,22.992769899069195,1.0026117887234878,0.995071856048415,1.0109038797435264,0.008292091020038583
test:8396,test,mendeley_pa:image:MENDE-PA-00490,images/mendeley_pa/MENDE-PA-00490.jpg,Mendeley PA,PA,8396,11,19,0.0666666666666666,25.50078492594799,0.8039527307474359,0.9567725344319458,0.9917521311659927,0.1877994004185568
test:8397,test,mendeley_pa:image:MENDE-PA-00490,images/mendeley_pa/MENDE-PA-00490.jpg,Mendeley PA,PA,8397,12,19,0.0666666666666666,25.811707268017862,0.9973799417325426,0.9505767585944283,1.017332902760421,0.019952961027878358
test:8398,test,mendeley_pa:image:MENDE-PA-00490,images/mendeley_pa/MENDE-PA-00490.jpg,Mendeley PA,PA,8398,13,19,0.0666666666666666,29.154602042102248,0.9799685256743864,1.0246520042361817,0.9325836375298104,0.047384888144575976
test:8399,test,mendeley_pa:image:MENDE-PA-00490,images/mendeley_pa/MENDE-PA-00490.jpg,Mendeley PA,PA,8399,14,19,0.0666666666666666,29.82666247009827,1.140005650092153,1.0248501225090698,1.02785029366567,0.112155356426483
test:8400,test,mendeley_pa:image:MENDE-PA-00490,images/mendeley_pa/MENDE-PA-00490.jpg,Mendeley PA,PA,8400,15,19,0.0666666666666666,32.28616459094133,1.0086402459321024,1.0079440702278246,0.9940237602744331,0.014616485657669376
test:8401,test,mendeley_pa:image:MENDE-PA-00490,images/mendeley_pa/MENDE-PA-00490.jpg,Mendeley PA,PA,8401,16,19,0.0666666666666666,33.39909320377774,0.9306460019955993,0.9888699853570952,0.9599561912717118,0.029310189276112508
test:8402,test,mendeley_pa:image:MENDE-PA-00490,images/mendeley_pa/MENDE-PA-00490.jpg,Mendeley PA,PA,8402,17,19,0.0666666666666666,32.93685738962918,1.016781784167829,0.9774964500210028,1.0041944060466033,0.01258737812122579
test:8434,test,mendeley_pa:image:MENDE-PA-00494,images/mendeley_pa/MENDE-PA-00494.jpg,Mendeley PA,PA,8434,3,17,0.0769230769230769,63.84402396126694,0.9274482559218398,1.0649891393747812,0.9939322667685038,0.066484010846664
test:8435,test,mendeley_pa:image:MENDE-PA-00494,images/mendeley_pa/MENDE-PA-00494.jpg,Mendeley PA,PA,8435,4,17,0.0769230769230769,63.40888568004205,1.2786205209312158,1.0343001535649905,1.1794285079951892,0.09919201293602664
test:8436,test,mendeley_pa:image:MENDE-PA-00494,images/mendeley_pa/MENDE-PA-00494.jpg,Mendeley PA,PA,8436,5,17,0.0769230769230769,70.58125510110756,1.0194719775883743,1.0532658062900122,1.123774264010292,0.10430228642191763
test:8437,test,mendeley_pa:image:MENDE-PA-00494,images/mendeley_pa/MENDE-PA-00494.jpg,Mendeley PA,PA,8437,6,17,0.0769230769230769,76.23486148395662,0.8868087561279605,0.9543690143993928,0.9735262880942657,0.08671753196630516
test:8438,test,mendeley_pa:image:MENDE-PA-00494,images/mendeley_pa/MENDE-PA-00494.jpg,Mendeley PA,PA,8438,7,17,0.0769230769230769,75.43428358523435,0.975110573336688,0.9711678243254891,1.0176083213662377,0.04249774802954964
test:8439,test,mendeley_pa:image:MENDE-PA-00494,images/mendeley_pa/MENDE-PA-00494.jpg,Mendeley PA,PA,8439,8,17,0.0769230769230769,77.73773704657359,1.0151177336767008,1.0400289314058444,1.0451996501725933,0.030081916495892536
test:8440,test,mendeley_pa:image:MENDE-PA-00494,images/mendeley_pa/MENDE-PA-00494.jpg,Mendeley PA,PA,8440,9,17,0.0769230769230769,80.41583101449004,1.0960804925213101,1.0,1.0577838346362114,0.03829665788509873
test:8441,test,mendeley_pa:image:MENDE-PA-00494,images/mendeley_pa/MENDE-PA-00494.jpg,Mendeley PA,PA,8441,10,17,0.0769230769230769,92.662537993351,0.88405420735384,1.0000000000000002,1.037511356174946,0.15345714882110606
test:8442,test,mendeley_pa:image:MENDE-PA-00494,images/mendeley_pa/MENDE-PA-00494.jpg,Mendeley PA,PA,8442,11,17,0.0769230769230769,94.92368576507911,1.0237998191762303,0.9672183131238294,0.9769471527447773,0.04685266643145303
test:8443,test,mendeley_pa:image:MENDE-PA-00494,images/mendeley_pa/MENDE-PA-00494.jpg,Mendeley PA,PA,8443,12,17,0.0769230769230769,98.0535163412755,1.0372412092933059,1.0303170072241887,1.0076425398095712,0.029598669483734685
test:8444,test,mendeley_pa:image:MENDE-PA-00494,images/mendeley_pa/MENDE-PA-00494.jpg,Mendeley PA,PA,8444,13,17,0.0769230769230769,100.3146641130036,1.045406069137989,1.0,1.007019389886409,0.0383866792515799
test:8445,test,mendeley_pa:image:MENDE-PA-00494,images/mendeley_pa/MENDE-PA-00494.jpg,Mendeley PA,PA,8445,14,17,0.0769230769230769,102.72734361730818,0.9629780823423753,1.0154019889474395,1.0202466349170092,0.057268552574633924
test:8446,test,mendeley_pa:image:MENDE-PA-00494,images/mendeley_pa/MENDE-PA-00494.jpg,Mendeley PA,PA,8446,15,17,0.0769230769230769,100.04026346317428,1.0370778302430397,1.0,1.0760811045765877,0.039003274333548
test:8494,test,mendeley_pa:image:MENDE-PA-00501,images/mendeley_pa/MENDE-PA-00501.jpg,Mendeley PA,PA,8494,3,20,0.0625,106.1540238892044,0.9736849050643391,1.0133754071637746,1.027441468168771,0.053756563104431776
test:8495,test,mendeley_pa:image:MENDE-PA-00501,images/mendeley_pa/MENDE-PA-00501.jpg,Mendeley PA,PA,8495,4,20,0.0625,104.98581204536484,1.0210385148990575,0.9824156228163967,1.0410796802201996,0.020041165321142085
test:8496,test,mendeley_pa:image:MENDE-PA-00501,images/mendeley_pa/MENDE-PA-00501.jpg,Mendeley PA,PA,8496,5,20,0.0625,106.90280551712152,0.9627327616357414,0.9999999999999999,1.169790044426918,0.20705728279117663
test:8497,test,mendeley_pa:image:MENDE-PA-00501,images/mendeley_pa/MENDE-PA-00501.jpg,Mendeley PA,PA,8497,6,20,0.0625,121.66717292251406,0.8762515874834154,0.9824286028373199,1.0286948307979065,0.1524432433144911
test:8498,test,mendeley_pa:image:MENDE-PA-00501,images/mendeley_pa/MENDE-PA-00501.jpg,Mendeley PA,PA,8498,7,20,0.0625,130.85448995287393,1.0403906528372602,1.0123548780520812,1.014126626234445,0.026264026602815127
test:8499,test,mendeley_pa:image:MENDE-PA-00501,images/mendeley_pa/MENDE-PA-00501.jpg,Mendeley PA,PA,8499,8,20,0.0625,143.5090973859827,1.1032841255617214,1.0147012280804009,0.9862703564149231,0.11701376914679829
test:8500,test,mendeley_pa:image:MENDE-PA-00501,images/mendeley_pa/MENDE-PA-00501.jpg,Mendeley PA,PA,8500,9,20,0.0625,146.57006023736807,1.0581828665185573,1.0548188185980596,1.010597592472104,0.047585274046453296
test:8501,test,mendeley_pa:image:MENDE-PA-00501,images/mendeley_pa/MENDE-PA-00501.jpg,Mendeley PA,PA,8501,10,20,0.0625,151.10801599832038,0.9984804945416348,0.9839307281441936,1.0260191622443446,0.02753866770270985
test:8502,test,mendeley_pa:image:MENDE-PA-00501,images/mendeley_pa/MENDE-PA-00501.jpg,Mendeley PA,PA,8502,11,20,0.0625,152.98816651549197,0.9298870440225988,0.9739201365678742,1.0145207903056577,0.08463374628305886
test:8503,test,mendeley_pa:image:MENDE-PA-00501,images/mendeley_pa/MENDE-PA-00501.jpg,Mendeley PA,PA,8503,12,20,0.0625,156.51260745373298,0.9399760690355562,1.0648973695724122,1.0073602311103456,0.06738416207478937
test:8504,test,mendeley_pa:image:MENDE-PA-00501,images/mendeley_pa/MENDE-PA-00501.jpg,Mendeley PA,PA,8504,13,20,0.0625,154.6324569365614,1.2356915088768334,1.0,1.0360144935548306,0.19967701532200288
test:8505,test,mendeley_pa:image:MENDE-PA-00501,images/mendeley_pa/MENDE-PA-00501.jpg,Mendeley PA,PA,8505,14,20,0.0625,194.92501197981585,0.8318419822954675,1.0077545485217139,0.9512736378926798,0.11943165559721236
test:8506,test,mendeley_pa:image:MENDE-PA-00501,images/mendeley_pa/MENDE-PA-00501.jpg,Mendeley PA,PA,8506,15,20,0.0625,194.92501197981585,1.0352448811148054,0.9257888831834225,0.9549783096353439,0.08026657147946148
test:8507,test,mendeley_pa:image:MENDE-PA-00501,images/mendeley_pa/MENDE-PA-00501.jpg,Mendeley PA,PA,8507,16,20,0.0625,211.52651550491893,0.9397025685025187,1.0,0.9864692091941833,0.046766640691664696
test:8508,test,mendeley_pa:image:MENDE-PA-00501,images/mendeley_pa/MENDE-PA-00501.jpg,Mendeley PA,PA,8508,17,20,0.0625,212.99939185762327,1.0387724970801249,1.0204041371615942,1.0205020260326902,0.018270471047434622
test:8509,test,mendeley_pa:image:MENDE-PA-00501,images/mendeley_pa/MENDE-PA-00501.jpg,Mendeley PA,PA,8509,18,20,0.0625,214.51084621837077,1.0997994533214452,1.038319462328992,1.045544773224584,0.054254680096861296
test:8705,test,mendeley_pa:image:MENDE-PA-00516,images/mendeley_pa/MENDE-PA-00516.jpg,Mendeley PA,PA,8705,3,18,0.0714285714285714,123.94991040400949,1.0953834699654288,1.0000000000000002,1.0131179085001352,0.08226556146529362
test:8706,test,mendeley_pa:image:MENDE-PA-00516,images/mendeley_pa/MENDE-PA-00516.jpg,Mendeley PA,PA,8706,4,18,0.0714285714285714,139.77810207458973,0.9090753644462122,1.0,0.9423568472266197,0.033281482780407545
test:8707,test,mendeley_pa:image:MENDE-PA-00516,images/mendeley_pa/MENDE-PA-00516.jpg,Mendeley PA,PA,8707,5,18,0.0714285714285714,141.05647749483882,1.0193329915968765,0.9691476278517275,1.0051663496110468,0.014166641985829731
test:8708,test,mendeley_pa:image:MENDE-PA-00516,images/mendeley_pa/MENDE-PA-00516.jpg,Mendeley PA,PA,8708,6,18,0.0714285714285714,148.5212244852682,0.9853155502629541,1.0000000000000002,0.985134734772146,0.00018081549080817272
test:8709,test,mendeley_pa:image:MENDE-PA-00516,images/mendeley_pa/MENDE-PA-00516.jpg,Mendeley PA,PA,8709,7,18,0.0714285714285714,151.3856965588008,1.0123738983628254,1.0104920523730005,1.021946833890387,0.009572935527561555
test:8710,test,mendeley_pa:image:MENDE-PA-00516,images/mendeley_pa/MENDE-PA-00516.jpg,Mendeley PA,PA,8710,8,18,0.0714285714285714,154.84502443488836,1.0307584307878255,1.0,1.0452506951987743,0.014492264410948863
test:8711,test,mendeley_pa:image:MENDE-PA-00516,images/mendeley_pa/MENDE-PA-00516.jpg,Mendeley PA,PA,8711,9,18,0.0714285714285714,163.00094918147863,0.9596945408827514,1.0,0.953588604927063,0.006105935955688424
test:8712,test,mendeley_pa:image:MENDE-PA-00516,images/mendeley_pa/MENDE-PA-00516.jpg,Mendeley PA,PA,8712,10,18,0.0714285714285714,168.5115168470872,0.987434491567367,0.9913778428466447,0.9774380319298632,0.00999645963750373
test:8713,test,mendeley_pa:image:MENDE-PA-00516,images/mendeley_pa/MENDE-PA-00516.jpg,Mendeley PA,PA,8713,11,18,0.0714285714285714,171.90465162675784,1.03363140766537,1.0000000000000002,1.0052192108705642,0.02841219679480589
test:8714,test,mendeley_pa:image:MENDE-PA-00516,images/mendeley_pa/MENDE-PA-00516.jpg,Mendeley PA,PA,8714,12,18,0.0714285714285714,184.84641289891584,0.9597980101966421,0.9999999999999999,0.9906965726986526,0.030898562502010507
test:8715,test,mendeley_pa:image:MENDE-PA-00516,images/mendeley_pa/MENDE-PA-00516.jpg,Mendeley PA,PA,8715,13,18,0.0714285714285714,187.1506259058264,1.025947831183093,0.9992764444374322,1.0014226924446255,0.02452513873846751
test:8716,test,mendeley_pa:image:MENDE-PA-00516,images/mendeley_pa/MENDE-PA-00516.jpg,Mendeley PA,PA,8716,14,18,0.0714285714285714,208.6958955171021,0.9421134243167222,1.0,1.0012014023959637,0.05908797807924149
test:8717,test,mendeley_pa:image:MENDE-PA-00516,images/mendeley_pa/MENDE-PA-00516.jpg,Mendeley PA,PA,8717,15,18,0.0714285714285714,214.0099072033884,1.0531522359259955,1.0344075768884493,1.0388995021280123,0.014252733797983197
test:8718,test,mendeley_pa:image:MENDE-PA-00516,images/mendeley_pa/MENDE-PA-00516.jpg,Mendeley PA,PA,8718,16,18,0.0714285714285714,228.39481096093908,1.0776590469754157,1.0,0.965401466935873,0.11225758003954267
test:9156,test,mendeley_pa:image:MENDE-PA-00549,images/mendeley_pa/MENDE-PA-00549.jpg,Mendeley PA,PA,9156,3,17,0.0769230769230769,93.37723328854425,1.0443726689429418,1.0,1.0102534163743258,0.03411925256861603
test:9157,test,mendeley_pa:image:MENDE-PA-00549,images/mendeley_pa/MENDE-PA-00549.jpg,Mendeley PA,PA,9157,4,17,0.0769230769230769,97.11016426252776,0.9755627258589827,1.0359562967876639,0.9932060723165717,0.017643346457588915
test:9158,test,mendeley_pa:image:MENDE-PA-00549,images/mendeley_pa/MENDE-PA-00549.jpg,Mendeley PA,PA,9158,5,17,0.0769230769230769,97.11016426252776,1.0676857848920762,0.9856679585878654,0.9772879795287652,0.09039780536331099
test:9159,test,mendeley_pa:image:MENDE-PA-00549,images/mendeley_pa/MENDE-PA-00549.jpg,Mendeley PA,PA,9159,6,17,0.0769230769230769,105.99438707375832,0.912309612297682,1.0,0.9610397070646286,0.04873009476694656
test:9160,test,mendeley_pa:image:MENDE-PA-00549,images/mendeley_pa/MENDE-PA-00549.jpg,Mendeley PA,PA,9160,7,17,0.0769230769230769,106.51196178251249,1.0168400842811558,0.9672175610242536,0.9705750552741935,0.04626502900696228
test:9161,test,mendeley_pa:image:MENDE-PA-00549,images/mendeley_pa/MENDE-PA-00549.jpg,Mendeley PA,PA,9161,8,17,0.0769230769230769,110.13588876119218,0.9927806716162554,1.0,0.9612236209213734,0.031557050694882016
test:9162,test,mendeley_pa:image:MENDE-PA-00549,images/mendeley_pa/MENDE-PA-00549.jpg,Mendeley PA,PA,9162,9,17,0.0769230769230769,110.70635160487564,1.0113795974970239,1.0,0.9983660762663931,0.01301352123063082
test:9163,test,mendeley_pa:image:MENDE-PA-00549,images/mendeley_pa/MENDE-PA-00549.jpg,Mendeley PA,PA,9163,10,17,0.0769230769230769,114.02023418488557,0.9829125715935243,1.0000000000000002,0.987996284849942,0.005083713256417655
test:9164,test,mendeley_pa:image:MENDE-PA-00549,images/mendeley_pa/MENDE-PA-00549.jpg,Mendeley PA,PA,9164,11,17,0.0769230769230769,118.8541875390767,0.9766111354310107,1.0,0.9820257890969515,0.0054146536659407385
test:9165,test,mendeley_pa:image:MENDE-PA-00549,images/mendeley_pa/MENDE-PA-00549.jpg,Mendeley PA,PA,9165,12,17,0.0769230769230769,125.3441805085791,1.0023317634055822,1.0,1.0040293857455254,0.0016976223399431944
test:9166,test,mendeley_pa:image:MENDE-PA-00549,images/mendeley_pa/MENDE-PA-00549.jpg,Mendeley PA,PA,9166,13,17,0.0769230769230769,133.3809204834432,1.0092450815752176,1.0,0.992854421492666,0.016390660082551634
test:9167,test,mendeley_pa:image:MENDE-PA-00549,images/mendeley_pa/MENDE-PA-00549.jpg,Mendeley PA,PA,9167,14,17,0.0769230769230769,141.22618284342357,0.99928628419816,1.0071877050550904,0.9942320944147434,0.005054189783416652
test:9168,test,mendeley_pa:image:MENDE-PA-00549,images/mendeley_pa/MENDE-PA-00549.jpg,Mendeley PA,PA,9168,15,17,0.0769230769230769,144.4818575990258,1.037282566130552,1.0,1.031141446903348,0.0061411192272040616
test:9378,test,mendeley_pa:image:MENDE-PA-00564,images/mendeley_pa/MENDE-PA-00564.jpg,Mendeley PA,PA,9378,3,18,0.0714285714285714,19.0441085089228,0.9025698906456672,1.0035981440200508,1.019320077936262,0.11675018729059472
test:9379,test,mendeley_pa:image:MENDE-PA-00564,images/mendeley_pa/MENDE-PA-00564.jpg,Mendeley PA,PA,9379,4,18,0.0714285714285714,19.808476554851435,0.9262834452379395,0.9321411452765427,0.9860841758127175,0.05980073057477797
test:9380,test,mendeley_pa:image:MENDE-PA-00564,images/mendeley_pa/MENDE-PA-00564.jpg,Mendeley PA,PA,9380,5,18,0.0714285714285714,19.576157813488805,1.0083670809039553,1.0,1.0315041616559029,0.023137080751947536
test:9381,test,mendeley_pa:image:MENDE-PA-00564,images/mendeley_pa/MENDE-PA-00564.jpg,Mendeley PA,PA,9381,6,18,0.0714285714285714,21.348985548321377,0.9744749544069391,1.0128469878419752,0.9595116899892207,0.014963264417718447
test:9382,test,mendeley_pa:image:MENDE-PA-00564,images/mendeley_pa/MENDE-PA-00564.jpg,Mendeley PA,PA,9382,7,18,0.0714285714285714,21.50735548576893,1.0929543763783225,1.0173744915950134,1.0196297760552748,0.07332460032304766
test:9383,test,mendeley_pa:image:MENDE-PA-00564,images/mendeley_pa/MENDE-PA-00564.jpg,Mendeley PA,PA,9383,8,18,0.0714285714285714,22.858608777599223,1.0043488739978823,1.0,0.9823708645999432,0.021978009397939147
test:9384,test,mendeley_pa:image:MENDE-PA-00564,images/mendeley_pa/MENDE-PA-00564.jpg,Mendeley PA,PA,9384,9,18,0.0714285714285714,23.23228814471768,0.9560254725814861,1.0275487016531524,0.9784999351593551,0.022474462577869003
test:9385,test,mendeley_pa:image:MENDE-PA-00564,images/mendeley_pa/MENDE-PA-00564.jpg,Mendeley PA,PA,9385,10,18,0.0714285714285714,22.5876444429398,1.0973520109521995,0.9834564702812445,1.0283789599541437,0.06897305099805573
test:9386,test,mendeley_pa:image:MENDE-PA-00564,images/mendeley_pa/MENDE-PA-00564.jpg,Mendeley PA,PA,9386,11,18,0.0714285714285714,25.868145696269583,0.8588660029908377,1.0,1.0116612426936626,0.15279523970282494
test:9387,test,mendeley_pa:image:MENDE-PA-00564,images/mendeley_pa/MENDE-PA-00564.jpg,Mendeley PA,PA,9387,12,18,0.0714285714285714,27.14614911968273,0.9927630700615883,1.0021130862285246,1.047629890089189,0.05486682002760068
test:9388,test,mendeley_pa:image:MENDE-PA-00564,images/mendeley_pa/MENDE-PA-00564.jpg,Mendeley PA,PA,9388,13,18,0.0714285714285714,28.22769776381905,1.1403605039802303,0.9999999999999999,1.056086003780365,0.08427450019986527
test:9389,test,mendeley_pa:image:MENDE-PA-00564,images/mendeley_pa/MENDE-PA-00564.jpg,Mendeley PA,PA,9389,14,18,0.0714285714285714,29.528005801511263,0.9992446284917107,1.088730294605202,1.0598148539415067,0.060570225449795956
test:9390,test,mendeley_pa:image:MENDE-PA-00564,images/mendeley_pa/MENDE-PA-00564.jpg,Mendeley PA,PA,9390,15,18,0.0714285714285714,25.80899899766706,1.2439969975402296,0.9563805247933408,1.1163877929837247,0.12760920455650493
test:9391,test,mendeley_pa:image:MENDE-PA-00564,images/mendeley_pa/MENDE-PA-00564.jpg,Mendeley PA,PA,9391,16,18,0.0714285714285714,28.93614532914273,0.6863646349026494,0.9368665634968463,0.9471251412608805,0.2607605063582311
test:9412,test,mendeley_pa:image:MENDE-PA-00566,images/mendeley_pa/MENDE-PA-00566.jpg,Mendeley PA,PA,9412,3,18,0.0714285714285714,130.2311000100647,1.073927421833854,1.052277873022447,0.9967539037894109,0.07717351804444306
test:9413,test,mendeley_pa:image:MENDE-PA-00566,images/mendeley_pa/MENDE-PA-00566.jpg,Mendeley PA,PA,9413,4,18,0.0714285714285714,134.0997532467623,1.176796749955931,1.0349933584462465,1.0587124643157781,0.11808428564015294
test:9414,test,mendeley_pa:image:MENDE-PA-00566,images/mendeley_pa/MENDE-PA-00566.jpg,Mendeley PA,PA,9414,5,18,0.0714285714285714,138.03701295370024,0.9977465864837196,1.0442188498310148,1.037876566846609,0.040129980362889395
test:9415,test,mendeley_pa:image:MENDE-PA-00566,images/mendeley_pa/MENDE-PA-00566.jpg,Mendeley PA,PA,9415,6,18,0.0714285714285714,144.8098801083408,0.9009989367641648,0.945865139550619,0.9717430921263026,0.07074415536213785
test:9416,test,mendeley_pa:image:MENDE-PA-00566,images/mendeley_pa/MENDE-PA-00566.jpg,Mendeley PA,PA,9416,7,18,0.0714285714285714,137.83274900590214,0.9882649617992604,1.0243115361944501,1.0000778373495405,0.0118128755502801
test:9417,test,mendeley_pa:image:MENDE-PA-00566,images/mendeley_pa/MENDE-PA-00566.jpg,Mendeley PA,PA,9417,8,18,0.0714285714285714,137.07740797992292,1.1080877875657331,1.0,1.0135406199842691,0.09454716758146398
test:9418,test,mendeley_pa:image:MENDE-PA-00566,images/mendeley_pa/MENDE-PA-00566.jpg,Mendeley PA,PA,9418,9,18,0.0714285714285714,147.05291003514571,0.9380265884971148,1.0108386372165623,1.0229784372212234,0.08495184872410855
test:9419,test,mendeley_pa:image:MENDE-PA-00566,images/mendeley_pa/MENDE-PA-00566.jpg,Mendeley PA,PA,9419,10,18,0.0714285714285714,150.2999485902074,0.9673970349785472,0.9535786195013162,0.9686925264361735,0.0012954914576263077
test:9420,test,mendeley_pa:image:MENDE-PA-00566,images/mendeley_pa/MENDE-PA-00566.jpg,Mendeley PA,PA,9420,11,18,0.0714285714285714,154.2658679742188,0.9639598013447064,0.9999999999999999,1.0298077873885632,0.06584798604385678
test:9421,test,mendeley_pa:image:MENDE-PA-00566,images/mendeley_pa/MENDE-PA-00566.jpg,Mendeley PA,PA,9421,12,18,0.0714285714285714,168.89389116790093,0.965884616647679,0.9999999999999999,0.9936767946928738,0.02779217804519485
test:9422,test,mendeley_pa:image:MENDE-PA-00566,images/mendeley_pa/MENDE-PA-00566.jpg,Mendeley PA,PA,9422,13,18,0.0714285714285714,176.4576702625027,1.0715413311749087,1.0,0.9982744146836922,0.07326691649121653
test:9423,test,mendeley_pa:image:MENDE-PA-00566,images/mendeley_pa/MENDE-PA-00566.jpg,Mendeley PA,PA,9423,14,18,0.0714285714285714,194.00506233265264,0.9782390568486753,0.9999999999999999,0.9882389893755316,0.00999993252685627
test:9424,test,mendeley_pa:image:MENDE-PA-00566,images/mendeley_pa/MENDE-PA-00566.jpg,Mendeley PA,PA,9424,15,18,0.0714285714285714,202.76446562575177,0.9810813603965897,1.0,1.000166345766047,0.019084985369457352
test:9425,test,mendeley_pa:image:MENDE-PA-00566,images/mendeley_pa/MENDE-PA-00566.jpg,Mendeley PA,PA,9425,16,18,0.0714285714285714,215.34913021974785,1.0018410653954746,1.0,1.0077813863754272,0.0059403209799526735
test:9430,test,mendeley_pa:image:MENDE-PA-00567,images/mendeley_pa/MENDE-PA-00567.jpg,Mendeley PA,PA,9430,3,18,0.0714285714285714,74.92042358580397,1.004181057093386,0.9999999999999999,0.9875325197353958,0.016648537357990212
test:9431,test,mendeley_pa:image:MENDE-PA-00567,images/mendeley_pa/MENDE-PA-00567.jpg,Mendeley PA,PA,9431,4,18,0.0714285714285714,81.05704542241915,1.0014768752208334,1.0,1.0108798947185278,0.009403019497694398
test:9432,test,mendeley_pa:image:MENDE-PA-00567,images/mendeley_pa/MENDE-PA-00567.jpg,Mendeley PA,PA,9432,5,18,0.0714285714285714,84.10172721866581,1.0330396718805903,1.0,1.0166069325059652,0.016432739374625083
test:9433,test,mendeley_pa:image:MENDE-PA-00567,images/mendeley_pa/MENDE-PA-00567.jpg,Mendeley PA,PA,9433,6,18,0.0714285714285714,88.19667523108141,0.9867344505338569,1.0316512518429621,0.9990942225658759,0.01235977203201899
test:9434,test,mendeley_pa:image:MENDE-PA-00567,images/mendeley_pa/MENDE-PA-00567.jpg,Mendeley PA,PA,9434,7,18,0.0714285714285714,88.26981382232776,1.0773331902785634,1.0,1.0274483803659678,0.049884809912595696
test:9435,test,mendeley_pa:image:MENDE-PA-00567,images/mendeley_pa/MENDE-PA-00567.jpg,Mendeley PA,PA,9435,8,18,0.0714285714285714,96.6894088015552,0.925778023478427,0.9999999999999999,0.9973786994814872,0.07160067600306019
test:9436,test,mendeley_pa:image:MENDE-PA-00567,images/mendeley_pa/MENDE-PA-00567.jpg,Mendeley PA,PA,9436,9,18,0.0714285714285714,98.92893106112588,0.9934689116561919,0.9775646213868726,0.9733338869603444,0.020135024695847492
test:9437,test,mendeley_pa:image:MENDE-PA-00567,images/mendeley_pa/MENDE-PA-00567.jpg,Mendeley PA,PA,9437,10,18,0.0714285714285714,100.52233973217788,1.033659946427736,1.0,0.9726853892207146,0.060974557207021496
test:9438,test,mendeley_pa:image:MENDE-PA-00567,images/mendeley_pa/MENDE-PA-00567.jpg,Mendeley PA,PA,9438,11,18,0.0714285714285714,105.22390079910974,0.9766019051882362,0.9999999999999999,0.9946634001098572,0.018061494921621013
test:9439,test,mendeley_pa:image:MENDE-PA-00567,images/mendeley_pa/MENDE-PA-00567.jpg,Mendeley PA,PA,9439,12,18,0.0714285714285714,105.93526259106562,1.0057263529627702,1.0265357041753076,1.0230595482534908,0.017333195290720527
test:9440,test,mendeley_pa:image:MENDE-PA-00567,images/mendeley_pa/MENDE-PA-00567.jpg,Mendeley PA,PA,9440,13,18,0.0714285714285714,107.2532470878217,1.0697186321654046,0.9999999999999998,1.0053980769589541,0.06432055520645052
test:9441,test,mendeley_pa:image:MENDE-PA-00567,images/mendeley_pa/MENDE-PA-00567.jpg,Mendeley PA,PA,9441,14,18,0.0714285714285714,115.77298098986628,0.9325544523141183,1.0,1.0109427059069276,0.07838825359280932
test:9442,test,mendeley_pa:image:MENDE-PA-00567,images/mendeley_pa/MENDE-PA-00567.jpg,Mendeley PA,PA,9442,15,18,0.0714285714285714,119.71342700676914,0.9757900022613542,0.9806717717840726,1.00017072165454,0.024380719393185757
test:9443,test,mendeley_pa:image:MENDE-PA-00567,images/mendeley_pa/MENDE-PA-00567.jpg,Mendeley PA,PA,9443,16,18,0.0714285714285714,119.75155723759512,1.059147381329808,1.0083844754266147,1.0016117188500766,0.05753566247973141
test:10085,test,mendeley_pa:image:MENDE-PA-00627,images/mendeley_pa/MENDE-PA-00627.jpg,Mendeley PA,PA,10085,3,18,0.0714285714285714,149.4997983260897,1.0881341398575968,1.0,0.9751696586608887,0.1129644811967081
test:10086,test,mendeley_pa:image:MENDE-PA-00627,images/mendeley_pa/MENDE-PA-00627.jpg,Mendeley PA,PA,10086,4,18,0.0714285714285714,153.63534433252028,0.9635614523974159,1.0381205684921468,1.0110352232536997,0.04747377085628379
test:10087,test,mendeley_pa:image:MENDE-PA-00627,images/mendeley_pa/MENDE-PA-00627.jpg,Mendeley PA,PA,10087,5,18,0.0714285714285714,150.0324519161297,1.041829187893697,0.9564077725577442,0.977846088068494,0.0639830998252029
test:10088,test,mendeley_pa:image:MENDE-PA-00627,images/mendeley_pa/MENDE-PA-00627.jpg,Mendeley PA,PA,10088,6,18,0.0714285714285714,151.06688036836536,0.9197734833309057,1.0205281101101253,0.9578323759072636,0.03805889257635786
test:10089,test,mendeley_pa:image:MENDE-PA-00627,images/mendeley_pa/MENDE-PA-00627.jpg,Mendeley PA,PA,10089,7,18,0.0714285714285714,153.2070699832866,0.9923028246948644,0.943341789752161,0.97152529096595,0.020777533728914444
test:10090,test,mendeley_pa:image:MENDE-PA-00627,images/mendeley_pa/MENDE-PA-00627.jpg,Mendeley PA,PA,10090,8,18,0.0714285714285714,156.22465438279698,0.9608339542956346,1.0,0.9122754782438278,0.04855847605180674
test:10091,test,mendeley_pa:image:MENDE-PA-00627,images/mendeley_pa/MENDE-PA-00627.jpg,Mendeley PA,PA,10091,9,18,0.0714285714285714,156.2356532900999,1.0267918818765567,0.9938494964559117,0.9677655539531747,0.05902632792338203
test:10092,test,mendeley_pa:image:MENDE-PA-00627,images/mendeley_pa/MENDE-PA-00627.jpg,Mendeley PA,PA,10092,10,18,0.0714285714285714,163.9915001987573,0.9783647205989554,1.0,0.9378263652324677,0.040538355366487755
test:10093,test,mendeley_pa:image:MENDE-PA-00627,images/mendeley_pa/MENDE-PA-00627.jpg,Mendeley PA,PA,10093,11,18,0.0714285714285714,170.3152260715204,0.9838315915994247,1.0,0.9587567411363125,0.025074850463112197
test:10094,test,mendeley_pa:image:MENDE-PA-00627,images/mendeley_pa/MENDE-PA-00627.jpg,Mendeley PA,PA,10094,12,18,0.0714285714285714,178.78815217633178,1.0078237941223798,1.0,1.0194670893251896,0.011643295202809822
test:10095,test,mendeley_pa:image:MENDE-PA-00627,images/mendeley_pa/MENDE-PA-00627.jpg,Mendeley PA,PA,10095,13,18,0.0714285714285714,197.6190949358188,0.9615204668092191,1.0000000000000002,1.0069017182104292,0.045381251401210077
test:10096,test,mendeley_pa:image:MENDE-PA-00627,images/mendeley_pa/MENDE-PA-00627.jpg,Mendeley PA,PA,10096,14,18,0.0714285714285714,212.2615362742153,1.0131427472725831,0.9999999999999999,0.9826274383813142,0.030515308891268966
test:10097,test,mendeley_pa:image:MENDE-PA-00627,images/mendeley_pa/MENDE-PA-00627.jpg,Mendeley PA,PA,10097,15,18,0.0714285714285714,233.09943276952612,1.0060439244706079,1.0,1.0171472188085318,0.011103294337923897
test:10098,test,mendeley_pa:image:MENDE-PA-00627,images/mendeley_pa/MENDE-PA-00627.jpg,Mendeley PA,PA,10098,16,18,0.0714285714285714,248.08058421217123,1.0123631010280933,1.0,0.9915761332958937,0.02078696773219968
test:10103,test,mendeley_pa:image:MENDE-PA-00628,images/mendeley_pa/MENDE-PA-00628.jpg,Mendeley PA,PA,10103,3,18,0.0714285714285714,105.3616192780545,1.0161496713347231,1.0767445897122203,0.9795914997716724,0.036558171563050745
test:10104,test,mendeley_pa:image:MENDE-PA-00628,images/mendeley_pa/MENDE-PA-00628.jpg,Mendeley PA,PA,10104,4,18,0.0714285714285714,111.22629654540675,1.0025119258221713,0.9273019556161484,1.017686193084391,0.01517426726221971
test:10105,test,mendeley_pa:image:MENDE-PA-00628,images/mendeley_pa/MENDE-PA-00628.jpg,Mendeley PA,PA,10105,5,18,0.0714285714285714,110.82088277005442,0.8952965120317153,1.0750186585465,1.0173130773582981,0.12201656532658278
test:10106,test,mendeley_pa:image:MENDE-PA-00628,images/mendeley_pa/MENDE-PA-00628.jpg,Mendeley PA,PA,10106,6,18,0.0714285714285714,110.82088277005442,1.14385792233786,0.9445585586382879,1.0120564304544462,0.13180149188341383
test:10107,test,mendeley_pa:image:MENDE-PA-00628,images/mendeley_pa/MENDE-PA-00628.jpg,Mendeley PA,PA,10107,7,18,0.0714285714285714,126.03058134925,0.873883747969878,0.9999999999999998,1.0138216158375142,0.13993786786763618
test:10108,test,mendeley_pa:image:MENDE-PA-00628,images/mendeley_pa/MENDE-PA-00628.jpg,Mendeley PA,PA,10108,8,18,0.0714285714285714,137.48946207542616,0.9113267016257585,0.9395325733416018,0.9469661172546682,0.03563941562890971
test:10109,test,mendeley_pa:image:MENDE-PA-00628,images/mendeley_pa/MENDE-PA-00628.jpg,Mendeley PA,PA,10109,9,18,0.0714285714285714,128.3550496928802,1.1547311912425036,1.0691399829995727,1.0686027021913698,0.0861284890511338
test:10110,test,mendeley_pa:image:MENDE-PA-00628,images/mendeley_pa/MENDE-PA-00628.jpg,Mendeley PA,PA,10110,10,18,0.0714285714285714,138.8912661331276,1.0739423540760378,1.0066430691548622,0.9898018270649946,0.08414052701104313
test:10111,test,mendeley_pa:image:MENDE-PA-00628,images/mendeley_pa/MENDE-PA-00628.jpg,Mendeley PA,PA,10111,11,18,0.0714285714285714,148.6883963727314,0.8838099314410433,0.9937946449861774,1.0011542097561905,0.11734427831514727
test:10112,test,mendeley_pa:image:MENDE-PA-00628,images/mendeley_pa/MENDE-PA-00628.jpg,Mendeley PA,PA,10112,12,18,0.0714285714285714,143.92181651197785,1.0170122529672987,0.9770943544587252,0.9930077589830515,0.0240044939842472
test:10113,test,mendeley_pa:image:MENDE-PA-00628,images/mendeley_pa/MENDE-PA-00628.jpg,Mendeley PA,PA,10113,13,18,0.0714285714285714,142.526335287168,1.0513012005004811,1.0,1.0811721980571747,0.029870997556693535
test:10114,test,mendeley_pa:image:MENDE-PA-00628,images/mendeley_pa/MENDE-PA-00628.jpg,Mendeley PA,PA,10114,14,18,0.0714285714285714,162.50847580116752,0.8533857635956419,1.0,1.0018596589798108,0.14847389538416889
test:10115,test,mendeley_pa:image:MENDE-PA-00628,images/mendeley_pa/MENDE-PA-00628.jpg,Mendeley PA,PA,10115,15,18,0.0714285714285714,163.15159865625057,1.0737182206905076,0.9658118958996693,1.0280441630112092,0.04567405767929844
test:10116,test,mendeley_pa:image:MENDE-PA-00628,images/mendeley_pa/MENDE-PA-00628.jpg,Mendeley PA,PA,10116,16,18,0.0714285714285714,191.47984506622024,0.921585714993344,0.9999999999999999,0.9538762494921683,0.03229053449882435
test:10137,test,mendeley_pa:image:MENDE-PA-00630,images/mendeley_pa/MENDE-PA-00630.jpg,Mendeley PA,PA,10137,3,17,0.0769230769230769,29.814520473010987,1.0457221902679577,1.0,0.9792760442942381,0.06644614597371956
test:10138,test,mendeley_pa:image:MENDE-PA-00630,images/mendeley_pa/MENDE-PA-00630.jpg,Mendeley PA,PA,10138,4,17,0.0769230769230769,31.25668004646471,0.9051948723235753,1.0045266229062655,0.9360429722219088,0.03084809989833348
test:10139,test,mendeley_pa:image:MENDE-PA-00630,images/mendeley_pa/MENDE-PA-00630.jpg,Mendeley PA,PA,10139,5,17,0.0769230769230769,30.443666587821653,1.038594637036793,0.9526285846912201,0.9388880730801161,0.09970656395667676
test:10140,test,mendeley_pa:image:MENDE-PA-00630,images/mendeley_pa/MENDE-PA-00630.jpg,Mendeley PA,PA,10140,6,17,0.0769230769230769,31.83273742886897,0.9333041995274292,1.0,0.9387370683252811,0.005432868797851986
test:10141,test,mendeley_pa:image:MENDE-PA-00630,images/mendeley_pa/MENDE-PA-00630.jpg,Mendeley PA,PA,10141,7,17,0.0769230769230769,32.000936906691976,1.001434617409236,0.9701727275892478,0.96700906857544,0.034425548833795894
test:10142,test,mendeley_pa:image:MENDE-PA-00630,images/mendeley_pa/MENDE-PA-00630.jpg,Mendeley PA,PA,10142,8,17,0.0769230769230769,33.33077512122952,0.9715719135169516,1.0,0.9067752808332443,0.06479663268370728
test:10143,test,mendeley_pa:image:MENDE-PA-00630,images/mendeley_pa/MENDE-PA-00630.jpg,Mendeley PA,PA,10143,9,17,0.0769230769230769,34.07056743454328,1.015970875773378,0.9999999999999998,0.9527899734675882,0.06318090230578988
test:10144,test,mendeley_pa:image:MENDE-PA-00630,images/mendeley_pa/MENDE-PA-00630.jpg,Mendeley PA,PA,10144,10,17,0.0769230769230769,36.48412377784514,0.9800945233955224,0.9999999999999999,0.9762194696813821,0.0038750537141403196
test:10145,test,mendeley_pa:image:MENDE-PA-00630,images/mendeley_pa/MENDE-PA-00630.jpg,Mendeley PA,PA,10145,11,17,0.0769230769230769,37.99657300517016,1.0093948029445359,0.9999999999999999,1.007353737950325,0.0020410649942108616
test:10146,test,mendeley_pa:image:MENDE-PA-00630,images/mendeley_pa/MENDE-PA-00630.jpg,Mendeley PA,PA,10146,12,17,0.0769230769230769,41.24121709789276,0.9756078732905724,1.0,0.9959962484426796,0.02038837515210723
test:10147,test,mendeley_pa:image:MENDE-PA-00630,images/mendeley_pa/MENDE-PA-00630.jpg,Mendeley PA,PA,10147,13,17,0.0769230769230769,44.14157733149305,0.9997125962053037,1.0,0.9876765692606568,0.012036026944646894
test:10148,test,mendeley_pa:image:MENDE-PA-00630,images/mendeley_pa/MENDE-PA-00630.jpg,Mendeley PA,PA,10148,14,17,0.0769230769230769,46.76262968692107,1.0274849571095563,0.9999999999999998,0.9974924582056699,0.029992498903886444
test:10149,test,mendeley_pa:image:MENDE-PA-00630,images/mendeley_pa/MENDE-PA-00630.jpg,Mendeley PA,PA,10149,15,17,0.0769230769230769,48.68687506837185,1.014572581004836,1.0055166786367848,1.0056597427208984,0.00891283828393763
test:10257,test,mendeley_pa:image:MENDE-PA-00641,images/mendeley_pa/MENDE-PA-00641.jpg,Mendeley PA,PA,10257,3,20,0.0625,131.78618784629182,0.8317429666834717,1.3812780986321442,1.155550629903125,0.3238076632196534
test:10258,test,mendeley_pa:image:MENDE-PA-00641,images/mendeley_pa/MENDE-PA-00641.jpg,Mendeley PA,PA,10258,4,20,0.0625,129.54515022710405,1.0432998892799015,0.9187150936711641,0.9872228395331712,0.05607704974673022
test:10259,test,mendeley_pa:image:MENDE-PA-00641,images/mendeley_pa/MENDE-PA-00641.jpg,Mendeley PA,PA,10259,5,20,0.0625,120.1423002487452,1.068881938651237,1.1062998044345027,1.0230293515178805,0.04585258713335638
test:10260,test,mendeley_pa:image:MENDE-PA-00641,images/mendeley_pa/MENDE-PA-00641.jpg,Mendeley PA,PA,10260,6,20,0.0625,120.8003615464674,1.0817216436893324,0.980545551147497,0.9878898729609313,0.0938317707284011
test:10261,test,mendeley_pa:image:MENDE-PA-00641,images/mendeley_pa/MENDE-PA-00641.jpg,Mendeley PA,PA,10261,7,20,0.0625,125.85173867591138,0.861987132798046,0.9688191697029863,0.965847878859425,0.10386074606137907
test:10262,test,mendeley_pa:image:MENDE-PA-00641,images/mendeley_pa/MENDE-PA-00641.jpg,Mendeley PA,PA,10262,8,20,0.0625,126.97895409911766,0.8913507682595054,0.9126241571729614,0.8768977812951042,0.014452986964401227
test:10263,test,mendeley_pa:image:MENDE-PA-00641,images/mendeley_pa/MENDE-PA-00641.jpg,Mendeley PA,PA,10263,9,20,0.0625,123.804830182991,0.9958055947066162,1.0276272516435432,1.0004781797266054,0.004672585019989128
test:10264,test,mendeley_pa:image:MENDE-PA-00641,images/mendeley_pa/MENDE-PA-00641.jpg,Mendeley PA,PA,10264,10,20,0.0625,128.856207312435,1.0963200719598978,0.9999999999999998,1.0581136159598825,0.038206456000015265
test:10265,test,mendeley_pa:image:MENDE-PA-00641,images/mendeley_pa/MENDE-PA-00641.jpg,Mendeley PA,PA,10265,11,20,0.0625,135.28672004903473,0.9936442544266127,1.080446636742181,1.0147775844393436,0.021133330012730878
test:10266,test,mendeley_pa:image:MENDE-PA-00641,images/mendeley_pa/MENDE-PA-00641.jpg,Mendeley PA,PA,10266,12,20,0.0625,137.84725927509663,1.0959413895272523,0.9566119308017752,0.9727399101846478,0.1232014793426045
test:10267,test,mendeley_pa:image:MENDE-PA-00641,images/mendeley_pa/MENDE-PA-00641.jpg,Mendeley PA,PA,10267,13,20,0.0625,140.85982896046596,0.9179749441631972,1.0590858476769824,1.0691220647257467,0.15114712056254942
test:10268,test,mendeley_pa:image:MENDE-PA-00641,images/mendeley_pa/MENDE-PA-00641.jpg,Mendeley PA,PA,10268,14,20,0.0625,140.189155248647,1.0506717554773797,0.7997549209661721,0.8404925573535202,0.21017919812385943
test:10269,test,mendeley_pa:image:MENDE-PA-00641,images/mendeley_pa/MENDE-PA-00641.jpg,Mendeley PA,PA,10269,15,20,0.0625,159.3612728436845,0.5956788511640769,1.4114763760736038,1.065425130145793,0.46974627898171617
test:10270,test,mendeley_pa:image:MENDE-PA-00641,images/mendeley_pa/MENDE-PA-00641.jpg,Mendeley PA,PA,10270,16,20,0.0625,145.5197465189836,2.0792817823957805,0.9151950375896434,0.8373681055170039,1.2419136768787766
test:10271,test,mendeley_pa:image:MENDE-PA-00641,images/mendeley_pa/MENDE-PA-00641.jpg,Mendeley PA,PA,10271,17,20,0.0625,155.8369379952418,1.1000585743581306,1.4320201322339328,1.3622306629918368,0.2621720886337062
test:10272,test,mendeley_pa:image:MENDE-PA-00641,images/mendeley_pa/MENDE-PA-00641.jpg,Mendeley PA,PA,10272,18,20,0.0625,179.7256030500904,0.799812073263248,0.9440973430627605,0.9058375015610477,0.1060254282977997
test:10508,test,mendeley_pa:image:MENDE-PA-00663,images/mendeley_pa/MENDE-PA-00663.jpg,Mendeley PA,PA,10508,3,17,0.0769230769230769,18.77027188223164,1.08549909622692,1.0,0.9945080154575408,0.09099108076937923
test:10509,test,mendeley_pa:image:MENDE-PA-00663,images/mendeley_pa/MENDE-PA-00663.jpg,Mendeley PA,PA,10509,4,17,0.0769230769230769,19.39513597723108,0.9721789373839151,1.0189897231156189,0.9886477961534816,0.016468858769566497
test:10510,test,mendeley_pa:image:MENDE-PA-00663,images/mendeley_pa/MENDE-PA-00663.jpg,Mendeley PA,PA,10510,5,17,0.0769230769230769,20.00680490209861,0.9572630616471904,0.9620236592806588,0.9931695858455907,0.035906524198400236
test:10511,test,mendeley_pa:image:MENDE-PA-00663,images/mendeley_pa/MENDE-PA-00663.jpg,Mendeley PA,PA,10511,6,17,0.0769230769230769,20.92560445442826,0.9384912480243949,1.032369064836896,1.0106424025438194,0.07215115451942455
test:10512,test,mendeley_pa:image:MENDE-PA-00663,images/mendeley_pa/MENDE-PA-00663.jpg,Mendeley PA,PA,10512,7,17,0.0769230769230769,20.69627528942649,1.1622438217884463,1.0228393670484945,1.031931964339368,0.13031185744907825
test:10513,test,mendeley_pa:image:MENDE-PA-00663,images/mendeley_pa/MENDE-PA-00663.jpg,Mendeley PA,PA,10513,8,17,0.0769230769230769,22.1916438763752,1.0228820235647782,1.0321040722153785,0.98832628229481,0.03455574126996819
test:10514,test,mendeley_pa:image:MENDE-PA-00663,images/mendeley_pa/MENDE-PA-00663.jpg,Mendeley PA,PA,10514,9,17,0.0769230769230769,23.37677584183221,0.9305840157744676,0.9695235073302875,0.9633201325048695,0.03273611673040189
test:10515,test,mendeley_pa:image:MENDE-PA-00663,images/mendeley_pa/MENDE-PA-00663.jpg,Mendeley PA,PA,10515,10,17,0.0769230769230769,23.078442364581647,0.980535577597194,0.9965965376496881,0.9951201280374646,0.014584550440270627
test:10516,test,mendeley_pa:image:MENDE-PA-00663,images/mendeley_pa/MENDE-PA-00663.jpg,Mendeley PA,PA,10516,11,17,0.0769230769230769,23.04334247433317,1.052179717331991,1.0,1.0132415080443025,0.03893820928768843
test:10517,test,mendeley_pa:image:MENDE-PA-00663,images/mendeley_pa/MENDE-PA-00663.jpg,Mendeley PA,PA,10517,12,17,0.0769230769230769,24.93148006578167,0.9408767980390761,1.0,0.9997798680851702,0.058903070046094075
test:10518,test,mendeley_pa:image:MENDE-PA-00663,images/mendeley_pa/MENDE-PA-00663.jpg,Mendeley PA,PA,10518,13,17,0.0769230769230769,25.80823753894748,0.9925986817920436,0.9847280071881932,1.0001433133912605,0.007544631599216922
test:10519,test,mendeley_pa:image:MENDE-PA-00663,images/mendeley_pa/MENDE-PA-00663.jpg,Mendeley PA,PA,10519,14,17,0.0769230769230769,27.22391880619144,1.0053930039139698,0.9999999999999999,1.0150152342393994,0.009622230325429637
test:10520,test,mendeley_pa:image:MENDE-PA-00663,images/mendeley_pa/MENDE-PA-00663.jpg,Mendeley PA,PA,10520,15,17,0.0769230769230769,27.99383052637917,1.0298917479220997,1.0163215956177345,1.033117327698671,0.00322557977657123
test:11039,test,mendeley_pa:image:MENDE-PA-00706,images/mendeley_pa/MENDE-PA-00706.jpg,Mendeley PA,PA,11039,3,18,0.0714285714285714,110.51298349395,1.105340658203382,0.952172327757547,0.9785955138213135,0.12674514438206852
test:11040,test,mendeley_pa:image:MENDE-PA-00706,images/mendeley_pa/MENDE-PA-00706.jpg,Mendeley PA,PA,11040,4,18,0.0714285714285714,119.00997881643248,0.9085012609833933,1.0098064102943631,1.0142600521225127,0.10575879113911935
test:11041,test,mendeley_pa:image:MENDE-PA-00706,images/mendeley_pa/MENDE-PA-00706.jpg,Mendeley PA,PA,11041,5,18,0.0714285714285714,119.26936785416444,0.9910305320387469,0.9555726356136812,1.006265722893478,0.015235190854731018
test:11042,test,mendeley_pa:image:MENDE-PA-00706,images/mendeley_pa/MENDE-PA-00706.jpg,Mendeley PA,PA,11042,6,18,0.0714285714285714,113.16015045238672,1.05885660343694,1.046825880352752,1.016185434703128,0.04267116873381194
test:11043,test,mendeley_pa:image:MENDE-PA-00706,images/mendeley_pa/MENDE-PA-00706.jpg,Mendeley PA,PA,11043,7,18,0.0714285714285714,119.00997881643248,0.9975496537060919,0.9336826150534226,1.0630289410469604,0.0654792873408685
test:11044,test,mendeley_pa:image:MENDE-PA-00706,images/mendeley_pa/MENDE-PA-00706.jpg,Mendeley PA,PA,11044,8,18,0.0714285714285714,126.41558438472563,0.8101431830860983,0.9956413230145262,0.9661468120509671,0.15600362896486875
test:11045,test,mendeley_pa:image:MENDE-PA-00706,images/mendeley_pa/MENDE-PA-00706.jpg,Mendeley PA,PA,11045,9,18,0.0714285714285714,125.89700615249689,1.0565048390103113,0.9352500916065377,0.965921647155444,0.0905831918548673
test:11046,test,mendeley_pa:image:MENDE-PA-00706,images/mendeley_pa/MENDE-PA-00706.jpg,Mendeley PA,PA,11046,10,18,0.0714285714285714,145.7511745528409,0.9130331165931479,1.0013964027053426,0.9869728842637251,0.0739397676705772
test:11047,test,mendeley_pa:image:MENDE-PA-00706,images/mendeley_pa/MENDE-PA-00706.jpg,Mendeley PA,PA,11047,11,18,0.0714285714285714,145.78360101887503,1.0899621524439476,1.0000000000000002,1.032718785107136,0.05724336733681157
test:11048,test,mendeley_pa:image:MENDE-PA-00706,images/mendeley_pa/MENDE-PA-00706.jpg,Mendeley PA,PA,11048,12,18,0.0714285714285714,171.00912164997806,0.9268017481141082,1.0,0.9729943629354239,0.04619261482131565
test:11049,test,mendeley_pa:image:MENDE-PA-00706,images/mendeley_pa/MENDE-PA-00706.jpg,Mendeley PA,PA,11049,13,18,0.0714285714285714,171.9524043637582,1.0649437349826838,1.0030669960601706,1.0088768060727495,0.056066928909934255
test:11050,test,mendeley_pa:image:MENDE-PA-00706,images/mendeley_pa/MENDE-PA-00706.jpg,Mendeley PA,PA,11050,14,18,0.0714285714285714,184.06291845617352,1.0130666844593073,1.0,0.9959852476604283,0.01708143679887897
test:11051,test,mendeley_pa:image:MENDE-PA-00706,images/mendeley_pa/MENDE-PA-00706.jpg,Mendeley PA,PA,11051,15,18,0.0714285714285714,193.1231857261851,0.9579699116617728,1.0192547897271924,1.013136988079559,0.05516707641778629
test:11052,test,mendeley_pa:image:MENDE-PA-00706,images/mendeley_pa/MENDE-PA-00706.jpg,Mendeley PA,PA,11052,16,18,0.0714285714285714,193.1231857261851,1.0729703572675753,0.9962153447374816,0.9969647333889383,0.07600562387863696
test:11103,test,mendeley_pa:image:MENDE-PA-00710,images/mendeley_pa/MENDE-PA-00710.jpg,Mendeley PA,PA,11103,3,18,0.0714285714285714,19.257940449584204,0.9315910499727664,1.0069532724835029,0.968954532853519,0.03736348288075253
test:11104,test,mendeley_pa:image:MENDE-PA-00710,images/mendeley_pa/MENDE-PA-00710.jpg,Mendeley PA,PA,11104,4,18,0.0714285714285714,18.58510900421266,1.0377226116948075,1.0,1.0096178762614727,0.028104735433334804
test:11105,test,mendeley_pa:image:MENDE-PA-00710,images/mendeley_pa/MENDE-PA-00710.jpg,Mendeley PA,PA,11105,5,18,0.0714285714285714,18.613356409112704,1.0331126005447202,0.9878388755252565,1.0255617350568975,0.007550865487822689
test:11106,test,mendeley_pa:image:MENDE-PA-00710,images/mendeley_pa/MENDE-PA-00710.jpg,Mendeley PA,PA,11106,6,18,0.0714285714285714,19.48108512479525,0.8976813233629861,0.9985500086510022,0.924461889680608,0.026780566317621934
test:11107,test,mendeley_pa:image:MENDE-PA-00710,images/mendeley_pa/MENDE-PA-00710.jpg,Mendeley PA,PA,11107,7,18,0.0714285714285714,19.028827587295048,1.0340091792225437,0.9962579593982561,1.0000134084828212,0.033995770739722486
test:11108,test,mendeley_pa:image:MENDE-PA-00710,images/mendeley_pa/MENDE-PA-00710.jpg,Mendeley PA,PA,11108,8,18,0.0714285714285714,19.25197226250609,1.0610567753689106,1.0,1.098710484802723,0.0376537094338123
test:11109,test,mendeley_pa:image:MENDE-PA-00710,images/mendeley_pa/MENDE-PA-00710.jpg,Mendeley PA,PA,11109,9,18,0.0714285714285714,20.051709001726337,0.9389704452765073,1.1681537314674264,1.111320535036028,0.1723500897595207
test:11110,test,mendeley_pa:image:MENDE-PA-00710,images/mendeley_pa/MENDE-PA-00710.jpg,Mendeley PA,PA,11110,10,18,0.0714285714285714,19.627698869126174,1.3460325610834571,0.907585143212079,1.0262690550720681,0.31976350601138903
test:11111,test,mendeley_pa:image:MENDE-PA-00710,images/mendeley_pa/MENDE-PA-00710.jpg,Mendeley PA,PA,11111,11,18,0.0714285714285714,22.73462822258699,0.7389456068396314,1.0623830101780807,0.9299397162489806,0.19099410940934924
test:11112,test,mendeley_pa:image:MENDE-PA-00710,images/mendeley_pa/MENDE-PA-00710.jpg,Mendeley PA,PA,11112,12,18,0.0714285714285714,24.10268595116064,0.908041692952662,0.8377212900548974,0.9919882733255425,0.0839465803728805
test:11113,test,mendeley_pa:image:MENDE-PA-00710,images/mendeley_pa/MENDE-PA-00710.jpg,Mendeley PA,PA,11113,13,18,0.0714285714285714,23.254301484371897,1.014135501134048,1.0,1.0008940354455262,0.013241465688521803
test:11114,test,mendeley_pa:image:MENDE-PA-00710,images/mendeley_pa/MENDE-PA-00710.jpg,Mendeley PA,PA,11114,14,18,0.0714285714285714,24.84648945164557,0.9909794001628998,0.9999999999999999,1.0110407453030348,0.020061345140135023
test:11115,test,mendeley_pa:image:MENDE-PA-00710,images/mendeley_pa/MENDE-PA-00710.jpg,Mendeley PA,PA,11115,15,18,0.0714285714285714,26.98219182036433,0.9676740269190947,1.0,1.00888900924474,0.041214982325645355
test:11116,test,mendeley_pa:image:MENDE-PA-00710,images/mendeley_pa/MENDE-PA-00710.jpg,Mendeley PA,PA,11116,16,18,0.0714285714285714,26.44143563403965,1.1096986122043,1.107983146431783,1.067586508217195,0.042112103987105076
test:11238,test,mendeley_pa:image:MENDE-PA-00721,images/mendeley_pa/MENDE-PA-00721.jpg,Mendeley PA,PA,11238,3,18,0.0714285714285714,97.48995438512506,1.0857321420855992,0.9987211354474926,1.0234518830131196,0.06228025907247958
test:11239,test,mendeley_pa:image:MENDE-PA-00721,images/mendeley_pa/MENDE-PA-00721.jpg,Mendeley PA,PA,11239,4,18,0.0714285714285714,105.96845823164531,0.9424027978323062,0.9999999999999998,1.0434881485998628,0.10108535076755665
test:11240,test,mendeley_pa:image:MENDE-PA-00721,images/mendeley_pa/MENDE-PA-00721.jpg,Mendeley PA,PA,11240,5,18,0.0714285714285714,103.7635733171624,1.0224102357445934,1.0152339246725015,0.9932125248615913,0.02919771088300216
test:11241,test,mendeley_pa:image:MENDE-PA-00721,images/mendeley_pa/MENDE-PA-00721.jpg,Mendeley PA,PA,11241,6,18,0.0714285714285714,103.88405454241854,1.0668011421225447,0.9999999999999998,1.0614298880100248,0.00537125411251993
test:11242,test,mendeley_pa:image:MENDE-PA-00721,images/mendeley_pa/MENDE-PA-00721.jpg,Mendeley PA,PA,11242,7,18,0.0714285714285714,116.0840996279056,0.8759095341554671,1.041989872596528,1.0140006545850295,0.1380911204295624
test:11243,test,mendeley_pa:image:MENDE-PA-00721,images/mendeley_pa/MENDE-PA-00721.jpg,Mendeley PA,PA,11243,8,18,0.0714285714285714,116.0840996279056,1.129295784259514,0.9606127866109626,1.0112691090008037,0.11802667525871025
test:11244,test,mendeley_pa:image:MENDE-PA-00721,images/mendeley_pa/MENDE-PA-00721.jpg,Mendeley PA,PA,11244,9,18,0.0714285714285714,128.48688058367472,0.9444121506445553,1.0,0.9453223161399364,0.0009101654953811433
test:11245,test,mendeley_pa:image:MENDE-PA-00721,images/mendeley_pa/MENDE-PA-00721.jpg,Mendeley PA,PA,11245,10,18,0.0714285714285714,132.4316116790327,0.9505319405391206,0.9631934060753402,0.9611524038055059,0.010620463266385327
test:11246,test,mendeley_pa:image:MENDE-PA-00721,images/mendeley_pa/MENDE-PA-00721.jpg,Mendeley PA,PA,11246,11,18,0.0714285714285714,134.1617534126712,0.9970795373942689,0.9999999999999999,1.017911870032549,0.020832332638279993
test:11247,test,mendeley_pa:image:MENDE-PA-00721,images/mendeley_pa/MENDE-PA-00721.jpg,Mendeley PA,PA,11247,12,18,0.0714285714285714,145.85056670228343,0.9766367948237673,1.0,1.0118705481290817,0.03523375330531442
test:11248,test,mendeley_pa:image:MENDE-PA-00721,images/mendeley_pa/MENDE-PA-00721.jpg,Mendeley PA,PA,11248,13,18,0.0714285714285714,152.66582110728007,1.0344895355776889,1.0203135628902311,1.017535396450847,0.01695413912684196
test:11249,test,mendeley_pa:image:MENDE-PA-00721,images/mendeley_pa/MENDE-PA-00721.jpg,Mendeley PA,PA,11249,14,18,0.0714285714285714,160.40990330153434,1.054118120287512,1.0,1.013468386605382,0.040649733682130096
test:11250,test,mendeley_pa:image:MENDE-PA-00721,images/mendeley_pa/MENDE-PA-00721.jpg,Mendeley PA,PA,11250,15,18,0.0714285714285714,165.12276030027084,0.9864697751600318,1.0153170128627287,1.0525178362889753,0.06604806112894357
test:11251,test,mendeley_pa:image:MENDE-PA-00721,images/mendeley_pa/MENDE-PA-00721.jpg,Mendeley PA,PA,11251,16,18,0.0714285714285714,163.82665539773762,1.014565727049684,0.9977656636227237,1.0123397899631725,0.0022259370865114203
test:11355,test,mendeley_pa:image:MENDE-PA-00728,images/mendeley_pa/MENDE-PA-00728.jpg,Mendeley PA,PA,11355,3,18,0.0714285714285714,96.71797751815303,1.1557374820609534,1.0,1.078307367861271,0.07743011419968249
test:11356,test,mendeley_pa:image:MENDE-PA-00728,images/mendeley_pa/MENDE-PA-00728.jpg,Mendeley PA,PA,11356,4,18,0.0714285714285714,114.0911447003837,0.8625851524722774,1.0217321884288046,0.988794427032635,0.12620927456035758
test:11357,test,mendeley_pa:image:MENDE-PA-00728,images/mendeley_pa/MENDE-PA-00728.jpg,Mendeley PA,PA,11357,5,18,0.0714285714285714,114.0911447003837,1.0637161930664256,0.9414184843405466,0.947632569841234,0.11608362322519161
test:11358,test,mendeley_pa:image:MENDE-PA-00728,images/mendeley_pa/MENDE-PA-00728.jpg,Mendeley PA,PA,11358,6,18,0.0714285714285714,123.75598692101528,0.9405742743435943,1.0,1.0540706142783165,0.11349633993472219
test:11359,test,mendeley_pa:image:MENDE-PA-00728,images/mendeley_pa/MENDE-PA-00728.jpg,Mendeley PA,PA,11359,7,18,0.0714285714285714,129.88898133116496,0.97122461386553,0.9809110039259978,0.9995216937150546,0.028297079849524565
test:11360,test,mendeley_pa:image:MENDE-PA-00728,images/mendeley_pa/MENDE-PA-00728.jpg,Mendeley PA,PA,11360,8,18,0.0714285714285714,129.396095178255,1.0697182505265284,1.0522336238726537,0.9530090341075819,0.1167092164189465
test:11361,test,mendeley_pa:image:MENDE-PA-00728,images/mendeley_pa/MENDE-PA-00728.jpg,Mendeley PA,PA,11361,9,18,0.0714285714285714,133.05231890529762,1.0985037296047082,1.0186150132781222,0.9961220420068457,0.10238168759786248
test:11362,test,mendeley_pa:image:MENDE-PA-00728,images/mendeley_pa/MENDE-PA-00728.jpg,Mendeley PA,PA,11362,10,18,0.0714285714285714,142.28791655453577,0.9322001321659945,0.9825932465448831,0.9989683747246717,0.0667682425586772
test:11363,test,mendeley_pa:image:MENDE-PA-00728,images/mendeley_pa/MENDE-PA-00728.jpg,Mendeley PA,PA,11363,11,18,0.0714285714285714,155.41761680296702,0.8587432103146564,0.9565118349826475,0.9802507836109539,0.12150757329629747
test:11364,test,mendeley_pa:image:MENDE-PA-00728,images/mendeley_pa/MENDE-PA-00728.jpg,Mendeley PA,PA,11364,12,18,0.0714285714285714,154.10130519515752,1.0686266728718428,0.9999999999999998,0.9957128046080468,0.07291386826379598
test:11365,test,mendeley_pa:image:MENDE-PA-00728,images/mendeley_pa/MENDE-PA-00728.jpg,Mendeley PA,PA,11365,13,18,0.0714285714285714,170.63510082244994,1.024049485453184,0.9999999999999999,0.9623514264822005,0.06169805897098357
test:11366,test,mendeley_pa:image:MENDE-PA-00728,images/mendeley_pa/MENDE-PA-00728.jpg,Mendeley PA,PA,11366,14,18,0.0714285714285714,183.13152682224617,0.9642983906337328,1.0142879578279134,0.9960757604794379,0.03177736984570512
test:11367,test,mendeley_pa:image:MENDE-PA-00728,images/mendeley_pa/MENDE-PA-00728.jpg,Mendeley PA,PA,11367,15,18,0.0714285714285714,184.05885151800027,1.0689918788945794,1.0,1.0340314917266369,0.034960387167942475
test:11368,test,mendeley_pa:image:MENDE-PA-00728,images/mendeley_pa/MENDE-PA-00728.jpg,Mendeley PA,PA,11368,16,18,0.0714285714285714,203.2910844710709,0.9421183764419582,1.0,0.9882765840739012,0.046158207631943005
test:11604,test,mendeley_pa:image:MENDE-PA-00747,images/mendeley_pa/MENDE-PA-00747.jpg,Mendeley PA,PA,11604,3,18,0.0714285714285714,91.85420503503532,0.9540000274709279,1.0388205804583728,1.0135198113230168,0.05951978385208889
test:11605,test,mendeley_pa:image:MENDE-PA-00747,images/mendeley_pa/MENDE-PA-00747.jpg,Mendeley PA,PA,11605,4,18,0.0714285714285714,91.85420503503532,1.0975787920018045,0.9869688292779936,1.0601248657145512,0.0374539262872533
test:11606,test,mendeley_pa:image:MENDE-PA-00747,images/mendeley_pa/MENDE-PA-00747.jpg,Mendeley PA,PA,11606,5,18,0.0714285714285714,106.38779212066842,0.8806044229433212,1.0,1.0126423798501492,0.13203795690682796
test:11607,test,mendeley_pa:image:MENDE-PA-00747,images/mendeley_pa/MENDE-PA-00747.jpg,Mendeley PA,PA,11607,6,18,0.0714285714285714,105.24098189813928,1.0638285088128407,0.9831244311291,0.9822910253652578,0.08153748344758294
test:11608,test,mendeley_pa:image:MENDE-PA-00747,images/mendeley_pa/MENDE-PA-00747.jpg,Mendeley PA,PA,11608,7,18,0.0714285714285714,110.81154661616756,1.0219548782562922,1.0,0.9888175753876567,0.033137302868635476
test:11609,test,mendeley_pa:image:MENDE-PA-00747,images/mendeley_pa/MENDE-PA-00747.jpg,Mendeley PA,PA,11609,8,18,0.0714285714285714,125.96789473573747,0.8705768769391538,1.0002472628791903,1.0174556006630038,0.14687872372385002
test:11610,test,mendeley_pa:image:MENDE-PA-00747,images/mendeley_pa/MENDE-PA-00747.jpg,Mendeley PA,PA,11610,9,18,0.0714285714285714,125.96789473573747,1.101500374359031,0.985791362769902,0.9718517958596351,0.12964857849939593
test:11611,test,mendeley_pa:image:MENDE-PA-00747,images/mendeley_pa/MENDE-PA-00747.jpg,Mendeley PA,PA,11611,10,18,0.0714285714285714,136.81236794471803,1.0137342911570628,1.0322936455828553,0.960025383077324,0.053708908079738826
test:11612,test,mendeley_pa:image:MENDE-PA-00747,images/mendeley_pa/MENDE-PA-00747.jpg,Mendeley PA,PA,11612,11,18,0.0714285714285714,138.72253602429592,1.0359340093029235,0.9860057686403902,0.9786154944398018,0.05731851486312167
test:11613,test,mendeley_pa:image:MENDE-PA-00747,images/mendeley_pa/MENDE-PA-00747.jpg,Mendeley PA,PA,11613,12,18,0.0714285714285714,147.38766687484386,0.9150769229241529,1.0,1.0051613869145513,0.09008446399039838
test:11614,test,mendeley_pa:image:MENDE-PA-00747,images/mendeley_pa/MENDE-PA-00747.jpg,Mendeley PA,PA,11614,13,18,0.0714285714285714,157.8343618834079,0.9571296074106055,0.9720703947308837,0.9931961583855926,0.03606655097498712
test:11615,test,mendeley_pa:image:MENDE-PA-00747,images/mendeley_pa/MENDE-PA-00747.jpg,Mendeley PA,PA,11615,14,18,0.0714285714285714,153.50236220522757,1.1203812486316505,1.052196419088287,1.03119749039237,0.08918375823928049
test:11616,test,mendeley_pa:image:MENDE-PA-00747,images/mendeley_pa/MENDE-PA-00747.jpg,Mendeley PA,PA,11616,15,18,0.0714285714285714,153.50236220522757,1.1202520167904066,1.0681202136227415,1.0508796800175235,0.06937233677288313
test:11617,test,mendeley_pa:image:MENDE-PA-00747,images/mendeley_pa/MENDE-PA-00747.jpg,Mendeley PA,PA,11617,16,18,0.0714285714285714,169.6733043626888,0.9190413552137788,0.9237259600433121,1.0574449423822174,0.1384035871684386
test:11949,test,mendeley_pa:image:MENDE-PA-00775,images/mendeley_pa/MENDE-PA-00775.jpg,Mendeley PA,PA,11949,3,18,0.0714285714285714,118.90200933517036,1.0918527069206796,1.0,1.0375616550445557,0.05429105187612393
test:11950,test,mendeley_pa:image:MENDE-PA-00775,images/mendeley_pa/MENDE-PA-00775.jpg,Mendeley PA,PA,11950,4,18,0.0714285714285714,131.80683641175148,0.9815400270696174,0.9999999999999998,1.017402697354555,0.0358626702849375
test:11951,test,mendeley_pa:image:MENDE-PA-00775,images/mendeley_pa/MENDE-PA-00775.jpg,Mendeley PA,PA,11951,5,18,0.0714285714285714,139.4683457780564,0.9592871509747232,0.9983874657405121,0.9958955343095166,0.03660838333479344
test:11952,test,mendeley_pa:image:MENDE-PA-00775,images/mendeley_pa/MENDE-PA-00775.jpg,Mendeley PA,PA,11952,6,18,0.0714285714285714,142.48981721706147,1.0464832766123067,1.0,1.0023785517551005,0.04410472485720618
test:11953,test,mendeley_pa:image:MENDE-PA-00775,images/mendeley_pa/MENDE-PA-00775.jpg,Mendeley PA,PA,11953,7,18,0.0714285714285714,154.941521519407,0.9757839014288796,1.000861280469684,0.9913988149375599,0.015614913508680273
test:11954,test,mendeley_pa:image:MENDE-PA-00775,images/mendeley_pa/MENDE-PA-00775.jpg,Mendeley PA,PA,11954,8,18,0.0714285714285714,151.9290152715735,1.059947161235902,1.0266612800639843,1.0142906377893661,0.04565652344653581
test:11955,test,mendeley_pa:image:MENDE-PA-00775,images/mendeley_pa/MENDE-PA-00775.jpg,Mendeley PA,PA,11955,9,18,0.0714285714285714,156.85265831404183,1.0249735896202041,0.9999999999999999,0.990700271911919,0.03427331770828512
test:11956,test,mendeley_pa:image:MENDE-PA-00775,images/mendeley_pa/MENDE-PA-00775.jpg,Mendeley PA,PA,11956,10,18,0.0714285714285714,161.39330109715604,0.945941294612404,0.9991731496566427,0.9805426115208757,0.03460131690847179
test:11957,test,mendeley_pa:image:MENDE-PA-00775,images/mendeley_pa/MENDE-PA-00775.jpg,Mendeley PA,PA,11957,11,18,0.0714285714285714,166.3288840488751,0.9724701435519292,0.9756469115441762,0.9793521062297843,0.006881962677855125
test:11958,test,mendeley_pa:image:MENDE-PA-00775,images/mendeley_pa/MENDE-PA-00775.jpg,Mendeley PA,PA,11958,12,18,0.0714285714285714,174.12822242630386,0.987134270763508,1.0000000000000002,0.9813964273780587,0.005737843385449359
test:11959,test,mendeley_pa:image:MENDE-PA-00775,images/mendeley_pa/MENDE-PA-00775.jpg,Mendeley PA,PA,11959,13,18,0.0714285714285714,181.64749547527427,1.026750028216894,1.0,0.9970238101668656,0.029726218050028397
test:11960,test,mendeley_pa:image:MENDE-PA-00775,images/mendeley_pa/MENDE-PA-00775.jpg,Mendeley PA,PA,11960,14,18,0.0714285714285714,200.4217073748718,0.9550215772206876,1.0,1.0053455736488104,0.0503239964281228
test:11961,test,mendeley_pa:image:MENDE-PA-00775,images/mendeley_pa/MENDE-PA-00775.jpg,Mendeley PA,PA,11961,15,18,0.0714285714285714,204.68802566261724,1.04713914236617,1.0,1.0053236093372107,0.04181553302895935
test:11962,test,mendeley_pa:image:MENDE-PA-00775,images/mendeley_pa/MENDE-PA-00775.jpg,Mendeley PA,PA,11962,16,18,0.0714285714285714,225.6366439412677,0.9660177196021309,1.0,0.9769886769354343,0.010970957333303444
test:12064,test,mendeley_pa:image:MENDE-PA-00784,images/mendeley_pa/MENDE-PA-00784.jpg,Mendeley PA,PA,12064,3,17,0.0769230769230769,14.944836521538615,0.8651483059962479,0.9716822341755681,0.9351881690994553,0.07003986310320742
test:12065,test,mendeley_pa:image:MENDE-PA-00784,images/mendeley_pa/MENDE-PA-00784.jpg,Mendeley PA,PA,12065,4,17,0.0769230769230769,14.244704380901334,1.068591097031344,0.968690118933042,1.0410866208318077,0.02750447619953622
test:12066,test,mendeley_pa:image:MENDE-PA-00784,images/mendeley_pa/MENDE-PA-00784.jpg,Mendeley PA,PA,12066,5,17,0.0769230769230769,15.906982742251085,0.9221050276771057,1.0,1.0137979593127966,0.09169293163569092
test:12067,test,mendeley_pa:image:MENDE-PA-00784,images/mendeley_pa/MENDE-PA-00784.jpg,Mendeley PA,PA,12067,6,17,0.0769230769230769,15.63588214063728,1.0611618234256763,1.0539584955509662,1.0345336025889873,0.02662822083668903
test:12068,test,mendeley_pa:image:MENDE-PA-00784,images/mendeley_pa/MENDE-PA-00784.jpg,Mendeley PA,PA,12068,7,17,0.0769230769230769,16.321100601613814,1.1207107486063332,1.0,1.0472670570015907,0.07344369160474251
test:12069,test,mendeley_pa:image:MENDE-PA-00784,images/mendeley_pa/MENDE-PA-00784.jpg,Mendeley PA,PA,12069,8,17,0.0769230769230769,17.69250370997647,0.907163862339603,1.0,0.9609678834676743,0.053804021128071255
test:12070,test,mendeley_pa:image:MENDE-PA-00784,images/mendeley_pa/MENDE-PA-00784.jpg,Mendeley PA,PA,12070,9,17,0.0769230769230769,19.15346714035926,0.8924637206085717,0.9414927632451657,0.9505898262277845,0.05812610561921283
test:12071,test,mendeley_pa:image:MENDE-PA-00784,images/mendeley_pa/MENDE-PA-00784.jpg,Mendeley PA,PA,12071,10,17,0.0769230769230769,17.168674059044015,1.1658268622591081,1.1626576046620378,1.156964635120041,0.008862227139067036
test:12072,test,mendeley_pa:image:MENDE-PA-00784,images/mendeley_pa/MENDE-PA-00784.jpg,Mendeley PA,PA,12072,11,17,0.0769230769230769,18.62963748942681,1.2254025007056701,1.0,1.0893833860754967,0.13601911463017347
test:12073,test,mendeley_pa:image:MENDE-PA-00784,images/mendeley_pa/MENDE-PA-00784.jpg,Mendeley PA,PA,12073,12,17,0.0769230769230769,22.971851455384684,0.7506392597453015,1.04049217865632,0.917581328906278,0.16694206916097643
test:12074,test,mendeley_pa:image:MENDE-PA-00784,images/mendeley_pa/MENDE-PA-00784.jpg,Mendeley PA,PA,12074,13,17,0.0769230769230769,22.971851455384684,1.087211416932923,0.8784331596827923,0.9778109482860982,0.10940046864682484
test:12075,test,mendeley_pa:image:MENDE-PA-00784,images/mendeley_pa/MENDE-PA-00784.jpg,Mendeley PA,PA,12075,14,17,0.0769230769230769,25.554178238936217,0.9045447804213129,1.0,1.0121570797637105,0.10761229934239758
test:12076,test,mendeley_pa:image:MENDE-PA-00784,images/mendeley_pa/MENDE-PA-00784.jpg,Mendeley PA,PA,12076,15,17,0.0769230769230769,26.239700313513083,0.9959373390416671,0.964550650271,0.9950769101850405,0.0008604288566266272
test:12355,test,mendeley_pa:image:MENDE-PA-00806,images/mendeley_pa/MENDE-PA-00806.jpg,Mendeley PA,PA,12355,3,18,0.0714285714285714,119.77371113777642,0.9997090753718179,0.977842423188148,0.9960570065850596,0.003652068786758278
test:12356,test,mendeley_pa:image:MENDE-PA-00806,images/mendeley_pa/MENDE-PA-00806.jpg,Mendeley PA,PA,12356,4,18,0.0714285714285714,122.89858634613374,1.0570391080816186,0.9999999999999999,1.0638582110404968,0.00681910295887822
test:12357,test,mendeley_pa:image:MENDE-PA-00806,images/mendeley_pa/MENDE-PA-00806.jpg,Mendeley PA,PA,12357,5,18,0.0714285714285714,128.95773564197384,0.9775164401680119,1.0,1.0008422549581155,0.02332581479010365
test:12358,test,mendeley_pa:image:MENDE-PA-00806,images/mendeley_pa/MENDE-PA-00806.jpg,Mendeley PA,PA,12358,6,18,0.0714285714285714,135.83065769321274,0.9424003488023676,0.9858268174345605,0.9809138049374334,0.03851345613506585
test:12359,test,mendeley_pa:image:MENDE-PA-00806,images/mendeley_pa/MENDE-PA-00806.jpg,Mendeley PA,PA,12359,7,18,0.0714285714285714,137.8070705102034,1.0286315699608526,1.0294648400352073,1.0400973335684014,0.011465763607548807
test:12360,test,mendeley_pa:image:MENDE-PA-00806,images/mendeley_pa/MENDE-PA-00806.jpg,Mendeley PA,PA,12360,8,18,0.0714285714285714,144.67999256144228,1.0763631214781912,1.0,1.0035229809582233,0.0728401405199679
test:12361,test,mendeley_pa:image:MENDE-PA-00806,images/mendeley_pa/MENDE-PA-00806.jpg,Mendeley PA,PA,12361,9,18,0.0714285714285714,155.12904818020692,0.951512844072884,1.0000000000000002,0.9868214875459673,0.03530864347308338
test:12362,test,mendeley_pa:image:MENDE-PA-00806,images/mendeley_pa/MENDE-PA-00806.jpg,Mendeley PA,PA,12362,10,18,0.0714285714285714,156.55539819430896,0.9870620223503463,0.9740637286536485,0.9845122394122273,0.0025497829381190273
test:12363,test,mendeley_pa:image:MENDE-PA-00806,images/mendeley_pa/MENDE-PA-00806.jpg,Mendeley PA,PA,12363,11,18,0.0714285714285714,155.91491656405262,1.0094132841682717,1.0429869362264923,1.0115824931412987,0.0021692089730269704
test:12364,test,mendeley_pa:image:MENDE-PA-00806,images/mendeley_pa/MENDE-PA-00806.jpg,Mendeley PA,PA,12364,12,18,0.0714285714285714,157.34126657815466,1.0849318684108216,1.0,1.0085325175896287,0.07639935082119287
test:12365,test,mendeley_pa:image:MENDE-PA-00806,images/mendeley_pa/MENDE-PA-00806.jpg,Mendeley PA,PA,12365,13,18,0.0714285714285714,177.36920041425054,0.8868503934684749,1.0,1.0209976509213448,0.13414725745286982
test:12366,test,mendeley_pa:image:MENDE-PA-00806,images/mendeley_pa/MENDE-PA-00806.jpg,Mendeley PA,PA,12366,14,18,0.0714285714285714,187.31186916020715,0.9824996532618824,0.9642184736869753,0.9659040945546226,0.016595558707259817
test:12367,test,mendeley_pa:image:MENDE-PA-00806,images/mendeley_pa/MENDE-PA-00806.jpg,Mendeley PA,PA,12367,15,18,0.0714285714285714,203.3444687963697,1.00282631340151,1.0000000000000002,1.022276556119323,0.019450242717812927
test:12368,test,mendeley_pa:image:MENDE-PA-00806,images/mendeley_pa/MENDE-PA-00806.jpg,Mendeley PA,PA,12368,16,18,0.0714285714285714,217.4240288097626,1.0240592647918194,1.033487892911698,1.020723426916565,0.003335837875254377
test:12495,test,mendeley_pa:image:MENDE-PA-00815,images/mendeley_pa/MENDE-PA-00815.jpg,Mendeley PA,PA,12495,3,17,0.0769230769230769,89.03605302074877,0.8301696176221416,1.0,0.9616268575191498,0.1314572398970082
test:12496,test,mendeley_pa:image:MENDE-PA-00815,images/mendeley_pa/MENDE-PA-00815.jpg,Mendeley PA,PA,12496,4,17,0.0769230769230769,102.91479352939692,0.8722237984962982,0.9300763897811548,0.9215567048852817,0.04933290638898358
test:12497,test,mendeley_pa:image:MENDE-PA-00815,images/mendeley_pa/MENDE-PA-00815.jpg,Mendeley PA,PA,12497,5,17,0.0769230769230769,104.80245969790114,1.1213688446791552,1.0,1.0572557114064693,0.06411313327268586
test:12498,test,mendeley_pa:image:MENDE-PA-00815,images/mendeley_pa/MENDE-PA-00815.jpg,Mendeley PA,PA,12498,6,17,0.0769230769230769,117.77014999032964,1.017576926512956,1.0447670224662846,1.0435103047480783,0.025933378235122317
test:12499,test,mendeley_pa:image:MENDE-PA-00815,images/mendeley_pa/MENDE-PA-00815.jpg,Mendeley PA,PA,12499,7,17,0.0769230769230769,117.77014999032964,1.0916393053859255,1.009841093483156,1.002762517581469,0.08887678780445651
test:12500,test,mendeley_pa:image:MENDE-PA-00815,images/mendeley_pa/MENDE-PA-00815.jpg,Mendeley PA,PA,12500,8,17,0.0769230769230769,120.241020813455,0.9815126820387393,1.006906071204978,0.9973151856030402,0.015802503564300907
test:12501,test,mendeley_pa:image:MENDE-PA-00815,images/mendeley_pa/MENDE-PA-00815.jpg,Mendeley PA,PA,12501,9,17,0.0769230769230769,121.96703072653676,0.9312377477969723,0.9783789101563518,0.9698116821743672,0.03857393437739487
test:12502,test,mendeley_pa:image:MENDE-PA-00815,images/mendeley_pa/MENDE-PA-00815.jpg,Mendeley PA,PA,12502,10,17,0.0769230769230769,119.40010618021827,1.010399891794803,0.9919275520996197,0.9982683146999224,0.012131577094880552
test:12503,test,mendeley_pa:image:MENDE-PA-00815,images/mendeley_pa/MENDE-PA-00815.jpg,Mendeley PA,PA,12503,11,17,0.0769230769230769,120.71198994776348,1.0213749863758026,1.0,1.0205289460718632,0.0008460403039394215
test:12504,test,mendeley_pa:image:MENDE-PA-00815,images/mendeley_pa/MENDE-PA-00815.jpg,Mendeley PA,PA,12504,12,17,0.0769230769230769,128.62722916929357,0.9390089976343831,0.9999999999999998,1.013087399303913,0.07407840166952984
test:12505,test,mendeley_pa:image:MENDE-PA-00815,images/mendeley_pa/MENDE-PA-00815.jpg,Mendeley PA,PA,12505,13,17,0.0769230769230769,131.03340533631803,1.0223519026042158,0.9904219784599811,0.9998209249985487,0.022530977605667135
test:12506,test,mendeley_pa:image:MENDE-PA-00815,images/mendeley_pa/MENDE-PA-00815.jpg,Mendeley PA,PA,12506,14,17,0.0769230769230769,139.7778242026401,0.9928227483578322,1.0,1.0498269125819206,0.05700416422408838
test:12507,test,mendeley_pa:image:MENDE-PA-00815,images/mendeley_pa/MENDE-PA-00815.jpg,Mendeley PA,PA,12507,15,17,0.0769230769230769,143.4268762545637,1.0151054039312482,1.0,1.069575496017933,0.05447009208668474
test:12992,test,mendeley_pa:image:MENDE-PA-00851,images/mendeley_pa/MENDE-PA-00851.jpg,Mendeley PA,PA,12992,3,18,0.0714285714285714,33.032728621241304,1.0737650936457754,1.0,0.9997576394380303,0.07400745420774513
test:12993,test,mendeley_pa:image:MENDE-PA-00851,images/mendeley_pa/MENDE-PA-00851.jpg,Mendeley PA,PA,12993,4,18,0.0714285714285714,33.11668998629928,1.0659721193709664,1.0771178730381399,1.0775004362247165,0.011528316853750109
test:12994,test,mendeley_pa:image:MENDE-PA-00851,images/mendeley_pa/MENDE-PA-00851.jpg,Mendeley PA,PA,12994,5,18,0.0714285714285714,30.125914316422808,1.1907278910135703,0.9562874748350114,1.1223739697576494,0.06835392125592099
test:12995,test,mendeley_pa:image:MENDE-PA-00851,images/mendeley_pa/MENDE-PA-00851.jpg,Mendeley PA,PA,12995,6,18,0.0714285714285714,35.58661731504817,0.6271065510014705,0.8545646008159546,0.8417401436771779,0.21463359267570736
test:12996,test,mendeley_pa:image:MENDE-PA-00851,images/mendeley_pa/MENDE-PA-00851.jpg,Mendeley PA,PA,12996,7,18,0.0714285714285714,37.97249124541728,0.6570640904317822,0.8215133491638308,0.7715914342287188,0.11452734379693663
test:12997,test,mendeley_pa:image:MENDE-PA-00851,images/mendeley_pa/MENDE-PA-00851.jpg,Mendeley PA,PA,12997,8,18,0.0714285714285714,32.59896642256608,1.2292787308816302,0.9999999999999999,0.981216575950384,0.24806215493124617
test:12998,test,mendeley_pa:image:MENDE-PA-00851,images/mendeley_pa/MENDE-PA-00851.jpg,Mendeley PA,PA,12998,9,18,0.0714285714285714,41.47046176130118,0.9705117983781628,1.0249344406093353,0.9679512937928432,0.002560504585319645
test:12999,test,mendeley_pa:image:MENDE-PA-00851,images/mendeley_pa/MENDE-PA-00851.jpg,Mendeley PA,PA,12999,10,18,0.0714285714285714,41.55763993707535,1.0812883756227467,1.0,1.024966087192297,0.05632228843044973
test:13000,test,mendeley_pa:image:MENDE-PA-00851,images/mendeley_pa/MENDE-PA-00851.jpg,Mendeley PA,PA,13000,11,18,0.0714285714285714,45.72523593952563,0.9375065337511342,1.0,1.0097869075834751,0.07228037383234087
test:13001,test,mendeley_pa:image:MENDE-PA-00851,images/mendeley_pa/MENDE-PA-00851.jpg,Mendeley PA,PA,13001,12,18,0.0714285714285714,47.836621883287016,0.9723654611369451,0.9783838673150511,0.9792261775704445,0.006860716433499392
test:13002,test,mendeley_pa:image:MENDE-PA-00851,images/mendeley_pa/MENDE-PA-00851.jpg,Mendeley PA,PA,13002,13,18,0.0714285714285714,48.30262298132936,1.0504077760727533,1.025647706594866,1.0086614203272277,0.04174635574552554
test:13003,test,mendeley_pa:image:MENDE-PA-00851,images/mendeley_pa/MENDE-PA-00851.jpg,Mendeley PA,PA,13003,14,18,0.0714285714285714,50.315293425692616,1.0447771739121912,1.0019619382632423,0.9896476642874528,0.05512950962473839
test:13004,test,mendeley_pa:image:MENDE-PA-00851,images/mendeley_pa/MENDE-PA-00851.jpg,Mendeley PA,PA,13004,15,18,0.0714285714285714,51.6528604270783,0.9697539817102434,0.9980888667426756,1.0122895830221226,0.04253560131187917
test:13005,test,mendeley_pa:image:MENDE-PA-00851,images/mendeley_pa/MENDE-PA-00851.jpg,Mendeley PA,PA,13005,16,18,0.0714285714285714,53.462270411590765,0.945339945281212,0.9768275553497822,1.0200916761669667,0.07475173088575471
test:13188,test,mendeley_pa:image:MENDE-PA-00867,images/mendeley_pa/MENDE-PA-00867.jpg,Mendeley PA,PA,13188,3,18,0.0714285714285714,81.48241495270943,1.143838230622105,0.9906070548855122,1.0304106715880688,0.11342755903403634
test:13189,test,mendeley_pa:image:MENDE-PA-00867,images/mendeley_pa/MENDE-PA-00867.jpg,Mendeley PA,PA,13189,4,18,0.0714285714285714,91.1307183887044,0.9609274081457768,1.0049088197126004,0.9585464718117329,0.002380936334043904
test:13190,test,mendeley_pa:image:MENDE-PA-00867,images/mendeley_pa/MENDE-PA-00867.jpg,Mendeley PA,PA,13190,5,18,0.0714285714285714,92.75535707947344,0.9697922232967372,0.9696368139805833,0.9534597464474479,0.01633247684928929
test:13191,test,mendeley_pa:image:MENDE-PA-00867,images/mendeley_pa/MENDE-PA-00867.jpg,Mendeley PA,PA,13191,6,18,0.0714285714285714,90.61004594089316,1.0187392783448976,1.0515082889573422,1.0303713550196734,0.011632076674775726
test:13192,test,mendeley_pa:image:MENDE-PA-00867,images/mendeley_pa/MENDE-PA-00867.jpg,Mendeley PA,PA,13192,7,18,0.0714285714285714,91.7873403648123,1.0960226581866483,1.0,1.0021558834705502,0.09386677471609817
test:13193,test,mendeley_pa:image:MENDE-PA-00867,images/mendeley_pa/MENDE-PA-00867.jpg,Mendeley PA,PA,13193,8,18,0.0714285714285714,94.0926482260235,0.9699659818030197,1.044068224873317,0.9816752971670755,0.011709315364055728
test:13194,test,mendeley_pa:image:MENDE-PA-00867,images/mendeley_pa/MENDE-PA-00867.jpg,Mendeley PA,PA,13194,9,18,0.0714285714285714,96.18439425606178,0.9968070639835739,0.9514768641539016,0.9832656230874458,0.013541440896128076
test:13195,test,mendeley_pa:image:MENDE-PA-00867,images/mendeley_pa/MENDE-PA-00867.jpg,Mendeley PA,PA,13195,10,18,0.0714285714285714,100.1072605048707,0.916694586134783,1.0,0.9932000408880413,0.0765054547532582
test:13196,test,mendeley_pa:image:MENDE-PA-00867,images/mendeley_pa/MENDE-PA-00867.jpg,Mendeley PA,PA,13196,11,18,0.0714285714285714,103.90534776121932,1.0041565676685968,0.9814197085431063,0.9829783570818821,0.021178210586714763
test:13197,test,mendeley_pa:image:MENDE-PA-00867,images/mendeley_pa/MENDE-PA-00867.jpg,Mendeley PA,PA,13197,12,18,0.0714285714285714,108.13532462666656,1.0374198152312957,1.0,1.0108318980783224,0.02658791715297326
test:13198,test,mendeley_pa:image:MENDE-PA-00867,images/mendeley_pa/MENDE-PA-00867.jpg,Mendeley PA,PA,13198,13,18,0.0714285714285714,112.35861909823902,0.9962156244119369,1.0395995899674229,1.0205441936489872,0.02432856923705029
test:13199,test,mendeley_pa:image:MENDE-PA-00867,images/mendeley_pa/MENDE-PA-00867.jpg,Mendeley PA,PA,13199,14,18,0.0714285714285714,112.35861909823902,1.080773519362351,0.998894981919721,1.035844180612758,0.04492933874959304
test:13200,test,mendeley_pa:image:MENDE-PA-00867,images/mendeley_pa/MENDE-PA-00867.jpg,Mendeley PA,PA,13200,15,18,0.0714285714285714,120.33490174044616,0.9351859524931223,1.0,1.0050003142096102,0.06981436171648792
test:13201,test,mendeley_pa:image:MENDE-PA-00867,images/mendeley_pa/MENDE-PA-00867.jpg,Mendeley PA,PA,13201,16,18,0.0714285714285714,124.3831953523204,0.958614891261276,0.9642286465386811,0.9690470580826465,0.010432166821370492
test:13251,test,mendeley_pa:image:MENDE-PA-00872,images/mendeley_pa/MENDE-PA-00872.jpg,Mendeley PA,PA,13251,3,17,0.0769230769230769,88.19958653157659,1.038165491436641,0.945843262156051,1.029979211767715,0.008186279668926044
test:13252,test,mendeley_pa:image:MENDE-PA-00872,images/mendeley_pa/MENDE-PA-00872.jpg,Mendeley PA,PA,13252,4,17,0.0769230769230769,99.99658380471652,0.950269001434755,1.0447694536908199,1.0043499198420573,0.054080918407302336
test:13253,test,mendeley_pa:image:MENDE-PA-00872,images/mendeley_pa/MENDE-PA-00872.jpg,Mendeley PA,PA,13253,5,17,0.0769230769230769,101.72552717618254,1.1538990126425626,0.9999999999999998,0.9849177701398728,0.16898124250268975
test:13254,test,mendeley_pa:image:MENDE-PA-00872,images/mendeley_pa/MENDE-PA-00872.jpg,Mendeley PA,PA,13254,6,17,0.0769230769230769,117.05237118204664,0.9263152845040423,1.0,1.023096315562725,0.09678103105868274
test:13255,test,mendeley_pa:image:MENDE-PA-00872,images/mendeley_pa/MENDE-PA-00872.jpg,Mendeley PA,PA,13255,7,17,0.0769230769230769,117.53814933258263,0.9930712509746416,1.0079074034344917,0.9952808551367884,0.002209604162146883
test:13256,test,mendeley_pa:image:MENDE-PA-00872,images/mendeley_pa/MENDE-PA-00872.jpg,Mendeley PA,PA,13256,8,17,0.0769230769230769,117.20953514548806,1.0963932339098124,1.0,1.0326483137905598,0.06374492011925259
test:13257,test,mendeley_pa:image:MENDE-PA-00872,images/mendeley_pa/MENDE-PA-00872.jpg,Mendeley PA,PA,13257,9,17,0.0769230769230769,125.28918334788418,0.9393892605176091,1.0,1.0016115037724376,0.0622222432548285
test:13258,test,mendeley_pa:image:MENDE-PA-00872,images/mendeley_pa/MENDE-PA-00872.jpg,Mendeley PA,PA,13258,10,17,0.0769230769230769,128.52376328379785,0.9497903134301509,0.957936074578955,0.9683490423427962,0.018558728912645317
test:13259,test,mendeley_pa:image:MENDE-PA-00872,images/mendeley_pa/MENDE-PA-00872.jpg,Mendeley PA,PA,13259,11,17,0.0769230769230769,126.57357879149572,1.015534098914209,0.9999999999999999,1.019957983866334,0.004423884952124979
test:13260,test,mendeley_pa:image:MENDE-PA-00872,images/mendeley_pa/MENDE-PA-00872.jpg,Mendeley PA,PA,13260,12,17,0.0769230769230769,136.03416915017334,0.963555943255331,1.0043556651122985,0.9531067272670684,0.01044921598826265
test:13261,test,mendeley_pa:image:MENDE-PA-00872,images/mendeley_pa/MENDE-PA-00872.jpg,Mendeley PA,PA,13261,13,17,0.0769230769230769,137.3025425932145,1.0539760506403468,0.9999999999999998,1.0598184652626512,0.005842414622304393
test:13262,test,mendeley_pa:image:MENDE-PA-00872,images/mendeley_pa/MENDE-PA-00872.jpg,Mendeley PA,PA,13262,14,17,0.0769230769230769,169.0401505467612,0.8490796568255212,1.0,0.9805557727813721,0.13147611595585085
test:13263,test,mendeley_pa:image:MENDE-PA-00872,images/mendeley_pa/MENDE-PA-00872.jpg,Mendeley PA,PA,13263,15,17,0.0769230769230769,168.36149877622051,1.1485209558823397,1.004596180993368,1.025393891859104,0.12312706402323581
test:13317,test,mendeley_pa:image:MENDE-PA-00878,images/mendeley_pa/MENDE-PA-00878.jpg,Mendeley PA,PA,13317,3,18,0.0714285714285714,22.26376679475604,0.7819267262496945,1.010079970175259,0.9415462292375492,0.15961950298785466
test:13318,test,mendeley_pa:image:MENDE-PA-00878,images/mendeley_pa/MENDE-PA-00878.jpg,Mendeley PA,PA,13318,4,18,0.0714285714285714,21.45922523185719,1.13735753438706,0.9638421034744817,1.010006340437277,0.12735119394978311
test:13319,test,mendeley_pa:image:MENDE-PA-00878,images/mendeley_pa/MENDE-PA-00878.jpg,Mendeley PA,PA,13319,5,18,0.0714285714285714,23.377851831382777,1.024815088306789,1.0,1.0266402401030064,0.0018251517962173391
test:13320,test,mendeley_pa:image:MENDE-PA-00878,images/mendeley_pa/MENDE-PA-00878.jpg,Mendeley PA,PA,13320,6,18,0.0714285714285714,25.4631464195128,0.8776956231173997,1.0667833369943271,0.999610027370132,0.12191440425273237
test:13321,test,mendeley_pa:image:MENDE-PA-00878,images/mendeley_pa/MENDE-PA-00878.jpg,Mendeley PA,PA,13321,7,18,0.0714285714285714,25.19023009713669,1.2056001556737055,0.9699866439136361,1.0017191025348997,0.20388105313880578
test:13322,test,mendeley_pa:image:MENDE-PA-00878,images/mendeley_pa/MENDE-PA-00878.jpg,Mendeley PA,PA,13322,8,18,0.0714285714285714,26.016415092993057,1.0193364936972558,1.091461487465502,1.0349327552849066,0.015596261587650817
test:13323,test,mendeley_pa:image:MENDE-PA-00878,images/mendeley_pa/MENDE-PA-00878.jpg,Mendeley PA,PA,13323,9,18,0.0714285714285714,26.74378255884473,0.9879860803958465,0.9746158103379013,0.9407335500153305,0.04725253038051591
test:13324,test,mendeley_pa:image:MENDE-PA-00878,images/mendeley_pa/MENDE-PA-00878.jpg,Mendeley PA,PA,13324,10,18,0.0714285714285714,26.74378255884473,0.9576186623699724,0.9981865610450078,1.0013567074190397,0.04373804504906731
test:13325,test,mendeley_pa:image:MENDE-PA-00878,images/mendeley_pa/MENDE-PA-00878.jpg,Mendeley PA,PA,13325,11,18,0.0714285714285714,28.230710153226106,0.955274721459451,1.0103604380603672,1.0197664924528242,0.06449177099337322
test:13326,test,mendeley_pa:image:MENDE-PA-00878,images/mendeley_pa/MENDE-PA-00878.jpg,Mendeley PA,PA,13326,12,18,0.0714285714285714,28.503509589702983,1.102883137063924,1.0,1.0274590905755758,0.07542404648834822
test:13327,test,mendeley_pa:image:MENDE-PA-00878,images/mendeley_pa/MENDE-PA-00878.jpg,Mendeley PA,PA,13327,13,18,0.0714285714285714,31.52159506670401,0.9529636852961885,1.0,1.0227202102541924,0.06975652495800388
test:13328,test,mendeley_pa:image:MENDE-PA-00878,images/mendeley_pa/MENDE-PA-00878.jpg,Mendeley PA,PA,13328,14,18,0.0714285714285714,30.737487737401835,1.028293214130337,1.023894054536892,1.0025581193167696,0.025735094813567283
test:13329,test,mendeley_pa:image:MENDE-PA-00878,images/mendeley_pa/MENDE-PA-00878.jpg,Mendeley PA,PA,13329,15,18,0.0714285714285714,30.823042730482577,1.0675430968316073,0.9826909620383263,1.0118379872360705,0.05570510959553676
test:13330,test,mendeley_pa:image:MENDE-PA-00878,images/mendeley_pa/MENDE-PA-00878.jpg,Mendeley PA,PA,13330,16,18,0.0714285714285714,32.66664354608972,0.88689555530464,1.086807445751222,1.0133058960900625,0.12641034078542246
test:13656,test,mendeley_pa:image:MENDE-PA-00903,images/mendeley_pa/MENDE-PA-00903.jpg,Mendeley PA,PA,13656,3,18,0.0714285714285714,79.19863503576175,0.9745290361943159,1.0000000000000002,0.9569814093410971,0.017547626853218756
test:13657,test,mendeley_pa:image:MENDE-PA-00903,images/mendeley_pa/MENDE-PA-00903.jpg,Mendeley PA,PA,13657,4,18,0.0714285714285714,85.57560737090915,0.9575783030814686,1.0,1.0666298419237137,0.10905153884224505
test:13658,test,mendeley_pa:image:MENDE-PA-00903,images/mendeley_pa/MENDE-PA-00903.jpg,Mendeley PA,PA,13658,5,18,0.0714285714285714,94.04985592758598,0.9991492740282819,1.0024266642025401,1.0114997102386047,0.012350436210322835
test:13659,test,mendeley_pa:image:MENDE-PA-00903,images/mendeley_pa/MENDE-PA-00903.jpg,Mendeley PA,PA,13659,6,18,0.0714285714285714,100.0621061181414,1.0654465105418076,1.0,0.9812892507761717,0.08415725976563593
test:13660,test,mendeley_pa:image:MENDE-PA-00903,images/mendeley_pa/MENDE-PA-00903.jpg,Mendeley PA,PA,13660,7,18,0.0714285714285714,100.29033353677492,1.0584705745827996,1.093993513312729,1.1281049981979447,0.06963442361514516
test:13661,test,mendeley_pa:image:MENDE-PA-00903,images/mendeley_pa/MENDE-PA-00903.jpg,Mendeley PA,PA,13661,8,18,0.0714285714285714,105.55616173043302,1.0688445375788769,0.9286102355819722,1.0090560467344303,0.059788490844446596
test:13662,test,mendeley_pa:image:MENDE-PA-00903,images/mendeley_pa/MENDE-PA-00903.jpg,Mendeley PA,PA,13662,9,18,0.0714285714285714,109.4887469185683,0.8209674508955185,0.9945363770234521,1.009271478745633,0.18830402785011446
test:13663,test,mendeley_pa:image:MENDE-PA-00903,images/mendeley_pa/MENDE-PA-00903.jpg,Mendeley PA,PA,13663,10,18,0.0714285714285714,107.89985416201743,0.972734924548603,1.0051329787376169,1.034741146445537,0.062006221896933944
test:13664,test,mendeley_pa:image:MENDE-PA-00903,images/mendeley_pa/MENDE-PA-00903.jpg,Mendeley PA,PA,13664,11,18,0.0714285714285714,103.96726897388216,1.2217374509555854,1.0,1.038728293031454,0.1830091579241313
test:13665,test,mendeley_pa:image:MENDE-PA-00903,images/mendeley_pa/MENDE-PA-00903.jpg,Mendeley PA,PA,13665,12,18,0.0714285714285714,125.42798289689898,0.8210016542745102,1.0091199802111777,0.9544075952719839,0.13340594099747372
test:13666,test,mendeley_pa:image:MENDE-PA-00903,images/mendeley_pa/MENDE-PA-00903.jpg,Mendeley PA,PA,13666,13,18,0.0714285714285714,125.87680545701689,1.0019563223011405,0.9044934265649686,0.9801087878978619,0.02184753440327858
test:13667,test,mendeley_pa:image:MENDE-PA-00903,images/mendeley_pa/MENDE-PA-00903.jpg,Mendeley PA,PA,13667,14,18,0.0714285714285714,130.09157386302968,0.9588084841405448,1.0743300868219738,1.139041858727396,0.1802333745868513
test:13668,test,mendeley_pa:image:MENDE-PA-00903,images/mendeley_pa/MENDE-PA-00903.jpg,Mendeley PA,PA,13668,15,18,0.0714285714285714,130.09157386302968,1.1791657066808474,0.9946570085887222,1.0411313126389294,0.13803439404191797
test:13669,test,mendeley_pa:image:MENDE-PA-00903,images/mendeley_pa/MENDE-PA-00903.jpg,Mendeley PA,PA,13669,16,18,0.0714285714285714,149.66632833456265,0.8957264346570594,1.0509634825312284,1.0110678958617834,0.115341461204724
test:13734,test,mendeley_pa:image:MENDE-PA-00908,images/mendeley_pa/MENDE-PA-00908.jpg,Mendeley PA,PA,13734,3,18,0.0714285714285714,117.91974874369744,0.9834733659286201,0.9991658863909052,0.9121440884954737,0.07132927743314643
test:13735,test,mendeley_pa:image:MENDE-PA-00908,images/mendeley_pa/MENDE-PA-00908.jpg,Mendeley PA,PA,13735,4,18,0.0714285714285714,121.81161256329524,1.0826180924699587,0.9999999999999998,1.0294206924736498,0.0531973999963089
test:13736,test,mendeley_pa:image:MENDE-PA-00908,images/mendeley_pa/MENDE-PA-00908.jpg,Mendeley PA,PA,13736,5,18,0.0714285714285714,126.24412847458176,1.0111542965411724,1.0640197384006513,1.0514730742967857,0.04031877775561332
test:13737,test,mendeley_pa:image:MENDE-PA-00908,images/mendeley_pa/MENDE-PA-00908.jpg,Mendeley PA,PA,13737,6,18,0.0714285714285714,125.88975414826314,1.0864826482482113,0.9860416994022446,0.9924601766804474,0.09402247156776389
test:13738,test,mendeley_pa:image:MENDE-PA-00908,images/mendeley_pa/MENDE-PA-00908.jpg,Mendeley PA,PA,13738,7,18,0.0714285714285714,125.88975414826314,0.9580827457423648,1.0362409975930436,1.0002714533909542,0.042188707648589396
test:13739,test,mendeley_pa:image:MENDE-PA-00908,images/mendeley_pa/MENDE-PA-00908.jpg,Mendeley PA,PA,13739,8,18,0.0714285714285714,130.00638639263877,0.954777829155826,0.9378329303365778,0.9754319165152143,0.02065408735938834
test:13740,test,mendeley_pa:image:MENDE-PA-00908,images/mendeley_pa/MENDE-PA-00908.jpg,Mendeley PA,PA,13740,9,18,0.0714285714285714,132.08654985709845,0.932992340584885,1.0,0.9843671061098576,0.051374765524972554
test:13741,test,mendeley_pa:image:MENDE-PA-00908,images/mendeley_pa/MENDE-PA-00908.jpg,Mendeley PA,PA,13741,10,18,0.0714285714285714,134.91118825499777,1.0380598240164989,0.9966960632511965,1.0104361613550774,0.027623662661421466
test:13742,test,mendeley_pa:image:MENDE-PA-00908,images/mendeley_pa/MENDE-PA-00908.jpg,Mendeley PA,PA,13742,11,18,0.0714285714285714,151.09906374721845,0.9642360284732103,0.9999999999999998,1.0001257513940798,0.03588972292086945
test:13743,test,mendeley_pa:image:MENDE-PA-00908,images/mendeley_pa/MENDE-PA-00908.jpg,Mendeley PA,PA,13743,12,18,0.0714285714285714,157.13408056681922,1.0319355455651391,1.0,1.0086312852799892,0.02330426028514987
test:13744,test,mendeley_pa:image:MENDE-PA-00908,images/mendeley_pa/MENDE-PA-00908.jpg,Mendeley PA,PA,13744,13,18,0.0714285714285714,170.71578694221446,0.9874482203398114,1.0,0.9972666634712368,0.009818443131425436
test:13745,test,mendeley_pa:image:MENDE-PA-00908,images/mendeley_pa/MENDE-PA-00908.jpg,Mendeley PA,PA,13745,14,18,0.0714285714285714,179.0635420320536,1.001205095651127,1.035877918777791,1.0227556507566842,0.021550555105557256
test:13746,test,mendeley_pa:image:MENDE-PA-00908,images/mendeley_pa/MENDE-PA-00908.jpg,Mendeley PA,PA,13746,15,18,0.0714285714285714,184.41670739596944,1.097530377568762,0.9999999999999999,1.0030161512549967,0.09451422631376527
test:13747,test,mendeley_pa:image:MENDE-PA-00908,images/mendeley_pa/MENDE-PA-00908.jpg,Mendeley PA,PA,13747,16,18,0.0714285714285714,204.10530257014904,0.9287072980328825,1.0156496788548997,1.000352476461487,0.07164517842860452
test:13791,test,mendeley_pa:image:MENDE-PA-00913,images/mendeley_pa/MENDE-PA-00913.jpg,Mendeley PA,PA,13791,3,17,0.0769230769230769,81.84535110744366,1.0024784315211561,1.0000000000000004,0.9729596693068747,0.029518762214281402
test:13792,test,mendeley_pa:image:MENDE-PA-00913,images/mendeley_pa/MENDE-PA-00913.jpg,Mendeley PA,PA,13792,4,17,0.0769230769230769,90.63955968186204,1.0226865398293454,1.2471484297627837,1.128292625557843,0.1056060857284975
test:13793,test,mendeley_pa:image:MENDE-PA-00913,images/mendeley_pa/MENDE-PA-00913.jpg,Mendeley PA,PA,13793,5,17,0.0769230769230769,89.66677398822969,1.606322648305238,1.0702223872029135,1.0514688008659432,0.5548538474392948
test:13794,test,mendeley_pa:image:MENDE-PA-00913,images/mendeley_pa/MENDE-PA-00913.jpg,Mendeley PA,PA,13794,6,17,0.0769230769230769,94.76444525417516,1.0471323911840629,1.2170780905898764,1.1168965259011938,0.06976413471713094
test:13795,test,mendeley_pa:image:MENDE-PA-00913,images/mendeley_pa/MENDE-PA-00913.jpg,Mendeley PA,PA,13795,7,17,0.0769230769230769,103.61558152757036,0.8361453850520312,0.9461123033494618,0.9196801486493018,0.08353476359727063
test:13796,test,mendeley_pa:image:MENDE-PA-00913,images/mendeley_pa/MENDE-PA-00913.jpg,Mendeley PA,PA,13796,8,17,0.0769230769230769,103.61558152757036,0.9345412284337348,0.9392310033934211,0.9595202568369007,0.024979028403165904
test:13797,test,mendeley_pa:image:MENDE-PA-00913,images/mendeley_pa/MENDE-PA-00913.jpg,Mendeley PA,PA,13797,9,17,0.0769230769230769,113.30165613731656,0.9532097462548432,1.0,0.9679122753441334,0.01470252908929015
test:13798,test,mendeley_pa:image:MENDE-PA-00913,images/mendeley_pa/MENDE-PA-00913.jpg,Mendeley PA,PA,13798,10,17,0.0769230769230769,106.89271541596284,1.2140236023006155,1.1495125861747937,1.0752322869284825,0.13879131537213296
test:13799,test,mendeley_pa:image:MENDE-PA-00913,images/mendeley_pa/MENDE-PA-00913.jpg,Mendeley PA,PA,13799,11,17,0.0769230769230769,114.58351169964376,1.2021694792028492,1.0278768029970173,0.9843210552793984,0.21784842392345083
test:13800,test,mendeley_pa:image:MENDE-PA-00913,images/mendeley_pa/MENDE-PA-00913.jpg,Mendeley PA,PA,13800,12,17,0.0769230769230769,127.28761282346602,0.8310721333248121,1.0170494023116938,0.930617481783282,0.09954534845846985
test:13801,test,mendeley_pa:image:MENDE-PA-00913,images/mendeley_pa/MENDE-PA-00913.jpg,Mendeley PA,PA,13801,13,17,0.0769230769230769,124.42703443175068,0.9737978651965987,0.9266078517665371,0.9430468500484929,0.030751015148105854
test:13802,test,mendeley_pa:image:MENDE-PA-00913,images/mendeley_pa/MENDE-PA-00913.jpg,Mendeley PA,PA,13802,14,17,0.0769230769230769,122.60795157396676,1.0179188593870125,1.0,1.0013566851848736,0.016562174202138902
test:13803,test,mendeley_pa:image:MENDE-PA-00913,images/mendeley_pa/MENDE-PA-00913.jpg,Mendeley PA,PA,13803,15,17,0.0769230769230769,122.9858633601664,1.0086453780648825,1.0386200494960247,1.048586213392049,0.03994083532716641
test:13915,test,mendeley_pa:image:MENDE-PA-00921,images/mendeley_pa/MENDE-PA-00921.jpg,Mendeley PA,PA,13915,3,18,0.0714285714285714,63.09449636781616,0.9836597820867371,1.0,1.065828688442707,0.08216890635596996
test:13916,test,mendeley_pa:image:MENDE-PA-00921,images/mendeley_pa/MENDE-PA-00921.jpg,Mendeley PA,PA,13916,4,18,0.0714285714285714,70.76343816349028,0.7856808543756875,0.9689174448220235,0.9832054595543247,0.19752460517863724
test:13917,test,mendeley_pa:image:MENDE-PA-00921,images/mendeley_pa/MENDE-PA-00921.jpg,Mendeley PA,PA,13917,5,18,0.0714285714285714,66.33904675663982,1.1315257681002011,0.9536829882801112,0.9864301712751922,0.14509559682500894
test:13918,test,mendeley_pa:image:MENDE-PA-00921,images/mendeley_pa/MENDE-PA-00921.jpg,Mendeley PA,PA,13918,6,18,0.0714285714285714,70.05217229011741,1.0126076012664575,1.0397887106074426,1.011258749945316,0.0013488513211414865
test:13919,test,mendeley_pa:image:MENDE-PA-00921,images/mendeley_pa/MENDE-PA-00921.jpg,Mendeley PA,PA,13919,7,18,0.0714285714285714,72.99985149127122,0.9673249126223873,0.9618179276569148,1.0209516584856768,0.05362674586328953
test:13920,test,mendeley_pa:image:MENDE-PA-00921,images/mendeley_pa/MENDE-PA-00921.jpg,Mendeley PA,PA,13920,8,18,0.0714285714285714,74.09123843266333,0.9378945619615788,1.029939754580718,1.0177669326715288,0.07987237070995001
test:13921,test,mendeley_pa:image:MENDE-PA-00921,images/mendeley_pa/MENDE-PA-00921.jpg,Mendeley PA,PA,13921,9,18,0.0714285714285714,73.93084484218372,1.1092048124926328,0.9923928547506216,1.040202809483278,0.06900200300935477
test:13922,test,mendeley_pa:image:MENDE-PA-00921,images/mendeley_pa/MENDE-PA-00921.jpg,Mendeley PA,PA,13922,10,18,0.0714285714285714,85.6843248555332,0.9015314627193203,1.0,0.9663412198424339,0.06480975712311365
test:13923,test,mendeley_pa:image:MENDE-PA-00921,images/mendeley_pa/MENDE-PA-00921.jpg,Mendeley PA,PA,13923,11,18,0.0714285714285714,86.80972238779582,1.0294261790316865,0.9725990704692149,0.9812612812466168,0.048164897785069716
test:13924,test,mendeley_pa:image:MENDE-PA-00921,images/mendeley_pa/MENDE-PA-00921.jpg,Mendeley PA,PA,13924,12,18,0.0714285714285714,92.51078427781766,0.9903169300766901,1.0,1.0271060168743134,0.03678908679762327
test:13925,test,mendeley_pa:image:MENDE-PA-00921,images/mendeley_pa/MENDE-PA-00921.jpg,Mendeley PA,PA,13925,13,18,0.0714285714285714,95.75851820924008,0.9989436921543229,1.0,1.0075072585605085,0.008563566406185608
test:13926,test,mendeley_pa:image:MENDE-PA-00921,images/mendeley_pa/MENDE-PA-00921.jpg,Mendeley PA,PA,13926,14,18,0.0714285714285714,99.34970920436768,1.00555946598677,1.0,0.9932885533198714,0.012270912666898504
test:13927,test,mendeley_pa:image:MENDE-PA-00921,images/mendeley_pa/MENDE-PA-00921.jpg,Mendeley PA,PA,13927,15,18,0.0714285714285714,102.89106920555528,1.0014673913798406,1.0,1.0395678617060184,0.038100470326177804
test:13928,test,mendeley_pa:image:MENDE-PA-00921,images/mendeley_pa/MENDE-PA-00921.jpg,Mendeley PA,PA,13928,16,18,0.0714285714285714,106.07039866212833,0.9982059011099906,1.0,0.9976975249592215,0.000508376150769152
test:14101,test,mendeley_pa:image:MENDE-PA-00937,images/mendeley_pa/MENDE-PA-00937.jpg,Mendeley PA,PA,14101,3,23,0.0526315789473684,103.17832479086351,0.9432576042825318,1.4144376160041539,1.286780366434261,0.34352276215172917
test:14102,test,mendeley_pa:image:MENDE-PA-00937,images/mendeley_pa/MENDE-PA-00937.jpg,Mendeley PA,PA,14102,4,23,0.0526315789473684,103.0946417641752,1.0791910470663946,0.933227815493958,1.004592866465466,0.0745981806009286
test:14103,test,mendeley_pa:image:MENDE-PA-00937,images/mendeley_pa/MENDE-PA-00937.jpg,Mendeley PA,PA,14103,5,23,0.0526315789473684,107.0421357197736,0.8884149643488921,1.0282135954429938,1.0263425057591482,0.1379275414102561
test:14104,test,mendeley_pa:image:MENDE-PA-00937,images/mendeley_pa/MENDE-PA-00937.jpg,Mendeley PA,PA,14104,6,23,0.0526315789473684,108.23877087986338,1.005790653268484,0.9253457006591446,0.9662166167575008,0.039574036510983124
test:14105,test,mendeley_pa:image:MENDE-PA-00937,images/mendeley_pa/MENDE-PA-00937.jpg,Mendeley PA,PA,14105,7,23,0.0526315789473684,105.5457614676963,0.9969014947086746,1.0475928272900084,1.0451560306210914,0.048254535912416796
test:14106,test,mendeley_pa:image:MENDE-PA-00937,images/mendeley_pa/MENDE-PA-00937.jpg,Mendeley PA,PA,14106,8,23,0.0526315789473684,103.72235311523436,1.0824322615576665,0.9999999999999998,1.05533579736948,0.027096464188186564
test:14107,test,mendeley_pa:image:MENDE-PA-00937,images/mendeley_pa/MENDE-PA-00937.jpg,Mendeley PA,PA,14107,9,23,0.0526315789473684,108.74557431195883,0.9400472571867706,0.9728514543178096,0.9581024293231383,0.018055172136367648
test:14108,test,mendeley_pa:image:MENDE-PA-00937,images/mendeley_pa/MENDE-PA-00937.jpg,Mendeley PA,PA,14108,10,23,0.0526315789473684,107.24920005988152,0.9260130511740146,1.0489028530258209,0.9728272693294555,0.046814218155440956
test:14109,test,mendeley_pa:image:MENDE-PA-00937,images/mendeley_pa/MENDE-PA-00937.jpg,Mendeley PA,PA,14109,11,23,0.0526315789473684,100.77006892329013,1.2182387717268255,0.9769739333484877,1.069889028737377,0.14834974298944847
test:14110,test,mendeley_pa:image:MENDE-PA-00937,images/mendeley_pa/MENDE-PA-00937.jpg,Mendeley PA,PA,14110,12,23,0.0526315789473684,126.59340025653536,0.7708561585232317,1.0,0.9119586870074272,0.14110252848419547
test:14111,test,mendeley_pa:image:MENDE-PA-00937,images/mendeley_pa/MENDE-PA-00937.jpg,Mendeley PA,PA,14111,13,23,0.0526315789473684,137.18192473075024,0.9507432978296636,0.9082360783856744,0.9557442585271234,0.005000960697459811
test:14112,test,mendeley_pa:image:MENDE-PA-00937,images/mendeley_pa/MENDE-PA-00937.jpg,Mendeley PA,PA,14112,14,23,0.0526315789473684,141.45917959200304,1.0717002947904437,1.0000000000000002,0.983342466875911,0.08835782791453273
test:14113,test,mendeley_pa:image:MENDE-PA-00937,images/mendeley_pa/MENDE-PA-00937.jpg,Mendeley PA,PA,14113,15,23,0.0526315789473684,159.0430953434085,0.9588191385083726,0.9999999999999998,0.9909076169133184,0.032088478404945775
test:14114,test,mendeley_pa:image:MENDE-PA-00937,images/mendeley_pa/MENDE-PA-00937.jpg,Mendeley PA,PA,14114,16,23,0.0526315789473684,168.4527703167823,0.9883146825319193,1.0399751250275264,0.9803446379133354,0.007970044618583971
test:14115,test,mendeley_pa:image:MENDE-PA-00937,images/mendeley_pa/MENDE-PA-00937.jpg,Mendeley PA,PA,14115,17,23,0.0526315789473684,175.4481615939729,1.127853471260217,1.0,1.0263013076037169,0.10155216365650022
test:14116,test,mendeley_pa:image:MENDE-PA-00937,images/mendeley_pa/MENDE-PA-00937.jpg,Mendeley PA,PA,14116,18,23,0.0526315789473684,182.18208214861943,1.0122399239034618,1.1398979139633139,1.0996801194853743,0.0874401955819124
test:14117,test,mendeley_pa:image:MENDE-PA-00937,images/mendeley_pa/MENDE-PA-00937.jpg,Mendeley PA,PA,14117,19,23,0.0526315789473684,186.3566178865594,1.1668924623744563,0.9335315398539616,0.9861588239337518,0.18073363844070456
test:14118,test,mendeley_pa:image:MENDE-PA-00937,images/mendeley_pa/MENDE-PA-00937.jpg,Mendeley PA,PA,14118,20,23,0.0526315789473684,202.87969576392447,0.8060322809968326,1.0000000000000002,0.9763842131942513,0.17035193219741873
test:14119,test,mendeley_pa:image:MENDE-PA-00937,images/mendeley_pa/MENDE-PA-00937.jpg,Mendeley PA,PA,14119,21,23,0.0526315789473684,218.0341244717044,0.8636320541964662,0.8786539632557508,0.9445898804544088,0.08095782625794268
test:14297,test,mendeley_pa:image:MENDE-PA-00952,images/mendeley_pa/MENDE-PA-00952.jpg,Mendeley PA,PA,14297,3,18,0.0714285714285714,139.68479213909086,1.0482937501897938,1.0000000000000002,1.00144717481453,0.04684657537526382
test:14298,test,mendeley_pa:image:MENDE-PA-00952,images/mendeley_pa/MENDE-PA-00952.jpg,Mendeley PA,PA,14298,4,18,0.0714285714285714,152.9141232778891,0.9599968997723584,1.0,0.9911400405690074,0.031143140796649038
test:14299,test,mendeley_pa:image:MENDE-PA-00952,images/mendeley_pa/MENDE-PA-00952.jpg,Mendeley PA,PA,14299,5,18,0.0714285714285714,146.61388943707556,1.0871927112214004,1.0795009190373297,1.0654383300028916,0.02175438121850881
test:14300,test,mendeley_pa:image:MENDE-PA-00952,images/mendeley_pa/MENDE-PA-00952.jpg,Mendeley PA,PA,14300,6,18,0.0714285714285714,153.09731811899528,1.1087233570728285,0.9980851151544634,1.0238752402860705,0.08484811678675808
test:14301,test,mendeley_pa:image:MENDE-PA-00952,images/mendeley_pa/MENDE-PA-00952.jpg,Mendeley PA,PA,14301,7,18,0.0714285714285714,163.1508885151028,0.8961689276729277,1.0187384063709402,1.031328447755041,0.1351595200821134
test:14302,test,mendeley_pa:image:MENDE-PA-00952,images/mendeley_pa/MENDE-PA-00952.jpg,Mendeley PA,PA,14302,8,18,0.0714285714285714,161.1329360507459,1.0095613212980068,0.9614389261735856,0.9675158851353705,0.04204543616263634
test:14303,test,mendeley_pa:image:MENDE-PA-00952,images/mendeley_pa/MENDE-PA-00952.jpg,Mendeley PA,PA,14303,9,18,0.0714285714285714,160.65562735966137,1.018502743385834,1.0,1.0016456900630146,0.016857053322819393
test:14304,test,mendeley_pa:image:MENDE-PA-00952,images/mendeley_pa/MENDE-PA-00952.jpg,Mendeley PA,PA,14304,10,18,0.0714285714285714,163.90019217942358,0.9678919395142738,1.0110507342615949,0.9616368334391938,0.0062551060750799525
test:14305,test,mendeley_pa:image:MENDE-PA-00952,images/mendeley_pa/MENDE-PA-00952.jpg,Mendeley PA,PA,14305,11,18,0.0714285714285714,163.90019217942358,1.0237609844128264,0.9847757277019554,0.981754893524223,0.04200609088860341
test:14306,test,mendeley_pa:image:MENDE-PA-00952,images/mendeley_pa/MENDE-PA-00952.jpg,Mendeley PA,PA,14306,12,18,0.0714285714285714,177.77693055449964,0.9234729536649915,1.0,1.0162319261580706,0.09275897249307907
test:14307,test,mendeley_pa:image:MENDE-PA-00952,images/mendeley_pa/MENDE-PA-00952.jpg,Mendeley PA,PA,14307,13,18,0.0714285714285714,189.78654087067363,0.9893179893398555,0.9904565547119941,1.0039192062329616,0.014601216893106117
test:14308,test,mendeley_pa:image:MENDE-PA-00952,images/mendeley_pa/MENDE-PA-00952.jpg,Mendeley PA,PA,14308,14,18,0.0714285714285714,212.1362272690614,0.998313500605823,1.0,0.9870287217199802,0.011284778885842783
test:14309,test,mendeley_pa:image:MENDE-PA-00952,images/mendeley_pa/MENDE-PA-00952.jpg,Mendeley PA,PA,14309,15,18,0.0714285714285714,225.23041915405145,1.0500944606350582,0.9999999999999998,0.9986485226545481,0.051445937980510115
test:14310,test,mendeley_pa:image:MENDE-PA-00952,images/mendeley_pa/MENDE-PA-00952.jpg,Mendeley PA,PA,14310,16,18,0.0714285714285714,246.468003436487,0.9684112149645437,1.0,0.9773216918110847,0.008910476846541004
test:14331,test,mendeley_pa:image:MENDE-PA-00955,images/mendeley_pa/MENDE-PA-00955.jpg,Mendeley PA,PA,14331,3,17,0.0769230769230769,124.38809751761988,0.9424944545905202,1.0048387867043171,0.8943674561212216,0.048126998469298576
test:14332,test,mendeley_pa:image:MENDE-PA-00955,images/mendeley_pa/MENDE-PA-00955.jpg,Mendeley PA,PA,14332,4,17,0.0769230769230769,121.14092338712184,1.0746390522003193,1.0058247737716661,1.009172929882981,0.06546612231733828
test:14333,test,mendeley_pa:image:MENDE-PA-00955,images/mendeley_pa/MENDE-PA-00955.jpg,Mendeley PA,PA,14333,5,17,0.0769230769230769,126.33370548846644,1.0009837921267053,1.0,0.9897911818698049,0.011192610256900437
test:14334,test,mendeley_pa:image:MENDE-PA-00955,images/mendeley_pa/MENDE-PA-00955.jpg,Mendeley PA,PA,14334,6,17,0.0769230769230769,132.56040231846336,0.9239911900030862,0.9920475204804793,0.9967396214002624,0.07274843139717624
test:14335,test,mendeley_pa:image:MENDE-PA-00955,images/mendeley_pa/MENDE-PA-00955.jpg,Mendeley PA,PA,14335,7,17,0.0769230769230769,130.22201305800013,1.048627970554937,0.9883992551873271,0.9941970213363711,0.05443094921856595
test:14336,test,mendeley_pa:image:MENDE-PA-00955,images/mendeley_pa/MENDE-PA-00955.jpg,Mendeley PA,PA,14336,8,17,0.0769230769230769,135.27023989866296,0.9975441578769046,1.0,0.9684377461671829,0.029106411709721725
test:14337,test,mendeley_pa:image:MENDE-PA-00955,images/mendeley_pa/MENDE-PA-00955.jpg,Mendeley PA,PA,14337,9,17,0.0769230769230769,138.38582607777238,0.9682063425154326,0.9941597785882993,0.9491087701253934,0.019097572390039175
test:14338,test,mendeley_pa:image:MENDE-PA-00955,images/mendeley_pa/MENDE-PA-00955.jpg,Mendeley PA,PA,14338,10,17,0.0769230769230769,142.4611312864853,0.9842488657413697,0.996658727141274,1.0310375053306946,0.04678863958932489
test:14339,test,mendeley_pa:image:MENDE-PA-00955,images/mendeley_pa/MENDE-PA-00955.jpg,Mendeley PA,PA,14339,11,17,0.0769230769230769,157.0601568166134,0.954947633234421,1.0,1.0036976910196245,0.04875005778520347
test:14340,test,mendeley_pa:image:MENDE-PA-00955,images/mendeley_pa/MENDE-PA-00955.jpg,Mendeley PA,PA,14340,12,17,0.0769230769230769,165.4087739714602,1.0513535804471696,0.9999999999999998,0.9771620035171507,0.07419157693001899
test:14341,test,mendeley_pa:image:MENDE-PA-00955,images/mendeley_pa/MENDE-PA-00955.jpg,Mendeley PA,PA,14341,13,17,0.0769230769230769,182.35111483290305,0.9916765416058712,1.0391107228011869,1.0081439007432245,0.01646735913735331
test:14342,test,mendeley_pa:image:MENDE-PA-00955,images/mendeley_pa/MENDE-PA-00955.jpg,Mendeley PA,PA,14342,14,17,0.0769230769230769,185.8162229145016,1.1035790498083862,1.0,1.031883779913187,0.07169526989519914
test:14343,test,mendeley_pa:image:MENDE-PA-00955,images/mendeley_pa/MENDE-PA-00955.jpg,Mendeley PA,PA,14343,15,17,0.0769230769230769,204.4063067312861,0.9334307045836927,1.0404822172237762,0.9854477585865387,0.05201705400284595
test:14416,test,mendeley_pa:image:MENDE-PA-00962,images/mendeley_pa/MENDE-PA-00962.jpg,Mendeley PA,PA,14416,3,17,0.0769230769230769,77.68938952193791,1.1863616946246172,1.0372883035689664,1.0480244980081987,0.1383371966164184
test:14417,test,mendeley_pa:image:MENDE-PA-00962,images/mendeley_pa/MENDE-PA-00962.jpg,Mendeley PA,PA,14417,4,17,0.0769230769230769,83.9962835601003,0.9895187454664384,1.0089125058574562,1.0469337909443264,0.057415045477888005
test:14418,test,mendeley_pa:image:MENDE-PA-00962,images/mendeley_pa/MENDE-PA-00962.jpg,Mendeley PA,PA,14418,5,17,0.0769230769230769,91.05179496749662,0.8492099038648544,0.9502930245439102,0.98141121632257,0.1322013124577156
test:14419,test,mendeley_pa:image:MENDE-PA-00962,images/mendeley_pa/MENDE-PA-00962.jpg,Mendeley PA,PA,14419,6,17,0.0769230769230769,82.62863319989069,1.088434730728597,1.060303669148844,1.0425194238366302,0.04591530689196688
test:14420,test,mendeley_pa:image:MENDE-PA-00962,images/mendeley_pa/MENDE-PA-00962.jpg,Mendeley PA,PA,14420,7,17,0.0769230769230769,86.03862169747137,1.1378703881422498,1.0,1.0583565980196,0.07951379012264992
test:14421,test,mendeley_pa:image:MENDE-PA-00962,images/mendeley_pa/MENDE-PA-00962.jpg,Mendeley PA,PA,14421,8,17,0.0769230769230769,97.4990095734924,0.8424841403710006,1.011442833262749,0.985461790728636,0.14297765035763543
test:14422,test,mendeley_pa:image:MENDE-PA-00962,images/mendeley_pa/MENDE-PA-00962.jpg,Mendeley PA,PA,14422,9,17,0.0769230769230769,97.4990095734924,1.0187646985855041,0.9191815862155033,0.9516001241004539,0.0671645744850502
test:14423,test,mendeley_pa:image:MENDE-PA-00962,images/mendeley_pa/MENDE-PA-00962.jpg,Mendeley PA,PA,14423,10,17,0.0769230769230769,105.7353179098438,0.9183045097916072,1.0,1.001399013446644,0.08309450365503679
test:14424,test,mendeley_pa:image:MENDE-PA-00962,images/mendeley_pa/MENDE-PA-00962.jpg,Mendeley PA,PA,14424,11,17,0.0769230769230769,101.76094746739165,1.1020149626171512,1.054151008602577,1.0545881543060491,0.04742680831110202
test:14425,test,mendeley_pa:image:MENDE-PA-00962,images/mendeley_pa/MENDE-PA-00962.jpg,Mendeley PA,PA,14425,12,17,0.0769230769230769,106.87694444243512,1.0988861269383303,1.0120771775522774,1.035481919212038,0.0634042077262924
test:14426,test,mendeley_pa:image:MENDE-PA-00962,images/mendeley_pa/MENDE-PA-00962.jpg,Mendeley PA,PA,14426,13,17,0.0769230769230769,114.79383912825708,0.9076562525088634,0.9887557394710529,0.9879076314415942,0.08025137893273082
test:14427,test,mendeley_pa:image:MENDE-PA-00962,images/mendeley_pa/MENDE-PA-00962.jpg,Mendeley PA,PA,14427,14,17,0.0769230769230769,123.56510532324924,0.8866624826159307,0.9463754525663888,0.9734954076143538,0.0868329249984231
test:14428,test,mendeley_pa:image:MENDE-PA-00962,images/mendeley_pa/MENDE-PA-00962.jpg,Mendeley PA,PA,14428,15,17,0.0769230769230769,115.59481618989004,1.1218895741493475,1.0945666293798015,1.0721078376470135,0.049781736502334084
test:14477,test,mendeley_pa:image:MENDE-PA-00967,images/mendeley_pa/MENDE-PA-00967.jpg,Mendeley PA,PA,14477,3,18,0.0714285714285714,22.0179170034291,1.0234524435382577,0.9824079138168829,1.0098799050727623,0.013572538465495443
test:14478,test,mendeley_pa:image:MENDE-PA-00967,images/mendeley_pa/MENDE-PA-00967.jpg,Mendeley PA,PA,14478,4,18,0.0714285714285714,22.169948673496343,1.0104307304127553,1.0814906602485737,1.020185357122,0.009754626709244762
test:14479,test,mendeley_pa:image:MENDE-PA-00967,images/mendeley_pa/MENDE-PA-00967.jpg,Mendeley PA,PA,14479,5,18,0.0714285714285714,22.46774419507814,1.1313505119904015,0.9837837620847782,1.0278322390490136,0.10351827294138793
test:14480,test,mendeley_pa:image:MENDE-PA-00967,images/mendeley_pa/MENDE-PA-00967.jpg,Mendeley PA,PA,14480,6,18,0.0714285714285714,23.217969712984207,0.9391693872361393,1.0649862262786316,0.9899218279303001,0.05075244069416085
test:14481,test,mendeley_pa:image:MENDE-PA-00967,images/mendeley_pa/MENDE-PA-00967.jpg,Mendeley PA,PA,14481,7,18,0.0714285714285714,23.50640242045277,1.0224764115193454,0.9246157508673343,0.9448212448837432,0.07765516663560224
test:14482,test,mendeley_pa:image:MENDE-PA-00967,images/mendeley_pa/MENDE-PA-00967.jpg,Mendeley PA,PA,14482,8,18,0.0714285714285714,24.60267263532125,0.8805211442370529,1.000743723602493,0.9566123403026654,0.07609119606561254
test:14483,test,mendeley_pa:image:MENDE-PA-00967,images/mendeley_pa/MENDE-PA-00967.jpg,Mendeley PA,PA,14483,9,18,0.0714285714285714,23.21492233670685,1.085818771525155,1.008699836616266,1.0219967993319514,0.06382197219320362
test:14484,test,mendeley_pa:image:MENDE-PA-00967,images/mendeley_pa/MENDE-PA-00967.jpg,Mendeley PA,PA,14484,10,18,0.0714285714285714,22.19246246223444,1.1341960505230937,1.0724880398585923,1.061672224789811,0.07252382573328275
test:14485,test,mendeley_pa:image:MENDE-PA-00967,images/mendeley_pa/MENDE-PA-00967.jpg,Mendeley PA,PA,14485,11,18,0.0714285714285714,23.58021276084884,0.9497413321054922,1.0,0.95096405595541,0.0012227238499178394
test:14486,test,mendeley_pa:image:MENDE-PA-00967,images/mendeley_pa/MENDE-PA-00967.jpg,Mendeley PA,PA,14486,12,18,0.0714285714285714,23.7828529774339,0.9246082573236346,0.871766286275426,0.8819851440629755,0.04262311326065915
test:14487,test,mendeley_pa:image:MENDE-PA-00967,images/mendeley_pa/MENDE-PA-00967.jpg,Mendeley PA,PA,14487,13,18,0.0714285714285714,23.29668901866912,0.8186174498977795,1.026248987467493,0.9157784242941989,0.09716097439641935
test:14488,test,mendeley_pa:image:MENDE-PA-00967,images/mendeley_pa/MENDE-PA-00967.jpg,Mendeley PA,PA,14488,14,18,0.0714285714285714,23.09404880208406,1.1183220841521933,0.9368073975434428,0.992140974639905,0.12618110951228823
test:14489,test,mendeley_pa:image:MENDE-PA-00967,images/mendeley_pa/MENDE-PA-00967.jpg,Mendeley PA,PA,14489,15,18,0.0714285714285714,27.03283586143193,0.8951437978078618,1.0323583177498405,0.9958516947201317,0.10070789691226989
test:14490,test,mendeley_pa:image:MENDE-PA-00967,images/mendeley_pa/MENDE-PA-00967.jpg,Mendeley PA,PA,14490,16,18,0.0714285714285714,27.03283586143193,1.1093383348195738,0.969882748563877,1.0211639325219306,0.08817440229764317
test:14560,test,mendeley_pa:image:MENDE-PA-00972,images/mendeley_pa/MENDE-PA-00972.jpg,Mendeley PA,PA,14560,3,19,0.0666666666666666,97.90220733855368,0.8857227645710188,1.0113864567139337,1.0163518211812863,0.13062905661026747
test:14561,test,mendeley_pa:image:MENDE-PA-00972,images/mendeley_pa/MENDE-PA-00972.jpg,Mendeley PA,PA,14561,4,19,0.0666666666666666,97.3675926147714,1.1636700997266944,1.015679068086377,0.9968968938716563,0.1667732058550382
test:14562,test,mendeley_pa:image:MENDE-PA-00972,images/mendeley_pa/MENDE-PA-00972.jpg,Mendeley PA,PA,14562,5,19,0.0666666666666666,110.6623638481066,1.0037218965295187,0.9999999999999999,0.9721151404082774,0.03160675612124131
test:14563,test,mendeley_pa:image:MENDE-PA-00972,images/mendeley_pa/MENDE-PA-00972.jpg,Mendeley PA,PA,14563,6,19,0.0666666666666666,118.76012114252588,0.9095727627154936,0.9906133537475837,1.0276324686889424,0.11805970597344884
test:14564,test,mendeley_pa:image:MENDE-PA-00972,images/mendeley_pa/MENDE-PA-00972.jpg,Mendeley PA,PA,14564,7,19,0.0666666666666666,113.9429733878843,1.0901636352249229,1.0226330281455391,1.0332207436893457,0.05694289153557719
test:14565,test,mendeley_pa:image:MENDE-PA-00972,images/mendeley_pa/MENDE-PA-00972.jpg,Mendeley PA,PA,14565,8,19,0.0666666666666666,113.04147434324264,1.1059898595754383,1.0661051465266387,1.0336337430470626,0.0723561165283757
test:14566,test,mendeley_pa:image:MENDE-PA-00972,images/mendeley_pa/MENDE-PA-00972.jpg,Mendeley PA,PA,14566,9,19,0.0666666666666666,124.5842207145863,0.9376123909569157,0.9403035256712499,0.949381595261282,0.011769204304366232
test:14567,test,mendeley_pa:image:MENDE-PA-00972,images/mendeley_pa/MENDE-PA-00972.jpg,Mendeley PA,PA,14567,10,19,0.0666666666666666,124.98733984369171,0.8742584630045869,0.9671526120739721,0.9634234872876398,0.08916502428305295
test:14568,test,mendeley_pa:image:MENDE-PA-00972,images/mendeley_pa/MENDE-PA-00972.jpg,Mendeley PA,PA,14568,11,19,0.0666666666666666,123.38445157458794,1.0127042245413274,0.9694431942732624,1.0295067240329079,0.016802499491580525
test:14569,test,mendeley_pa:image:MENDE-PA-00972,images/mendeley_pa/MENDE-PA-00972.jpg,Mendeley PA,PA,14569,12,19,0.0666666666666666,139.1170114945994,0.9341574599200868,1.0,0.9499007761478424,0.0157433162277556
test:14570,test,mendeley_pa:image:MENDE-PA-00972,images/mendeley_pa/MENDE-PA-00972.jpg,Mendeley PA,PA,14570,13,19,0.0666666666666666,142.4790039687499,1.0758221447878618,1.0148540691303916,0.9997668185102648,0.07605532627759692
test:14571,test,mendeley_pa:image:MENDE-PA-00972,images/mendeley_pa/MENDE-PA-00972.jpg,Mendeley PA,PA,14571,14,19,0.0666666666666666,154.14144074246502,1.033035626436348,0.9999999999999999,1.0367446951568127,0.0037090687204646144
test:14572,test,mendeley_pa:image:MENDE-PA-00972,images/mendeley_pa/MENDE-PA-00972.jpg,Mendeley PA,PA,14572,15,19,0.0666666666666666,168.9374565942563,0.9175041282899314,1.0095009838730795,1.0150732479558093,0.09756911966587789
test:14573,test,mendeley_pa:image:MENDE-PA-00972,images/mendeley_pa/MENDE-PA-00972.jpg,Mendeley PA,PA,14573,16,19,0.0666666666666666,165.29580517299536,1.1001577281548016,1.0092274479989585,1.0365362026218947,0.0636215255329069
test:14574,test,mendeley_pa:image:MENDE-PA-00972,images/mendeley_pa/MENDE-PA-00972.jpg,Mendeley PA,PA,14574,17,19,0.0666666666666666,176.6047340207192,1.0115318503883417,1.0000000000000002,1.0453199073672297,0.03378805697888798
test:14756,test,mendeley_pa:image:MENDE-PA-00990,images/mendeley_pa/MENDE-PA-00990.jpg,Mendeley PA,PA,14756,3,19,0.0666666666666666,19.585275025307222,1.0229990456911309,0.9999999999999999,1.0126119013875723,0.010387144303558582
test:14757,test,mendeley_pa:image:MENDE-PA-00990,images/mendeley_pa/MENDE-PA-00990.jpg,Mendeley PA,PA,14757,4,19,0.0666666666666666,21.711697847094804,0.9057049128051325,1.0000000000000002,1.012774999253452,0.1070700864483195
test:14758,test,mendeley_pa:image:MENDE-PA-00990,images/mendeley_pa/MENDE-PA-00990.jpg,Mendeley PA,PA,14758,5,19,0.0666666666666666,22.012741991194147,1.062460916639002,1.0219316170383783,0.9856204860676618,0.07684043057134016
test:14759,test,mendeley_pa:image:MENDE-PA-00990,images/mendeley_pa/MENDE-PA-00990.jpg,Mendeley PA,PA,14759,6,19,0.0666666666666666,23.688722177801324,1.0691434701065674,1.0,1.0288151800632477,0.040328290043319726
test:14760,test,mendeley_pa:image:MENDE-PA-00990,images/mendeley_pa/MENDE-PA-00990.jpg,Mendeley PA,PA,14760,7,19,0.0666666666666666,24.837490694998703,0.9658691619250916,0.9999999999999999,1.0685014203190804,0.1026322583939887
test:14761,test,mendeley_pa:image:MENDE-PA-00990,images/mendeley_pa/MENDE-PA-00990.jpg,Mendeley PA,PA,14761,8,19,0.0666666666666666,26.31646343233082,0.9252131777144341,0.9988995610304683,0.9729937078930944,0.04778053017866024
test:14762,test,mendeley_pa:image:MENDE-PA-00990,images/mendeley_pa/MENDE-PA-00990.jpg,Mendeley PA,PA,14762,9,19,0.0666666666666666,25.6533870879371,1.1142872136521937,1.006779783395905,0.9770741881708092,0.1372130254813846
test:14763,test,mendeley_pa:image:MENDE-PA-00990,images/mendeley_pa/MENDE-PA-00990.jpg,Mendeley PA,PA,14763,10,19,0.0666666666666666,27.771838318200142,0.9832364685488495,1.0,0.9859645776450634,0.0027281090962139043
test:14764,test,mendeley_pa:image:MENDE-PA-00990,images/mendeley_pa/MENDE-PA-00990.jpg,Mendeley PA,PA,14764,11,19,0.0666666666666666,28.71587711145269,0.9387989547667315,0.9777308389206092,0.9980296328325431,0.059230678065811615
test:14765,test,mendeley_pa:image:MENDE-PA-00990,images/mendeley_pa/MENDE-PA-00990.jpg,Mendeley PA,PA,14765,12,19,0.0666666666666666,29.789234678436912,0.9683536121465881,0.9941615013039118,0.9754202140128618,0.007066601866273725
test:14766,test,mendeley_pa:image:MENDE-PA-00990,images/mendeley_pa/MENDE-PA-00990.jpg,Mendeley PA,PA,14766,13,19,0.0666666666666666,32.13307339494448,1.0043292382002431,1.0,0.961727749556303,0.04260148864394009
test:14767,test,mendeley_pa:image:MENDE-PA-00990,images/mendeley_pa/MENDE-PA-00990.jpg,Mendeley PA,PA,14767,14,19,0.0666666666666666,33.50586619085483,1.0571173890621486,1.018353997759184,1.014467557688838,0.042649831373310576
test:14768,test,mendeley_pa:image:MENDE-PA-00990,images/mendeley_pa/MENDE-PA-00990.jpg,Mendeley PA,PA,14768,15,19,0.0666666666666666,35.07959052193738,1.0253677397235192,0.9999999999999998,0.9944588979706166,0.03090884175290265
test:14769,test,mendeley_pa:image:MENDE-PA-00990,images/mendeley_pa/MENDE-PA-00990.jpg,Mendeley PA,PA,14769,16,19,0.0666666666666666,36.37382042719465,0.9550700709997395,1.0,0.9849860370159149,0.02991596601617541
test:14770,test,mendeley_pa:image:MENDE-PA-00990,images/mendeley_pa/MENDE-PA-00990.jpg,Mendeley PA,PA,14770,17,19,0.0666666666666666,36.868979202667255,0.9975367153051826,0.983320216445212,1.0198296110909029,0.022292895785720246
test:14876,test,mendeley_pa:image:MENDE-PA-00999,images/mendeley_pa/MENDE-PA-00999.jpg,Mendeley PA,PA,14876,3,18,0.0714285714285714,78.75235676044855,1.1569286834619417,1.034171658739748,1.0670353129360104,0.08989337052593127
test:14877,test,mendeley_pa:image:MENDE-PA-00999,images/mendeley_pa/MENDE-PA-00999.jpg,Mendeley PA,PA,14877,4,18,0.0714285714285714,77.21491092031007,1.0728446666308902,1.0277351051093007,0.9886536359311009,0.08419103069978928
test:14878,test,mendeley_pa:image:MENDE-PA-00999,images/mendeley_pa/MENDE-PA-00999.jpg,Mendeley PA,PA,14878,5,18,0.0714285714285714,82.61806409184416,0.8182482789700581,0.9514996717610914,0.87882325899988,0.06057498002982187
test:14879,test,mendeley_pa:image:MENDE-PA-00999,images/mendeley_pa/MENDE-PA-00999.jpg,Mendeley PA,PA,14879,6,18,0.0714285714285714,82.61806409184416,0.9003178322107643,0.9077833838293198,0.9124043601097408,0.012086527898976462
test:14880,test,mendeley_pa:image:MENDE-PA-00999,images/mendeley_pa/MENDE-PA-00999.jpg,Mendeley PA,PA,14880,7,18,0.0714285714285714,79.0558571765655,1.042257028905875,1.0108703610057415,1.026154744675237,0.016102284230637975
test:14881,test,mendeley_pa:image:MENDE-PA-00999,images/mendeley_pa/MENDE-PA-00999.jpg,Mendeley PA,PA,14881,8,18,0.0714285714285714,83.06286040348311,1.028714024387053,1.0,1.0198418907821178,0.008872133604935106
test:14882,test,mendeley_pa:image:MENDE-PA-00999,images/mendeley_pa/MENDE-PA-00999.jpg,Mendeley PA,PA,14882,9,18,0.0714285714285714,86.78515534988134,0.9647870957994014,1.0,0.9978418399114162,0.03305474411201481
test:14883,test,mendeley_pa:image:MENDE-PA-00999,images/mendeley_pa/MENDE-PA-00999.jpg,Mendeley PA,PA,14883,10,18,0.0714285714285714,91.72822171044304,0.9606899561965786,0.998640743392672,0.954792962717976,0.005896993478602619
test:14884,test,mendeley_pa:image:MENDE-PA-00999,images/mendeley_pa/MENDE-PA-00999.jpg,Mendeley PA,PA,14884,11,18,0.0714285714285714,93.06544765755729,1.0689024074276774,1.0000000000000002,1.000282006338239,0.06862040108943845
test:14885,test,mendeley_pa:image:MENDE-PA-00999,images/mendeley_pa/MENDE-PA-00999.jpg,Mendeley PA,PA,14885,12,18,0.0714285714285714,101.47425339776976,0.9658461209262081,1.0,0.9445418417453766,0.021304279180831553
test:14886,test,mendeley_pa:image:MENDE-PA-00999,images/mendeley_pa/MENDE-PA-00999.jpg,Mendeley PA,PA,14886,13,18,0.0714285714285714,102.87494079051704,1.0057903795710363,0.9928584793338034,0.9820782221609209,0.023712157410115453
test:14887,test,mendeley_pa:image:MENDE-PA-00999,images/mendeley_pa/MENDE-PA-00999.jpg,Mendeley PA,PA,14887,14,18,0.0714285714285714,107.92464705627836,0.9846870333161252,1.0,1.0091060167178512,0.02441898340172599
test:14888,test,mendeley_pa:image:MENDE-PA-00999,images/mendeley_pa/MENDE-PA-00999.jpg,Mendeley PA,PA,14888,15,18,0.0714285714285714,112.32312454180298,1.0004945003527836,1.0,0.9966379860416055,0.003856514311178172
test:14889,test,mendeley_pa:image:MENDE-PA-00999,images/mendeley_pa/MENDE-PA-00999.jpg,Mendeley PA,PA,14889,16,18,0.0714285714285714,116.98580919065068,1.011868442600213,1.0,0.9873865451663733,0.02448189743383966
test:14966,test,mendeley_pa:image:MENDE-PA-01006,images/mendeley_pa/MENDE-PA-01006.jpg,Mendeley PA,PA,14966,3,18,0.0714285714285714,17.589743885369728,0.9952104307934446,1.0,1.0235012602061033,0.028290829412658702
test:14967,test,mendeley_pa:image:MENDE-PA-01006,images/mendeley_pa/MENDE-PA-01006.jpg,Mendeley PA,PA,14967,4,18,0.0714285714285714,18.46395298441101,0.9093809248610052,1.1347757757821577,1.0347001881518858,0.1253192632908806
test:14968,test,mendeley_pa:image:MENDE-PA-01006,images/mendeley_pa/MENDE-PA-01006.jpg,Mendeley PA,PA,14968,5,18,0.0714285714285714,18.02234071467077,1.3538417090413524,0.980171001107266,1.0596394599981809,0.2942022490431715
test:14969,test,mendeley_pa:image:MENDE-PA-01006,images/mendeley_pa/MENDE-PA-01006.jpg,Mendeley PA,PA,14969,6,18,0.0714285714285714,22.224357862212443,0.83418314961343,1.0548843229901619,0.9431111822616882,0.10892803264825823
test:14970,test,mendeley_pa:image:MENDE-PA-01006,images/mendeley_pa/MENDE-PA-01006.jpg,Mendeley PA,PA,14970,7,18,0.0714285714285714,22.69565688215721,0.990888122667509,0.8922201268215764,0.9419196009476769,0.048968521719832125
test:14971,test,mendeley_pa:image:MENDE-PA-01006,images/mendeley_pa/MENDE-PA-01006.jpg,Mendeley PA,PA,14971,8,18,0.0714285714285714,22.96015586061145,0.9564333542452437,1.0,0.981053801253438,0.024620447008194324
test:14972,test,mendeley_pa:image:MENDE-PA-01006,images/mendeley_pa/MENDE-PA-01006.jpg,Mendeley PA,PA,14972,9,18,0.0714285714285714,23.74869612582393,0.9866417405154826,1.0052607156408322,0.9632753118944657,0.0233664286210169
test:14973,test,mendeley_pa:image:MENDE-PA-01006,images/mendeley_pa/MENDE-PA-01006.jpg,Mendeley PA,PA,14973,10,18,0.0714285714285714,24.21999514576869,1.0647154752511083,1.0,1.0082087144255638,0.05650676082554451
test:14974,test,mendeley_pa:image:MENDE-PA-01006,images/mendeley_pa/MENDE-PA-01006.jpg,Mendeley PA,PA,14974,11,18,0.0714285714285714,24.59222252267473,1.0169286402610656,1.0479002814706597,1.0326297055896554,0.015701065328589836
test:14975,test,mendeley_pa:image:MENDE-PA-01006,images/mendeley_pa/MENDE-PA-01006.jpg,Mendeley PA,PA,14975,12,18,0.0714285714285714,22.952543509436587,1.1220102972119537,1.0,0.9925955450162292,0.12941475219572451
test:14976,test,mendeley_pa:image:MENDE-PA-01006,images/mendeley_pa/MENDE-PA-01006.jpg,Mendeley PA,PA,14976,13,18,0.0714285714285714,23.7499091389986,0.8798581706394308,0.9545373622496358,0.8909742389042608,0.011116068264829915
test:14977,test,mendeley_pa:image:MENDE-PA-01006,images/mendeley_pa/MENDE-PA-01006.jpg,Mendeley PA,PA,14977,14,18,0.0714285714285714,23.586566001371327,0.83044564776765,0.919757341369351,0.9263620407872997,0.09591639301964971
test:14978,test,mendeley_pa:image:MENDE-PA-01006,images/mendeley_pa/MENDE-PA-01006.jpg,Mendeley PA,PA,14978,15,18,0.0714285714285714,22.789200371809315,0.9869272506304425,0.9712760758405492,0.9932890918856427,0.006361841255200229
test:14979,test,mendeley_pa:image:MENDE-PA-01006,images/mendeley_pa/MENDE-PA-01006.jpg,Mendeley PA,PA,14979,16,18,0.0714285714285714,23.17452346174778,1.0650423589709135,1.04670649946752,1.0539131121997813,0.01112924677113214
test:15113,test,mendeley_pa:image:MENDE-PA-01017,images/mendeley_pa/MENDE-PA-01017.jpg,Mendeley PA,PA,15113,3,18,0.0714285714285714,108.34182920683357,0.9420666159202582,1.0,0.9747497215867043,0.032683105666446055
test:15114,test,mendeley_pa:image:MENDE-PA-01017,images/mendeley_pa/MENDE-PA-01017.jpg,Mendeley PA,PA,15114,4,18,0.0714285714285714,112.79643925744648,0.9702091258779421,1.006669529631345,1.0199490188728855,0.04973989299494341
test:15115,test,mendeley_pa:image:MENDE-PA-01017,images/mendeley_pa/MENDE-PA-01017.jpg,Mendeley PA,PA,15115,5,18,0.0714285714285714,112.98136142122628,1.1066626824677814,1.0080489680072784,1.0238481160155057,0.0828145664522757
test:15116,test,mendeley_pa:image:MENDE-PA-01017,images/mendeley_pa/MENDE-PA-01017.jpg,Mendeley PA,PA,15116,6,18,0.0714285714285714,120.7794223038086,0.9798470018978188,1.0,0.9768661111593246,0.0029808907384941685
test:15117,test,mendeley_pa:image:MENDE-PA-01017,images/mendeley_pa/MENDE-PA-01017.jpg,Mendeley PA,PA,15117,7,18,0.0714285714285714,129.50659160099664,0.8997734143707032,0.9741831609446537,0.9884556412164104,0.08868222684570715
test:15118,test,mendeley_pa:image:MENDE-PA-01017,images/mendeley_pa/MENDE-PA-01017.jpg,Mendeley PA,PA,15118,8,18,0.0714285714285714,129.21136588966655,1.0369128580927105,0.9929620482127344,0.9939507772780185,0.042962080814691994
test:15119,test,mendeley_pa:image:MENDE-PA-01017,images/mendeley_pa/MENDE-PA-01017.jpg,Mendeley PA,PA,15119,9,18,0.0714285714285714,141.9025807142858,0.9871376280748195,0.9999999999999998,1.0015461050206793,0.014408476945859783
test:15120,test,mendeley_pa:image:MENDE-PA-01017,images/mendeley_pa/MENDE-PA-01017.jpg,Mendeley PA,PA,15120,10,18,0.0714285714285714,143.48378097478871,1.0441893411784278,1.0316059710276826,0.921041850913833,0.12314749026459482
test:15121,test,mendeley_pa:image:MENDE-PA-01017,images/mendeley_pa/MENDE-PA-01017.jpg,Mendeley PA,PA,15121,11,18,0.0714285714285714,148.3572098657181,1.0512470111537433,0.9999999999999999,1.001841795281507,0.04940521587223623
test:15122,test,mendeley_pa:image:MENDE-PA-01017,images/mendeley_pa/MENDE-PA-01017.jpg,Mendeley PA,PA,15122,12,18,0.0714285714285714,163.19955866716035,0.900064842118593,1.0,1.0197031050920486,0.1196382629734557
test:15123,test,mendeley_pa:image:MENDE-PA-01017,images/mendeley_pa/MENDE-PA-01017.jpg,Mendeley PA,PA,15123,13,18,0.0714285714285714,173.46105329930162,0.9825781674794091,0.9738561242528221,0.998207503155615,0.015629335676205947
test:15124,test,mendeley_pa:image:MENDE-PA-01017,images/mendeley_pa/MENDE-PA-01017.jpg,Mendeley PA,PA,15124,14,18,0.0714285714285714,193.5854841262677,0.9864481007243394,0.9999999999999998,0.9589280411601064,0.02752005956423298
test:15125,test,mendeley_pa:image:MENDE-PA-01017,images/mendeley_pa/MENDE-PA-01017.jpg,Mendeley PA,PA,15125,15,18,0.0714285714285714,204.9038949339941,1.057724766249443,1.0029302087067997,0.9888534477367437,0.06887131851269923
test:15126,test,mendeley_pa:image:MENDE-PA-01017,images/mendeley_pa/MENDE-PA-01017.jpg,Mendeley PA,PA,15126,16,18,0.0714285714285714,217.7888405482446,1.0103666401083145,0.9999999999999999,0.9947694521397351,0.01559718796857934
test:15182,test,miccai_2019:image:MICCAI-AP-00004,images/miccai_2019/MICCAI-AP-00004.jpg,MICCAI-2019,AP,15182,3,17,0.0769230769230769,43.70495014081656,1.2212890460403274,1.0,1.1151407659053802,0.10614828013494715
test:15183,test,miccai_2019:image:MICCAI-AP-00004,images/miccai_2019/MICCAI-AP-00004.jpg,MICCAI-2019,AP,15183,4,17,0.0769230769230769,55.05160180044668,0.7796649867086276,1.0,1.012180246412754,0.23251525970412645
test:15184,test,miccai_2019:image:MICCAI-AP-00004,images/miccai_2019/MICCAI-AP-00004.jpg,MICCAI-2019,AP,15184,5,17,0.0769230769230769,48.14909162537592,1.1781494691019008,1.0428758027004255,1.1272389130639089,0.05091055603799188
test:15185,test,miccai_2019:image:MICCAI-AP-00004,images/miccai_2019/MICCAI-AP-00004.jpg,MICCAI-2019,AP,15185,6,17,0.0769230769230769,40.90894222020253,1.4056887235228515,1.0564161326473556,1.1878557141607604,0.21783300936209105
test:15186,test,miccai_2019:image:MICCAI-AP-00004,images/miccai_2019/MICCAI-AP-00004.jpg,MICCAI-2019,AP,15186,7,17,0.0769230769230769,49.40386545611874,0.601307327908009,0.9756454878027998,1.046501977043923,0.445194649135914
test:15187,test,miccai_2019:image:MICCAI-AP-00004,images/miccai_2019/MICCAI-AP-00004.jpg,MICCAI-2019,AP,15187,8,17,0.0769230769230769,41.38395766141487,0.9398829945797245,0.8673386326308317,1.1179997077460355,0.17811671316631106
test:15188,test,miccai_2019:image:MICCAI-AP-00004,images/miccai_2019/MICCAI-AP-00004.jpg,MICCAI-2019,AP,15188,9,17,0.0769230769230769,39.79154460056941,1.0575338202744677,1.0,1.135364294052124,0.07783047377765628
test:15189,test,miccai_2019:image:MICCAI-AP-00004,images/miccai_2019/MICCAI-AP-00004.jpg,MICCAI-2019,AP,15189,10,17,0.0769230769230769,43.28968231870962,0.9398777946028707,1.0,1.118335798382759,0.1784580037798884
test:15190,test,miccai_2019:image:MICCAI-AP-00004,images/miccai_2019/MICCAI-AP-00004.jpg,MICCAI-2019,AP,15190,11,17,0.0769230769230769,45.07456376258687,0.9872188823775627,0.9845379199160289,1.1504873986614894,0.1632685162839267
test:15191,test,miccai_2019:image:MICCAI-AP-00004,images/miccai_2019/MICCAI-AP-00004.jpg,MICCAI-2019,AP,15191,12,17,0.0769230769230769,48.22427482979597,0.9967640471269903,1.0,1.117692455649376,0.12092840852238562
test:15192,test,miccai_2019:image:MICCAI-AP-00004,images/miccai_2019/MICCAI-AP-00004.jpg,MICCAI-2019,AP,15192,13,17,0.0769230769230769,46.966878895203294,1.1061005206275347,1.1536966464131322,1.1593373878508058,0.053236867223271034
test:15193,test,miccai_2019:image:MICCAI-AP-00004,images/miccai_2019/MICCAI-AP-00004.jpg,MICCAI-2019,AP,15193,14,17,0.0769230769230769,50.00915627367321,1.2058359406957166,0.9779771438677884,0.9983929342468358,0.2074430064488808
test:15194,test,miccai_2019:image:MICCAI-AP-00004,images/miccai_2019/MICCAI-AP-00004.jpg,MICCAI-2019,AP,15194,15,17,0.0769230769230769,56.12646359844928,0.8171819762141957,1.1028792196391342,1.2199423992512939,0.40276042303709814
test:15199,test,miccai_2019:image:MICCAI-AP-00005,images/miccai_2019/MICCAI-AP-00005.jpg,MICCAI-2019,AP,15199,3,17,0.0769230769230769,53.60966039977564,1.0540806435227386,0.9999999999999998,1.126544803380966,0.0724641598582274
test:15200,test,miccai_2019:image:MICCAI-AP-00005,images/miccai_2019/MICCAI-AP-00005.jpg,MICCAI-2019,AP,15200,4,17,0.0769230769230769,58.56014546348608,1.0008820107194876,1.0419022897923573,1.1041518720532044,0.10326986133371685
test:15201,test,miccai_2019:image:MICCAI-AP-00005,images/miccai_2019/MICCAI-AP-00005.jpg,MICCAI-2019,AP,15201,5,17,0.0769230769230769,59.61159086663041,1.0990982292573712,1.0,1.0231253784149885,0.0759728508423827
test:15202,test,miccai_2019:image:MICCAI-AP-00005,images/miccai_2019/MICCAI-AP-00005.jpg,MICCAI-2019,AP,15202,6,17,0.0769230769230769,66.63398775711788,0.9096166631159884,1.021221208546933,0.9848311424000824,0.07521447928409397
test:15203,test,miccai_2019:image:MICCAI-AP-00005,images/miccai_2019/MICCAI-AP-00005.jpg,MICCAI-2019,AP,15203,7,17,0.0769230769230769,66.63398775711788,1.0591755262761304,0.9631748861491263,0.9976941040575087,0.06148142221862174
test:15204,test,miccai_2019:image:MICCAI-AP-00005,images/miccai_2019/MICCAI-AP-00005.jpg,MICCAI-2019,AP,15204,8,17,0.0769230769230769,72.04691820863172,0.9403453087795028,1.0,0.9967475205194205,0.05640221173991766
test:15205,test,miccai_2019:image:MICCAI-AP-00005,images/miccai_2019/MICCAI-AP-00005.jpg,MICCAI-2019,AP,15205,9,17,0.0769230769230769,73.00887142322942,1.006956359324709,0.9806317544300833,0.9821966361944356,0.024759723130273414
test:15206,test,miccai_2019:image:MICCAI-AP-00005,images/miccai_2019/MICCAI-AP-00005.jpg,MICCAI-2019,AP,15206,10,17,0.0769230769230769,75.9393709752307,0.9934326927799142,1.0,1.0075448737479746,0.01411218096806044
test:15207,test,miccai_2019:image:MICCAI-AP-00005,images/miccai_2019/MICCAI-AP-00005.jpg,MICCAI-2019,AP,15207,11,17,0.0769230769230769,80.76465961189433,0.9702510350477604,1.0,1.0399671979248524,0.06971616287709193
test:15208,test,miccai_2019:image:MICCAI-AP-00005,images/miccai_2019/MICCAI-AP-00005.jpg,MICCAI-2019,AP,15208,12,17,0.0769230769230769,86.87658885898858,0.9909305436426015,1.1025928628444464,1.0604205538332254,0.06949001019062395
test:15209,test,miccai_2019:image:MICCAI-AP-00005,images/miccai_2019/MICCAI-AP-00005.jpg,MICCAI-2019,AP,15209,13,17,0.0769230769230769,82.22533000578643,1.3769117017432022,1.1035519623292347,1.1063298770786931,0.2705818246645091
test:15210,test,miccai_2019:image:MICCAI-AP-00005,images/miccai_2019/MICCAI-AP-00005.jpg,MICCAI-2019,AP,15210,14,17,0.0769230769230769,87.30607672743176,1.092606456616605,1.081620691799982,1.1327676945267753,0.040161237910170344
test:15211,test,miccai_2019:image:MICCAI-AP-00005,images/miccai_2019/MICCAI-AP-00005.jpg,MICCAI-2019,AP,15211,15,17,0.0769230769230769,91.95733558063392,0.8226325683994857,0.9999999999999998,0.9981759618967769,0.1755433934972912
test:15403,test,miccai_2019:image:MICCAI-AP-00017,images/miccai_2019/MICCAI-AP-00017.jpg,MICCAI-2019,AP,15403,3,17,0.0769230769230769,67.0757424014962,1.0387986055379255,1.0,1.0482057556509972,0.009407150113071694
test:15404,test,miccai_2019:image:MICCAI-AP-00017,images/miccai_2019/MICCAI-AP-00017.jpg,MICCAI-2019,AP,15404,4,17,0.0769230769230769,77.97492994884385,0.969492761315873,1.113756729710587,1.0353783578162274,0.06588559650035442
test:15405,test,miccai_2019:image:MICCAI-AP-00017,images/miccai_2019/MICCAI-AP-00017.jpg,MICCAI-2019,AP,15405,5,17,0.0769230769230769,80.93390118755437,1.2851477163487086,1.0,1.0504993945360184,0.23464832181269024
test:15406,test,miccai_2019:image:MICCAI-AP-00017,images/miccai_2019/MICCAI-AP-00017.jpg,MICCAI-2019,AP,15406,6,17,0.0769230769230769,86.34783177741751,0.9991179911497778,1.1202711731807715,1.1116329756246335,0.11251498447485564
test:15407,test,miccai_2019:image:MICCAI-AP-00017,images/miccai_2019/MICCAI-AP-00017.jpg,MICCAI-2019,AP,15407,7,17,0.0769230769230769,84.75669022649902,1.0554205820021711,1.0,1.03713021799922,0.018290364002951254
test:15408,test,miccai_2019:image:MICCAI-AP-00017,images/miccai_2019/MICCAI-AP-00017.jpg,MICCAI-2019,AP,15408,8,17,0.0769230769230769,87.86281377651083,0.9474054454839171,0.970683002271193,1.0153942046542344,0.06798875917031721
test:15409,test,miccai_2019:image:MICCAI-AP-00017,images/miccai_2019/MICCAI-AP-00017.jpg,MICCAI-2019,AP,15409,9,17,0.0769230769230769,92.36065123260408,0.8782952839671099,0.9663696226849976,1.0111005691066208,0.13280528513951095
test:15410,test,miccai_2019:image:MICCAI-AP-00017,images/miccai_2019/MICCAI-AP-00017.jpg,MICCAI-2019,AP,15410,10,17,0.0769230769230769,95.04567687079152,1.0023322498643328,0.988838083458741,1.058786667300065,0.05645441743573221
test:15411,test,miccai_2019:image:MICCAI-AP-00017,images/miccai_2019/MICCAI-AP-00017.jpg,MICCAI-2019,AP,15411,11,17,0.0769230769230769,106.3973946018818,1.0042505825822876,1.0074028193894853,1.0273623622898092,0.02311177970752154
test:15412,test,miccai_2019:image:MICCAI-AP-00017,images/miccai_2019/MICCAI-AP-00017.jpg,MICCAI-2019,AP,15412,12,17,0.0769230769230769,112.18854379008108,1.0616299974473336,0.9999999999999998,1.008033014833927,0.05359698261340662
test:15413,test,miccai_2019:image:MICCAI-AP-00017,images/miccai_2019/MICCAI-AP-00017.jpg,MICCAI-2019,AP,15413,13,17,0.0769230769230769,112.55272160150082,1.0441990241879466,1.054432615084552,1.013182285619878,0.031016738568068636
test:15414,test,miccai_2019:image:MICCAI-AP-00017,images/miccai_2019/MICCAI-AP-00017.jpg,MICCAI-2019,AP,15414,14,17,0.0769230769230769,118.31508276173432,0.9994989221025232,0.8999971609327104,1.0493618707868364,0.04986294868431318
test:15415,test,miccai_2019:image:MICCAI-AP-00017,images/miccai_2019/MICCAI-AP-00017.jpg,MICCAI-2019,AP,15415,15,17,0.0769230769230769,122.20328659833538,0.7809858290462245,1.1967812245330889,1.0129660879812319,0.2319802589350074
test:15437,test,miccai_2019:image:MICCAI-AP-00019,images/miccai_2019/MICCAI-AP-00019.jpg,MICCAI-2019,AP,15437,3,17,0.0769230769230769,46.48419819429442,1.2399745796141337,0.8762375392183404,1.0173935868009667,0.222580992813167
test:15438,test,miccai_2019:image:MICCAI-AP-00019,images/miccai_2019/MICCAI-AP-00019.jpg,MICCAI-2019,AP,15438,4,17,0.0769230769230769,48.52712588724184,0.8073604819034361,1.1364938346458036,1.1766590690029222,0.36929858709948604
test:15439,test,miccai_2019:image:MICCAI-AP-00019,images/miccai_2019/MICCAI-AP-00019.jpg,MICCAI-2019,AP,15439,5,17,0.0769230769230769,46.7452278042725,1.1265820518341472,0.8938966049424801,0.9959427221290265,0.1306393297051207
test:15440,test,miccai_2019:image:MICCAI-AP-00019,images/miccai_2019/MICCAI-AP-00019.jpg,MICCAI-2019,AP,15440,6,17,0.0769230769230769,46.06310733153129,0.9637195511320709,1.1045810740473807,1.123719531300956,0.15999998016888517
test:15441,test,miccai_2019:image:MICCAI-AP-00019,images/miccai_2019/MICCAI-AP-00019.jpg,MICCAI-2019,AP,15441,7,17,0.0769230769230769,43.70979664855052,1.1232845323447975,1.0,1.0359637029469013,0.0873208293978962
test:15442,test,miccai_2019:image:MICCAI-AP-00019,images/miccai_2019/MICCAI-AP-00019.jpg,MICCAI-2019,AP,15442,8,17,0.0769230769230769,46.7452278042725,0.9204720609335995,0.9805844287738432,1.0929056342110266,0.17243357327742714
test:15443,test,miccai_2019:image:MICCAI-AP-00019,images/miccai_2019/MICCAI-AP-00019.jpg,MICCAI-2019,AP,15443,9,17,0.0769230769230769,56.42498415539576,0.7545725915349981,0.9462041292317898,1.0100550908573658,0.25548249932236766
test:15444,test,miccai_2019:image:MICCAI-AP-00019,images/miccai_2019/MICCAI-AP-00019.jpg,MICCAI-2019,AP,15444,10,17,0.0769230769230769,56.63052566986539,1.1257432112706325,0.9960186697102205,1.0843689731813089,0.04137423808932361
test:15445,test,miccai_2019:image:MICCAI-AP-00019,images/miccai_2019/MICCAI-AP-00019.jpg,MICCAI-2019,AP,15445,11,17,0.0769230769230769,67.98757372662925,1.033032528066413,1.0000000000000002,1.0212033689022066,0.011829159164206349
test:15446,test,miccai_2019:image:MICCAI-AP-00019,images/miccai_2019/MICCAI-AP-00019.jpg,MICCAI-2019,AP,15446,12,17,0.0769230769230769,73.43321232277293,0.9835293233838611,1.0,1.0046611758880317,0.0211318525041706
test:15447,test,miccai_2019:image:MICCAI-AP-00019,images/miccai_2019/MICCAI-AP-00019.jpg,MICCAI-2019,AP,15447,13,17,0.0769230769230769,76.86493556228311,0.9969832007408527,1.0,1.0120429648086429,0.015059764067790193
test:15448,test,miccai_2019:image:MICCAI-AP-00019,images/miccai_2019/MICCAI-AP-00019.jpg,MICCAI-2019,AP,15448,14,17,0.0769230769230769,84.17213593597182,0.9683270192507194,1.0,1.0409639552235603,0.07263693597284093
test:15449,test,miccai_2019:image:MICCAI-AP-00019,images/miccai_2019/MICCAI-AP-00019.jpg,MICCAI-2019,AP,15449,15,17,0.0769230769230769,84.21258442815561,1.0890441495541676,1.1868699180551223,1.0802001344628982,0.00884401509126942
test:15522,test,miccai_2019:image:MICCAI-AP-00024,images/miccai_2019/MICCAI-AP-00024.jpg,MICCAI-2019,AP,15522,3,17,0.0769230769230769,58.87936262629022,1.062944572510617,0.9566125222725135,0.9755353131574851,0.08740925935313193
test:15523,test,miccai_2019:image:MICCAI-AP-00024,images/miccai_2019/MICCAI-AP-00024.jpg,MICCAI-2019,AP,15523,4,17,0.0769230769230769,59.440071881044645,0.9166586241102035,1.027766316952138,1.076934028239875,0.16027540412967145
test:15524,test,miccai_2019:image:MICCAI-AP-00024,images/miccai_2019/MICCAI-AP-00024.jpg,MICCAI-2019,AP,15524,5,17,0.0769230769230769,58.15450546862978,1.0247788730445153,0.9781777763921237,1.036934880371711,0.012156007327195795
test:15525,test,miccai_2019:image:MICCAI-AP-00024,images/miccai_2019/MICCAI-AP-00024.jpg,MICCAI-2019,AP,15525,6,17,0.0769230769230769,58.309942164188655,1.016715726085829,1.0,1.0376134738326073,0.020897747746778217
test:15526,test,miccai_2019:image:MICCAI-AP-00024,images/miccai_2019/MICCAI-AP-00024.jpg,MICCAI-2019,AP,15526,7,17,0.0769230769230769,60.03255135113432,0.9498909253120776,1.0603280296981559,1.0353710489779935,0.08548012366591584
test:15527,test,miccai_2019:image:MICCAI-AP-00024,images/miccai_2019/MICCAI-AP-00024.jpg,MICCAI-2019,AP,15527,8,17,0.0769230769230769,59.87711465557544,1.136056053963239,0.9811258487761692,1.0540420435727313,0.0820140103905076
test:15528,test,miccai_2019:image:MICCAI-AP-00024,images/miccai_2019/MICCAI-AP-00024.jpg,MICCAI-2019,AP,15528,9,17,0.0769230769230769,66.2545498632015,0.9126859098811956,1.133976972664914,1.0480925506010865,0.13540664071989095
test:15529,test,miccai_2019:image:MICCAI-AP-00024,images/miccai_2019/MICCAI-AP-00024.jpg,MICCAI-2019,AP,15529,10,17,0.0769230769230769,66.2545498632015,1.2412507417193752,0.9429913531353713,1.0417416687419654,0.19950907297740983
test:15530,test,miccai_2019:image:MICCAI-AP-00024,images/miccai_2019/MICCAI-AP-00024.jpg,MICCAI-2019,AP,15530,11,17,0.0769230769230769,80.93393024062765,0.7967652248736938,1.0000000000000002,0.9922822294756772,0.1955170046019834
test:15531,test,miccai_2019:image:MICCAI-AP-00024,images/miccai_2019/MICCAI-AP-00024.jpg,MICCAI-2019,AP,15531,12,17,0.0769230769230769,84.59410448992492,0.9413108845044502,0.8950685267079631,0.9822250460017482,0.040914161497297985
test:15532,test,miccai_2019:image:MICCAI-AP-00024,images/miccai_2019/MICCAI-AP-00024.jpg,MICCAI-2019,AP,15532,13,17,0.0769230769230769,83.54564604919935,1.0407448374827777,1.0911892443561044,1.0404412202202764,0.00030361726250127674
test:15533,test,miccai_2019:image:MICCAI-AP-00024,images/miccai_2019/MICCAI-AP-00024.jpg,MICCAI-2019,AP,15533,14,17,0.0769230769230769,83.28952557057038,1.233034631167973,1.0470202549612075,1.1651722549712211,0.06786237619675184
test:15534,test,miccai_2019:image:MICCAI-AP-00024,images/miccai_2019/MICCAI-AP-00024.jpg,MICCAI-2019,AP,15534,15,17,0.0769230769230769,83.27852398547554,1.0502340410401567,1.0035752080726246,1.0693229310559849,0.01908889001582814
test:15556,test,miccai_2019:image:MICCAI-AP-00026,images/miccai_2019/MICCAI-AP-00026.jpg,MICCAI-2019,AP,15556,3,17,0.0769230769230769,67.01283706199096,0.9341520393392575,1.0,1.0436439998447895,0.109491960505532
test:15557,test,miccai_2019:image:MICCAI-AP-00026,images/miccai_2019/MICCAI-AP-00026.jpg,MICCAI-2019,AP,15557,4,17,0.0769230769230769,71.94836514112563,0.9330108501284985,1.1725871479928478,1.0464984244525417,0.11348757432404322
test:15558,test,miccai_2019:image:MICCAI-AP-00026,images/miccai_2019/MICCAI-AP-00026.jpg,MICCAI-2019,AP,15558,5,17,0.0769230769230769,72.06413340481193,1.4727337046795894,1.0,1.1197677180171013,0.35296598666248813
test:15559,test,miccai_2019:image:MICCAI-AP-00026,images/miccai_2019/MICCAI-AP-00026.jpg,MICCAI-2019,AP,15559,6,17,0.0769230769230769,101.58269296103173,0.7579998052767172,1.0181598746213898,0.9811598592433914,0.22316005396667427
test:15560,test,miccai_2019:image:MICCAI-AP-00026,images/miccai_2019/MICCAI-AP-00026.jpg,MICCAI-2019,AP,15560,7,17,0.0769230769230769,104.28654919591736,0.9658346783035052,0.8603289834381314,0.9325254223467083,0.0333092559567969
test:15561,test,miccai_2019:image:MICCAI-AP-00026,images/miccai_2019/MICCAI-AP-00026.jpg,MICCAI-2019,AP,15561,8,17,0.0769230769230769,94.51591695352876,1.0838578678595492,1.1863509382876796,1.0873492549929065,0.003491387133357282
test:15562,test,miccai_2019:image:MICCAI-AP-00026,images/miccai_2019/MICCAI-AP-00026.jpg,MICCAI-2019,AP,15562,9,17,0.0769230769230769,100.10721615078332,1.234022207168233,0.9527289628839875,1.053874446437397,0.18014776073083594
test:15563,test,miccai_2019:image:MICCAI-AP-00026,images/miccai_2019/MICCAI-AP-00026.jpg,MICCAI-2019,AP,15563,10,17,0.0769230769230769,100.96634341779352,0.8746307454913063,1.1044541521749212,1.0215518771490766,0.14692113165777032
test:15564,test,miccai_2019:image:MICCAI-AP-00026,images/miccai_2019/MICCAI-AP-00026.jpg,MICCAI-2019,AP,15564,11,17,0.0769230769230769,89.35631238139337,1.1134173284019953,1.0,1.064727172255516,0.0486901561464792
test:15565,test,miccai_2019:image:MICCAI-AP-00026,images/miccai_2019/MICCAI-AP-00026.jpg,MICCAI-2019,AP,15565,12,17,0.0769230769230769,88.72237525312403,1.018957802829647,0.9996456792125655,1.0490005677113485,0.030042764881701434
test:15566,test,miccai_2019:image:MICCAI-AP-00026,images/miccai_2019/MICCAI-AP-00026.jpg,MICCAI-2019,AP,15566,13,17,0.0769230769230769,89.77041942148139,0.8676690165528924,1.0,1.0090701170265675,0.14140110047367505
test:15567,test,miccai_2019:image:MICCAI-AP-00026,images/miccai_2019/MICCAI-AP-00026.jpg,MICCAI-2019,AP,15567,14,17,0.0769230769230769,89.35216978921721,0.9975860967169126,0.9299773858637546,0.9272602152322416,0.070325881484671
test:15568,test,miccai_2019:image:MICCAI-AP-00026,images/miccai_2019/MICCAI-AP-00026.jpg,MICCAI-2019,AP,15568,15,17,0.0769230769230769,94.21182871240435,0.9372494328523495,1.1628534930411623,1.1229314493600175,0.18568201650766802
test:16066,test,miccai_2019:image:MICCAI-AP-00056,images/miccai_2019/MICCAI-AP-00056.jpg,MICCAI-2019,AP,16066,3,17,0.0769230769230769,45.946719198809205,0.7890688147357792,1.0,0.9225107580423355,0.13344194330655634
test:16067,test,miccai_2019:image:MICCAI-AP-00056,images/miccai_2019/MICCAI-AP-00056.jpg,MICCAI-2019,AP,16067,4,17,0.0769230769230769,53.87756162960103,1.1139506405077695,1.0715205447841623,1.0451678430754878,0.06878279743228166
test:16068,test,miccai_2019:image:MICCAI-AP-00056,images/miccai_2019/MICCAI-AP-00056.jpg,MICCAI-2019,AP,16068,5,17,0.0769230769230769,65.02743722074206,1.218050541495395,1.0112419457639368,1.0950447128618868,0.12300582863350829
test:16069,test,miccai_2019:image:MICCAI-AP-00056,images/miccai_2019/MICCAI-AP-00056.jpg,MICCAI-2019,AP,16069,6,17,0.0769230769230769,65.02743722074206,1.0995358737156775,1.1475512618416,1.1081604929857898,0.008624619270112266
test:16070,test,miccai_2019:image:MICCAI-AP-00056,images/miccai_2019/MICCAI-AP-00056.jpg,MICCAI-2019,AP,16070,7,17,0.0769230769230769,75.35335255939134,0.9294600409449779,0.8620766308861612,1.0198338535385965,0.09037381259361854
test:16071,test,miccai_2019:image:MICCAI-AP-00056,images/miccai_2019/MICCAI-AP-00056.jpg,MICCAI-2019,AP,16071,8,17,0.0769230769230769,78.05971176125134,0.7484107650747729,0.9906349267002252,1.0007504337590245,0.2523396686842516
test:16072,test,miccai_2019:image:MICCAI-AP-00056,images/miccai_2019/MICCAI-AP-00056.jpg,MICCAI-2019,AP,16072,9,17,0.0769230769230769,78.27033866250353,1.0811173807152663,0.9257879692808568,0.961542728145498,0.11957465256976829
test:16073,test,miccai_2019:image:MICCAI-AP-00056,images/miccai_2019/MICCAI-AP-00056.jpg,MICCAI-2019,AP,16073,10,17,0.0769230769230769,90.16519926677849,0.9593806465604507,0.9999999999999999,1.004052419681102,0.04467177312065129
test:16074,test,miccai_2019:image:MICCAI-AP-00056,images/miccai_2019/MICCAI-AP-00056.jpg,MICCAI-2019,AP,16074,11,17,0.0769230769230769,91.45245907537792,1.0465653518640363,1.0450667846388515,1.0522447443007823,0.005679392436745978
test:16075,test,miccai_2019:image:MICCAI-AP-00056,images/miccai_2019/MICCAI-AP-00056.jpg,MICCAI-2019,AP,16075,12,17,0.0769230769230769,93.40743767562688,1.1203080840310253,1.0283610747312313,1.0175423679058557,0.1027657161251696
test:16076,test,miccai_2019:image:MICCAI-AP-00056,images/miccai_2019/MICCAI-AP-00056.jpg,MICCAI-2019,AP,16076,13,17,0.0769230769230769,93.40743767562688,1.0320609726573904,1.0478234536129762,1.0526293626170387,0.02056838995964827
test:16077,test,miccai_2019:image:MICCAI-AP-00056,images/miccai_2019/MICCAI-AP-00056.jpg,MICCAI-2019,AP,16077,14,17,0.0769230769230769,100.5236392587855,0.9062932959048953,0.930223703975104,1.0245075529760348,0.11821425707113953
test:16078,test,miccai_2019:image:MICCAI-AP-00056,images/miccai_2019/MICCAI-AP-00056.jpg,MICCAI-2019,AP,16078,15,17,0.0769230769230769,101.4714351121525,0.8930274122528368,0.9738927973429832,0.9817907983432683,0.08876338609043155
test:16100,test,miccai_2019:image:MICCAI-AP-00058,images/miccai_2019/MICCAI-AP-00058.jpg,MICCAI-2019,AP,16100,3,17,0.0769230769230769,58.56115707027134,1.3529259295317757,0.9835328851638969,1.1085817907749351,0.24434413875684058
test:16101,test,miccai_2019:image:MICCAI-AP-00058,images/miccai_2019/MICCAI-AP-00058.jpg,MICCAI-2019,AP,16101,4,17,0.0769230769230769,72.53942208040674,0.9184111793991039,0.9999999999999998,1.0231020879000423,0.10469090850093843
test:16102,test,miccai_2019:image:MICCAI-AP-00058,images/miccai_2019/MICCAI-AP-00058.jpg,MICCAI-2019,AP,16102,5,17,0.0769230769230769,80.87094634352832,0.8142594995406518,0.9220493128372647,0.942647247560165,0.12838774801951325
test:16103,test,miccai_2019:image:MICCAI-AP-00058,images/miccai_2019/MICCAI-AP-00058.jpg,MICCAI-2019,AP,16103,6,17,0.0769230769230769,76.88487104466016,1.0732018367485332,0.9949854901344142,1.009852840593513,0.06334899615502021
test:16104,test,miccai_2019:image:MICCAI-AP-00058,images/miccai_2019/MICCAI-AP-00058.jpg,MICCAI-2019,AP,16104,7,17,0.0769230769230769,88.31111362443644,0.9868375828001084,1.0,0.9827446099370718,0.004092972863036559
test:16105,test,miccai_2019:image:MICCAI-AP-00058,images/miccai_2019/MICCAI-AP-00058.jpg,MICCAI-2019,AP,16105,8,17,0.0769230769230769,89.9990384090251,1.0456694214649764,1.0290398659732665,1.027486569396081,0.01818285206889536
test:16106,test,miccai_2019:image:MICCAI-AP-00058,images/miccai_2019/MICCAI-AP-00058.jpg,MICCAI-2019,AP,16106,9,17,0.0769230769230769,93.47929667004756,1.0491785286633741,1.0000000000000002,0.9949359344318511,0.054242594231523
test:16107,test,miccai_2019:image:MICCAI-AP-00058,images/miccai_2019/MICCAI-AP-00058.jpg,MICCAI-2019,AP,16107,10,17,0.0769230769230769,97.35486573930672,0.9537207021902142,1.0,1.0218863263726234,0.06816562418240923
test:16108,test,miccai_2019:image:MICCAI-AP-00058,images/miccai_2019/MICCAI-AP-00058.jpg,MICCAI-2019,AP,16108,11,17,0.0769230769230769,104.19005300728304,0.9274710756802388,0.9863643720401467,1.0019105681804956,0.07443949250025683
test:16109,test,miccai_2019:image:MICCAI-AP-00058,images/miccai_2019/MICCAI-AP-00058.jpg,MICCAI-2019,AP,16109,12,17,0.0769230769230769,101.0503178980464,1.115180672799939,1.0239299584412551,1.008354841009674,0.10682583179026484
test:16110,test,miccai_2019:image:MICCAI-AP-00058,images/miccai_2019/MICCAI-AP-00058.jpg,MICCAI-2019,AP,16110,13,17,0.0769230769230769,109.07836837921896,1.0112329026624223,1.0,1.000810805882793,0.010422096779629353
test:16111,test,miccai_2019:image:MICCAI-AP-00058,images/miccai_2019/MICCAI-AP-00058.jpg,MICCAI-2019,AP,16111,14,17,0.0769230769230769,117.28681955493784,0.8992261505466548,0.9898295203355096,0.9808024974671148,0.08157634692046001
test:16112,test,miccai_2019:image:MICCAI-AP-00058,images/miccai_2019/MICCAI-AP-00058.jpg,MICCAI-2019,AP,16112,15,17,0.0769230769230769,111.53533026800648,1.09278627065353,1.0342979244305859,1.085622861923195,0.0071634087303351635
test:16508,test,miccai_2019:image:MICCAI-AP-00082,images/miccai_2019/MICCAI-AP-00082.jpg,MICCAI-2019,AP,16508,3,17,0.0769230769230769,60.43963375908176,1.0817697959305437,1.0,1.0672089010477066,0.014560894882837072
test:16509,test,miccai_2019:image:MICCAI-AP-00082,images/miccai_2019/MICCAI-AP-00082.jpg,MICCAI-2019,AP,16509,4,17,0.0769230769230769,73.24705625897093,0.9506649874324633,1.0,0.9917332157492638,0.04106822831680046
test:16510,test,miccai_2019:image:MICCAI-AP-00082,images/miccai_2019/MICCAI-AP-00082.jpg,MICCAI-2019,AP,16510,5,17,0.0769230769230769,78.08561816858007,1.038761607357051,1.0,1.0445902235805988,0.005828616223547911
test:16511,test,miccai_2019:image:MICCAI-AP-00082,images/miccai_2019/MICCAI-AP-00082.jpg,MICCAI-2019,AP,16511,6,17,0.0769230769230769,86.66873624632166,0.9984895161423726,1.0,1.0459852367639542,0.04749572062158158
test:16512,test,miccai_2019:image:MICCAI-AP-00082,images/miccai_2019/MICCAI-AP-00082.jpg,MICCAI-2019,AP,16512,7,17,0.0769230769230769,90.44715698266302,1.0196575915598758,1.0,0.9950209315866232,0.024636659973252595
test:16513,test,miccai_2019:image:MICCAI-AP-00082,images/miccai_2019/MICCAI-AP-00082.jpg,MICCAI-2019,AP,16513,8,17,0.0769230769230769,95.99729940244868,0.9829077487950517,1.0,0.9868651470169425,0.003957398221890784
test:16514,test,miccai_2019:image:MICCAI-AP-00082,images/miccai_2019/MICCAI-AP-00082.jpg,MICCAI-2019,AP,16514,9,17,0.0769230769230769,97.17074518132203,1.0267438864068186,1.0137589036348746,1.0502329490009235,0.02348906259410488
test:16515,test,miccai_2019:image:MICCAI-AP-00082,images/miccai_2019/MICCAI-AP-00082.jpg,MICCAI-2019,AP,16515,10,17,0.0769230769230769,99.87723473454794,1.0278511116930837,0.9999999999999999,1.021871892735362,0.005979218957721688
test:16516,test,miccai_2019:image:MICCAI-AP-00082,images/miccai_2019/MICCAI-AP-00082.jpg,MICCAI-2019,AP,16516,11,17,0.0769230769230769,101.21419765362673,0.9878554909731676,1.0217772286150255,1.0240162018917152,0.036160710918547556
test:16517,test,miccai_2019:image:MICCAI-AP-00082,images/miccai_2019/MICCAI-AP-00082.jpg,MICCAI-2019,AP,16517,12,17,0.0769230769230769,101.32196383565744,1.0281857363549602,0.9712119044282117,0.9975598638423362,0.030625872512624053
test:16518,test,miccai_2019:image:MICCAI-AP-00082,images/miccai_2019/MICCAI-AP-00082.jpg,MICCAI-2019,AP,16518,13,17,0.0769230769230769,103.48118864031326,0.9356791825656665,1.018306282444881,0.9595362442573772,0.023857061691710646
test:16519,test,miccai_2019:image:MICCAI-AP-00082,images/miccai_2019/MICCAI-AP-00082.jpg,MICCAI-2019,AP,16519,14,17,0.0769230769230769,99.80488664161116,1.067816362559351,1.0,1.0672556310892105,0.0005607314701405741
test:16520,test,miccai_2019:image:MICCAI-AP-00082,images/miccai_2019/MICCAI-AP-00082.jpg,MICCAI-2019,AP,16520,15,17,0.0769230769230769,101.69924250859272,1.0106720241957166,0.9517233570705328,1.0641652917157087,0.05349326751999217
test:16542,test,miccai_2019:image:MICCAI-AP-00084,images/miccai_2019/MICCAI-AP-00084.jpg,MICCAI-2019,AP,16542,3,17,0.0769230769230769,56.31777819825979,0.8736741991429235,0.9029997018199301,0.9187640593420601,0.04508986019913652
test:16543,test,miccai_2019:image:MICCAI-AP-00084,images/miccai_2019/MICCAI-AP-00084.jpg,MICCAI-2019,AP,16543,4,17,0.0769230769230769,56.35412196294917,0.9174746197815149,0.9928753441056564,0.9603364644429042,0.042861844661389314
test:16544,test,miccai_2019:image:MICCAI-AP-00084,images/miccai_2019/MICCAI-AP-00084.jpg,MICCAI-2019,AP,16544,5,17,0.0769230769230769,55.86273582087947,1.1224270667238154,1.0268170257259768,1.085288634632961,0.03713843209085432
test:16545,test,miccai_2019:image:MICCAI-AP-00084,images/miccai_2019/MICCAI-AP-00084.jpg,MICCAI-2019,AP,16545,6,17,0.0769230769230769,56.82435745059992,1.1089987233508025,1.0798524368178541,1.051879150010317,0.05711957334048545
test:16546,test,miccai_2019:image:MICCAI-AP-00084,images/miccai_2019/MICCAI-AP-00084.jpg,MICCAI-2019,AP,16546,7,17,0.0769230769230769,59.8611778835046,1.0026865013830732,0.9742947255019396,1.0074831318799704,0.0047966304968971585
test:16547,test,miccai_2019:image:MICCAI-AP-00084,images/miccai_2019/MICCAI-AP-00084.jpg,MICCAI-2019,AP,16547,8,17,0.0769230769230769,61.52006744431301,0.8716947511323987,0.9512546795160629,0.993807892009721,0.12211314087732228
test:16548,test,miccai_2019:image:MICCAI-AP-00084,images/miccai_2019/MICCAI-AP-00084.jpg,MICCAI-2019,AP,16548,9,17,0.0769230769230769,59.68753555659403,0.9553168601901283,1.0090105222138301,1.011016596860318,0.05569973667018968
test:16549,test,miccai_2019:image:MICCAI-AP-00084,images/miccai_2019/MICCAI-AP-00084.jpg,MICCAI-2019,AP,16549,10,17,0.0769230769230769,58.18679257645954,1.1484390186123954,0.9999999999999999,1.1853800415992737,0.03694102298687829
test:16550,test,miccai_2019:image:MICCAI-AP-00084,images/miccai_2019/MICCAI-AP-00084.jpg,MICCAI-2019,AP,16550,11,17,0.0769230769230769,61.985309675060094,0.9575345578435956,1.276496720017964,1.2312550176699701,0.2737204598263745
test:16551,test,miccai_2019:image:MICCAI-AP-00084,images/miccai_2019/MICCAI-AP-00084.jpg,MICCAI-2019,AP,16551,12,17,0.0769230769230769,63.08852952760961,1.4491399102320428,0.9233034384557253,1.063761917979384,0.3853779922526588
test:16552,test,miccai_2019:image:MICCAI-AP-00084,images/miccai_2019/MICCAI-AP-00084.jpg,MICCAI-2019,AP,16552,13,17,0.0769230769230769,72.249434212111,0.7909630990276826,1.1369115364143054,1.0649511393496196,0.273988040321937
test:16553,test,miccai_2019:image:MICCAI-AP-00084,images/miccai_2019/MICCAI-AP-00084.jpg,MICCAI-2019,AP,16553,14,17,0.0769230769230769,65.07288501454772,1.1196418366530207,0.9895610152280725,0.9922572080514229,0.12738462860159783
test:16554,test,miccai_2019:image:MICCAI-AP-00084,images/miccai_2019/MICCAI-AP-00084.jpg,MICCAI-2019,AP,16554,15,17,0.0769230769230769,61.997778487397696,1.15553404780117,1.0594214324919224,1.023164009031439,0.13237003876973108
test:16746,test,miccai_2019:image:MICCAI-AP-00096,images/miccai_2019/MICCAI-AP-00096.jpg,MICCAI-2019,AP,16746,3,17,0.0769230769230769,66.32037330141823,0.9837548350832119,1.1272816474055056,1.0604861343716387,0.07673129928842681
test:16747,test,miccai_2019:image:MICCAI-AP-00096,images/miccai_2019/MICCAI-AP-00096.jpg,MICCAI-2019,AP,16747,4,17,0.0769230769230769,72.22034590559704,0.8850627368739006,0.9274685396311602,0.918786204835566,0.033723467961665365
test:16748,test,miccai_2019:image:MICCAI-AP-00096,images/miccai_2019/MICCAI-AP-00096.jpg,MICCAI-2019,AP,16748,5,17,0.0769230769230769,70.48123505666945,0.9750284532101998,0.9906113244642909,0.9907898766824217,0.01576142347222187
test:16749,test,miccai_2019:image:MICCAI-AP-00096,images/miccai_2019/MICCAI-AP-00096.jpg,MICCAI-2019,AP,16749,6,17,0.0769230769230769,76.65998735370296,0.9877314727979487,0.9999999999999999,1.0824402794241905,0.09470880662624181
test:16750,test,miccai_2019:image:MICCAI-AP-00096,images/miccai_2019/MICCAI-AP-00096.jpg,MICCAI-2019,AP,16750,7,17,0.0769230769230769,86.03290237516633,0.9833303628516976,0.9999999999999998,1.0581901632249353,0.0748598003732377
test:16751,test,miccai_2019:image:MICCAI-AP-00096,images/miccai_2019/MICCAI-AP-00096.jpg,MICCAI-2019,AP,16751,8,17,0.0769230769230769,92.42210848247912,1.0424596897727376,1.0,1.0548864044249058,0.012426714652168158
test:16752,test,miccai_2019:image:MICCAI-AP-00096,images/miccai_2019/MICCAI-AP-00096.jpg,MICCAI-2019,AP,16752,9,17,0.0769230769230769,102.60001071311612,0.977051085652432,1.008626169413168,0.9658870723841972,0.011164013268234796
test:16753,test,miccai_2019:image:MICCAI-AP-00096,images/miccai_2019/MICCAI-AP-00096.jpg,MICCAI-2019,AP,16753,10,17,0.0769230769230769,104.54957537232302,1.0580988841312706,1.0,1.0391696691513062,0.01892921497996447
test:16754,test,miccai_2019:image:MICCAI-AP-00096,images/miccai_2019/MICCAI-AP-00096.jpg,MICCAI-2019,AP,16754,11,17,0.0769230769230769,111.907358801599,0.9727126084928152,1.0,1.0335459262132645,0.06083331772044931
test:16755,test,miccai_2019:image:MICCAI-AP-00096,images/miccai_2019/MICCAI-AP-00096.jpg,MICCAI-2019,AP,16755,12,17,0.0769230769230769,114.71502135656824,0.9867140957374181,0.9922848371230023,0.9971927580796139,0.010478662342195855
test:16756,test,miccai_2019:image:MICCAI-AP-00096,images/miccai_2019/MICCAI-AP-00096.jpg,MICCAI-2019,AP,16756,13,17,0.0769230769230769,118.1537424546899,1.0055225607504026,1.0,1.0143090225756168,0.008786461825214253
test:16757,test,miccai_2019:image:MICCAI-AP-00096,images/miccai_2019/MICCAI-AP-00096.jpg,MICCAI-2019,AP,16757,14,17,0.0769230769230769,121.41205316222847,1.0140389947901545,1.0344573618826498,1.034826390944053,0.020787396153898463
test:16758,test,miccai_2019:image:MICCAI-AP-00096,images/miccai_2019/MICCAI-AP-00096.jpg,MICCAI-2019,AP,16758,15,17,0.0769230769230769,120.96140500965916,1.094439426725038,1.0215424042630545,1.0402820412505023,0.054157385474535635
test:17120,test,miccai_2019:image:MICCAI-AP-00118,images/miccai_2019/MICCAI-AP-00118.jpg,MICCAI-2019,AP,17120,3,17,0.0769230769230769,74.9309645693091,1.4473720790510323,1.070831983091701,1.1461079108737597,0.30126416817727253
test:17121,test,miccai_2019:image:MICCAI-AP-00118,images/miccai_2019/MICCAI-AP-00118.jpg,MICCAI-2019,AP,17121,4,17,0.0769230769230769,95.747450261742,1.01785177085568,1.0,1.030112436041236,0.012260665185555908
test:17122,test,miccai_2019:image:MICCAI-AP-00118,images/miccai_2019/MICCAI-AP-00118.jpg,MICCAI-2019,AP,17122,5,17,0.0769230769230769,102.95631239420712,0.8065742897972739,1.004405102500722,0.9962103113476486,0.18963602155037473
test:17123,test,miccai_2019:image:MICCAI-AP-00118,images/miccai_2019/MICCAI-AP-00118.jpg,MICCAI-2019,AP,17123,6,17,0.0769230769230769,97.45817530913216,1.122152952854659,0.926046238765484,0.9904922410104333,0.13166071184422568
test:17124,test,miccai_2019:image:MICCAI-AP-00118,images/miccai_2019/MICCAI-AP-00118.jpg,MICCAI-2019,AP,17124,7,17,0.0769230769230769,107.99630379334008,0.9024349481527745,0.9999999999999999,0.9790515769273042,0.07661662877452968
test:17125,test,miccai_2019:image:MICCAI-AP-00118,images/miccai_2019/MICCAI-AP-00118.jpg,MICCAI-2019,AP,17125,8,17,0.0769230769230769,109.530213737997,0.9735179430834956,0.9456618407729529,0.9836482981208228,0.010130355037327177
test:17126,test,miccai_2019:image:MICCAI-AP-00118,images/miccai_2019/MICCAI-AP-00118.jpg,MICCAI-2019,AP,17126,9,17,0.0769230769230769,105.87373624532852,1.0361157749154666,1.043445099409746,1.0197118150853384,0.016403959830128212
test:17127,test,miccai_2019:image:MICCAI-AP-00118,images/miccai_2019/MICCAI-AP-00118.jpg,MICCAI-2019,AP,17127,10,17,0.0769230769230769,108.16353832836737,1.056892515405854,0.9930115808888652,1.0115057119324184,0.04538680347343549
test:17128,test,miccai_2019:image:MICCAI-AP-00118,images/miccai_2019/MICCAI-AP-00118.jpg,MICCAI-2019,AP,17128,11,17,0.0769230769230769,112.00734118604498,0.9384906649319094,1.097063943905189,1.0331083537762904,0.09461768884438104
test:17129,test,miccai_2019:image:MICCAI-AP-00118,images/miccai_2019/MICCAI-AP-00118.jpg,MICCAI-2019,AP,17129,12,17,0.0769230769230769,103.34612458002242,1.2718541442253186,1.0,1.0996391847729683,0.17221495945235032
test:17130,test,miccai_2019:image:MICCAI-AP-00118,images/miccai_2019/MICCAI-AP-00118.jpg,MICCAI-2019,AP,17130,13,17,0.0769230769230769,109.87959847036316,0.9244155099501477,1.0541274273206072,1.0108454772640543,0.08642996731390662
test:17131,test,miccai_2019:image:MICCAI-AP-00118,images/miccai_2019/MICCAI-AP-00118.jpg,MICCAI-2019,AP,17131,14,17,0.0769230769230769,108.63418074632806,0.9224812980221255,0.9951552835463633,1.0265834567307581,0.1041021587086326
test:17132,test,miccai_2019:image:MICCAI-AP-00118,images/miccai_2019/MICCAI-AP-00118.jpg,MICCAI-2019,AP,17132,15,17,0.0769230769230769,102.10070685598733,1.1228262405223204,0.9933330285823798,1.0344571414864516,0.08836909903586876
test:17137,test,miccai_2019:image:MICCAI-AP-00119,images/miccai_2019/MICCAI-AP-00119.jpg,MICCAI-2019,AP,17137,3,17,0.0769230769230769,89.95373149936208,1.3137623889088432,1.0031040928866939,1.0921447671558933,0.22161762175294997
test:17138,test,miccai_2019:image:MICCAI-AP-00119,images/miccai_2019/MICCAI-AP-00119.jpg,MICCAI-2019,AP,17138,4,17,0.0769230769230769,101.57852282973748,0.8149501073523511,1.0597902888422985,0.9853448549276371,0.17039474757528605
test:17139,test,miccai_2019:image:MICCAI-AP-00119,images/miccai_2019/MICCAI-AP-00119.jpg,MICCAI-2019,AP,17139,5,17,0.0769230769230769,103.98645621740312,0.934025818813137,0.905185137574978,0.9373615166893674,0.003335697876230448
test:17140,test,miccai_2019:image:MICCAI-AP-00119,images/miccai_2019/MICCAI-AP-00119.jpg,MICCAI-2019,AP,17140,6,17,0.0769230769230769,99.81319303968074,1.0566996010983287,1.0,1.0611996613442898,0.004500060245961057
test:17141,test,miccai_2019:image:MICCAI-AP-00119,images/miccai_2019/MICCAI-AP-00119.jpg,MICCAI-2019,AP,17141,7,17,0.0769230769230769,106.07113990257604,0.9663359068222458,1.0,1.0018221120117232,0.03548620518947743
test:17142,test,miccai_2019:image:MICCAI-AP-00119,images/miccai_2019/MICCAI-AP-00119.jpg,MICCAI-2019,AP,17142,8,17,0.0769230769230769,110.89659353246172,0.9618845370984865,0.9865991821331916,0.9945909486902891,0.03270641159180254
test:17143,test,miccai_2019:image:MICCAI-AP-00119,images/miccai_2019/MICCAI-AP-00119.jpg,MICCAI-2019,AP,17143,9,17,0.0769230769230769,113.12804228762514,1.0282209737157841,1.0,1.0222691111266613,0.005951862589122836
test:17144,test,miccai_2019:image:MICCAI-AP-00119,images/miccai_2019/MICCAI-AP-00119.jpg,MICCAI-2019,AP,17144,10,17,0.0769230769230769,124.67124331044567,0.9592137117113333,1.0,0.9854197185486555,0.026206006837322215
test:17145,test,miccai_2019:image:MICCAI-AP-00119,images/miccai_2019/MICCAI-AP-00119.jpg,MICCAI-2019,AP,17145,11,17,0.0769230769230769,122.10922662704436,1.0893678102772275,1.0497107075862,1.0468483803197155,0.04251942995751201
test:17146,test,miccai_2019:image:MICCAI-AP-00119,images/miccai_2019/MICCAI-AP-00119.jpg,MICCAI-2019,AP,17146,12,17,0.0769230769230769,122.10922662704436,1.1200821027981647,1.0550142489514962,1.0376148522041455,0.08246725059401916
test:17147,test,miccai_2019:image:MICCAI-AP-00119,images/miccai_2019/MICCAI-AP-00119.jpg,MICCAI-2019,AP,17147,13,17,0.0769230769230769,121.42158550983652,1.0264409469806568,1.0154441176598894,1.014753009137884,0.011687937842772778
test:17148,test,miccai_2019:image:MICCAI-AP-00119,images/miccai_2019/MICCAI-AP-00119.jpg,MICCAI-2019,AP,17148,14,17,0.0769230769230769,119.18873710623616,0.9214067776927388,0.9636393354505759,1.0131492146522265,0.0917424369594877
test:17149,test,miccai_2019:image:MICCAI-AP-00119,images/miccai_2019/MICCAI-AP-00119.jpg,MICCAI-2019,AP,17149,15,17,0.0769230769230769,111.78334859609348,0.9400132035904709,1.0,1.036507435142994,0.09649423155252301
test:17205,test,miccai_2019:image:MICCAI-AP-00123,images/miccai_2019/MICCAI-AP-00123.jpg,MICCAI-2019,AP,17205,3,17,0.0769230769230769,67.41823890375491,0.9248229350931452,1.1409393317528487,1.0688792980738402,0.14405636298069502
test:17206,test,miccai_2019:image:MICCAI-AP-00123,images/miccai_2019/MICCAI-AP-00123.jpg,MICCAI-2019,AP,17206,4,17,0.0769230769230769,69.77963254622173,1.0365270662567336,0.8832652152256588,0.9732657775954823,0.06326128866125136
test:17207,test,miccai_2019:image:MICCAI-AP-00123,images/miccai_2019/MICCAI-AP-00123.jpg,MICCAI-2019,AP,17207,5,17,0.0769230769230769,70.5936595515294,0.8629374241799115,1.0591447607919795,1.0431904097393376,0.18025298555942615
test:17208,test,miccai_2019:image:MICCAI-AP-00123,images/miccai_2019/MICCAI-AP-00123.jpg,MICCAI-2019,AP,17208,6,17,0.0769230769230769,70.5936595515294,1.093714818032681,0.9191813603143166,0.9779638521472882,0.1157509658853928
test:17209,test,miccai_2019:image:MICCAI-AP-00123,images/miccai_2019/MICCAI-AP-00123.jpg,MICCAI-2019,AP,17209,7,17,0.0769230769230769,75.16611620915387,0.9160888545025685,1.0,1.007729054428637,0.09164019992606853
test:17210,test,miccai_2019:image:MICCAI-AP-00123,images/miccai_2019/MICCAI-AP-00123.jpg,MICCAI-2019,AP,17210,8,17,0.0769230769230769,79.23353106039035,0.9228782300755067,0.9473045685112362,0.9629561950236445,0.040077964948137756
test:17211,test,miccai_2019:image:MICCAI-AP-00123,images/miccai_2019/MICCAI-AP-00123.jpg,MICCAI-2019,AP,17211,9,17,0.0769230769230769,77.5477945755955,1.047840638857971,1.0,1.0276090614497662,0.020231577408204915
test:17212,test,miccai_2019:image:MICCAI-AP-00123,images/miccai_2019/MICCAI-AP-00123.jpg,MICCAI-2019,AP,17212,10,17,0.0769230769230769,83.60677271155527,0.9804551184669261,1.0096977368017608,1.0161849075017446,0.03572978903481849
test:17213,test,miccai_2019:image:MICCAI-AP-00123,images/miccai_2019/MICCAI-AP-00123.jpg,MICCAI-2019,AP,17213,11,17,0.0769230769230769,81.615209426832,1.0730525398541988,1.0287819159925393,1.0154210319519452,0.057631507902253576
test:17214,test,miccai_2019:image:MICCAI-AP-00123,images/miccai_2019/MICCAI-AP-00123.jpg,MICCAI-2019,AP,17214,12,17,0.0769230769230769,81.63729737012834,1.0528988291134154,1.0091840286001854,1.1028292957887345,0.049930466675319085
test:17215,test,miccai_2019:image:MICCAI-AP-00123,images/miccai_2019/MICCAI-AP-00123.jpg,MICCAI-2019,AP,17215,13,17,0.0769230769230769,86.76661128959313,0.8897052031245978,0.9638368885438094,0.9889894507299314,0.09928424760533361
test:17216,test,miccai_2019:image:MICCAI-AP-00123,images/miccai_2019/MICCAI-AP-00123.jpg,MICCAI-2019,AP,17216,14,17,0.0769230769230769,81.57626016741615,0.9966368442223054,1.0352983330110805,1.1405853633503216,0.1439485191280162
test:17217,test,miccai_2019:image:MICCAI-AP-00123,images/miccai_2019/MICCAI-AP-00123.jpg,MICCAI-2019,AP,17217,15,17,0.0769230769230769,74.81839790758958,1.2258325408230137,1.0274344351769025,1.2504181083918149,0.024585567568801148
test:17426,test,miccai_2019:image:MICCAI-AP-00136,images/miccai_2019/MICCAI-AP-00136.jpg,MICCAI-2019,AP,17426,3,17,0.0769230769230769,41.10371180296613,1.0288994870987096,1.0290181086464059,1.0727493100865018,0.043849822987792164
test:17427,test,miccai_2019:image:MICCAI-AP-00136,images/miccai_2019/MICCAI-AP-00136.jpg,MICCAI-2019,AP,17427,4,17,0.0769230769230769,45.50690144967072,0.8325762282764742,0.9516254070179937,0.9875445964711187,0.15496836819464455
test:17428,test,miccai_2019:image:MICCAI-AP-00136,images/miccai_2019/MICCAI-AP-00136.jpg,MICCAI-2019,AP,17428,5,17,0.0769230769230769,44.49296582742512,0.9961003590616571,0.9505132604613353,1.0513379443659832,0.0552375853043261
test:17429,test,miccai_2019:image:MICCAI-AP-00136,images/miccai_2019/MICCAI-AP-00136.jpg,MICCAI-2019,AP,17429,6,17,0.0769230769230769,47.10163932204623,0.9913528347424128,1.0,1.080153375864029,0.08880054112161617
test:17430,test,miccai_2019:image:MICCAI-AP-00136,images/miccai_2019/MICCAI-AP-00136.jpg,MICCAI-2019,AP,17430,7,17,0.0769230769230769,48.95630641972532,1.0189457305050533,1.027677625951286,1.052692715612169,0.03374698510711571
test:17431,test,miccai_2019:image:MICCAI-AP-00136,images/miccai_2019/MICCAI-AP-00136.jpg,MICCAI-2019,AP,17431,8,17,0.0769230769230769,50.551044292100826,1.0668079879615013,1.0,1.011890534311533,0.05491745364996836
test:17432,test,miccai_2019:image:MICCAI-AP-00136,images/miccai_2019/MICCAI-AP-00136.jpg,MICCAI-2019,AP,17432,9,17,0.0769230769230769,55.86674318213922,0.9167935386808097,0.9999999999999999,0.9937989553436636,0.07700541666285388
test:17433,test,miccai_2019:image:MICCAI-AP-00136,images/miccai_2019/MICCAI-AP-00136.jpg,MICCAI-2019,AP,17433,10,17,0.0769230769230769,58.12025397151926,0.9945797646031618,0.9766863658629967,0.9995600021981312,0.004980237594969461
test:17434,test,miccai_2019:image:MICCAI-AP-00136,images/miccai_2019/MICCAI-AP-00136.jpg,MICCAI-2019,AP,17434,11,17,0.0769230769230769,60.70411297291386,1.0264914029834087,1.055682641744983,1.0202906553748963,0.006200747608512414
test:17435,test,miccai_2019:image:MICCAI-AP-00136,images/miccai_2019/MICCAI-AP-00136.jpg,MICCAI-2019,AP,17435,12,17,0.0769230769230769,61.95848552291605,1.1356528099184886,1.0161259306283126,1.0192479069033096,0.11640490301517903
test:17436,test,miccai_2019:image:MICCAI-AP-00136,images/miccai_2019/MICCAI-AP-00136.jpg,MICCAI-2019,AP,17436,13,17,0.0769230769230769,65.28560716935894,0.9742269420450371,1.0106978770485702,1.0334428083291831,0.05921586628414599
test:17437,test,miccai_2019:image:MICCAI-AP-00136,images/miccai_2019/MICCAI-AP-00136.jpg,MICCAI-2019,AP,17437,14,17,0.0769230769230769,69.31114621434091,0.8888140554319097,0.9512320087065828,0.9807365295251739,0.09192247409326415
test:17438,test,miccai_2019:image:MICCAI-AP-00136,images/miccai_2019/MICCAI-AP-00136.jpg,MICCAI-2019,AP,17438,15,17,0.0769230769230769,62.60385919278026,1.0903315726286746,1.0764420263697545,1.0833647594084184,0.006966813220256274
test:17511,test,miccai_2019:image:MICCAI-AP-00141,images/miccai_2019/MICCAI-AP-00141.jpg,MICCAI-2019,AP,17511,3,17,0.0769230769230769,78.78213188553548,1.1430283340129492,1.0401774161603832,1.0717906207886123,0.07123771322433692
test:17512,test,miccai_2019:image:MICCAI-AP-00141,images/miccai_2019/MICCAI-AP-00141.jpg,MICCAI-2019,AP,17512,4,17,0.0769230769230769,88.066518762249,1.0951780736552594,1.0229097667612912,1.0668258171059968,0.028352256549262655
test:17513,test,miccai_2019:image:MICCAI-AP-00141,images/miccai_2019/MICCAI-AP-00141.jpg,MICCAI-2019,AP,17513,5,17,0.0769230769230769,93.24936466533836,0.9664194034721141,0.9787270379376598,0.9797018851161003,0.013282481643986266
test:17514,test,miccai_2019:image:MICCAI-AP-00141,images/miccai_2019/MICCAI-AP-00141.jpg,MICCAI-2019,AP,17514,6,17,0.0769230769230769,94.23222783799795,0.9135179178123403,1.0114857125655863,0.9758306387440416,0.06231272093170137
test:17515,test,miccai_2019:image:MICCAI-AP-00141,images/miccai_2019/MICCAI-AP-00141.jpg,MICCAI-2019,AP,17515,7,17,0.0769230769230769,89.1932587336369,1.1268913177491635,0.9983869094955042,1.0212230712728814,0.10566824647628215
test:17516,test,miccai_2019:image:MICCAI-AP-00141,images/miccai_2019/MICCAI-AP-00141.jpg,MICCAI-2019,AP,17516,8,17,0.0769230769230769,90.17072952607248,1.02046346733643,1.046789972500717,0.9839778602289313,0.0364856071074986
test:17517,test,miccai_2019:image:MICCAI-AP-00141,images/miccai_2019/MICCAI-AP-00141.jpg,MICCAI-2019,AP,17517,9,17,0.0769230769230769,96.29202291379563,0.9166753322055063,0.9558884873990856,1.0048453435306393,0.08817001132513291
test:17518,test,miccai_2019:image:MICCAI-AP-00141,images/miccai_2019/MICCAI-AP-00141.jpg,MICCAI-2019,AP,17518,10,17,0.0769230769230769,100.27652501246124,0.918190343626879,0.9813146037384036,1.0452536833806993,0.12706333975382034
test:17519,test,miccai_2019:image:MICCAI-AP-00141,images/miccai_2019/MICCAI-AP-00141.jpg,MICCAI-2019,AP,17519,11,17,0.0769230769230769,105.360291425724,1.0301519979849976,1.0570068469482012,1.0881694069343157,0.05801740894931817
test:17520,test,miccai_2019:image:MICCAI-AP-00141,images/miccai_2019/MICCAI-AP-00141.jpg,MICCAI-2019,AP,17520,12,17,0.0769230769230769,108.9910612499927,1.1988153928357486,1.0422173984155663,1.007192427645684,0.1916229651900645
test:17521,test,miccai_2019:image:MICCAI-AP-00141,images/miccai_2019/MICCAI-AP-00141.jpg,MICCAI-2019,AP,17521,13,17,0.0769230769230769,116.27096264508242,1.0204409010934166,1.0325242185377415,1.0102191434585388,0.01022175763487776
test:17522,test,miccai_2019:image:MICCAI-AP-00141,images/miccai_2019/MICCAI-AP-00141.jpg,MICCAI-2019,AP,17522,14,17,0.0769230769230769,126.87853970933288,0.8625966852252767,0.9526613561167718,0.9941947070612909,0.1315980218360142
test:17523,test,miccai_2019:image:MICCAI-AP-00141,images/miccai_2019/MICCAI-AP-00141.jpg,MICCAI-2019,AP,17523,15,17,0.0769230769230769,126.38103914553304,0.9740141269840279,1.0139147639844301,1.014337454397391,0.0403233274133632
test:17545,test,miccai_2019:image:MICCAI-AP-00143,images/miccai_2019/MICCAI-AP-00143.jpg,MICCAI-2019,AP,17545,3,17,0.0769230769230769,63.65878389052131,1.204241725134573,1.0974168028952986,1.1282633614065558,0.07597836372801714
test:17546,test,miccai_2019:image:MICCAI-AP-00143,images/miccai_2019/MICCAI-AP-00143.jpg,MICCAI-2019,AP,17546,4,17,0.0769230769230769,70.39311220284716,1.0871593638097918,0.9999999999999999,1.1376395374536514,0.050480173643859594
test:17547,test,miccai_2019:image:MICCAI-AP-00143,images/miccai_2019/MICCAI-AP-00143.jpg,MICCAI-2019,AP,17547,5,17,0.0769230769230769,78.88491196052243,0.8129014672095386,1.0775932439204219,1.003335378372288,0.19043391116274944
test:17548,test,miccai_2019:image:MICCAI-AP-00143,images/miccai_2019/MICCAI-AP-00143.jpg,MICCAI-2019,AP,17548,6,17,0.0769230769230769,78.81889563389655,1.186050178969913,0.9213204504713922,1.0382073493466288,0.1478428296232841
test:17549,test,miccai_2019:image:MICCAI-AP-00143,images/miccai_2019/MICCAI-AP-00143.jpg,MICCAI-2019,AP,17549,7,17,0.0769230769230769,81.83733093559785,0.9911034397319688,1.079910357015501,1.0140414875916348,0.022938047859666022
test:17550,test,miccai_2019:image:MICCAI-AP-00143,images/miccai_2019/MICCAI-AP-00143.jpg,MICCAI-2019,AP,17550,8,17,0.0769230769230769,87.29621273077419,0.9538878567359127,0.9250866661028245,0.9450272249237874,0.008860631812125264
test:17551,test,miccai_2019:image:MICCAI-AP-00143,images/miccai_2019/MICCAI-AP-00143.jpg,MICCAI-2019,AP,17551,9,17,0.0769230769230769,92.00845061159886,0.8738747807817041,1.0260053915639578,0.9833966349919496,0.10952185421024552
test:17552,test,miccai_2019:image:MICCAI-AP-00143,images/miccai_2019/MICCAI-AP-00143.jpg,MICCAI-2019,AP,17552,10,17,0.0769230769230769,91.98191402942768,1.1473074532588006,0.9847042784443326,1.0303627439191767,0.11694470933962386
test:17553,test,miccai_2019:image:MICCAI-AP-00143,images/miccai_2019/MICCAI-AP-00143.jpg,MICCAI-2019,AP,17553,11,17,0.0769230769230769,99.85282798187568,1.0089459256833835,1.0326425925780458,1.0336547490626944,0.024708823379310907
test:17554,test,miccai_2019:image:MICCAI-AP-00143,images/miccai_2019/MICCAI-AP-00143.jpg,MICCAI-2019,AP,17554,12,17,0.0769230769230769,103.13881974562491,0.976286436516123,0.968397396929527,1.0111186460926778,0.03483220957655475
test:17555,test,miccai_2019:image:MICCAI-AP-00143,images/miccai_2019/MICCAI-AP-00143.jpg,MICCAI-2019,AP,17555,13,17,0.0769230769230769,111.91946118903893,0.8846774646330547,0.9997628957297575,1.0298038229610693,0.14512635832801457
test:17556,test,miccai_2019:image:MICCAI-AP-00143,images/miccai_2019/MICCAI-AP-00143.jpg,MICCAI-2019,AP,17556,14,17,0.0769230769230769,112.36454989860268,1.0954773416427073,0.9925225276582572,1.0853922043078277,0.01008513733487959
test:17557,test,miccai_2019:image:MICCAI-AP-00143,images/miccai_2019/MICCAI-AP-00143.jpg,MICCAI-2019,AP,17557,15,17,0.0769230769230769,131.19258725481183,0.9454502849338472,1.0033156950749753,0.9831374292053578,0.03768714427151065
test:17715,test,miccai_2019:image:MICCAI-AP-00153,images/miccai_2019/MICCAI-AP-00153.jpg,MICCAI-2019,AP,17715,3,17,0.0769230769230769,81.109468377529,1.0090997460510611,1.0687340732678794,1.0345089893803023,0.025409243329241216
test:17716,test,miccai_2019:image:MICCAI-AP-00153,images/miccai_2019/MICCAI-AP-00153.jpg,MICCAI-2019,AP,17716,4,17,0.0769230769230769,81.07702862396394,1.2101890098633192,1.041084679076037,1.0327950075730297,0.17739400229028957
test:17717,test,miccai_2019:image:MICCAI-AP-00153,images/miccai_2019/MICCAI-AP-00153.jpg,MICCAI-2019,AP,17717,5,17,0.0769230769230769,88.6283591883014,0.9812723772078447,1.0065911404262637,0.9986512010391211,0.017378823831276424
test:17718,test,miccai_2019:image:MICCAI-AP-00153,images/miccai_2019/MICCAI-AP-00153.jpg,MICCAI-2019,AP,17718,6,17,0.0769230769230769,96.08983292299185,0.8357441246691095,0.9489960050684959,0.9316717884046585,0.09592766373554895
test:17719,test,miccai_2019:image:MICCAI-AP-00153,images/miccai_2019/MICCAI-AP-00153.jpg,MICCAI-2019,AP,17719,7,17,0.0769230769230769,91.8695260601086,1.0385290806015175,0.9637417994376635,0.980827655264399,0.05770142533711853
test:17720,test,miccai_2019:image:MICCAI-AP-00153,images/miccai_2019/MICCAI-AP-00153.jpg,MICCAI-2019,AP,17720,8,17,0.0769230769230769,92.57804838056404,1.045285498066279,1.0499941470563368,1.054577797324951,0.009292299258672143
test:17721,test,miccai_2019:image:MICCAI-AP-00153,images/miccai_2019/MICCAI-AP-00153.jpg,MICCAI-2019,AP,17721,9,17,0.0769230769230769,93.33605615979008,1.0607223781449107,0.9991712817755709,1.004584203085042,0.05613817505986862
test:17722,test,miccai_2019:image:MICCAI-AP-00153,images/miccai_2019/MICCAI-AP-00153.jpg,MICCAI-2019,AP,17722,10,17,0.0769230769230769,94.01671464828016,0.9545847529598614,1.011876356525283,1.0050467292013874,0.05046197624152593
test:17723,test,miccai_2019:image:MICCAI-AP-00153,images/miccai_2019/MICCAI-AP-00153.jpg,MICCAI-2019,AP,17723,11,17,0.0769230769230769,89.92589689003606,1.014868253098185,0.9912853644831239,1.0050694452269135,0.009798807871271409
test:17724,test,miccai_2019:image:MICCAI-AP-00153,images/miccai_2019/MICCAI-AP-00153.jpg,MICCAI-2019,AP,17724,12,17,0.0769230769230769,90.68390466926208,0.9763312348151066,0.9999999999999998,1.1368631571531294,0.16053192233802271
test:17725,test,miccai_2019:image:MICCAI-AP-00153,images/miccai_2019/MICCAI-AP-00153.jpg,MICCAI-2019,AP,17725,13,17,0.0769230769230769,95.768899376416,0.940857335107215,0.985770906425633,0.989764268148311,0.048906933041095946
test:17726,test,miccai_2019:image:MICCAI-AP-00153,images/miccai_2019/MICCAI-AP-00153.jpg,MICCAI-2019,AP,17726,14,17,0.0769230769230769,98.75521864836448,1.0153879687594034,1.0,0.9947035321965814,0.02068443656282204
test:17727,test,miccai_2019:image:MICCAI-AP-00153,images/miccai_2019/MICCAI-AP-00153.jpg,MICCAI-2019,AP,17727,15,17,0.0769230769230769,95.18986616059968,1.1283298335778076,1.2234545239196741,1.2095496580885374,0.08121982451072984
test:17766,test,miccai_2019:image:MICCAI-AP-00156,images/miccai_2019/MICCAI-AP-00156.jpg,MICCAI-2019,AP,17766,3,17,0.0769230769230769,66.37241449867724,1.2497404405561885,1.0,1.0703304782509804,0.17940996230520811
test:17767,test,miccai_2019:image:MICCAI-AP-00156,images/miccai_2019/MICCAI-AP-00156.jpg,MICCAI-2019,AP,17767,4,17,0.0769230769230769,86.267667460414,0.8973773760260666,1.0511227658473525,1.017459310450462,0.1200819344243953
test:17768,test,miccai_2019:image:MICCAI-AP-00156,images/miccai_2019/MICCAI-AP-00156.jpg,MICCAI-2019,AP,17768,5,17,0.0769230769230769,86.267667460414,1.1407231794829953,0.9679275119071784,1.0417267420655074,0.09899643741748787
test:17769,test,miccai_2019:image:MICCAI-AP-00156,images/miccai_2019/MICCAI-AP-00156.jpg,MICCAI-2019,AP,17769,6,17,0.0769230769230769,95.15737991552504,0.9414618652174231,1.0227675611992524,0.9847989405413315,0.0433370753239084
test:17770,test,miccai_2019:image:MICCAI-AP-00156,images/miccai_2019/MICCAI-AP-00156.jpg,MICCAI-2019,AP,17770,7,17,0.0769230769230769,96.24102644123796,0.999991775018743,0.9541750340072612,0.926359014054964,0.07363276096377902
test:17771,test,miccai_2019:image:MICCAI-AP-00156,images/miccai_2019/MICCAI-AP-00156.jpg,MICCAI-2019,AP,17771,8,17,0.0769230769230769,92.91363962253624,1.0124942403788142,1.0659338403738705,1.04379848020744,0.031304239828625846
test:17772,test,miccai_2019:image:MICCAI-AP-00156,images/miccai_2019/MICCAI-AP-00156.jpg,MICCAI-2019,AP,17772,9,17,0.0769230769230769,94.92495771267376,1.072840620688857,0.8851728544462957,0.9886020080078878,0.08423861268096922
test:17773,test,miccai_2019:image:MICCAI-AP-00156,images/miccai_2019/MICCAI-AP-00156.jpg,MICCAI-2019,AP,17773,10,17,0.0769230769230769,98.8073705031126,0.7486836883353921,1.0,1.027899919077754,0.2792162307423619
test:17774,test,miccai_2019:image:MICCAI-AP-00156,images/miccai_2019/MICCAI-AP-00156.jpg,MICCAI-2019,AP,17774,11,17,0.0769230769230769,106.8838816923637,0.8960695376928796,0.8696534803604201,0.9601657039021567,0.06409616620927716
test:17775,test,miccai_2019:image:MICCAI-AP-00156,images/miccai_2019/MICCAI-AP-00156.jpg,MICCAI-2019,AP,17775,12,17,0.0769230769230769,103.03955488545182,1.0862664629891778,1.0981215585403636,1.0002190966539577,0.08604736633522014
test:17776,test,miccai_2019:image:MICCAI-AP-00156,images/miccai_2019/MICCAI-AP-00156.jpg,MICCAI-2019,AP,17776,13,17,0.0769230769230769,111.11606607470291,1.1746683207951896,1.0000000000000002,0.9807174596935513,0.19395086110163828
test:17777,test,miccai_2019:image:MICCAI-AP-00156,images/miccai_2019/MICCAI-AP-00156.jpg,MICCAI-2019,AP,17777,14,17,0.0769230769230769,124.5171132333546,0.8858518837429941,1.0,0.9845207929611206,0.09866890921812654
test:17778,test,miccai_2019:image:MICCAI-AP-00156,images/miccai_2019/MICCAI-AP-00156.jpg,MICCAI-2019,AP,17778,15,17,0.0769230769230769,120.41412103267275,0.9841844353555056,1.0434492054902011,1.0619041353039438,0.07771969994843819
test:17834,test,miccai_2019:image:MICCAI-AP-00160,images/miccai_2019/MICCAI-AP-00160.jpg,MICCAI-2019,AP,17834,3,17,0.0769230769230769,79.63128313585474,1.4272156821627144,1.0,1.181086927652359,0.24612875451035543
test:17835,test,miccai_2019:image:MICCAI-AP-00160,images/miccai_2019/MICCAI-AP-00160.jpg,MICCAI-2019,AP,17835,4,17,0.0769230769230769,105.60883557152076,0.8405423875875256,1.0417916997033752,0.9985582529265082,0.1580158653389826
test:17836,test,miccai_2019:image:MICCAI-AP-00160,images/miccai_2019/MICCAI-AP-00160.jpg,MICCAI-2019,AP,17836,5,17,0.0769230769230769,109.23744334000308,0.9739682410372277,0.8861090459470011,0.9464081742409922,0.02756006679623546
test:17837,test,miccai_2019:image:MICCAI-AP-00160,images/miccai_2019/MICCAI-AP-00160.jpg,MICCAI-2019,AP,17837,6,17,0.0769230769230769,102.85525165573212,1.019139702741013,1.0740667914114077,1.0185723860821803,0.000567316658832695
test:17838,test,miccai_2019:image:MICCAI-AP-00160,images/miccai_2019/MICCAI-AP-00160.jpg,MICCAI-2019,AP,17838,7,17,0.0769230769230769,105.60883557152076,1.084691627231564,0.9664938177721116,0.9918986733810518,0.09279295385051234
test:17839,test,miccai_2019:image:MICCAI-AP-00160,images/miccai_2019/MICCAI-AP-00160.jpg,MICCAI-2019,AP,17839,8,17,0.0769230769230769,116.94032250454288,0.8492939017022072,1.0310727602121479,1.023426088250155,0.1741321865479477
test:17840,test,miccai_2019:image:MICCAI-AP-00160,images/miccai_2019/MICCAI-AP-00160.jpg,MICCAI-2019,AP,17840,9,17,0.0769230769230769,113.57745968532043,1.114613259130448,0.9625339775821691,1.0109530135533338,0.10366024557711428
test:17841,test,miccai_2019:image:MICCAI-AP-00160,images/miccai_2019/MICCAI-AP-00160.jpg,MICCAI-2019,AP,17841,10,17,0.0769230769230769,119.59842108407472,0.9977357913370599,0.9999999999999999,0.9488806091248988,0.04885518221216112
test:17842,test,miccai_2019:image:MICCAI-AP-00160,images/miccai_2019/MICCAI-AP-00160.jpg,MICCAI-2019,AP,17842,11,17,0.0769230769230769,125.40493299210613,0.8979064617149097,0.9809864348543411,0.9955838014183169,0.0976773397034072
test:17843,test,miccai_2019:image:MICCAI-AP-00160,images/miccai_2019/MICCAI-AP-00160.jpg,MICCAI-2019,AP,17843,12,17,0.0769230769230769,115.96476248375976,1.092689263886612,1.021072341601624,1.0493924454853674,0.04329681840124455
test:17844,test,miccai_2019:image:MICCAI-AP-00160,images/miccai_2019/MICCAI-AP-00160.jpg,MICCAI-2019,AP,17844,13,17,0.0769230769230769,119.6576753098513,1.038085715429018,0.9901456419120591,1.0211597602556508,0.016925955173367147
test:17845,test,miccai_2019:image:MICCAI-AP-00160,images/miccai_2019/MICCAI-AP-00160.jpg,MICCAI-2019,AP,17845,14,17,0.0769230769230769,125.4641872178827,0.8786858062702727,1.0587026068921583,1.096138585543205,0.21745277927293238
test:17846,test,miccai_2019:image:MICCAI-AP-00160,images/miccai_2019/MICCAI-AP-00160.jpg,MICCAI-2019,AP,17846,15,17,0.0769230769230769,98.94016346132295,1.4295872952852813,0.9623833761563548,1.0764638946404705,0.35312340064481074
test:18259,test,miccai_2019:image:MICCAI-AP-00185,images/miccai_2019/MICCAI-AP-00185.jpg,MICCAI-2019,AP,18259,3,17,0.0769230769230769,69.06457105878808,0.8972118623511309,0.9843769688844664,0.9839166314444487,0.08670476909331781
test:18260,test,miccai_2019:image:MICCAI-AP-00185,images/miccai_2019/MICCAI-AP-00185.jpg,MICCAI-2019,AP,18260,4,17,0.0769230769230769,70.50798723426365,0.9749353740502277,0.9626647766520697,0.981362481771918,0.006427107721690306
test:18261,test,miccai_2019:image:MICCAI-AP-00185,images/miccai_2019/MICCAI-AP-00185.jpg,MICCAI-2019,AP,18261,5,17,0.0769230769230769,71.77101711415551,1.0280690188160742,1.0,1.0512838251888752,0.023214806372801045
test:18262,test,miccai_2019:image:MICCAI-AP-00185,images/miccai_2019/MICCAI-AP-00185.jpg,MICCAI-2019,AP,18262,6,17,0.0769230769230769,76.45993681408353,0.9783071558433135,1.0,1.0152375409379601,0.036930385094646634
test:18263,test,miccai_2019:image:MICCAI-AP-00185,images/miccai_2019/MICCAI-AP-00185.jpg,MICCAI-2019,AP,18263,7,17,0.0769230769230769,79.79222303179976,0.9917547284357271,1.0,0.9864374650642276,0.005317263371499514
test:18264,test,miccai_2019:image:MICCAI-AP-00185,images/miccai_2019/MICCAI-AP-00185.jpg,MICCAI-2019,AP,18264,8,17,0.0769230769230769,84.49890814529215,1.003363766514866,1.0,1.0113894678652287,0.008025701350362624
test:18265,test,miccai_2019:image:MICCAI-AP-00185,images/miccai_2019/MICCAI-AP-00185.jpg,MICCAI-2019,AP,18265,9,17,0.0769230769230769,88.72543216987337,1.0128268705904575,1.0,0.9996182846662123,0.01320858592424523
test:18266,test,miccai_2019:image:MICCAI-AP-00185,images/miccai_2019/MICCAI-AP-00185.jpg,MICCAI-2019,AP,18266,10,17,0.0769230769230769,96.84495794997252,0.9568667647577727,1.0,0.9934109686873853,0.03654420392961266
test:18267,test,miccai_2019:image:MICCAI-AP-00185,images/miccai_2019/MICCAI-AP-00185.jpg,MICCAI-2019,AP,18267,11,17,0.0769230769230769,101.05131562737884,1.0274622695304674,1.0154654801897083,1.0090632628723357,0.018399006658131656
test:18268,test,miccai_2019:image:MICCAI-AP-00185,images/miccai_2019/MICCAI-AP-00185.jpg,MICCAI-2019,AP,18268,12,17,0.0769230769230769,98.24706784511947,1.1456883789699264,1.0853317479550877,1.0665414693713227,0.07914690959860371
test:18269,test,miccai_2019:image:MICCAI-AP-00185,images/miccai_2019/MICCAI-AP-00185.jpg,MICCAI-2019,AP,18269,13,17,0.0769230769230769,96.42997111647992,1.1348640717301066,1.0260854723119248,1.0330519872904826,0.10181208443962397
test:18270,test,miccai_2019:image:MICCAI-AP-00185,images/miccai_2019/MICCAI-AP-00185.jpg,MICCAI-2019,AP,18270,14,17,0.0769230769230769,100.09308405944066,0.852509060141059,0.9914193356237146,1.0928610766133997,0.24035201647234072
test:18271,test,miccai_2019:image:MICCAI-AP-00185,images/miccai_2019/MICCAI-AP-00185.jpg,MICCAI-2019,AP,18271,15,17,0.0769230769230769,100.09308405944066,0.8895072918978169,0.8795888403957234,0.9923721606438504,0.10286486874603351
test:19092,test,miccai_2019:image:MICCAI-AP-00234,images/miccai_2019/MICCAI-AP-00234.jpg,MICCAI-2019,AP,19092,3,17,0.0769230769230769,65.6363879664541,0.9202801871382079,1.0,0.9251473024487495,0.004867115310541625
test:19093,test,miccai_2019:image:MICCAI-AP-00234,images/miccai_2019/MICCAI-AP-00234.jpg,MICCAI-2019,AP,19093,4,17,0.0769230769230769,79.53817404737909,0.9647586187871882,1.0,0.9615529589354992,0.003205659851688969
test:19094,test,miccai_2019:image:MICCAI-AP-00234,images/miccai_2019/MICCAI-AP-00234.jpg,MICCAI-2019,AP,19094,5,17,0.0769230769230769,70.7345567256792,1.3949685311040072,1.254113233133085,1.1634721667010859,0.23149636440292132
test:19095,test,miccai_2019:image:MICCAI-AP-00234,images/miccai_2019/MICCAI-AP-00234.jpg,MICCAI-2019,AP,19095,6,17,0.0769230769230769,72.3728503719669,1.3911729026379314,1.1289209584162105,1.1366182063162793,0.25455469632165206
test:19096,test,miccai_2019:image:MICCAI-AP-00234,images/miccai_2019/MICCAI-AP-00234.jpg,MICCAI-2019,AP,19096,7,17,0.0769230769230769,83.34152125152158,0.7767313764430729,1.0120628205487634,0.933429176861992,0.15669780041891912
test:19097,test,miccai_2019:image:MICCAI-AP-00234,images/miccai_2019/MICCAI-AP-00234.jpg,MICCAI-2019,AP,19097,8,17,0.0769230769230769,67.01047591508551,1.014924321613701,0.9849929871706885,1.0137394784687679,0.0011848431449330565
test:19098,test,miccai_2019:image:MICCAI-AP-00234,images/miccai_2019/MICCAI-AP-00234.jpg,MICCAI-2019,AP,19098,9,17,0.0769230769230769,67.37789523459764,0.9984835966731109,1.0,1.0162197016179562,0.017736104944845232
test:19099,test,miccai_2019:image:MICCAI-AP-00234,images/miccai_2019/MICCAI-AP-00234.jpg,MICCAI-2019,AP,19099,10,17,0.0769230769230769,72.54414363284651,0.9200636373608662,0.9949352311418592,0.9749606343434393,0.05489699698257311
test:19100,test,miccai_2019:image:MICCAI-AP-00234,images/miccai_2019/MICCAI-AP-00234.jpg,MICCAI-2019,AP,19100,11,17,0.0769230769230769,75.57412052714874,1.0198957648322846,0.996490236959829,1.0375755435148617,0.017679778682577085
test:19101,test,miccai_2019:image:MICCAI-AP-00234,images/miccai_2019/MICCAI-AP-00234.jpg,MICCAI-2019,AP,19101,12,17,0.0769230769230769,85.02555072558073,0.9864389841459565,1.001597869768991,0.999568185163914,0.013129201017957448
test:19102,test,miccai_2019:image:MICCAI-AP-00234,images/miccai_2019/MICCAI-AP-00234.jpg,MICCAI-2019,AP,19102,13,17,0.0769230769230769,88.4229469393951,1.0545350357153354,1.0,1.0024785050190985,0.052056530696236836
test:19103,test,miccai_2019:image:MICCAI-AP-00234,images/miccai_2019/MICCAI-AP-00234.jpg,MICCAI-2019,AP,19103,14,17,0.0769230769230769,93.39941709510458,0.9954385036464102,1.0,1.056247603148222,0.06080909950181179
test:19104,test,miccai_2019:image:MICCAI-AP-00234,images/miccai_2019/MICCAI-AP-00234.jpg,MICCAI-2019,AP,19104,15,17,0.0769230769230769,97.71861231690345,0.957378911378953,0.9986096839294487,1.0522817293987328,0.09490281801977973
test:19160,test,miccai_2019:image:MICCAI-AP-00238,images/miccai_2019/MICCAI-AP-00238.jpg,MICCAI-2019,AP,19160,3,17,0.0769230769230769,74.80504917538627,0.9703687743414667,1.0485872576264086,0.9757742831734362,0.005405508831969441
test:19161,test,miccai_2019:image:MICCAI-AP-00238,images/miccai_2019/MICCAI-AP-00238.jpg,MICCAI-2019,AP,19161,4,17,0.0769230769230769,79.54424194143637,0.7933961882148138,0.9999999999999998,0.9920644825324414,0.19866829431762756
test:19162,test,miccai_2019:image:MICCAI-AP-00238,images/miccai_2019/MICCAI-AP-00238.jpg,MICCAI-2019,AP,19162,5,17,0.0769230769230769,68.57419113249554,1.2614075145686972,0.9308895564383213,1.0257354697889034,0.23567204477979375
test:19163,test,miccai_2019:image:MICCAI-AP-00238,images/miccai_2019/MICCAI-AP-00238.jpg,MICCAI-2019,AP,19163,6,17,0.0769230769230769,82.32254629042411,0.7842310678092819,1.0258196123065637,0.9483352579297708,0.16410419012048894
test:19164,test,miccai_2019:image:MICCAI-AP-00238,images/miccai_2019/MICCAI-AP-00238.jpg,MICCAI-2019,AP,19164,7,17,0.0769230769230769,82.11774022611158,1.0033905562012029,0.8938922668796279,0.9949190179806449,0.008471538220558017
test:19165,test,miccai_2019:image:MICCAI-AP-00238,images/miccai_2019/MICCAI-AP-00238.jpg,MICCAI-2019,AP,19165,8,17,0.0769230769230769,82.19135897515145,1.000700421150722,1.0000000000000002,0.9994975549052472,0.0012028662454748318
test:19166,test,miccai_2019:image:MICCAI-AP-00238,images/miccai_2019/MICCAI-AP-00238.jpg,MICCAI-2019,AP,19166,9,17,0.0769230769230769,89.08002316523675,0.9203696855664263,1.0507847208381322,0.9824134547114995,0.06204376914507326
test:19167,test,miccai_2019:image:MICCAI-AP-00238,images/miccai_2019/MICCAI-AP-00238.jpg,MICCAI-2019,AP,19167,10,17,0.0769230769230769,89.00640441619687,1.1792289295914,0.9985260912837324,1.0363978692950544,0.14283106029634562
test:19168,test,miccai_2019:image:MICCAI-AP-00238,images/miccai_2019/MICCAI-AP-00238.jpg,MICCAI-2019,AP,19168,11,17,0.0769230769230769,108.8577363229317,0.879715898252021,1.0,0.9371650293469429,0.05744913109492189
test:19169,test,miccai_2019:image:MICCAI-AP-00238,images/miccai_2019/MICCAI-AP-00238.jpg,MICCAI-2019,AP,19169,12,17,0.0769230769230769,103.13026648933166,1.0933409703836696,1.2549847190788603,1.2514643341823137,0.1581233637986441
test:19170,test,miccai_2019:image:MICCAI-AP-00238,images/miccai_2019/MICCAI-AP-00238.jpg,MICCAI-2019,AP,19170,13,17,0.0769230769230769,102.2981710645627,1.5942605234197647,1.0462462299372273,1.0460941964454686,0.548166326974296
test:19171,test,miccai_2019:image:MICCAI-AP-00238,images/miccai_2019/MICCAI-AP-00238.jpg,MICCAI-2019,AP,19171,14,17,0.0769230769230769,108.02564089816276,0.9377551952473084,1.2329696435420918,0.995240645477097,0.05748545022978857
test:19172,test,miccai_2019:image:MICCAI-AP-00238,images/miccai_2019/MICCAI-AP-00238.jpg,MICCAI-2019,AP,19172,15,17,0.0769230769230769,105.43225317784494,0.9797261563092446,0.9088372965927713,1.0647263308640116,0.08500017455476694
test:19313,test,miccai_2019:image:MICCAI-AP-00247,images/miccai_2019/MICCAI-AP-00247.jpg,MICCAI-2019,AP,19313,3,17,0.0769230769230769,79.53616547003506,0.972255609640253,1.0629538949638189,1.0320314597397626,0.059775850099509586
test:19314,test,miccai_2019:image:MICCAI-AP-00247,images/miccai_2019/MICCAI-AP-00247.jpg,MICCAI-2019,AP,19314,4,17,0.0769230769230769,83.44721116000095,0.9641757923223181,0.934387326325979,0.9836184979339502,0.019442705611632083
test:19315,test,miccai_2019:image:MICCAI-AP-00247,images/miccai_2019/MICCAI-AP-00247.jpg,MICCAI-2019,AP,19315,5,17,0.0769230769230769,84.36882662724759,0.9317961757381985,1.0,1.0069077140651643,0.07511153832696582
test:19316,test,miccai_2019:image:MICCAI-AP-00247,images/miccai_2019/MICCAI-AP-00247.jpg,MICCAI-2019,AP,19316,6,17,0.0769230769230769,86.59634615002236,1.019441076235186,1.0268979652936392,1.0361949161778026,0.01675383994261659
test:19317,test,miccai_2019:image:MICCAI-AP-00247,images/miccai_2019/MICCAI-AP-00247.jpg,MICCAI-2019,AP,19317,7,17,0.0769230769230769,90.50739183998824,1.0964482713113584,1.0,1.0759514570236206,0.020496814287737752
test:19318,test,miccai_2019:image:MICCAI-AP-00247,images/miccai_2019/MICCAI-AP-00247.jpg,MICCAI-2019,AP,19318,8,17,0.0769230769230769,96.44465497323898,0.9615350004465738,1.0,1.0080354139208794,0.04650041347430556
test:19319,test,miccai_2019:image:MICCAI-AP-00247,images/miccai_2019/MICCAI-AP-00247.jpg,MICCAI-2019,AP,19319,9,17,0.0769230769230769,97.76571719126731,0.9579292139738773,1.0602144004170257,1.0034887717429954,0.04555955776911813
test:19320,test,miccai_2019:image:MICCAI-AP-00247,images/miccai_2019/MICCAI-AP-00247.jpg,MICCAI-2019,AP,19320,10,17,0.0769230769230769,94.97369884065144,1.2063374650283456,0.9999999999999999,1.0641731098294258,0.1421643551989198
test:19321,test,miccai_2019:image:MICCAI-AP-00247,images/miccai_2019/MICCAI-AP-00247.jpg,MICCAI-2019,AP,19321,11,17,0.0769230769230769,119.38912530291633,0.8065622460534737,0.9999999999999999,0.9198907017707824,0.11332845571730865
test:19322,test,miccai_2019:image:MICCAI-AP-00247,images/miccai_2019/MICCAI-AP-00247.jpg,MICCAI-2019,AP,19322,12,17,0.0769230769230769,122.05199439281856,1.0176639891870862,0.9508724776576698,0.9751274870257318,0.042536502161354406
test:19323,test,miccai_2019:image:MICCAI-AP-00247,images/miccai_2019/MICCAI-AP-00247.jpg,MICCAI-2019,AP,19323,13,17,0.0769230769230769,122.80560480908343,1.105951180120675,1.0331025916054424,1.0187951615914281,0.08715601852924681
test:19324,test,miccai_2019:image:MICCAI-AP-00247,images/miccai_2019/MICCAI-AP-00247.jpg,MICCAI-2019,AP,19324,14,17,0.0769230769230769,125.07849229063312,1.0356189566216947,1.0282355062391213,1.0269656611799798,0.008653295441714892
test:19325,test,miccai_2019:image:MICCAI-AP-00247,images/miccai_2019/MICCAI-AP-00247.jpg,MICCAI-2019,AP,19325,15,17,0.0769230769230769,128.03995415524756,0.9481672413669456,0.9976679718711072,1.0193990635343486,0.07123182216740298
test:19432,test,miccai_2019:image:MICCAI-AP-00254,images/miccai_2019/MICCAI-AP-00254.jpg,MICCAI-2019,AP,19432,3,17,0.0769230769230769,98.16274513999048,1.0429764096360556,0.996498140588757,0.9902017447989251,0.05277466483713056
test:19433,test,miccai_2019:image:MICCAI-AP-00254,images/miccai_2019/MICCAI-AP-00254.jpg,MICCAI-2019,AP,19433,4,17,0.0769230769230769,104.89855574643944,1.013997038430962,1.0,0.9838772434741259,0.030119794956836143
test:19434,test,miccai_2019:image:MICCAI-AP-00254,images/miccai_2019/MICCAI-AP-00254.jpg,MICCAI-2019,AP,19434,5,17,0.0769230769230769,104.3741261743506,1.0291409178106177,1.0554385663058161,1.0149111294235587,0.014229788387059017
test:19435,test,miccai_2019:image:MICCAI-AP-00254,images/miccai_2019/MICCAI-AP-00254.jpg,MICCAI-2019,AP,19435,6,17,0.0769230769230769,106.89125443466358,1.0660753484265328,0.9730646402071712,0.9420578141193388,0.12401753430719409
test:19436,test,miccai_2019:image:MICCAI-AP-00254,images/miccai_2019/MICCAI-AP-00254.jpg,MICCAI-2019,AP,19436,7,17,0.0769230769230769,107.55453964342789,0.9354185923003342,1.0303959615749714,0.9619837396067974,0.0265651473064632
test:19437,test,miccai_2019:image:MICCAI-AP-00254,images/miccai_2019/MICCAI-AP-00254.jpg,MICCAI-2019,AP,19437,8,17,0.0769230769230769,107.28268513959678,1.0038282984805251,0.93780163486283,0.9703016970006721,0.03352660147985298
test:19438,test,miccai_2019:image:MICCAI-AP-00254,images/miccai_2019/MICCAI-AP-00254.jpg,MICCAI-2019,AP,19438,9,17,0.0769230769230769,111.7174458239604,0.9005866382100188,1.0,0.9879648769274354,0.08737823871741657
test:19439,test,miccai_2019:image:MICCAI-AP-00254,images/miccai_2019/MICCAI-AP-00254.jpg,MICCAI-2019,AP,19439,10,17,0.0769230769230769,119.07550401417568,0.9720008941052953,0.9702619091360309,0.971537903136056,0.0004629909692392964
test:19440,test,miccai_2019:image:MICCAI-AP-00254,images/miccai_2019/MICCAI-AP-00254.jpg,MICCAI-2019,AP,19440,11,17,0.0769230769230769,118.78258980887269,1.098289008163242,1.0396236404736368,1.0192936137278406,0.07899539443540138
test:19441,test,miccai_2019:image:MICCAI-AP-00254,images/miccai_2019/MICCAI-AP-00254.jpg,MICCAI-2019,AP,19441,12,17,0.0769230769230769,126.14064799908796,1.0404011918275962,1.0000000000000002,1.0075910147279503,0.03281017709964584
test:19442,test,miccai_2019:image:MICCAI-AP-00254,images/miccai_2019/MICCAI-AP-00254.jpg,MICCAI-2019,AP,19442,13,17,0.0769230769230769,132.21486298884963,0.9214068713303585,1.0000000000000002,0.9948537810705604,0.07344690974020196
test:19443,test,miccai_2019:image:MICCAI-AP-00254,images/miccai_2019/MICCAI-AP-00254.jpg,MICCAI-2019,AP,19443,14,17,0.0769230769230769,137.6775032526157,0.9674263573559709,0.9658143231688447,0.9778389362661548,0.010412578910183878
test:19444,test,miccai_2019:image:MICCAI-AP-00254,images/miccai_2019/MICCAI-AP-00254.jpg,MICCAI-2019,AP,19444,15,17,0.0769230769230769,130.9191227540145,1.100817993257259,1.0591443227375832,1.0534448427851286,0.04737315047213042
test:19602,test,miccai_2019:image:MICCAI-AP-00264,images/miccai_2019/MICCAI-AP-00264.jpg,MICCAI-2019,AP,19602,3,17,0.0769230769230769,74.341334639912,0.935264460844744,1.0,1.0008291028789245,0.06556464203418044
test:19603,test,miccai_2019:image:MICCAI-AP-00264,images/miccai_2019/MICCAI-AP-00264.jpg,MICCAI-2019,AP,19603,4,17,0.0769230769230769,75.66128683462651,1.0562901632418904,0.9999999999999998,1.043920189142227,0.01236997409966345
test:19604,test,miccai_2019:image:MICCAI-AP-00264,images/miccai_2019/MICCAI-AP-00264.jpg,MICCAI-2019,AP,19604,5,17,0.0769230769230769,74.72454064105756,1.0946037902283905,1.2496508269832076,1.0890016167685928,0.0056021734597977435
test:19605,test,miccai_2019:image:MICCAI-AP-00264,images/miccai_2019/MICCAI-AP-00264.jpg,MICCAI-2019,AP,19605,6,17,0.0769230769230769,80.85701921520807,1.321331110538165,0.8719157073482999,1.0527684781536588,0.2685626323845063
test:19606,test,miccai_2019:image:MICCAI-AP-00264,images/miccai_2019/MICCAI-AP-00264.jpg,MICCAI-2019,AP,19606,7,17,0.0769230769230769,84.58391182000823,0.6999823432548322,1.131980468091685,0.9279899490449015,0.2280076057900693
test:19607,test,miccai_2019:image:MICCAI-AP-00264,images/miccai_2019/MICCAI-AP-00264.jpg,MICCAI-2019,AP,19607,8,17,0.0769230769230769,89.55162946194649,0.9453292776946498,0.8024381694968279,0.9506055859501894,0.005276308255539597
test:19608,test,miccai_2019:image:MICCAI-AP-00264,images/miccai_2019/MICCAI-AP-00264.jpg,MICCAI-2019,AP,19608,9,17,0.0769230769230769,89.62349483757907,0.9429675399015995,1.0,0.9793395977467299,0.03637205784513031
test:19609,test,miccai_2019:image:MICCAI-AP-00264,images/miccai_2019/MICCAI-AP-00264.jpg,MICCAI-2019,AP,19609,10,17,0.0769230769230769,92.48664374167912,1.0227553801575544,0.999222964822539,0.99355322851915,0.02920215163840445
test:19610,test,miccai_2019:image:MICCAI-AP-00264,images/miccai_2019/MICCAI-AP-00264.jpg,MICCAI-2019,AP,19610,11,17,0.0769230769230769,100.98544529560333,0.9933858289585127,1.0,0.9803855661302805,0.01300026282823219
test:19611,test,miccai_2019:image:MICCAI-AP-00264,images/miccai_2019/MICCAI-AP-00264.jpg,MICCAI-2019,AP,19611,12,17,0.0769230769230769,100.13440449456108,1.0723554871444985,1.0376928456143428,1.040515529039963,0.03183995810453544
test:19612,test,miccai_2019:image:MICCAI-AP-00264,images/miccai_2019/MICCAI-AP-00264.jpg,MICCAI-2019,AP,19612,13,17,0.0769230769230769,103.84859419970338,1.0351608592146646,0.9982368004635263,1.0398563359991002,0.004695476784435604
test:19613,test,miccai_2019:image:MICCAI-AP-00264,images/miccai_2019/MICCAI-AP-00264.jpg,MICCAI-2019,AP,19613,14,17,0.0769230769230769,115.5462845514072,0.8650325632663316,1.0,0.990112473256886,0.1250799099905544
test:19614,test,miccai_2019:image:MICCAI-AP-00264,images/miccai_2019/MICCAI-AP-00264.jpg,MICCAI-2019,AP,19614,15,17,0.0769230769230769,108.35174075376744,1.1406606690674426,1.0403016029707297,1.069133015986453,0.07152765308098963
test:19636,test,miccai_2019:image:MICCAI-AP-00266,images/miccai_2019/MICCAI-AP-00266.jpg,MICCAI-2019,AP,19636,3,17,0.0769230769230769,84.22369283221599,1.1524681146294757,1.0,1.0253611132502556,0.12710700137922015
test:19637,test,miccai_2019:image:MICCAI-AP-00266,images/miccai_2019/MICCAI-AP-00266.jpg,MICCAI-2019,AP,19637,4,17,0.0769230769230769,101.23437743933056,0.8877089248483414,1.0166060601425835,0.9598592569184967,0.07215033207015531
test:19638,test,miccai_2019:image:MICCAI-AP-00266,images/miccai_2019/MICCAI-AP-00266.jpg,MICCAI-2019,AP,19638,5,17,0.0769230769230769,100.65926913087758,1.080534794786522,0.9699568476582776,1.0076058346833001,0.07292896010322192
test:19639,test,miccai_2019:image:MICCAI-AP-00266,images/miccai_2019/MICCAI-AP-00266.jpg,MICCAI-2019,AP,19639,6,17,0.0769230769230769,105.42850761060716,0.999764075030693,1.010254556939879,0.9807483448394925,0.01901573019120051
test:19640,test,miccai_2019:image:MICCAI-AP-00266,images/miccai_2019/MICCAI-AP-00266.jpg,MICCAI-2019,AP,19640,7,17,0.0769230769230769,106.00361591906017,0.98348925998791,1.0,0.9807207752019167,0.0027684847859933415
test:19641,test,miccai_2019:image:MICCAI-AP-00266,images/miccai_2019/MICCAI-AP-00266.jpg,MICCAI-2019,AP,19641,8,17,0.0769230769230769,104.82852608473208,1.0169330947071449,0.9941807812479154,0.9834423991319553,0.03349069557518958
test:19642,test,miccai_2019:image:MICCAI-AP-00266,images/miccai_2019/MICCAI-AP-00266.jpg,MICCAI-2019,AP,19642,9,17,0.0769230769230769,111.55281629135042,0.9339396136050035,1.0,0.9759376272559166,0.041998013650913046
test:19643,test,miccai_2019:image:MICCAI-AP-00266,images/miccai_2019/MICCAI-AP-00266.jpg,MICCAI-2019,AP,19643,10,17,0.0769230769230769,113.93350097047048,1.0225441520309364,0.9893797553808661,1.003010247062263,0.019533904968673355
test:19644,test,miccai_2019:image:MICCAI-AP-00266,images/miccai_2019/MICCAI-AP-00266.jpg,MICCAI-2019,AP,19644,11,17,0.0769230769230769,123.46933824218432,0.9821337525770836,1.0,0.9831359758973122,0.0010022233202285902
test:19645,test,miccai_2019:image:MICCAI-AP-00266,images/miccai_2019/MICCAI-AP-00266.jpg,MICCAI-2019,AP,19645,12,17,0.0769230769230769,123.40104007513598,1.0570141164708438,1.0233935027011647,1.0110243216716661,0.04598979479917764
test:19646,test,miccai_2019:image:MICCAI-AP-00266,images/miccai_2019/MICCAI-AP-00266.jpg,MICCAI-2019,AP,19646,13,17,0.0769230769230769,127.98765850043463,1.0259758036160085,0.9999999999999999,1.024379463866353,0.001596339749655451
test:19647,test,miccai_2019:image:MICCAI-AP-00266,images/miccai_2019/MICCAI-AP-00266.jpg,MICCAI-2019,AP,19647,14,17,0.0769230769230769,135.24515986514024,0.9282304503868914,1.0,1.0285085272043943,0.10027807681750289
test:19648,test,miccai_2019:image:MICCAI-AP-00266,images/miccai_2019/MICCAI-AP-00266.jpg,MICCAI-2019,AP,19648,15,17,0.0769230769230769,141.43614320376486,0.9840347438409297,1.2475790715264952,1.1663961669850027,0.182361423144073
test:19687,test,miccai_2019:image:MICCAI-AP-00269,images/miccai_2019/MICCAI-AP-00269.jpg,MICCAI-2019,AP,19687,3,17,0.0769230769230769,67.70733941573673,1.076954375972903,0.9611240183227783,1.0000519347601657,0.07690244121273726
test:19688,test,miccai_2019:image:MICCAI-AP-00269,images/miccai_2019/MICCAI-AP-00269.jpg,MICCAI-2019,AP,19688,4,17,0.0769230769230769,81.47774562071591,0.6452163176377864,0.9713921037284929,1.0131344136564333,0.3679180960186469
test:19689,test,miccai_2019:image:MICCAI-AP-00269,images/miccai_2019/MICCAI-AP-00269.jpg,MICCAI-2019,AP,19689,5,17,0.0769230769230769,81.98520894270861,1.0413581069424978,0.9693470650953743,1.0564755627555344,0.015117455813036695
test:19690,test,miccai_2019:image:MICCAI-AP-00269,images/miccai_2019/MICCAI-AP-00269.jpg,MICCAI-2019,AP,19690,6,17,0.0769230769230769,88.21433219901056,1.205852492323892,1.0,1.0393103212118149,0.16654217111207714
test:19691,test,miccai_2019:image:MICCAI-AP-00269,images/miccai_2019/MICCAI-AP-00269.jpg,MICCAI-2019,AP,19691,7,17,0.0769230769230769,101.86447149242396,0.8938612362302285,1.0206660539756052,0.9581792526791326,0.06431801644890411
test:19692,test,miccai_2019:image:MICCAI-AP-00269,images/miccai_2019/MICCAI-AP-00269.jpg,MICCAI-2019,AP,19692,8,17,0.0769230769230769,104.2683356748057,0.9740804177872995,0.9265320107703146,0.9416652351980146,0.032415182589284885
test:19693,test,miccai_2019:image:MICCAI-AP-00269,images/miccai_2019/MICCAI-AP-00269.jpg,MICCAI-2019,AP,19693,9,17,0.0769230769230769,101.56827140023168,1.0058574159066935,1.0499534062361076,0.9967996641313388,0.009057751775354728
test:19694,test,miccai_2019:image:MICCAI-AP-00269,images/miccai_2019/MICCAI-AP-00269.jpg,MICCAI-2019,AP,19694,10,17,0.0769230769230769,101.86699891655452,1.096706119317282,1.0,1.007876943796873,0.08882917552040892
test:19695,test,miccai_2019:image:MICCAI-AP-00269,images/miccai_2019/MICCAI-AP-00269.jpg,MICCAI-2019,AP,19695,11,17,0.0769230769230769,102.73618618626368,0.9886565055102539,1.0465024175717503,1.0405910552143127,0.05193454970405886
test:19696,test,miccai_2019:image:MICCAI-AP-00269,images/miccai_2019/MICCAI-AP-00269.jpg,MICCAI-2019,AP,19696,12,17,0.0769230769230769,106.31556931718836,0.9717219597024558,0.9479152403510482,0.963601746756521,0.00812021294593479
test:19697,test,miccai_2019:image:MICCAI-AP-00269,images/miccai_2019/MICCAI-AP-00269.jpg,MICCAI-2019,AP,19697,13,17,0.0769230769230769,107.18475658689752,0.9328331867722175,1.0,1.0122428005561233,0.07940961378390576
test:19698,test,miccai_2019:image:MICCAI-AP-00269,images/miccai_2019/MICCAI-AP-00269.jpg,MICCAI-2019,AP,19698,14,17,0.0769230769230769,108.98757061372604,1.0190183998470317,0.984752044271175,0.9517590032922665,0.0672593965547652
test:19699,test,miccai_2019:image:MICCAI-AP-00269,images/miccai_2019/MICCAI-AP-00269.jpg,MICCAI-2019,AP,19699,15,17,0.0769230769230769,116.9019853784109,0.9808727156557572,1.0,0.9811809919774532,0.0003082763216960549
test:19721,test,miccai_2019:image:MICCAI-AP-00271,images/miccai_2019/MICCAI-AP-00271.jpg,MICCAI-2019,AP,19721,3,17,0.0769230769230769,64.09890504488799,1.2521080809212357,1.3653062169760481,1.1541704421252028,0.0979376387960329
test:19722,test,miccai_2019:image:MICCAI-AP-00271,images/miccai_2019/MICCAI-AP-00271.jpg,MICCAI-2019,AP,19722,4,17,0.0769230769230769,77.52739774146104,1.2928749260297572,0.8468488156952105,1.056934550420209,0.23594037560954817
test:19723,test,miccai_2019:image:MICCAI-AP-00271,images/miccai_2019/MICCAI-AP-00271.jpg,MICCAI-2019,AP,19723,5,17,0.0769230769230769,94.6560011437068,0.5393130104890604,1.2721334933138677,1.017893874535639,0.4785808640465785
test:19724,test,miccai_2019:image:MICCAI-AP-00271,images/miccai_2019/MICCAI-AP-00271.jpg,MICCAI-2019,AP,19724,6,17,0.0769230769230769,87.53417126226519,1.6061945654870078,0.8004187655182515,1.0218896877499257,0.5843048777370821
test:19725,test,miccai_2019:image:MICCAI-AP-00271,images/miccai_2019/MICCAI-AP-00271.jpg,MICCAI-2019,AP,19725,7,17,0.0769230769230769,93.61543053399006,0.951539432751951,1.2101983494642892,1.1470079339626946,0.19546850121074366
test:19726,test,miccai_2019:image:MICCAI-AP-00271,images/miccai_2019/MICCAI-AP-00271.jpg,MICCAI-2019,AP,19726,8,17,0.0769230769230769,104.16842447045713,0.8254859310248571,0.9135209006243104,0.9580398295991772,0.1325538985743201
test:19727,test,miccai_2019:image:MICCAI-AP-00271,images/miccai_2019/MICCAI-AP-00271.jpg,MICCAI-2019,AP,19727,9,17,0.0769230769230769,98.08716519873224,1.0321563683227013,0.9842527572109165,0.9707709735302987,0.06138539479240257
test:19728,test,miccai_2019:image:MICCAI-AP-00271,images/miccai_2019/MICCAI-AP-00271.jpg,MICCAI-2019,AP,19728,10,17,0.0769230769230769,104.40784976818983,1.025742384007519,1.0,0.9935943577438593,0.03214802626365976
test:19729,test,miccai_2019:image:MICCAI-AP-00271,images/miccai_2019/MICCAI-AP-00271.jpg,MICCAI-2019,AP,19729,11,17,0.0769230769230769,109.06547193927486,0.9863287199241415,1.004910060377934,1.0105753058438682,0.024246585919726726
test:19730,test,miccai_2019:image:MICCAI-AP-00271,images/miccai_2019/MICCAI-AP-00271.jpg,MICCAI-2019,AP,19730,12,17,0.0769230769230769,109.30489723700757,1.025630379669861,1.0,1.0153055796399713,0.01032480002988967
test:19731,test,miccai_2019:image:MICCAI-AP-00271,images/miccai_2019/MICCAI-AP-00271.jpg,MICCAI-2019,AP,19731,13,17,0.0769230769230769,113.38537684197068,0.9792743142088054,1.0,0.9992477972991765,0.019973483090371058
test:19732,test,miccai_2019:image:MICCAI-AP-00271,images/miccai_2019/MICCAI-AP-00271.jpg,MICCAI-2019,AP,19732,14,17,0.0769230769230769,114.80730971182288,0.9987546151790542,1.0404295725899932,1.0798550760525463,0.0811004608734921
test:19733,test,miccai_2019:image:MICCAI-AP-00271,images/miccai_2019/MICCAI-AP-00271.jpg,MICCAI-2019,AP,19733,15,17,0.0769230769230769,116.08626330082636,1.1014434401061446,1.0,1.0189036019146442,0.08253983819150035
test:19891,test,miccai_2019:image:MICCAI-AP-00281,images/miccai_2019/MICCAI-AP-00281.jpg,MICCAI-2019,AP,19891,3,17,0.0769230769230769,87.81519280071443,0.9866813320113665,1.0,0.9773830100893974,0.00929832192196911
test:19892,test,miccai_2019:image:MICCAI-AP-00281,images/miccai_2019/MICCAI-AP-00281.jpg,MICCAI-2019,AP,19892,4,17,0.0769230769230769,91.94361526446691,0.9292664606686261,0.9877071696933524,0.9908573787793682,0.06159091811074213
test:19893,test,miccai_2019:image:MICCAI-AP-00281,images/miccai_2019/MICCAI-AP-00281.jpg,MICCAI-2019,AP,19893,5,17,0.0769230769230769,90.17128713441896,1.0533411202553797,0.9933155358880603,1.0136686575710618,0.0396724626843179
test:19894,test,miccai_2019:image:MICCAI-AP-00281,images/miccai_2019/MICCAI-AP-00281.jpg,MICCAI-2019,AP,19894,6,17,0.0769230769230769,89.98866658941404,1.0412084812068567,1.052408265586525,1.0607005326855479,0.019492051478691153
test:19895,test,miccai_2019:image:MICCAI-AP-00281,images/miccai_2019/MICCAI-AP-00281.jpg,MICCAI-2019,AP,19895,7,17,0.0769230769230769,94.33904373521618,1.0009483318022094,0.950008503884858,0.9694560447492064,0.031492287053003
test:19896,test,miccai_2019:image:MICCAI-AP-00281,images/miccai_2019/MICCAI-AP-00281.jpg,MICCAI-2019,AP,19896,8,17,0.0769230769230769,94.06273565798716,0.9094868879776579,1.0731817186368562,1.0036990792049028,0.09421219122724489
test:19897,test,miccai_2019:image:MICCAI-AP-00281,images/miccai_2019/MICCAI-AP-00281.jpg,MICCAI-2019,AP,19897,9,17,0.0769230769230769,92.74311468632207,1.1587308506850764,0.952127531233097,1.0465744585421333,0.11215639214294315
test:19898,test,miccai_2019:image:MICCAI-AP-00281,images/miccai_2019/MICCAI-AP-00281.jpg,MICCAI-2019,AP,19898,10,17,0.0769230769230769,102.25108443224788,0.8905306132219968,1.0,1.0848491713404655,0.19431855811846876
test:19899,test,miccai_2019:image:MICCAI-AP-00281,images/miccai_2019/MICCAI-AP-00281.jpg,MICCAI-2019,AP,19899,11,17,0.0769230769230769,99.26101454886472,0.9776029504620857,1.1303746258313758,1.1198353567565782,0.14223240629449252
test:19900,test,miccai_2019:image:MICCAI-AP-00281,images/miccai_2019/MICCAI-AP-00281.jpg,MICCAI-2019,AP,19900,12,17,0.0769230769230769,89.7291996639355,1.4860997750787135,1.0333232648299764,1.0742326743529866,0.41186710072572685
test:19901,test,miccai_2019:image:MICCAI-AP-00281,images/miccai_2019/MICCAI-AP-00281.jpg,MICCAI-2019,AP,19901,13,17,0.0769230769230769,98.27024024773316,0.8995671342916689,1.0729329762532016,1.0466680628730556,0.14710092858138668
test:19902,test,miccai_2019:image:MICCAI-AP-00281,images/miccai_2019/MICCAI-AP-00281.jpg,MICCAI-2019,AP,19902,14,17,0.0769230769230769,113.66260227595544,0.6820908346391787,0.8265836539455732,0.8730367834457239,0.19094594880654514
test:19903,test,miccai_2019:image:MICCAI-AP-00281,images/miccai_2019/MICCAI-AP-00281.jpg,MICCAI-2019,AP,19903,15,17,0.0769230769230769,107.11415185439468,0.928939996107095,0.9585605657321786,1.0024807325226641,0.07354073641556913
test:20061,test,miccai_2019:image:MICCAI-AP-00291,images/miccai_2019/MICCAI-AP-00291.jpg,MICCAI-2019,AP,20061,3,17,0.0769230769230769,76.9121395655026,1.205977924886171,1.1479422582842433,1.0886740631021583,0.11730386178401275
test:20062,test,miccai_2019:image:MICCAI-AP-00291,images/miccai_2019/MICCAI-AP-00291.jpg,MICCAI-2019,AP,20062,4,17,0.0769230769230769,86.16786641817612,1.1257096645431037,0.9690226657564518,0.9862696888173696,0.13943997572573408
test:20063,test,miccai_2019:image:MICCAI-AP-00291,images/miccai_2019/MICCAI-AP-00291.jpg,MICCAI-2019,AP,20063,5,17,0.0769230769230769,110.1415080755214,0.6740682061072447,1.2092662671051773,1.0120497563324722,0.33798155022522747
test:20064,test,miccai_2019:image:MICCAI-AP-00291,images/miccai_2019/MICCAI-AP-00291.jpg,MICCAI-2019,AP,20064,6,17,0.0769230769230769,110.1415080755214,1.5378472985089386,0.8966914852029142,1.0913235534793195,0.4465237450296191
test:20065,test,miccai_2019:image:MICCAI-AP-00291,images/miccai_2019/MICCAI-AP-00291.jpg,MICCAI-2019,AP,20065,7,17,0.0769230769230769,131.07910946085508,0.9405237543810102,1.1404500379397957,1.052733935339698,0.11221018095868784
test:20066,test,miccai_2019:image:MICCAI-AP-00291,images/miccai_2019/MICCAI-AP-00291.jpg,MICCAI-2019,AP,20066,8,17,0.0769230769230769,127.9218525024502,1.0130992284165854,0.9999999999999998,1.0040142401121555,0.009084988304429942
test:20067,test,miccai_2019:image:MICCAI-AP-00291,images/miccai_2019/MICCAI-AP-00291.jpg,MICCAI-2019,AP,20067,9,17,0.0769230769230769,117.5190667052957,1.1279930361111696,0.9651726237950171,0.9806981147718872,0.14729492133928246
test:20068,test,miccai_2019:image:MICCAI-AP-00291,images/miccai_2019/MICCAI-AP-00291.jpg,MICCAI-2019,AP,20068,10,17,0.0769230769230769,127.50417105914268,0.7627581203035283,0.9580698579659817,0.8437776386847851,0.08101951838125676
test:20069,test,miccai_2019:image:MICCAI-AP-00291,images/miccai_2019/MICCAI-AP-00291.jpg,MICCAI-2019,AP,20069,11,17,0.0769230769230769,126.4571884050754,0.8837387472317333,0.8803993537524644,0.9149740933874551,0.031235346155721766
test:20070,test,miccai_2019:image:MICCAI-AP-00291,images/miccai_2019/MICCAI-AP-00291.jpg,MICCAI-2019,AP,20070,12,17,0.0769230769230769,119.1604736169929,1.052453118418527,1.003934756034517,0.9968786296634911,0.05557448875503601
test:20071,test,miccai_2019:image:MICCAI-AP-00291,images/miccai_2019/MICCAI-AP-00291.jpg,MICCAI-2019,AP,20071,13,17,0.0769230769230769,118.58296465499068,1.0752266578144778,1.062448736873713,1.1021179227505593,0.026891264936081516
test:20072,test,miccai_2019:image:MICCAI-AP-00291,images/miccai_2019/MICCAI-AP-00291.jpg,MICCAI-2019,AP,20072,14,17,0.0769230769230769,113.89241981764351,1.111275273429834,0.9975846964061909,1.111503611797159,0.00022833836732516488
test:20073,test,miccai_2019:image:MICCAI-AP-00291,images/miccai_2019/MICCAI-AP-00291.jpg,MICCAI-2019,AP,20073,15,17,0.0769230769230769,116.1552962798966,0.8586014458907071,0.9854903947195858,0.8504610340676159,0.00814041182309122
test:20095,test,miccai_2019:image:MICCAI-AP-00293,images/miccai_2019/MICCAI-AP-00293.jpg,MICCAI-2019,AP,20095,3,17,0.0769230769230769,76.10825238652762,1.1469423906857017,1.0000000000000002,1.0280925910919907,0.118849799593711
test:20096,test,miccai_2019:image:MICCAI-AP-00293,images/miccai_2019/MICCAI-AP-00293.jpg,MICCAI-2019,AP,20096,4,17,0.0769230769230769,102.65443869677938,0.791022931819491,1.0,0.922768272459507,0.13174534064001597
test:20097,test,miccai_2019:image:MICCAI-AP-00293,images/miccai_2019/MICCAI-AP-00293.jpg,MICCAI-2019,AP,20097,5,17,0.0769230769230769,95.74248430169244,1.2326512865340162,1.0481776274903645,1.0465511394361933,0.18610014709782297
test:20098,test,miccai_2019:image:MICCAI-AP-00293,images/miccai_2019/MICCAI-AP-00293.jpg,MICCAI-2019,AP,20098,6,17,0.0769230769230769,104.62097482163186,1.1422971849794141,1.0619776984947813,1.0273224516111505,0.11497473336826358
test:20099,test,miccai_2019:image:MICCAI-AP-00293,images/miccai_2019/MICCAI-AP-00293.jpg,MICCAI-2019,AP,20099,7,17,0.0769230769230769,111.5329292167188,0.9341921564510614,1.0066847907097052,0.9686869898528765,0.03449483340181514
test:20100,test,miccai_2019:image:MICCAI-AP-00293,images/miccai_2019/MICCAI-AP-00293.jpg,MICCAI-2019,AP,20100,8,17,0.0769230769230769,103.62032888294678,1.0137852592772643,1.0,1.009504958987236,0.004280300290028238
test:20101,test,miccai_2019:image:MICCAI-AP-00293,images/miccai_2019/MICCAI-AP-00293.jpg,MICCAI-2019,AP,20101,9,17,0.0769230769230769,104.62097482163186,0.9849599497740191,0.9861956069601656,0.9965698438120962,0.011609894038077107
test:20102,test,miccai_2019:image:MICCAI-AP-00293,images/miccai_2019/MICCAI-AP-00293.jpg,MICCAI-2019,AP,20102,10,17,0.0769230769230769,108.47284624312135,0.9339178702835722,0.9907751481283866,0.9804742696930133,0.04655639940944112
test:20103,test,miccai_2019:image:MICCAI-AP-00293,images/miccai_2019/MICCAI-AP-00293.jpg,MICCAI-2019,AP,20103,11,17,0.0769230769230769,111.0799680741892,1.0073547232973121,1.0088857433509077,0.9990889795806255,0.008265743716686647
test:20104,test,miccai_2019:image:MICCAI-AP-00293,images/miccai_2019/MICCAI-AP-00293.jpg,MICCAI-2019,AP,20104,12,17,0.0769230769230769,115.50469827300203,1.0634135633734965,1.0,1.0156446751207113,0.047768888252785136
test:20105,test,miccai_2019:image:MICCAI-AP-00293,images/miccai_2019/MICCAI-AP-00293.jpg,MICCAI-2019,AP,20105,13,17,0.0769230769230769,122.95579838198304,0.9687421627137247,1.0,1.0139249479398131,0.04518278522608843
test:20106,test,miccai_2019:image:MICCAI-AP-00293,images/miccai_2019/MICCAI-AP-00293.jpg,MICCAI-2019,AP,20106,14,17,0.0769230769230769,127.8208268882922,0.96292863208168,0.9854609110870213,0.9925030145340413,0.029574382452361325
test:20107,test,miccai_2019:image:MICCAI-AP-00293,images/miccai_2019/MICCAI-AP-00293.jpg,MICCAI-2019,AP,20107,15,17,0.0769230769230769,124.55128991207349,1.066326901098087,1.0481415817313127,1.0480094564964992,0.018317444601587685
test:20843,test,miccai_2019:image:MICCAI-AP-00337,images/miccai_2019/MICCAI-AP-00337.jpg,MICCAI-2019,AP,20843,3,17,0.0769230769230769,91.45572333143852,1.0213266259845792,0.9999999999999999,1.017605446279049,0.0037211797055303197
test:20844,test,miccai_2019:image:MICCAI-AP-00337,images/miccai_2019/MICCAI-AP-00337.jpg,MICCAI-2019,AP,20844,4,17,0.0769230769230769,98.99407734679389,1.0181739019766791,1.0093034979800253,1.0171233321453004,0.0010505698313787448
test:20845,test,miccai_2019:image:MICCAI-AP-00337,images/miccai_2019/MICCAI-AP-00337.jpg,MICCAI-2019,AP,20845,5,17,0.0769230769230769,102.68758768063842,1.0363859367770243,1.0,0.9929618495516479,0.043424087225376384
test:20846,test,miccai_2019:image:MICCAI-AP-00337,images/miccai_2019/MICCAI-AP-00337.jpg,MICCAI-2019,AP,20846,6,17,0.0769230769230769,104.58093465752576,1.000010085002474,1.0106031417893746,1.0129583296878764,0.012948244685402344
test:20847,test,miccai_2019:image:MICCAI-AP-00337,images/miccai_2019/MICCAI-AP-00337.jpg,MICCAI-2019,AP,20847,7,17,0.0769230769230769,105.5029805551409,0.9948123737006994,0.9894895246295007,1.0259726038245232,0.03116023012382374
test:20848,test,miccai_2019:image:MICCAI-AP-00337,images/miccai_2019/MICCAI-AP-00337.jpg,MICCAI-2019,AP,20848,8,17,0.0769230769230769,104.76882993753448,0.9946297850097512,1.155509179626018,1.0869509933333696,0.09232120832361845
test:20849,test,miccai_2019:image:MICCAI-AP-00337,images/miccai_2019/MICCAI-AP-00337.jpg,MICCAI-2019,AP,20849,9,17,0.0769230769230769,104.58093465752576,1.3115872352223943,0.9355076661993462,1.0528685561109978,0.25871867911139645
test:20850,test,miccai_2019:image:MICCAI-AP-00337,images/miccai_2019/MICCAI-AP-00337.jpg,MICCAI-2019,AP,20850,10,17,0.0769230769230769,128.08619544258994,0.7140998536826701,1.0247779676077493,0.9094275572655328,0.19532770358286267
test:20851,test,miccai_2019:image:MICCAI-AP-00337,images/miccai_2019/MICCAI-AP-00337.jpg,MICCAI-2019,AP,20851,11,17,0.0769230769230769,133.99330334276178,0.9355154326140875,0.8294665316101284,0.9798249850031109,0.04430955238902334
test:20852,test,miccai_2019:image:MICCAI-AP-00337,images/miccai_2019/MICCAI-AP-00337.jpg,MICCAI-2019,AP,20852,12,17,0.0769230769230769,131.50593122262046,0.9947808933395322,1.006113282764772,0.9845042595513855,0.010276633788146694
test:20853,test,miccai_2019:image:MICCAI-AP-00337,images/miccai_2019/MICCAI-AP-00337.jpg,MICCAI-2019,AP,20853,13,17,0.0769230769230769,134.23932352111595,1.0374525253388722,0.9999999999999998,1.016045846045017,0.021406679293855202
test:20854,test,miccai_2019:image:MICCAI-AP-00337,images/miccai_2019/MICCAI-AP-00337.jpg,MICCAI-2019,AP,20854,14,17,0.0769230769230769,143.24145559140632,0.9610280678368448,1.002758618037183,0.9911255450574348,0.030097477220589974
test:20855,test,miccai_2019:image:MICCAI-AP-00337,images/miccai_2019/MICCAI-AP-00337.jpg,MICCAI-2019,AP,20855,15,17,0.0769230769230769,138.46299224395503,1.068923042349204,1.0287046404257973,1.0405461564362606,0.028376885912943406
test:20928,test,miccai_2019:image:MICCAI-AP-00342,images/miccai_2019/MICCAI-AP-00342.jpg,MICCAI-2019,AP,20928,3,17,0.0769230769230769,80.84152695056238,1.187857762047953,0.9154895807412735,1.0449165518191925,0.14294121022876038
test:20929,test,miccai_2019:image:MICCAI-AP-00342,images/miccai_2019/MICCAI-AP-00342.jpg,MICCAI-2019,AP,20929,4,17,0.0769230769230769,86.79959540673573,0.7200944395964334,1.060558980819394,0.9393418566552896,0.2192474170588562
test:20930,test,miccai_2019:image:MICCAI-AP-00342,images/miccai_2019/MICCAI-AP-00342.jpg,MICCAI-2019,AP,20930,5,17,0.0769230769230769,86.83871296444717,1.014339602571438,0.8069735943337331,0.9469072996636281,0.06743230290780988
test:20931,test,miccai_2019:image:MICCAI-AP-00342,images/miccai_2019/MICCAI-AP-00342.jpg,MICCAI-2019,AP,20931,6,17,0.0769230769230769,92.82311911374906,0.8365285651487935,1.0,1.0093841906636953,0.17285562551490186
test:20932,test,miccai_2019:image:MICCAI-AP-00342,images/miccai_2019/MICCAI-AP-00342.jpg,MICCAI-2019,AP,20932,7,17,0.0769230769230769,92.38577467437273,1.0560315478784288,0.970607335277556,0.9879113590053307,0.06812018887309812
test:20933,test,miccai_2019:image:MICCAI-AP-00342,images/miccai_2019/MICCAI-AP-00342.jpg,MICCAI-2019,AP,20933,8,17,0.0769230769230769,97.12494819194929,1.0470165739770296,0.9999999999999999,0.9754956681281327,0.07152090584889692
test:20934,test,miccai_2019:image:MICCAI-AP-00342,images/miccai_2019/MICCAI-AP-00342.jpg,MICCAI-2019,AP,20934,9,17,0.0769230769230769,100.43430285284444,0.9626950255655069,1.036440512039694,1.0320977911958424,0.06940276563033554
test:20935,test,miccai_2019:image:MICCAI-AP-00342,images/miccai_2019/MICCAI-AP-00342.jpg,MICCAI-2019,AP,20935,10,17,0.0769230769230769,99.0966328225271,1.0746775850335746,0.9882514338575272,1.0261955495558648,0.048482035477709795
test:20936,test,miccai_2019:image:MICCAI-AP-00342,images/miccai_2019/MICCAI-AP-00342.jpg,MICCAI-2019,AP,20936,11,17,0.0769230769230769,102.75651024483442,0.96516682948605,1.0,1.0218993946909904,0.05673256520494041
test:20937,test,miccai_2019:image:MICCAI-AP-00342,images/miccai_2019/MICCAI-AP-00342.jpg,MICCAI-2019,AP,20937,12,17,0.0769230769230769,103.0208458363946,0.961126747107494,1.0494980848620277,1.0404737246448736,0.07934697753737963
test:20938,test,miccai_2019:image:MICCAI-AP-00342,images/miccai_2019/MICCAI-AP-00342.jpg,MICCAI-2019,AP,20938,13,17,0.0769230769230769,99.36096841408728,1.1781606749483924,0.999189396190314,1.0977566733833835,0.08040400156500893
test:20939,test,miccai_2019:image:MICCAI-AP-00342,images/miccai_2019/MICCAI-AP-00342.jpg,MICCAI-2019,AP,20939,14,17,0.0769230769230769,112.80660643746916,0.8824373391756666,1.118274664548107,1.0366866570383986,0.154249317862732
test:20940,test,miccai_2019:image:MICCAI-AP-00342,images/miccai_2019/MICCAI-AP-00342.jpg,MICCAI-2019,AP,20940,15,17,0.0769230769230769,112.80660643746916,1.19881590809168,0.9223519590855661,1.092874812817675,0.10594109527400497
test:21081,test,miccai_2019:image:MICCAI-AP-00351,images/miccai_2019/MICCAI-AP-00351.jpg,MICCAI-2019,AP,21081,3,17,0.0769230769230769,95.33762946807634,0.9933332253696611,1.0,1.0109336161985993,0.017600390828938273
test:21082,test,miccai_2019:image:MICCAI-AP-00351,images/miccai_2019/MICCAI-AP-00351.jpg,MICCAI-2019,AP,21082,4,17,0.0769230769230769,103.17356947182438,0.9665336120878246,0.9999999999999998,0.9795987661927936,0.013065154104969001
test:21083,test,miccai_2019:image:MICCAI-AP-00351,images/miccai_2019/MICCAI-AP-00351.jpg,MICCAI-2019,AP,21083,5,17,0.0769230769230769,101.78973211055968,1.096820884092343,1.0481140134046765,1.048925242515372,0.047895641576971126
test:21084,test,miccai_2019:image:MICCAI-AP-00351,images/miccai_2019/MICCAI-AP-00351.jpg,MICCAI-2019,AP,21084,6,17,0.0769230769230769,107.75192270627484,1.0547725150834468,1.0,1.0001737250568112,0.05459879002663559
test:21085,test,miccai_2019:image:MICCAI-AP-00351,images/miccai_2019/MICCAI-AP-00351.jpg,MICCAI-2019,AP,21085,7,17,0.0769230769230769,112.64943524150073,0.9219641556557105,1.0199103808450334,0.9931526562618844,0.07118850060617388
test:21086,test,miccai_2019:image:MICCAI-AP-00351,images/miccai_2019/MICCAI-AP-00351.jpg,MICCAI-2019,AP,21086,8,17,0.0769230769230769,109.63639163379928,1.0592367055292413,0.9553294990628269,1.0007788155644444,0.05845788996479695
test:21087,test,miccai_2019:image:MICCAI-AP-00351,images/miccai_2019/MICCAI-AP-00351.jpg,MICCAI-2019,AP,21087,9,17,0.0769230769230769,120.62966355130852,0.8755642156350708,1.0,0.9481758363544941,0.07261162071942329
test:21088,test,miccai_2019:image:MICCAI-AP-00351,images/miccai_2019/MICCAI-AP-00351.jpg,MICCAI-2019,AP,21088,10,17,0.0769230769230769,125.5283977067989,0.996813781647916,0.9581295000863936,0.9919692622972396,0.004844519350676424
test:21089,test,miccai_2019:image:MICCAI-AP-00351,images/miccai_2019/MICCAI-AP-00351.jpg,MICCAI-2019,AP,21089,11,17,0.0769230769230769,132.4236362943854,1.0188959381341145,0.9999999999999998,0.9786368571221826,0.040259081011931874
test:21090,test,miccai_2019:image:MICCAI-AP-00351,images/miccai_2019/MICCAI-AP-00351.jpg,MICCAI-2019,AP,21090,12,17,0.0769230769230769,137.26946896737036,1.017843492930426,1.0241145228015345,0.9998639893697661,0.017979503560660026
test:21091,test,miccai_2019:image:MICCAI-AP-00351,images/miccai_2019/MICCAI-AP-00351.jpg,MICCAI-2019,AP,21091,13,17,0.0769230769230769,139.6659342839476,1.047022733423878,1.0,1.0173704531043768,0.02965228031950118
test:21092,test,miccai_2019:image:MICCAI-AP-00351,images/miccai_2019/MICCAI-AP-00351.jpg,MICCAI-2019,AP,21092,14,17,0.0769230769230769,145.8308659582175,0.9573627083956504,1.0093408280801828,0.9968045994457657,0.03944189105011531
test:21093,test,miccai_2019:image:MICCAI-AP-00351,images/miccai_2019/MICCAI-AP-00351.jpg,MICCAI-2019,AP,21093,15,17,0.0769230769230769,145.8308659582175,1.0159213192500958,0.9773011857426903,0.9962368251539013,0.019684494096194438
test:21370,test,miccai_2019:image:MICCAI-AP-00368,images/miccai_2019/MICCAI-AP-00368.jpg,MICCAI-2019,AP,21370,3,17,0.0769230769230769,76.13784142160279,1.0860259521972564,0.9999999999999999,1.0321066565811634,0.05391929561609299
test:21371,test,miccai_2019:image:MICCAI-AP-00368,images/miccai_2019/MICCAI-AP-00368.jpg,MICCAI-2019,AP,21371,4,17,0.0769230769230769,77.66968559927946,1.051716939154386,1.2371374581341668,1.0784130011086388,0.026696061954252892
test:21372,test,miccai_2019:image:MICCAI-AP-00368,images/miccai_2019/MICCAI-AP-00368.jpg,MICCAI-2019,AP,21372,5,17,0.0769230769230769,82.18709786584877,1.3321857803437644,0.9389443567279734,1.0945192000154413,0.2376665803283231
test:21373,test,miccai_2019:image:MICCAI-AP-00368,images/miccai_2019/MICCAI-AP-00368.jpg,MICCAI-2019,AP,21373,6,17,0.0769230769230769,90.04952808977431,0.8067971150053047,1.0898635833060377,1.041069086501562,0.23427197149625723
test:21374,test,miccai_2019:image:MICCAI-AP-00368,images/miccai_2019/MICCAI-AP-00368.jpg,MICCAI-2019,AP,21374,7,17,0.0769230769230769,98.97935040318532,0.8768992649448625,0.838335649611183,0.9485859661714514,0.07168670122658893
test:21375,test,miccai_2019:image:MICCAI-AP-00368,images/miccai_2019/MICCAI-AP-00368.jpg,MICCAI-2019,AP,21375,8,17,0.0769230769230769,95.72474192668416,0.9747128557185072,1.0,1.0049547306261957,0.030241874907688482
test:21376,test,miccai_2019:image:MICCAI-AP-00368,images/miccai_2019/MICCAI-AP-00368.jpg,MICCAI-2019,AP,21376,9,17,0.0769230769230769,91.641959013485,1.14199396615578,1.0999070212434265,1.0730389312098954,0.06895503494588473
test:21377,test,miccai_2019:image:MICCAI-AP-00368,images/miccai_2019/MICCAI-AP-00368.jpg,MICCAI-2019,AP,21377,10,17,0.0769230769230769,98.97935040318532,1.0940780204302945,0.9832068249991569,1.0169040538778935,0.07717396655240094
test:21378,test,miccai_2019:image:MICCAI-AP-00368,images/miccai_2019/MICCAI-AP-00368.jpg,MICCAI-2019,AP,21378,11,17,0.0769230769230769,107.7387235874825,0.8351665813789977,1.0401371509466337,1.029438408713417,0.19427182733441928
test:21379,test,miccai_2019:image:MICCAI-AP-00368,images/miccai_2019/MICCAI-AP-00368.jpg,MICCAI-2019,AP,21379,12,17,0.0769230769230769,101.04791165462622,1.1463370627702152,0.9756069851149631,1.0222520043183876,0.1240850584518276
test:21380,test,miccai_2019:image:MICCAI-AP-00368,images/miccai_2019/MICCAI-AP-00368.jpg,MICCAI-2019,AP,21380,13,17,0.0769230769230769,104.79106417348343,1.0228573997962527,1.005546015751964,0.9834161075478853,0.03944129224836734
test:21381,test,miccai_2019:image:MICCAI-AP-00368,images/miccai_2019/MICCAI-AP-00368.jpg,MICCAI-2019,AP,21381,14,17,0.0769230769230769,115.2537933526572,0.8234827256095059,0.9624799732344016,0.9776987377779349,0.15421601216842906
test:21382,test,miccai_2019:image:MICCAI-AP-00368,images/miccai_2019/MICCAI-AP-00368.jpg,MICCAI-2019,AP,21382,15,17,0.0769230769230769,107.53653990614475,1.0663595886586035,1.0479831026587,1.0845154339167586,0.018155845258155168
test:21438,test,miccai_2019:image:MICCAI-AP-00372,images/miccai_2019/MICCAI-AP-00372.jpg,MICCAI-2019,AP,21438,3,17,0.0769230769230769,53.41565463371286,0.8697350861094393,0.9596848245817782,0.9428975284207226,0.07316244231128333
test:21439,test,miccai_2019:image:MICCAI-AP-00372,images/miccai_2019/MICCAI-AP-00372.jpg,MICCAI-2019,AP,21439,4,17,0.0769230769230769,64.42550718845425,0.944528451779516,1.1166474365034076,1.0131725363769504,0.06864408459743432
test:21440,test,miccai_2019:image:MICCAI-AP-00372,images/miccai_2019/MICCAI-AP-00372.jpg,MICCAI-2019,AP,21440,5,17,0.0769230769230769,71.62263497714247,1.3602359916454612,1.0000000000000002,1.094045124948025,0.2661908666974362
test:21441,test,miccai_2019:image:MICCAI-AP-00372,images/miccai_2019/MICCAI-AP-00372.jpg,MICCAI-2019,AP,21441,6,17,0.0769230769230769,83.96803472708314,0.9812489438661223,1.1218697948460772,0.9690183473830416,0.012230596483080669
test:21442,test,miccai_2019:image:MICCAI-AP-00372,images/miccai_2019/MICCAI-AP-00372.jpg,MICCAI-2019,AP,21442,7,17,0.0769230769230769,83.78832225886495,1.0858162023143034,0.950913520400291,1.013735758011108,0.07208044430319549
test:21443,test,miccai_2019:image:MICCAI-AP-00372,images/miccai_2019/MICCAI-AP-00372.jpg,MICCAI-2019,AP,21443,8,17,0.0769230769230769,87.35834837034268,0.8809387198405958,1.0082712201120252,0.9750452479066247,0.09410652806602893
test:21444,test,miccai_2019:image:MICCAI-AP-00372,images/miccai_2019/MICCAI-AP-00372.jpg,MICCAI-2019,AP,21444,9,17,0.0769230769230769,89.73504962570988,0.9492734386236972,0.9276807105619354,0.9313976869437737,0.0178757516799235
test:21445,test,miccai_2019:image:MICCAI-AP-00372,images/miccai_2019/MICCAI-AP-00372.jpg,MICCAI-2019,AP,21445,10,17,0.0769230769230769,87.55980037863291,1.0225422765955552,1.0,1.0100312726572156,0.012511003938339593
test:21446,test,miccai_2019:image:MICCAI-AP-00372,images/miccai_2019/MICCAI-AP-00372.jpg,MICCAI-2019,AP,21446,11,17,0.0769230769230769,93.64558814184994,0.9603922984366174,0.9999999999999999,1.030815789476037,0.07042349103941958
test:21447,test,miccai_2019:image:MICCAI-AP-00372,images/miccai_2019/MICCAI-AP-00372.jpg,MICCAI-2019,AP,21447,12,17,0.0769230769230769,94.5753669922372,1.033647362682761,1.021944444099578,1.0433703041022149,0.009722941419453957
test:21448,test,miccai_2019:image:MICCAI-AP-00372,images/miccai_2019/MICCAI-AP-00372.jpg,MICCAI-2019,AP,21448,13,17,0.0769230769230769,98.48590550837724,1.049541449867651,1.0000000000000002,1.0217059794813397,0.02783547038631129
test:21449,test,miccai_2019:image:MICCAI-AP-00372,images/miccai_2019/MICCAI-AP-00372.jpg,MICCAI-2019,AP,21449,14,17,0.0769230769230769,102.13374746360896,0.9714147851651589,0.9999999999999999,1.019310850650072,0.04789606548491321
test:21450,test,miccai_2019:image:MICCAI-AP-00372,images/miccai_2019/MICCAI-AP-00372.jpg,MICCAI-2019,AP,21450,15,17,0.0769230769230769,101.2896362046325,0.9961774831985464,1.0280976830678537,1.0612073703365876,0.06502988713804125
test:21608,test,miccai_2019:image:MICCAI-AP-00382,images/miccai_2019/MICCAI-AP-00382.jpg,MICCAI-2019,AP,21608,3,17,0.0769230769230769,94.30909299815688,1.1885222775090316,0.9262914753021632,0.9984072616757784,0.1901150158332532
test:21609,test,miccai_2019:image:MICCAI-AP-00382,images/miccai_2019/MICCAI-AP-00382.jpg,MICCAI-2019,AP,21609,4,17,0.0769230769230769,110.5836459910908,1.0399817568562684,1.0270423793283645,1.0110678297517244,0.02891392710454399
test:21610,test,miccai_2019:image:MICCAI-AP-00382,images/miccai_2019/MICCAI-AP-00382.jpg,MICCAI-2019,AP,21610,5,17,0.0769230769230769,113.54671621868334,1.013324978640625,0.9867471992233443,0.9652493386724639,0.04807563996816122
test:21611,test,miccai_2019:image:MICCAI-AP-00382,images/miccai_2019/MICCAI-AP-00382.jpg,MICCAI-2019,AP,21611,6,17,0.0769230769230769,115.73441690305476,0.9424926214781146,0.9999999999999999,0.9759492240846156,0.03345660260650096
test:21612,test,miccai_2019:image:MICCAI-AP-00382,images/miccai_2019/MICCAI-AP-00382.jpg,MICCAI-2019,AP,21612,7,17,0.0769230769230769,118.65160116477068,0.9811002032534102,0.9747964218514686,0.9621497923764115,0.01895041087699867
test:21613,test,miccai_2019:image:MICCAI-AP-00382,images/miccai_2019/MICCAI-AP-00382.jpg,MICCAI-2019,AP,21613,8,17,0.0769230769230769,118.82520036916068,1.0287672830573857,1.0234538686868233,0.9927992036041302,0.03596807945325553
test:21614,test,miccai_2019:image:MICCAI-AP-00382,images/miccai_2019/MICCAI-AP-00382.jpg,MICCAI-2019,AP,21614,9,17,0.0769230769230769,121.7423846308766,1.0416677182397378,1.0,1.0115604158490896,0.030107302390648183
test:21615,test,miccai_2019:image:MICCAI-AP-00382,images/miccai_2019/MICCAI-AP-00382.jpg,MICCAI-2019,AP,21615,10,17,0.0769230769230769,127.7194948142907,0.9492778756720894,1.0443902824007778,1.0170603178375273,0.06778244216543783
test:21616,test,miccai_2019:image:MICCAI-AP-00382,images/miccai_2019/MICCAI-AP-00382.jpg,MICCAI-2019,AP,21616,11,17,0.0769230769230769,127.7194948142907,1.0958615731010006,0.9781794419857673,1.0064697770747357,0.0893917960262649
test:21617,test,miccai_2019:image:MICCAI-AP-00382,images/miccai_2019/MICCAI-AP-00382.jpg,MICCAI-2019,AP,21617,12,17,0.0769230769230769,135.4890090903628,0.949330713100776,1.0697235784633252,0.9926963768107984,0.04336566371002237
test:21618,test,miccai_2019:image:MICCAI-AP-00382,images/miccai_2019/MICCAI-AP-00382.jpg,MICCAI-2019,AP,21618,13,17,0.0769230769230769,134.4006634909713,1.1153865233738414,0.9659141649713114,1.017912567894657,0.09747395547918436
test:21619,test,miccai_2019:image:MICCAI-AP-00382,images/miccai_2019/MICCAI-AP-00382.jpg,MICCAI-2019,AP,21619,14,17,0.0769230769230769,143.8474420472014,0.9107922241320163,0.9999999999999998,1.0079739531502125,0.09718172901819622
test:21620,test,miccai_2019:image:MICCAI-AP-00382,images/miccai_2019/MICCAI-AP-00382.jpg,MICCAI-2019,AP,21620,15,17,0.0769230769230769,148.67364815068672,0.9267694511970196,0.957977080478041,0.9761041121023581,0.049334660905338557
test:21676,test,miccai_2019:image:MICCAI-AP-00386,images/miccai_2019/MICCAI-AP-00386.jpg,MICCAI-2019,AP,21676,3,17,0.0769230769230769,68.43117469745016,1.1881573883031336,1.1157494759810822,1.0857156119001763,0.10244177640295726
test:21677,test,miccai_2019:image:MICCAI-AP-00386,images/miccai_2019/MICCAI-AP-00386.jpg,MICCAI-2019,AP,21677,4,17,0.0769230769230769,75.70593668783246,1.0910534981010036,0.9778921846237997,0.9879390038487533,0.10311449425225028
test:21678,test,miccai_2019:image:MICCAI-AP-00386,images/miccai_2019/MICCAI-AP-00386.jpg,MICCAI-2019,AP,21678,5,17,0.0769230769230769,83.34671882337246,0.8009611268290602,1.0121010691493237,1.0217855638458813,0.22082443701682108
test:21679,test,miccai_2019:image:MICCAI-AP-00386,images/miccai_2019/MICCAI-AP-00386.jpg,MICCAI-2019,AP,21679,6,17,0.0769230769230769,83.34671882337246,1.0331705990089461,0.9049647937696794,1.0118822272103647,0.02128837179858145
test:21680,test,miccai_2019:image:MICCAI-AP-00386,images/miccai_2019/MICCAI-AP-00386.jpg,MICCAI-2019,AP,21680,7,17,0.0769230769230769,85.85177700491107,0.9795278971530392,0.9999999999999999,0.9707656484097241,0.008762248743315104
test:21681,test,miccai_2019:image:MICCAI-AP-00386,images/miccai_2019/MICCAI-AP-00386.jpg,MICCAI-2019,AP,21681,8,17,0.0769230769230769,87.26469123823802,0.9808339820280376,0.9884422394265124,0.9760550186787436,0.004778963349294063
test:21682,test,miccai_2019:image:MICCAI-AP-00386,images/miccai_2019/MICCAI-AP-00386.jpg,MICCAI-2019,AP,21682,9,17,0.0769230769230769,92.928125478352,0.951466551263852,1.0,0.9563302770256996,0.0048637257618475704
test:21683,test,miccai_2019:image:MICCAI-AP-00386,images/miccai_2019/MICCAI-AP-00386.jpg,MICCAI-2019,AP,21683,10,17,0.0769230769230769,89.38467298877141,1.1217144170975608,1.0763571397458054,1.0350616746638752,0.08665274243368559
test:21684,test,miccai_2019:image:MICCAI-AP-00386,images/miccai_2019/MICCAI-AP-00386.jpg,MICCAI-2019,AP,21684,11,17,0.0769230769230769,95.30770963614827,1.0912197894940125,0.9999999999999999,1.0632318183779716,0.0279879711160409
test:21685,test,miccai_2019:image:MICCAI-AP-00386,images/miccai_2019/MICCAI-AP-00386.jpg,MICCAI-2019,AP,21685,12,17,0.0769230769230769,107.85867476605182,0.837682672341516,1.0,1.0220671724528074,0.18438450011129137
test:21686,test,miccai_2019:image:MICCAI-AP-00386,images/miccai_2019/MICCAI-AP-00386.jpg,MICCAI-2019,AP,21686,13,17,0.0769230769230769,109.0296653742286,1.0246357292058215,0.9924485149305526,0.9286413701694671,0.09599435903635434
test:21687,test,miccai_2019:image:MICCAI-AP-00386,images/miccai_2019/MICCAI-AP-00386.jpg,MICCAI-2019,AP,21687,14,17,0.0769230769230769,112.88668129396623,1.1167067240336508,1.0,0.9857127107679844,0.1309940132656664
test:21688,test,miccai_2019:image:MICCAI-AP-00386,images/miccai_2019/MICCAI-AP-00386.jpg,MICCAI-2019,AP,21688,15,17,0.0769230769230769,116.34768603671128,0.9803174930883827,1.0616498095394005,1.0456213810891737,0.06530388800079101
test:21744,test,miccai_2019:image:MICCAI-AP-00390,images/miccai_2019/MICCAI-AP-00390.jpg,MICCAI-2019,AP,21744,3,17,0.0769230769230769,94.4912944991335,1.0718357098863418,1.0,1.0464458912611008,0.025389818625241034
test:21745,test,miccai_2019:image:MICCAI-AP-00390,images/miccai_2019/MICCAI-AP-00390.jpg,MICCAI-2019,AP,21745,4,17,0.0769230769230769,102.26163994524984,0.9305614337676642,1.0000000000000002,0.9813488759100439,0.050787442142379735
test:21746,test,miccai_2019:image:MICCAI-AP-00390,images/miccai_2019/MICCAI-AP-00390.jpg,MICCAI-2019,AP,21746,5,17,0.0769230769230769,102.5141302624374,1.0071210272050823,1.0109147296747412,1.0095586555538918,0.002437628348809451
test:21747,test,miccai_2019:image:MICCAI-AP-00390,images/miccai_2019/MICCAI-AP-00390.jpg,MICCAI-2019,AP,21747,6,17,0.0769230769230769,103.4966264901291,1.0831787863925566,1.0,0.9937422261573374,0.08943656023521918
test:21748,test,miccai_2019:image:MICCAI-AP-00390,images/miccai_2019/MICCAI-AP-00390.jpg,MICCAI-2019,AP,21748,7,17,0.0769230769230769,108.15291709551684,0.9592817243726222,1.0115853364496334,0.9594864028422936,0.00020467846967142656
test:21749,test,miccai_2019:image:MICCAI-AP-00390,images/miccai_2019/MICCAI-AP-00390.jpg,MICCAI-2019,AP,21749,8,17,0.0769230769230769,110.85236234474092,0.962599781563573,0.9623091773001733,0.9535104933066549,0.009089288256918016
test:21750,test,miccai_2019:image:MICCAI-AP-00390,images/miccai_2019/MICCAI-AP-00390.jpg,MICCAI-2019,AP,21750,9,17,0.0769230769230769,112.19074079923216,0.9769021367664428,1.0,0.9549332149326801,0.021968921833762645
test:21751,test,miccai_2019:image:MICCAI-AP-00390,images/miccai_2019/MICCAI-AP-00390.jpg,MICCAI-2019,AP,21751,10,17,0.0769230769230769,117.96154716484632,0.9975710275753233,1.0,0.9654935747385025,0.03207745283682084
test:21752,test,miccai_2019:image:MICCAI-AP-00390,images/miccai_2019/MICCAI-AP-00390.jpg,MICCAI-2019,AP,21752,11,17,0.0769230769230769,124.59651973127109,1.0138623469577381,1.0,1.002462727483362,0.011399619474376177
test:21753,test,miccai_2019:image:MICCAI-AP-00390,images/miccai_2019/MICCAI-AP-00390.jpg,MICCAI-2019,AP,21753,12,17,0.0769230769230769,129.2388509121223,1.0176353063705192,1.0068426642780908,0.9880224921023257,0.02961281426819351
test:21754,test,miccai_2019:image:MICCAI-AP-00390,images/miccai_2019/MICCAI-AP-00390.jpg,MICCAI-2019,AP,21754,13,17,0.0769230769230769,131.8359997748317,1.0158276819110108,1.0000000000000002,0.9833864588290455,0.03244122308196529
test:21755,test,miccai_2019:image:MICCAI-AP-00390,images/miccai_2019/MICCAI-AP-00390.jpg,MICCAI-2019,AP,21755,14,17,0.0769230769230769,141.12997587620472,0.9363990965509252,1.0,0.9815422892570496,0.045143192706124324
test:21756,test,miccai_2019:image:MICCAI-AP-00390,images/miccai_2019/MICCAI-AP-00390.jpg,MICCAI-2019,AP,21756,15,17,0.0769230769230769,134.132075802784,1.1059047049031265,1.0538256649445514,1.0463079052563529,0.05959679964677367
test:21778,test,miccai_2019:image:MICCAI-AP-00392,images/miccai_2019/MICCAI-AP-00392.jpg,MICCAI-2019,AP,21778,3,17,0.0769230769230769,91.93955690419416,1.081174301491565,1.0121963670386616,1.002449276289219,0.07872502520234592
test:21779,test,miccai_2019:image:MICCAI-AP-00392,images/miccai_2019/MICCAI-AP-00392.jpg,MICCAI-2019,AP,21779,4,17,0.0769230769230769,94.15121841863434,0.9754105461952353,1.016692677251464,0.9829352104286013,0.007524664233366063
test:21780,test,miccai_2019:image:MICCAI-AP-00392,images/miccai_2019/MICCAI-AP-00392.jpg,MICCAI-2019,AP,21780,5,17,0.0769230769230769,96.70972173206628,0.9517452927920313,0.9608798645205894,0.9781340010233321,0.026388708231300795
test:21781,test,miccai_2019:image:MICCAI-AP-00392,images/miccai_2019/MICCAI-AP-00392.jpg,MICCAI-2019,AP,21781,6,17,0.0769230769230769,94.2572799247613,0.9974482323682923,1.0344002429589723,1.0339071724990476,0.036458940130755346
test:21782,test,miccai_2019:image:MICCAI-AP-00392,images/miccai_2019/MICCAI-AP-00392.jpg,MICCAI-2019,AP,21782,7,17,0.0769230769230769,95.24414733629892,1.0809743901680187,1.0,0.9772635120898485,0.10371087807817014
test:21783,test,miccai_2019:image:MICCAI-AP-00392,images/miccai_2019/MICCAI-AP-00392.jpg,MICCAI-2019,AP,21783,8,17,0.0769230769230769,102.5494687483324,0.9407317132042197,1.0,0.9763541501015425,0.03562243689732281
test:21784,test,miccai_2019:image:MICCAI-AP-00392,images/miccai_2019/MICCAI-AP-00392.jpg,MICCAI-2019,AP,21784,9,17,0.0769230769230769,104.1366842616531,0.9808498718481735,0.968863293919397,0.9607733845893865,0.020076487258786968
test:21785,test,miccai_2019:image:MICCAI-AP-00392,images/miccai_2019/MICCAI-AP-00392.jpg,MICCAI-2019,AP,21785,10,17,0.0769230769230769,110.3521330649986,0.954371080234079,1.0,0.9784402996301651,0.024069219396086083
test:21786,test,miccai_2019:image:MICCAI-AP-00392,images/miccai_2019/MICCAI-AP-00392.jpg,MICCAI-2019,AP,21786,11,17,0.0769230769230769,114.37145945189395,1.036638102595251,1.0,1.0200145933777094,0.01662350921754152
test:21787,test,miccai_2019:image:MICCAI-AP-00392,images/miccai_2019/MICCAI-AP-00392.jpg,MICCAI-2019,AP,21787,12,17,0.0769230769230769,122.07968633564036,1.011028436992117,1.0,1.0406087413430214,0.02958030435090442
test:21788,test,miccai_2019:image:MICCAI-AP-00392,images/miccai_2019/MICCAI-AP-00392.jpg,MICCAI-2019,AP,21788,13,17,0.0769230769230769,125.8949844996638,0.9976375187079445,1.0,1.0211533941328526,0.023515875424908073
test:21789,test,miccai_2019:image:MICCAI-AP-00392,images/miccai_2019/MICCAI-AP-00392.jpg,MICCAI-2019,AP,21789,14,17,0.0769230769230769,131.7244759800696,0.9744881016215933,1.0124273724662602,1.0169440615730823,0.042455959951488986
test:21790,test,miccai_2019:image:MICCAI-AP-00392,images/miccai_2019/MICCAI-AP-00392.jpg,MICCAI-2019,AP,21790,15,17,0.0769230769230769,133.10766327051834,1.0602347512566652,1.0,0.9958879994228482,0.064346751833817
test:21845,test,miccai_2019:image:MICCAI-AP-00396,images/miccai_2019/MICCAI-AP-00396.jpg,MICCAI-2019,AP,21845,3,17,0.0769230769230769,97.06128365951204,1.0860670162777555,1.0768230594177797,0.9840232319613054,0.10204378431645011
test:21846,test,miccai_2019:image:MICCAI-AP-00396,images/miccai_2019/MICCAI-AP-00396.jpg,MICCAI-2019,AP,21846,4,17,0.0769230769230769,105.1859617303328,1.1396003066576945,1.0,1.0120627181604505,0.12753758849724406
test:21847,test,miccai_2019:image:MICCAI-AP-00396,images/miccai_2019/MICCAI-AP-00396.jpg,MICCAI-2019,AP,21847,5,17,0.0769230769230769,117.22207753127556,0.8953677236481956,1.0116622703057154,0.9205334888678416,0.025165765219645975
test:21848,test,miccai_2019:image:MICCAI-AP-00396,images/miccai_2019/MICCAI-AP-00396.jpg,MICCAI-2019,AP,21848,6,17,0.0769230769230769,115.60528494540682,1.0147317398327536,0.96056451035698,0.9617698775095591,0.05296186232319444
test:21849,test,miccai_2019:image:MICCAI-AP-00396,images/miccai_2019/MICCAI-AP-00396.jpg,MICCAI-2019,AP,21849,7,17,0.0769230769230769,115.69155934064516,1.0124835710022682,1.0,0.9798782616853714,0.03260530931689676
test:21850,test,miccai_2019:image:MICCAI-AP-00396,images/miccai_2019/MICCAI-AP-00396.jpg,MICCAI-2019,AP,21850,8,17,0.0769230769230769,117.22207753127556,0.9731508701877476,1.0237361090275554,0.9850737089309005,0.01192283874315292
test:21851,test,miccai_2019:image:MICCAI-AP-00396,images/miccai_2019/MICCAI-AP-00396.jpg,MICCAI-2019,AP,21851,9,17,0.0769230769230769,115.60528494540682,1.0628678784882286,0.9830732738082155,0.9908991839219674,0.0719686945662612
test:21852,test,miccai_2019:image:MICCAI-AP-00396,images/miccai_2019/MICCAI-AP-00396.jpg,MICCAI-2019,AP,21852,10,17,0.0769230769230769,125.50820972244804,0.9021096339214084,1.0053037480602427,0.9937927612254782,0.0916831273040698
test:21853,test,miccai_2019:image:MICCAI-AP-00396,images/miccai_2019/MICCAI-AP-00396.jpg,MICCAI-2019,AP,21853,11,17,0.0769230769230769,124.91638836565032,1.0364901277938912,0.966107985420127,0.9852886408995581,0.051201486894333015
test:21854,test,miccai_2019:image:MICCAI-AP-00396,images/miccai_2019/MICCAI-AP-00396.jpg,MICCAI-2019,AP,21854,12,17,0.0769230769230769,128.21711806000658,0.9994240818372809,1.0,0.9827938787639141,0.016630203073366823
test:21855,test,miccai_2019:image:MICCAI-AP-00396,images/miccai_2019/MICCAI-AP-00396.jpg,MICCAI-2019,AP,21855,13,17,0.0769230769230769,133.28511226381568,0.952541740206164,0.9993837474724863,0.9971036407044742,0.044561900498310214
test:21856,test,miccai_2019:image:MICCAI-AP-00396,images/miccai_2019/MICCAI-AP-00396.jpg,MICCAI-2019,AP,21856,14,17,0.0769230769230769,132.61944833995574,1.0425520252930056,0.9955374467002709,0.9637743624674637,0.07877766282554188
test:21857,test,miccai_2019:image:MICCAI-AP-00396,images/miccai_2019/MICCAI-AP-00396.jpg,MICCAI-2019,AP,21857,15,17,0.0769230769230769,139.86866254813887,0.9801739624112202,1.0079633698485493,1.0453570813558697,0.06518311894464945
test:21879,test,miccai_2019:image:MICCAI-AP-00398,images/miccai_2019/MICCAI-AP-00398.jpg,MICCAI-2019,AP,21879,3,17,0.0769230769230769,58.29058703260454,1.1032098166091244,1.0363856368608027,1.0192178302354364,0.08399198637368799
test:21880,test,miccai_2019:image:MICCAI-AP-00398,images/miccai_2019/MICCAI-AP-00398.jpg,MICCAI-2019,AP,21880,4,17,0.0769230769230769,64.48519595121432,0.8708884175507182,0.9559215706732302,0.9495119358372122,0.07862351828649394
test:21881,test,miccai_2019:image:MICCAI-AP-00398,images/miccai_2019/MICCAI-AP-00398.jpg,MICCAI-2019,AP,21881,5,17,0.0769230769230769,76.28293855766844,0.7731588856248233,0.9465979042828978,0.9066763746918143,0.133517489066991
test:21882,test,miccai_2019:image:MICCAI-AP-00398,images/miccai_2019/MICCAI-AP-00398.jpg,MICCAI-2019,AP,21882,6,17,0.0769230769230769,91.1815699338,0.9679492176888076,0.9999999999999998,0.9607442840933798,0.007204933595427843
test:21883,test,miccai_2019:image:MICCAI-AP-00398,images/miccai_2019/MICCAI-AP-00398.jpg,MICCAI-2019,AP,21883,7,17,0.0769230769230769,109.51324956152482,1.126661007633132,0.9999999999999999,0.9923957572318612,0.1342652504012708
test:21884,test,miccai_2019:image:MICCAI-AP-00398,images/miccai_2019/MICCAI-AP-00398.jpg,MICCAI-2019,AP,21884,8,17,0.0769230769230769,135.16140470874922,0.9674904616430477,1.0,1.0028326231986284,0.035342161555580676
test:21885,test,miccai_2019:image:MICCAI-AP-00398,images/miccai_2019/MICCAI-AP-00398.jpg,MICCAI-2019,AP,21885,9,17,0.0769230769230769,151.22183459376103,0.9716751665661546,0.9999999999999998,0.9885515263304112,0.01687635976425661
test:21886,test,miccai_2019:image:MICCAI-AP-00398,images/miccai_2019/MICCAI-AP-00398.jpg,MICCAI-2019,AP,21886,10,17,0.0769230769230769,156.1736315468738,1.0992655907985638,1.057676837822855,1.0396362888128166,0.05962930198574723
test:21887,test,miccai_2019:image:MICCAI-AP-00398,images/miccai_2019/MICCAI-AP-00398.jpg,MICCAI-2019,AP,21887,11,17,0.0769230769230769,156.1736315468738,1.1744874112070154,1.0791996631799345,1.1081053305445319,0.06638208066248352
test:21888,test,miccai_2019:image:MICCAI-AP-00398,images/miccai_2019/MICCAI-AP-00398.jpg,MICCAI-2019,AP,21888,12,17,0.0769230769230769,148.06582799970562,1.1171298875034434,1.0291167067548306,0.9540165083667309,0.16311337913671253
test:21889,test,miccai_2019:image:MICCAI-AP-00398,images/miccai_2019/MICCAI-AP-00398.jpg,MICCAI-2019,AP,21889,13,17,0.0769230769230769,157.62624008572425,0.7697326936663444,0.9194665757067287,0.87883939417673,0.10910670051038551
test:21890,test,miccai_2019:image:MICCAI-AP-00398,images/miccai_2019/MICCAI-AP-00398.jpg,MICCAI-2019,AP,21890,14,17,0.0769230769230769,157.36029936253144,0.7908942544850894,0.8616334293568456,0.830410681718024,0.03951642723293458
test:21891,test,miccai_2019:image:MICCAI-AP-00398,images/miccai_2019/MICCAI-AP-00398.jpg,MICCAI-2019,AP,21891,15,17,0.0769230769230769,144.66611848995475,1.035789996711897,1.0000000000000002,1.0741769373416903,0.0383869406297932
test:22542,test,miccai_2019:image:MICCAI-AP-00437,images/miccai_2019/MICCAI-AP-00437.jpg,MICCAI-2019,AP,22542,3,17,0.0769230769230769,74.3070619207356,1.1715136330457465,0.9999999999999999,1.060033656656742,0.11147997638900442
test:22543,test,miccai_2019:image:MICCAI-AP-00437,images/miccai_2019/MICCAI-AP-00437.jpg,MICCAI-2019,AP,22543,4,17,0.0769230769230769,86.2729439592473,0.9594130751139174,0.9999999999999999,1.0021121308673173,0.04269905575339994
test:22544,test,miccai_2019:image:MICCAI-AP-00437,images/miccai_2019/MICCAI-AP-00437.jpg,MICCAI-2019,AP,22544,5,17,0.0769230769230769,89.46731076731194,0.9555909428096367,0.9760787176235994,0.9781236156157633,0.022532672806126586
test:22545,test,miccai_2019:image:MICCAI-AP-00437,images/miccai_2019/MICCAI-AP-00437.jpg,MICCAI-2019,AP,22545,6,17,0.0769230769230769,86.60056832134529,1.0609963334416177,1.0449344793676039,1.0201166568665405,0.040879676575077184
test:22546,test,miccai_2019:image:MICCAI-AP-00437,images/miccai_2019/MICCAI-AP-00437.jpg,MICCAI-2019,AP,22546,7,17,0.0769230769230769,88.05838816250731,1.0843905923034538,1.0197204037359613,1.0187970771477255,0.06559351515572831
test:22547,test,miccai_2019:image:MICCAI-AP-00437,images/miccai_2019/MICCAI-AP-00437.jpg,MICCAI-2019,AP,22547,8,17,0.0769230769230769,93.36863606163232,0.9393623865086467,0.9848032861085158,0.9640264219672899,0.024664035458643263
test:22548,test,miccai_2019:image:MICCAI-AP-00437,images/miccai_2019/MICCAI-AP-00437.jpg,MICCAI-2019,AP,22548,9,17,0.0769230769230769,95.17203717859286,0.9289471377312128,0.9591124497718164,0.9629725867315182,0.03402544900030535
test:22549,test,miccai_2019:image:MICCAI-AP-00437,images/miccai_2019/MICCAI-AP-00437.jpg,MICCAI-2019,AP,22549,10,17,0.0769230769230769,95.32407304361156,0.9950727411423168,1.0,0.9995209578191862,0.004448216676869343
test:22550,test,miccai_2019:image:MICCAI-AP-00437,images/miccai_2019/MICCAI-AP-00437.jpg,MICCAI-2019,AP,22550,11,17,0.0769230769230769,99.08689964589954,1.0318049603275838,1.0165294734081955,1.0274600488385888,0.0043449114889950735
test:22551,test,miccai_2019:image:MICCAI-AP-00437,images/miccai_2019/MICCAI-AP-00437.jpg,MICCAI-2019,AP,22551,12,17,0.0769230769230769,100.33004023770792,1.0624447167018514,1.0244078777529793,1.0303398982421057,0.032104818459745665
test:22552,test,miccai_2019:image:MICCAI-AP-00437,images/miccai_2019/MICCAI-AP-00437.jpg,MICCAI-2019,AP,22552,13,17,0.0769230769230769,104.4167378675788,0.9894909067401787,0.9817240572787012,1.0034838280893053,0.013992921349126552
test:22553,test,miccai_2019:image:MICCAI-AP-00437,images/miccai_2019/MICCAI-AP-00437.jpg,MICCAI-2019,AP,22553,14,17,0.0769230769230769,104.95726690423952,0.9377314103185707,1.017972059696945,1.0321359067783082,0.09440449645973759
test:22554,test,miccai_2019:image:MICCAI-AP-00437,images/miccai_2019/MICCAI-AP-00437.jpg,MICCAI-2019,AP,22554,15,17,0.0769230769230769,102.69978971257343,1.0746635218902212,0.9761553225773192,1.077836346413455,0.0031728245232338637
test:22712,test,miccai_2019:image:MICCAI-AP-00447,images/miccai_2019/MICCAI-AP-00447.jpg,MICCAI-2019,AP,22712,3,17,0.0769230769230769,63.66851952905599,0.8237433116342718,1.0,0.995308630168438,0.17156531853416612
test:22713,test,miccai_2019:image:MICCAI-AP-00447,images/miccai_2019/MICCAI-AP-00447.jpg,MICCAI-2019,AP,22713,4,17,0.0769230769230769,71.93607228635706,0.868616727397087,0.9137731193201863,1.0105544550912702,0.14193772769418322
test:22714,test,miccai_2019:image:MICCAI-AP-00447,images/miccai_2019/MICCAI-AP-00447.jpg,MICCAI-2019,AP,22714,5,17,0.0769230769230769,77.824350366364,1.0153631971713915,1.0,1.0240376256406307,0.00867442846923927
test:22715,test,miccai_2019:image:MICCAI-AP-00447,images/miccai_2019/MICCAI-AP-00447.jpg,MICCAI-2019,AP,22715,6,17,0.0769230769230769,86.5488310814876,1.07643077182448,1.0439159187346347,0.988043690738047,0.08838708108643312
test:22716,test,miccai_2019:image:MICCAI-AP-00447,images/miccai_2019/MICCAI-AP-00447.jpg,MICCAI-2019,AP,22716,7,17,0.0769230769230769,93.6207529993748,1.0860778253148726,1.0,1.0319471135735512,0.05413071174132145
test:22717,test,miccai_2019:image:MICCAI-AP-00447,images/miccai_2019/MICCAI-AP-00447.jpg,MICCAI-2019,AP,22717,8,17,0.0769230769230769,104.73603717689736,0.8982360178312048,1.0,1.0262682009488344,0.12803218311762965
test:22718,test,miccai_2019:image:MICCAI-AP-00447,images/miccai_2019/MICCAI-AP-00447.jpg,MICCAI-2019,AP,22718,9,17,0.0769230769230769,106.73752607887135,1.0098852249230688,0.964390485970757,0.9783810008824683,0.03150422404060049
test:22719,test,miccai_2019:image:MICCAI-AP-00447,images/miccai_2019/MICCAI-AP-00447.jpg,MICCAI-2019,AP,22719,10,17,0.0769230769230769,104.3562365255782,1.0712884256652861,1.0556768612182164,1.0073515200233483,0.06393690564193788
test:22720,test,miccai_2019:image:MICCAI-AP-00447,images/miccai_2019/MICCAI-AP-00447.jpg,MICCAI-2019,AP,22720,11,17,0.0769230769230769,109.79413943386692,1.025011703685975,0.9687012984114274,0.990561028073965,0.034450675612009984
test:22721,test,miccai_2019:image:MICCAI-AP-00447,images/miccai_2019/MICCAI-AP-00447.jpg,MICCAI-2019,AP,22721,12,17,0.0769230769230769,112.16795312584216,0.8997206395131475,1.040226342893218,1.027719504005288,0.12799886449214049
test:22722,test,miccai_2019:image:MICCAI-AP-00447,images/miccai_2019/MICCAI-AP-00447.jpg,MICCAI-2019,AP,22722,13,17,0.0769230769230769,108.26596114958456,1.1159540832695556,0.9649710395866298,0.9779348328271174,0.13801925044243823
test:22723,test,miccai_2019:image:MICCAI-AP-00447,images/miccai_2019/MICCAI-AP-00447.jpg,MICCAI-2019,AP,22723,14,17,0.0769230769230769,110.05908459304511,0.9815383441076118,1.0418247295334377,0.9578529236629048,0.023685420444707006
test:22724,test,miccai_2019:image:MICCAI-AP-00447,images/miccai_2019/MICCAI-AP-00447.jpg,MICCAI-2019,AP,22724,15,17,0.0769230769230769,116.2166499781801,0.9336416999980981,0.944962147072185,0.8682050736697802,0.06543662632831793
test:22831,test,miccai_2019:image:MICCAI-AP-00454,images/miccai_2019/MICCAI-AP-00454.jpg,MICCAI-2019,AP,22831,3,17,0.0769230769230769,81.84535110744366,1.0024784315211561,1.0000000000000004,0.9746503755450253,0.027828055976130806
test:22832,test,miccai_2019:image:MICCAI-AP-00454,images/miccai_2019/MICCAI-AP-00454.jpg,MICCAI-2019,AP,22832,4,17,0.0769230769230769,90.63955968186204,1.0226865398293454,1.0277640388623137,0.993113634856071,0.029572904973274472
test:22833,test,miccai_2019:image:MICCAI-AP-00454,images/miccai_2019/MICCAI-AP-00454.jpg,MICCAI-2019,AP,22833,5,17,0.0769230769230769,89.66677398822969,1.1627937087026523,1.0702223872029135,1.0514688008659432,0.11132490783670912
test:22834,test,miccai_2019:image:MICCAI-AP-00454,images/miccai_2019/MICCAI-AP-00454.jpg,MICCAI-2019,AP,22834,6,17,0.0769230769230769,94.76444525417516,1.0471323911840629,1.0072430143758253,1.0012792693145172,0.04585312186954571
test:22835,test,miccai_2019:image:MICCAI-AP-00454,images/miccai_2019/MICCAI-AP-00454.jpg,MICCAI-2019,AP,22835,7,17,0.0769230769230769,101.7474404157059,0.8514974918267026,0.963483465543878,0.9378484149341701,0.0863509231074675
test:22836,test,miccai_2019:image:MICCAI-AP-00454,images/miccai_2019/MICCAI-AP-00454.jpg,MICCAI-2019,AP,22836,8,17,0.0769230769230769,103.61558152757036,0.9345412284337348,0.9392310033934211,0.9595202568369007,0.024979028403165904
test:22837,test,miccai_2019:image:MICCAI-AP-00454,images/miccai_2019/MICCAI-AP-00454.jpg,MICCAI-2019,AP,22837,9,17,0.0769230769230769,113.30165613731656,0.9532097462548432,1.0,0.9679122753441334,0.01470252908929015
test:22838,test,miccai_2019:image:MICCAI-AP-00454,images/miccai_2019/MICCAI-AP-00454.jpg,MICCAI-2019,AP,22838,10,17,0.0769230769230769,106.89271541596284,1.2140236023006155,1.1495125861747937,1.0752322869284825,0.13879131537213296
test:22839,test,miccai_2019:image:MICCAI-AP-00454,images/miccai_2019/MICCAI-AP-00454.jpg,MICCAI-2019,AP,22839,11,17,0.0769230769230769,114.58351169964376,1.2021694792028492,1.0278768029970173,0.9843210552793984,0.21784842392345083
test:22840,test,miccai_2019:image:MICCAI-AP-00454,images/miccai_2019/MICCAI-AP-00454.jpg,MICCAI-2019,AP,22840,12,17,0.0769230769230769,127.28761282346602,0.8310721333248121,1.0170494023116938,0.930617481783282,0.09954534845846985
test:22841,test,miccai_2019:image:MICCAI-AP-00454,images/miccai_2019/MICCAI-AP-00454.jpg,MICCAI-2019,AP,22841,13,17,0.0769230769230769,124.42703443175068,0.9737978651965987,0.9266078517665371,0.9430468500484929,0.030751015148105854
test:22842,test,miccai_2019:image:MICCAI-AP-00454,images/miccai_2019/MICCAI-AP-00454.jpg,MICCAI-2019,AP,22842,14,17,0.0769230769230769,122.60795157396676,1.0179188593870125,1.0,1.0013566851848736,0.016562174202138902
test:22843,test,miccai_2019:image:MICCAI-AP-00454,images/miccai_2019/MICCAI-AP-00454.jpg,MICCAI-2019,AP,22843,15,17,0.0769230769230769,122.9858633601664,1.0086453780648825,1.0386200494960247,1.048586213392049,0.03994083532716641
test:22933,test,miccai_2019:image:MICCAI-AP-00460,images/miccai_2019/MICCAI-AP-00460.jpg,MICCAI-2019,AP,22933,3,17,0.0769230769230769,88.65516238515426,0.958024681929444,1.0033418432783616,1.005639601635961,0.04761491970651699
test:22934,test,miccai_2019:image:MICCAI-AP-00460,images/miccai_2019/MICCAI-AP-00460.jpg,MICCAI-2019,AP,22934,4,17,0.0769230769230769,88.6531679313611,1.0185900523767029,0.9849762251598495,0.9786153087390321,0.03997474363767073
test:22935,test,miccai_2019:image:MICCAI-AP-00460,images/miccai_2019/MICCAI-AP-00460.jpg,MICCAI-2019,AP,22935,5,17,0.0769230769230769,89.86053096676196,0.9983102779876721,1.0015850995533777,0.9956819090858711,0.0026283689018010703
test:22936,test,miccai_2019:image:MICCAI-AP-00460,images/miccai_2019/MICCAI-AP-00460.jpg,MICCAI-2019,AP,22936,6,17,0.0769230769230769,90.15879707906402,0.9949633940135184,0.996713890733823,1.038161768617734,0.043198374604215606
test:22937,test,miccai_2019:image:MICCAI-AP-00460,images/miccai_2019/MICCAI-AP-00460.jpg,MICCAI-2019,AP,22937,7,17,0.0769230769230769,89.70669719575478,1.003451938433669,1.0253068210776768,1.0045993237044535,0.0011473852707843957
test:22938,test,miccai_2019:image:MICCAI-AP-00460,images/miccai_2019/MICCAI-AP-00460.jpg,MICCAI-2019,AP,22938,8,17,0.0769230769230769,89.86053096676196,1.048837273788354,0.9806899642393266,0.9843774786971783,0.06445979509117572
test:22939,test,miccai_2019:image:MICCAI-AP-00460,images/miccai_2019/MICCAI-AP-00460.jpg,MICCAI-2019,AP,22939,9,17,0.0769230769230769,92.86455014598226,0.9286028142441818,0.9999999999999999,0.9104519709944724,0.018150843249709392
test:22940,test,miccai_2019:image:MICCAI-AP-00460,images/miccai_2019/MICCAI-AP-00460.jpg,MICCAI-2019,AP,22940,10,17,0.0769230769230769,101.34971016249742,0.9026175390629034,0.9604597206128014,0.9548051886161042,0.052187649553200766
test:22941,test,miccai_2019:image:MICCAI-AP-00460,images/miccai_2019/MICCAI-AP-00460.jpg,MICCAI-2019,AP,22941,11,17,0.0769230769230769,105.60235280446145,1.026969031698132,1.0,1.0470153018832207,0.020046270185088755
test:22942,test,miccai_2019:image:MICCAI-AP-00460,images/miccai_2019/MICCAI-AP-00460.jpg,MICCAI-2019,AP,22942,12,17,0.0769230769230769,113.84698671414192,1.051628006087919,1.0038484786831798,1.0259084557377758,0.025719550350143283
test:22943,test,miccai_2019:image:MICCAI-AP-00460,images/miccai_2019/MICCAI-AP-00460.jpg,MICCAI-2019,AP,22943,13,17,0.0769230769230769,114.56335393022158,1.0485019747224897,1.0429526496164894,1.0196887369685268,0.02881323775396294
test:22944,test,miccai_2019:image:MICCAI-AP-00460,images/miccai_2019/MICCAI-AP-00460.jpg,MICCAI-2019,AP,22944,14,17,0.0769230769230769,119.92229123198987,0.994340803520545,0.9589667646464878,0.9374395283189588,0.056901275201586166
test:22945,test,miccai_2019:image:MICCAI-AP-00460,images/miccai_2019/MICCAI-AP-00460.jpg,MICCAI-2019,AP,22945,15,17,0.0769230769230769,119.68176512515522,0.9181271710180172,1.0052726883250018,0.9609535503941318,0.042826379376114554
test:23222,test,miccai_2019:image:MICCAI-AP-00477,images/miccai_2019/MICCAI-AP-00477.jpg,MICCAI-2019,AP,23222,3,17,0.0769230769230769,63.156380382983656,0.8720810897132125,1.088161539921552,1.0862812186191009,0.21420012890588835
test:23223,test,miccai_2019:image:MICCAI-AP-00477,images/miccai_2019/MICCAI-AP-00477.jpg,MICCAI-2019,AP,23223,4,17,0.0769230769230769,58.52224614860653,1.2897946672225666,1.020323435800549,1.0963865993790594,0.19340806784350728
test:23224,test,miccai_2019:image:MICCAI-AP-00477,images/miccai_2019/MICCAI-AP-00477.jpg,MICCAI-2019,AP,23224,5,17,0.0769230769230769,53.37005395394164,1.2056527720773746,1.181631614030476,1.1701393290843323,0.03551344299304238
test:23225,test,miccai_2019:image:MICCAI-AP-00477,images/miccai_2019/MICCAI-AP-00477.jpg,MICCAI-2019,AP,23225,6,17,0.0769230769230769,58.00418818831876,0.8731404847558845,1.0,1.112571358680725,0.23943087392484064
test:23226,test,miccai_2019:image:MICCAI-AP-00477,images/miccai_2019/MICCAI-AP-00477.jpg,MICCAI-2019,AP,23226,7,17,0.0769230769230769,44.70050862362926,1.155750224592281,0.7996270205632217,0.939198687280751,0.2165515373115301
test:23227,test,miccai_2019:image:MICCAI-AP-00477,images/miccai_2019/MICCAI-AP-00477.jpg,MICCAI-2019,AP,23227,8,17,0.0769230769230769,51.15421393688445,0.4074280975139484,0.8837769968212901,1.0927770031393824,0.685348905625434
test:23228,test,miccai_2019:image:MICCAI-AP-00477,images/miccai_2019/MICCAI-AP-00477.jpg,MICCAI-2019,AP,23228,9,17,0.0769230769230769,56.16752670776087,0.6899932136282474,0.7478093414560602,0.9565806596533105,0.2665874460250631
test:23229,test,miccai_2019:image:MICCAI-AP-00477,images/miccai_2019/MICCAI-AP-00477.jpg,MICCAI-2019,AP,23229,10,17,0.0769230769230769,43.863753636032406,1.4399939133590216,1.133369063829222,1.2003261129010108,0.23966780045801084
test:23230,test,miccai_2019:image:MICCAI-AP-00477,images/miccai_2019/MICCAI-AP-00477.jpg,MICCAI-2019,AP,23230,11,17,0.0769230769230769,43.863753636032406,1.3832019721297386,1.2782288789151584,1.288241417087463,0.09496055504227563
test:23231,test,miccai_2019:image:MICCAI-AP-00477,images/miccai_2019/MICCAI-AP-00477.jpg,MICCAI-2019,AP,23231,12,17,0.0769230769230769,54.07136763753108,0.9056973617851434,0.8536602957628133,0.9465100570104482,0.04081269522530484
test:23232,test,miccai_2019:image:MICCAI-AP-00477,images/miccai_2019/MICCAI-AP-00477.jpg,MICCAI-2019,AP,23232,13,17,0.0769230769230769,51.851373438250285,0.6102968300892131,0.9299907925579729,0.9585216268006744,0.34822479671146134
test:23233,test,miccai_2019:image:MICCAI-AP-00477,images/miccai_2019/MICCAI-AP-00477.jpg,MICCAI-2019,AP,23233,14,17,0.0769230769230769,51.851373438250285,0.9155071812556987,0.8329112131144831,1.00974549837373,0.09423831711803121
test:23234,test,miccai_2019:image:MICCAI-AP-00477,images/miccai_2019/MICCAI-AP-00477.jpg,MICCAI-2019,AP,23234,15,17,0.0769230769230769,45.64684162607335,1.19899756279769,1.338406800200463,1.3280403110210306,0.1290427482233405
test:23239,test,nih_chestx_ray14:patient:00000020,images/nih_chestxray14/NIH_00000020_002.png,NIH ChestX-ray14,unknown,23239,3,11,0.1428571428571428,54.8282615965339,0.9251743267289854,1.0,1.055340263992548,0.13016593726356263
test:23240,test,nih_chestx_ray14:patient:00000020,images/nih_chestxray14/NIH_00000020_002.png,NIH ChestX-ray14,unknown,23240,4,11,0.1428571428571428,56.482953743110976,0.9741856799397086,0.9654237408926708,1.01216780066397,0.03798212072426144
test:23241,test,nih_chestx_ray14:patient:00000020,images/nih_chestxray14/NIH_00000020_002.png,NIH ChestX-ray14,unknown,23241,5,11,0.1428571428571428,58.09633211161685,1.0040955576733457,1.0,0.9346107691526413,0.06948478852070439
test:23242,test,nih_chestx_ray14:patient:00000020,images/nih_chestxray14/NIH_00000020_002.png,NIH ChestX-ray14,unknown,23242,6,11,0.1428571428571428,60.233366532586444,1.0155132121480552,1.009410727013139,1.0105150333263482,0.0049981788217070555
test:23243,test,nih_chestx_ray14:patient:00000020,images/nih_chestxray14/NIH_00000020_002.png,NIH ChestX-ray14,unknown,23243,7,11,0.1428571428571428,61.650121800390544,1.0262127919011392,1.0,0.9761091563850641,0.05010363551607511
test:23244,test,nih_chestx_ray14:patient:00000020,images/nih_chestxray14/NIH_00000020_002.png,NIH ChestX-ray14,unknown,23244,8,11,0.1428571428571428,63.51386899338425,0.9782503421615666,1.0,0.9997749025351368,0.0215245603735702
test:23245,test,nih_chestx_ray14:patient:00000020,images/nih_chestxray14/NIH_00000020_002.png,NIH ChestX-ray14,unknown,23245,9,11,0.1428571428571428,62.69930384430357,1.016942620786967,1.079833153133764,1.0656873271442195,0.04874470635725259
test:23250,test,nih_chestx_ray14:patient:00001205,images/nih_chestxray14/NIH_00001205_006.png,NIH ChestX-ray14,unknown,23250,3,11,0.0454545454545454,55.99106282480607,0.9914941263256835,1.0647762096996138,0.9866347215647528,0.004859404760930608
test:23251,test,nih_chestx_ray14:patient:00001205,images/nih_chestxray14/NIH_00001205_006.png,NIH ChestX-ray14,unknown,23251,4,11,0.0454545454545454,56.641734993401776,1.2009165587613908,1.0084427178251723,1.01703547801554,0.18388108074585086
test:23252,test,nih_chestx_ray14:patient:00001205,images/nih_chestxray14/NIH_00001205_006.png,NIH ChestX-ray14,unknown,23252,5,11,0.0454545454545454,56.641734993401776,1.036781102264468,1.1104061126877571,0.9727640718390251,0.06401703042544282
test:23253,test,nih_chestx_ray14:patient:00001205,images/nih_chestxray14/NIH_00001205_006.png,NIH ChestX-ray14,unknown,23253,6,11,0.0454545454545454,57.503836342521545,1.004605322767981,0.947155401735229,0.9834899834083743,0.021115339359606633
test:23254,test,nih_chestx_ray14:patient:00001205,images/nih_chestxray14/NIH_00001205_006.png,NIH ChestX-ray14,unknown,23254,7,11,0.0454545454545454,58.24687025495349,0.8619357188506647,0.9790333095535623,0.8926304239377366,0.03069470508707195
test:23255,test,nih_chestx_ray14:patient:00001205,images/nih_chestxray14/NIH_00001205_006.png,NIH ChestX-ray14,unknown,23255,8,11,0.0454545454545454,62.3784123068322,0.9022767679235656,0.9393732398312191,0.946185476568679,0.043908708645113426
test:23256,test,nih_chestx_ray14:patient:00001205,images/nih_chestxray14/NIH_00001205_006.png,NIH ChestX-ray14,unknown,23256,9,11,0.0454545454545454,61.65419092637551,1.0865143721435326,1.0,1.0291600357741117,0.05735433636942089
test:23261,test,nih_chestx_ray14:patient:00001205,images/nih_chestxray14/NIH_00001205_007.png,NIH ChestX-ray14,unknown,23261,3,12,0.0454545454545454,54.77484463107312,0.9725239429353918,1.0,1.0056643346324563,0.03314039169706451
test:23262,test,nih_chestx_ray14:patient:00001205,images/nih_chestxray14/NIH_00001205_007.png,NIH ChestX-ray14,unknown,23262,4,12,0.0454545454545454,54.70550833152976,1.0560890968773164,1.1148441071184902,1.0582089657458096,0.0021198688684931355
test:23263,test,nih_chestx_ray14:patient:00001205,images/nih_chestxray14/NIH_00001205_007.png,NIH ChestX-ray14,unknown,23263,5,12,0.0454545454545454,56.9575298384173,1.2062738588081878,1.0,1.0258436556905508,0.18043020311763702
test:23264,test,nih_chestx_ray14:patient:00001205,images/nih_chestxray14/NIH_00001205_007.png,NIH ChestX-ray14,unknown,23264,6,12,0.0454545454545454,63.99036509338008,0.877337841514874,1.039802167530873,0.9190838522871521,0.04174601077227802
test:23265,test,nih_chestx_ray14:patient:00001205,images/nih_chestxray14/NIH_00001205_007.png,NIH ChestX-ray14,unknown,23265,7,12,0.0454545454545454,66.15942407456168,0.9729265670672085,0.9050383925392523,0.9563877865626708,0.01653878050453772
test:23266,test,nih_chestx_ray14:patient:00001205,images/nih_chestxray14/NIH_00001205_007.png,NIH ChestX-ray14,unknown,23266,8,12,0.0454545454545454,65.7857729123542,0.9669639198053286,1.0161109556457175,0.9760742289027347,0.009110309097406066
test:23267,test,nih_chestx_ray14:patient:00001205,images/nih_chestxray14/NIH_00001205_007.png,NIH ChestX-ray14,unknown,23267,9,12,0.0454545454545454,65.7857729123542,1.0537692992082088,0.9942556538610512,0.9739984751670414,0.07977082404116742
test:23268,test,nih_chestx_ray14:patient:00001205,images/nih_chestxray14/NIH_00001205_007.png,NIH ChestX-ray14,unknown,23268,10,12,0.0454545454545454,70.38290810278887,0.9548239237650737,0.9999999999999999,1.052133210003376,0.09730928623830226
test:23273,test,nih_chestx_ray14:patient:00006596,images/nih_chestxray14/NIH_00006596_003.png,NIH ChestX-ray14,unknown,23273,3,9,0.2,59.11819401204176,0.842458332856527,1.0,0.897913433611393,0.05545510075486593
test:23274,test,nih_chestx_ray14:patient:00006596,images/nih_chestxray14/NIH_00006596_003.png,NIH ChestX-ray14,unknown,23274,4,9,0.2,60.17275531270701,0.954984520641921,0.9782316735148147,0.9691604351758674,0.014175914533946399
test:23275,test,nih_chestx_ray14:patient:00006596,images/nih_chestxray14/NIH_00006596_003.png,NIH ChestX-ray14,unknown,23275,5,9,0.2,58.51861118867434,1.160676470451945,1.0,1.0723975747823715,0.08827889566957348
test:23276,test,nih_chestx_ray14:patient:00006596,images/nih_chestxray14/NIH_00006596_003.png,NIH ChestX-ray14,unknown,23276,6,9,0.2,66.880420751992,0.8907415925245241,0.9999999999999998,0.9330941438674925,0.042352551342968336
test:23277,test,nih_chestx_ray14:patient:00006596,images/nih_chestxray14/NIH_00006596_003.png,NIH ChestX-ray14,unknown,23277,7,9,0.2,63.7471737897799,1.0328248689249244,1.0179982885496923,0.9597716994362184,0.073053169488706
test:23282,test,nih_chestx_ray14:patient:00006718,images/nih_chestxray14/NIH_00006718_000.png,NIH ChestX-ray14,unknown,23282,3,7,0.3333333333333333,73.19445377275886,1.003967475495101,1.0,0.9916045721620321,0.012362903333068775
test:23283,test,nih_chestx_ray14:patient:00006718,images/nih_chestxray14/NIH_00006718_000.png,NIH ChestX-ray14,unknown,23283,4,7,0.3333333333333333,76.82394235708654,0.9333560076289611,0.9921901401731451,1.0081402201804597,0.07478421255149859
test:23284,test,nih_chestx_ray14:patient:00006718,images/nih_chestxray14/NIH_00006718_000.png,NIH ChestX-ray14,unknown,23284,5,7,0.3333333333333333,75.01038731398971,1.0526950749747181,1.0556451727351117,1.0329211608221698,0.019773914152548366
test:23289,test,nih_chestx_ray14:patient:00007894,images/nih_chestxray14/NIH_00007894_007.png,NIH ChestX-ray14,unknown,23289,3,12,0.125,39.84985500602672,1.0644493782571756,1.078616458285754,1.044187388677304,0.020261989579871464
test:23290,test,nih_chestx_ray14:patient:00007894,images/nih_chestxray14/NIH_00007894_007.png,NIH ChestX-ray14,unknown,23290,4,12,0.125,41.60455072465419,1.1632550662671182,0.9999999999999998,1.0521641634404657,0.11109090282665246
test:23291,test,nih_chestx_ray14:patient:00007894,images/nih_chestxray14/NIH_00007894_007.png,NIH ChestX-ray14,unknown,23291,5,12,0.125,47.53379124854533,0.8581463206083517,0.9999999999999999,0.9313011318445205,0.07315481123616874
test:23292,test,nih_chestx_ray14:patient:00007894,images/nih_chestxray14/NIH_00007894_007.png,NIH ChestX-ray14,unknown,23292,6,12,0.125,49.26018077525851,0.9474361919173131,0.9228001579976262,0.9518063485956372,0.0043701566783240775
test:23293,test,nih_chestx_ray14:patient:00007894,images/nih_chestxray14/NIH_00007894_007.png,NIH ChestX-ray14,unknown,23293,7,12,0.125,48.73577733769429,1.0284776375471494,1.0,1.054162584245205,0.025684946698055544
test:23294,test,nih_chestx_ray14:patient:00007894,images/nih_chestxray14/NIH_00007894_007.png,NIH ChestX-ray14,unknown,23294,8,12,0.125,53.28240862444367,0.9534230508718796,0.9999999999999999,1.0253946632146835,0.07197161234280391
test:23295,test,nih_chestx_ray14:patient:00007894,images/nih_chestxray14/NIH_00007894_007.png,NIH ChestX-ray14,unknown,23295,9,12,0.125,56.24843494705143,1.0034263204251213,1.0,1.048740591853857,0.045314271428735786
test:23296,test,nih_chestx_ray14:patient:00007894,images/nih_chestxray14/NIH_00007894_007.png,NIH ChestX-ray14,unknown,23296,10,12,0.125,62.37210233988841,0.9891632795921885,1.0,0.9632825590670109,0.025880720525177647
test:23301,test,nih_chestx_ray14:patient:00008046,images/nih_chestxray14/NIH_00008046_000.png,NIH ChestX-ray14,unknown,23301,3,13,0.0555555555555555,37.92013436457147,0.8596585249091173,1.0,1.0060349944978952,0.14637646958877792
test:23302,test,nih_chestx_ray14:patient:00008046,images/nih_chestxray14/NIH_00008046_000.png,NIH ChestX-ray14,unknown,23302,4,13,0.0555555555555555,39.58948062983403,0.9622911028076135,0.9981596543622531,0.9940858962183214,0.0317947934107079
test:23303,test,nih_chestx_ray14:patient:00008046,images/nih_chestxray14/NIH_00008046_000.png,NIH ChestX-ray14,unknown,23303,5,13,0.0555555555555555,39.7659512401262,1.1677044401908816,1.0,1.0068964143283665,0.16080802586251508
test:23304,test,nih_chestx_ray14:patient:00008046,images/nih_chestxray14/NIH_00008046_000.png,NIH ChestX-ray14,unknown,23304,6,13,0.0555555555555555,41.82222718971758,0.990748228625568,1.0674960897385986,1.0236426056444556,0.032894377018887644
test:23305,test,nih_chestx_ray14:patient:00008046,images/nih_chestxray14/NIH_00008046_000.png,NIH ChestX-ray14,unknown,23305,7,13,0.0555555555555555,43.93508766844911,0.9754219786758639,0.93574983118806,0.9661935107294094,0.009228467946454488
test:23306,test,nih_chestx_ray14:patient:00008046,images/nih_chestxray14/NIH_00008046_000.png,NIH ChestX-ray14,unknown,23306,8,13,0.0555555555555555,44.68403559870723,0.9128361770833221,1.0,0.9823358729481697,0.06949969586484761
test:23307,test,nih_chestx_ray14:patient:00008046,images/nih_chestxray14/NIH_00008046_000.png,NIH ChestX-ray14,unknown,23307,9,13,0.0555555555555555,46.41054733931934,1.0022036738866964,0.9777416338233225,0.9920657391680352,0.010137934718661201
test:23308,test,nih_chestx_ray14:patient:00008046,images/nih_chestxray14/NIH_00008046_000.png,NIH ChestX-ray14,unknown,23308,10,13,0.0555555555555555,51.04867660252964,0.9787882440287695,1.0,0.9840594604611397,0.005271216432370163
test:23309,test,nih_chestx_ray14:patient:00008046,images/nih_chestxray14/NIH_00008046_000.png,NIH ChestX-ray14,unknown,23309,11,13,0.0555555555555555,54.65158091497084,1.0170708920750469,1.0,0.9989119538804516,0.018158938194595242
test:23314,test,nih_chestx_ray14:patient:00008046,images/nih_chestxray14/NIH_00008046_018.png,NIH ChestX-ray14,unknown,23314,3,13,0.0555555555555555,45.43060418937582,0.93817891733439,0.9864250647400067,0.9980758728955433,0.059896955561153375
test:23315,test,nih_chestx_ray14:patient:00008046,images/nih_chestxray14/NIH_00008046_018.png,NIH ChestX-ray14,unknown,23315,4,13,0.0555555555555555,45.87325833229987,1.007148492627076,1.0106811183685291,0.9956108951190341,0.011537597508041841
test:23316,test,nih_chestx_ray14:patient:00008046,images/nih_chestxray14/NIH_00008046_018.png,NIH ChestX-ray14,unknown,23316,5,13,0.0555555555555555,47.260554634885466,1.0601745452173357,1.0,1.011736853979528,0.04843769123780772
test:23317,test,nih_chestx_ray14:patient:00008046,images/nih_chestxray14/NIH_00008046_018.png,NIH ChestX-ray14,unknown,23317,6,13,0.0555555555555555,50.629545900405134,0.954381980505103,1.0000000000000002,0.9995714671094904,0.045189486604387374
test:23318,test,nih_chestx_ray14:patient:00008046,images/nih_chestxray14/NIH_00008046_018.png,NIH ChestX-ray14,unknown,23318,7,13,0.0555555555555555,50.84566648619133,1.0060769839243648,0.9824516930194958,0.9946985271336897,0.011378456790675173
test:23319,test,nih_chestx_ray14:patient:00008046,images/nih_chestxray14/NIH_00008046_018.png,NIH ChestX-ray14,unknown,23319,8,13,0.0555555555555555,53.875517729968834,0.9575201896747281,1.0262433944220233,1.0072370992923665,0.049716909617638416
test:23320,test,nih_chestx_ray14:patient:00008046,images/nih_chestxray14/NIH_00008046_018.png,NIH ChestX-ray14,unknown,23320,9,13,0.0555555555555555,54.09163831575504,1.098582617371648,0.9999999999999998,0.9973737129475919,0.10120890442405606
test:23321,test,nih_chestx_ray14:patient:00008046,images/nih_chestxray14/NIH_00008046_018.png,NIH ChestX-ray14,unknown,23321,10,13,0.0555555555555555,60.455437476001535,0.9361669196150091,1.0,0.9701610635966063,0.03399414398159717
test:23322,test,nih_chestx_ray14:patient:00008046,images/nih_chestxray14/NIH_00008046_018.png,NIH ChestX-ray14,unknown,23322,11,13,0.0555555555555555,61.30631089561125,1.0029430976177371,0.976937505440741,1.008438798623114,0.005495701005376885
test:23327,test,nih_chestx_ray14:patient:00008053,images/nih_chestxray14/NIH_00008053_000.png,NIH ChestX-ray14,unknown,23327,3,10,0.1666666666666666,54.58657441516437,0.8921583280996199,1.0148627309475486,0.9530233031485622,0.06086497504894228
test:23328,test,nih_chestx_ray14:patient:00008053,images/nih_chestxray14/NIH_00008053_000.png,NIH ChestX-ray14,unknown,23328,4,10,0.1666666666666666,52.96101073890346,1.2229599074528514,1.0,1.0354286581277847,0.1875312493250667
test:23329,test,nih_chestx_ray14:patient:00008053,images/nih_chestxray14/NIH_00008053_000.png,NIH ChestX-ray14,unknown,23329,5,10,0.1666666666666666,61.85150277918568,0.9251538271458917,1.0136763309128178,1.0122916480758755,0.08713782092998379
test:23330,test,nih_chestx_ray14:patient:00008053,images/nih_chestxray14/NIH_00008053_000.png,NIH ChestX-ray14,unknown,23330,6,10,0.1666666666666666,63.92329117239562,0.9484119933990394,0.9409680091360069,0.9869501837113357,0.03853819031229633
test:23331,test,nih_chestx_ray14:patient:00008053,images/nih_chestxray14/NIH_00008053_000.png,NIH ChestX-ray14,unknown,23331,7,10,0.1666666666666666,68.70525154704444,0.9180868730207838,0.9999999999999999,0.9845366356894373,0.06644976266865343
test:23332,test,nih_chestx_ray14:patient:00008053,images/nih_chestxray14/NIH_00008053_000.png,NIH ChestX-ray14,unknown,23332,8,10,0.1666666666666666,70.13465046270001,1.094820984806743,1.0057640502725802,0.9908209115763269,0.10400007323041605
test:23337,test,nih_chestx_ray14:patient:00008147,images/nih_chestxray14/NIH_00008147_013.png,NIH ChestX-ray14,unknown,23337,3,11,0.1428571428571428,45.9198000590406,1.0310059297376974,0.9886938046722984,1.065038644900856,0.03403271516315853
test:23338,test,nih_chestx_ray14:patient:00008147,images/nih_chestxray14/NIH_00008147_013.png,NIH ChestX-ray14,unknown,23338,4,11,0.1428571428571428,47.33707680766648,1.074914979887827,1.034902951434357,1.0375427652486693,0.03737221463915774
test:23339,test,nih_chestx_ray14:patient:00008147,images/nih_chestxray14/NIH_00008147_013.png,NIH ChestX-ray14,unknown,23339,5,11,0.1428571428571428,49.11345955895083,1.0309795991268005,0.9998674631021252,0.9385628752312889,0.09241672389551159
test:23340,test,nih_chestx_ray14:patient:00008147,images/nih_chestxray14/NIH_00008147_013.png,NIH ChestX-ray14,unknown,23340,6,11,0.1428571428571428,50.78125170010768,0.9320480665109773,1.0018852056568606,1.0081836131034536,0.07613554659247634
test:23341,test,nih_chestx_ray14:patient:00008147,images/nih_chestxray14/NIH_00008147_013.png,NIH ChestX-ray14,unknown,23341,7,11,0.1428571428571428,50.65707264168574,1.009118610542589,0.9673845406632753,0.9917847637098165,0.017333846832772393
test:23342,test,nih_chestx_ray14:patient:00008147,images/nih_chestxray14/NIH_00008147_013.png,NIH ChestX-ray14,unknown,23342,8,11,0.1428571428571428,51.535327231388095,0.9833869921502578,1.0,0.9955013855360448,0.012114393385787015
test:23343,test,nih_chestx_ray14:patient:00008147,images/nih_chestxray14/NIH_00008147_013.png,NIH ChestX-ray14,unknown,23343,9,11,0.1428571428571428,52.02919509605167,0.9985097714568667,0.9957732930332008,1.0524184330850426,0.05390866162817587
test:23348,test,nih_chestx_ray14:patient:00028543,images/nih_chestxray14/NIH_00028543_000.png,NIH ChestX-ray14,unknown,23348,3,10,0.1666666666666666,36.11585856185297,0.8594838216581857,1.0,0.9239725396037102,0.06448871794552447
test:23349,test,nih_chestx_ray14:patient:00028543,images/nih_chestxray14/NIH_00028543_000.png,NIH ChestX-ray14,unknown,23349,4,10,0.1666666666666666,41.69465836197689,0.9742228778195119,1.01723708338754,0.9074976307870608,0.06672524703245108
test:23350,test,nih_chestx_ray14:patient:00028543,images/nih_chestxray14/NIH_00028543_000.png,NIH ChestX-ray14,unknown,23350,5,10,0.1666666666666666,46.19868985923043,1.1642258547728135,0.9999999999999999,1.0149620128795505,0.14926384189326303
test:23351,test,nih_chestx_ray14:patient:00028543,images/nih_chestxray14/NIH_00028543_000.png,NIH ChestX-ray14,unknown,23351,6,10,0.1666666666666666,50.46643242308133,1.025978797654684,1.1534277688076204,1.1251537188251919,0.09917492117050797
test:23352,test,nih_chestx_ray14:patient:00028543,images/nih_chestxray14/NIH_00028543_000.png,NIH ChestX-ray14,unknown,23352,7,10,0.1666666666666666,52.7815994250505,1.1866457362108234,0.9371129938497094,1.064660839094117,0.12198489711670635
test:23353,test,nih_chestx_ray14:patient:00028543,images/nih_chestxray14/NIH_00028543_000.png,NIH ChestX-ray14,unknown,23353,8,10,0.1666666666666666,61.20502135113068,0.770315157394272,1.0,0.988966547884047,0.218651390489775
test:23358,test,nih_chestx_ray14:patient:00028996,images/nih_chestxray14/NIH_00028996_004.png,NIH ChestX-ray14,unknown,23358,3,9,0.2,59.901459710786746,0.8648355358008057,1.0,0.9085281938314438,0.04369265803063804
test:23359,test,nih_chestx_ray14:patient:00028996,images/nih_chestxray14/NIH_00028996_004.png,NIH ChestX-ray14,unknown,23359,4,9,0.2,62.98108107884607,1.0577478028518466,0.9890450571717407,0.9231143702806618,0.13463343257118476
test:23360,test,nih_chestx_ray14:patient:00028996,images/nih_chestxray14/NIH_00028996_004.png,NIH ChestX-ray14,unknown,23360,5,9,0.2,71.8423041991318,1.0130151542297214,1.0328414497107201,0.8505350557297402,0.16248009849998124
test:23361,test,nih_chestx_ray14:patient:00028996,images/nih_chestxray14/NIH_00028996_004.png,NIH ChestX-ray14,unknown,23361,6,9,0.2,72.64290876769157,1.125854133516895,1.0313728736660002,0.9466185184142111,0.17923561510268393
test:23362,test,nih_chestx_ray14:patient:00028996,images/nih_chestxray14/NIH_00028996_004.png,NIH ChestX-ray14,unknown,23362,7,9,0.2,77.28133098764917,0.9972202507510731,0.9982604582621384,0.9222637017084885,0.07495654904258464
test:23367,test,nih_chestx_ray14:patient:00029778,images/nih_chestxray14/NIH_00029778_000.png,NIH ChestX-ray14,unknown,23367,3,11,0.1428571428571428,47.37787340288413,1.1002807339397602,1.0,1.0106578804552555,0.08962285348450472
test:23368,test,nih_chestx_ray14:patient:00029778,images/nih_chestxray14/NIH_00029778_000.png,NIH ChestX-ray14,unknown,23368,4,11,0.1428571428571428,55.9467891210395,0.9064262771635234,1.0410922858783414,1.0036046411761452,0.09717836401262181
test:23369,test,nih_chestx_ray14:patient:00029778,images/nih_chestxray14/NIH_00029778_000.png,NIH ChestX-ray14,unknown,23369,5,11,0.1428571428571428,55.9467891210395,1.1504249097776786,0.9873333075922597,1.0397014455777276,0.11072346419995105
test:23370,test,nih_chestx_ray14:patient:00029778,images/nih_chestxray14/NIH_00029778_000.png,NIH ChestX-ray14,unknown,23370,6,11,0.1428571428571428,64.49878184740513,0.926600707952022,1.0,0.9797636829316616,0.05316297497963962
test:23371,test,nih_chestx_ray14:patient:00029778,images/nih_chestxray14/NIH_00029778_000.png,NIH ChestX-ray14,unknown,23371,7,11,0.1428571428571428,65.41089031708822,0.9881379622653147,0.9648532309926923,0.9778665119208272,0.01027145034448751
test:23372,test,nih_chestx_ray14:patient:00029778,images/nih_chestxray14/NIH_00029778_000.png,NIH ChestX-ray14,unknown,23372,8,11,0.1428571428571428,65.92003746671432,1.0081790508813298,1.0040406710916008,0.968918686311766,0.03926036456956372
test:23373,test,nih_chestx_ray14:patient:00029778,images/nih_chestxray14/NIH_00029778_000.png,NIH ChestX-ray14,unknown,23373,9,11,0.1428571428571428,66.83214593639741,1.0135513755536678,1.0,1.0210457257926464,0.007494350238978598
test:23378,test,nih_chestx_ray14:patient:00029963,images/nih_chestxray14/NIH_00029963_000.png,NIH ChestX-ray14,unknown,23378,3,12,0.125,49.87880951032874,0.9601441215879745,0.962225514797871,0.9266327688083099,0.03351135277966455
test:23379,test,nih_chestx_ray14:patient:00029963,images/nih_chestxray14/NIH_00029963_000.png,NIH ChestX-ray14,unknown,23379,4,12,0.125,53.5409856862689,0.9124342034463826,1.0122937546046837,0.9784384914609059,0.0660042880145233
test:23380,test,nih_chestx_ray14:patient:00029963,images/nih_chestxray14/NIH_00029963_000.png,NIH ChestX-ray14,unknown,23380,5,12,0.125,54.02187612788711,1.1200567148906162,1.0,1.018723901361227,0.10133281352938917
test:23381,test,nih_chestx_ray14:patient:00029963,images/nih_chestxray14/NIH_00029963_000.png,NIH ChestX-ray14,unknown,23381,6,12,0.125,62.06901833390519,0.9536339903261553,0.9999999999999999,1.002486370736733,0.04885238041057782
test:23382,test,nih_chestx_ray14:patient:00029963,images/nih_chestxray14/NIH_00029963_000.png,NIH ChestX-ray14,unknown,23382,7,12,0.125,62.80243557260556,1.0131847750748215,1.0160662409276997,1.0294368535639082,0.01625207848908672
test:23383,test,nih_chestx_ray14:patient:00029963,images/nih_chestxray14/NIH_00029963_000.png,NIH ChestX-ray14,unknown,23383,8,12,0.125,64.36388879848171,1.0632008866274054,1.0,0.9957068543881178,0.06749403223928763
test:23384,test,nih_chestx_ray14:patient:00029963,images/nih_chestxray14/NIH_00029963_000.png,NIH ChestX-ray14,unknown,23384,9,12,0.125,67.36057164236846,0.9664007363654434,1.0099799000428817,0.9800074566857717,0.01360672032032828
test:23385,test,nih_chestx_ray14:patient:00029963,images/nih_chestxray14/NIH_00029963_000.png,NIH ChestX-ray14,unknown,23385,10,12,0.125,67.75949186551125,0.9981465522983461,0.9753950516130672,0.9447348898645387,0.05341166243380746
test:23390,test,nih_chestx_ray14:patient:00030121,images/nih_chestxray14/NIH_00030121_001.png,NIH ChestX-ray14,unknown,23390,3,13,0.1111111111111111,51.8521124798272,0.9642322650698876,1.0,0.9934464176185429,0.029214152548655337
test:23391,test,nih_chestx_ray14:patient:00030121,images/nih_chestxray14/NIH_00030121_001.png,NIH ChestX-ray14,unknown,23391,4,13,0.1111111111111111,53.81015521359903,0.9576929172964155,0.9798073378597294,0.9652331314255391,0.007540214129123646
test:23392,test,nih_chestx_ray14:patient:00030121,images/nih_chestxray14/NIH_00030121_001.png,NIH ChestX-ray14,unknown,23392,5,13,0.1111111111111111,53.99106252105395,1.02701609127632,1.0112824643006266,0.9984918775012435,0.028524213775076523
test:23393,test,nih_chestx_ray14:patient:00030121,images/nih_chestxray14/NIH_00030121_001.png,NIH ChestX-ray14,unknown,23393,6,13,0.1111111111111111,55.94910525482578,1.030701469195395,0.9999999999999999,1.0319095477461815,0.0012080785507864178
test:23394,test,nih_chestx_ray14:patient:00030121,images/nih_chestxray14/NIH_00030121_001.png,NIH ChestX-ray14,unknown,23394,7,13,0.1111111111111111,58.76041658243447,0.9606555534920722,1.0,0.9982595524052158,0.03760399891314359
test:23395,test,nih_chestx_ray14:patient:00030121,images/nih_chestxray14/NIH_00030121_001.png,NIH ChestX-ray14,unknown,23395,8,13,0.1111111111111111,61.413418236965086,0.9746079911657768,0.9900811214725702,1.0011832753922074,0.02657528422643063
test:23396,test,nih_chestx_ray14:patient:00030121,images/nih_chestxray14/NIH_00030121_001.png,NIH ChestX-ray14,unknown,23396,9,13,0.1111111111111111,62.92097689577314,1.0355848669601744,0.9999999999999999,1.0040878960862756,0.0314969708738988
test:23397,test,nih_chestx_ray14:patient:00030121,images/nih_chestxray14/NIH_00030121_001.png,NIH ChestX-ray14,unknown,23397,10,13,0.1111111111111111,68.77134782273164,0.9595267171887889,1.0063474421624972,0.9662504476730658,0.00672373048427688
test:23398,test,nih_chestx_ray14:patient:00030121,images/nih_chestxray14/NIH_00030121_001.png,NIH ChestX-ray14,unknown,23398,11,13,0.1111111111111111,65.57397855030375,1.1171463144810827,1.0550727043708021,1.0554377894557248,0.06170852502535795
test:23403,test,nih_chestx_ray14:patient:00030209,images/nih_chestxray14/NIH_00030209_001.png,NIH ChestX-ray14,unknown,23403,3,13,0.04,38.37657473154273,0.9727175704245123,0.9660811508106717,1.0700693512367734,0.09735178081226104
test:23404,test,nih_chestx_ray14:patient:00030209,images/nih_chestxray14/NIH_00030209_001.png,NIH ChestX-ray14,unknown,23404,4,13,0.04,40.08599110912181,0.8603369486989314,0.9709032621294604,0.9724639325695457,0.11212698387061426
test:23405,test,nih_chestx_ray14:patient:00030209,images/nih_chestxray14/NIH_00030209_001.png,NIH ChestX-ray14,unknown,23405,5,13,0.04,41.08233848789087,0.9860604830208775,0.965409597380583,0.9739294107989713,0.012131072221906125
test:23406,test,nih_chestx_ray14:patient:00030209,images/nih_chestxray14/NIH_00030209_001.png,NIH ChestX-ray14,unknown,23406,6,13,0.04,42.85731872891499,1.0461482372543152,1.0,1.0012672421289608,0.04488099512535437
test:23407,test,nih_chestx_ray14:patient:00030209,images/nih_chestxray14/NIH_00030209_001.png,NIH ChestX-ray14,unknown,23407,7,13,0.04,44.48409438089544,1.016205175219826,1.05417988861252,1.0350896310274713,0.018884455807645306
test:23408,test,nih_chestx_ray14:patient:00030209,images/nih_chestxray14/NIH_00030209_001.png,NIH ChestX-ray14,unknown,23408,8,13,0.04,45.02003768326695,1.0873684118540086,0.9922031593293001,1.031285515126591,0.05608289672741762
test:23409,test,nih_chestx_ray14:patient:00030209,images/nih_chestxray14/NIH_00030209_001.png,NIH ChestX-ray14,unknown,23409,9,13,0.04,50.98499178720576,0.8656092464285718,1.0,0.9737229961901903,0.10811374976161847
test:23410,test,nih_chestx_ray14:patient:00030209,images/nih_chestxray14/NIH_00030209_001.png,NIH ChestX-ray14,unknown,23410,10,13,0.04,51.46772733572469,1.0300943803351137,0.9531717562956619,1.004797466276388,0.025296914058725584
test:23411,test,nih_chestx_ray14:patient:00030209,images/nih_chestxray14/NIH_00030209_001.png,NIH ChestX-ray14,unknown,23411,11,13,0.04,52.481149577876295,1.0285995681951339,1.0645856546454366,1.066154915954196,0.03755534775906222
test:23416,test,nih_chestx_ray14:patient:00030209,images/nih_chestxray14/NIH_00030209_008.png,NIH ChestX-ray14,unknown,23416,3,13,0.04,37.53700250011612,1.012034298587975,1.0078171572082357,1.009514943127768,0.0025193554602069845
test:23417,test,nih_chestx_ray14:patient:00030209,images/nih_chestxray14/NIH_00030209_008.png,NIH ChestX-ray14,unknown,23417,4,13,0.04,36.7020944157058,1.004572551839209,0.9916046960180478,0.983072995198317,0.02149955664089198
test:23418,test,nih_chestx_ray14:patient:00030209,images/nih_chestxray14/NIH_00030209_008.png,NIH ChestX-ray14,unknown,23418,5,13,0.04,37.42932532066462,0.9297310079247052,0.965624825732995,0.9978508070877085,0.06811979916300326
test:23419,test,nih_chestx_ray14:patient:00030209,images/nih_chestxray14/NIH_00030209_008.png,NIH ChestX-ray14,unknown,23419,6,13,0.04,38.348570394047954,0.923514344112508,0.9730014408955993,0.988884158341092,0.06536981422858401
test:23420,test,nih_chestx_ray14:patient:00030209,images/nih_chestxray14/NIH_00030209_008.png,NIH ChestX-ray14,unknown,23420,7,13,0.04,39.003379733684255,1.0211223851627147,1.0147677764167882,1.001219342636118,0.019903042526596693
test:23421,test,nih_chestx_ray14:patient:00030209,images/nih_chestxray14/NIH_00030209_008.png,NIH ChestX-ray14,unknown,23421,8,13,0.04,41.20926438766186,1.0614916734152158,1.0,0.9846142465248704,0.07687742689034538
test:23422,test,nih_chestx_ray14:patient:00030209,images/nih_chestxray14/NIH_00030209_008.png,NIH ChestX-ray14,unknown,23422,9,13,0.04,44.00722611294804,0.9678252504019,1.0,1.0055725267156959,0.03774727631379582
test:23423,test,nih_chestx_ray14:patient:00030209,images/nih_chestxray14/NIH_00030209_008.png,NIH ChestX-ray14,unknown,23423,10,13,0.04,45.10039864034066,0.9816135232833153,0.9872286452277402,1.0282875841780403,0.046674060894725033
test:23424,test,nih_chestx_ray14:patient:00030209,images/nih_chestxray14/NIH_00030209_008.png,NIH ChestX-ray14,unknown,23424,11,13,0.04,43.43123292154191,1.0696796554115129,1.0953690714265885,1.090280296473551,0.020600641062038072
test:23429,test,nih_chestx_ray14:patient:00030387,images/nih_chestxray14/NIH_00030387_000.png,NIH ChestX-ray14,unknown,23429,3,9,0.2,50.44549795463567,0.8627696112033548,1.0,0.9758704602718353,0.1131008490684805
test:23430,test,nih_chestx_ray14:patient:00030387,images/nih_chestxray14/NIH_00030387_000.png,NIH ChestX-ray14,unknown,23430,4,9,0.2,52.263495913765766,1.0317412472437688,0.9670348420789929,1.0492054551890584,0.017464207945289578
test:23431,test,nih_chestx_ray14:patient:00030387,images/nih_chestxray14/NIH_00030387_000.png,NIH ChestX-ray14,unknown,23431,5,9,0.2,56.07386906604833,1.02647456536041,0.9999999999999999,1.0015768964076415,0.02489766895276846
test:23432,test,nih_chestx_ray14:patient:00030387,images/nih_chestxray14/NIH_00030387_000.png,NIH ChestX-ray14,unknown,23432,6,9,0.2,61.32665349471442,0.9494294952475539,1.0000000000000002,0.9813827555626633,0.031953260315109366
test:23433,test,nih_chestx_ray14:patient:00030387,images/nih_chestxray14/NIH_00030387_000.png,NIH ChestX-ray14,unknown,23433,7,9,0.2,61.31045878855639,1.061725974621647,1.0167157005903933,1.038616896459243,0.02310907816240393
test:23436,test,lumos_ap:case:1,images/lumos_ap/lumos_AP_001.png,Lumos AP,AP,23436,3,8,0.25,170.7307996183254,0.9926964272507994,0.9999999999999999,1.0703878998756409,0.07769147262484144
test:23437,test,lumos_ap:case:1,images/lumos_ap/lumos_AP_001.png,Lumos AP,AP,23437,4,8,0.25,178.9401658645272,0.880583335137932,1.0045833814411376,0.9639256786077235,0.08334234346979152
test:23438,test,lumos_ap:case:1,images/lumos_ap/lumos_AP_001.png,Lumos AP,AP,23438,5,8,0.25,171.7371576711537,1.1065559810926446,0.9653187262523779,0.983090491842092,0.12346548925055267
test:23439,test,lumos_ap:case:1,images/lumos_ap/lumos_AP_001.png,Lumos AP,AP,23439,6,8,0.25,194.58472472098677,0.8941629965507674,0.9999999999999998,1.0321589559316633,0.13799595938089593
test:23444,test,lumos_ap:case:105,images/lumos_ap/lumos_AP_105.png,Lumos AP,AP,23444,3,9,0.2,165.02944032389252,0.9590234022486982,1.0,0.9979521241039038,0.03892872185520557
test:23445,test,lumos_ap:case:105,images/lumos_ap/lumos_AP_105.png,Lumos AP,AP,23445,4,9,0.2,163.84235637986387,1.0313964961079662,1.0149478174330917,1.0096411777245131,0.021755318383453126
test:23446,test,lumos_ap:case:105,images/lumos_ap/lumos_AP_105.png,Lumos AP,AP,23446,5,9,0.2,166.98717742432865,1.0438872695482844,1.0048636723396025,1.0385753106412134,0.005311958907070924
test:23447,test,lumos_ap:case:105,images/lumos_ap/lumos_AP_105.png,Lumos AP,AP,23447,6,9,0.2,170.86826247263056,0.9750919333126287,0.9998283888391418,0.9945918251007063,0.01949989178807765
test:23448,test,lumos_ap:case:105,images/lumos_ap/lumos_AP_105.png,Lumos AP,AP,23448,7,9,0.2,173.53294067602707,0.9644398913570117,0.9778038559571459,1.026895072133894,0.06245518077688239
test:23459,test,lumos_ap:case:132,images/lumos_ap/lumos_AP_132.png,Lumos AP,AP,23459,3,9,0.2,182.2980724011074,1.070015692764736,1.042941430533938,1.0392398519410564,0.030775840823679568
test:23453,test,lumos_ap:case:132,images/lumos_ap/lumos_AP_132.png,Lumos AP,AP,23453,4,9,0.2,193.2444323197378,0.9771322058336248,0.9594909932539185,0.9613715823116099,0.015760623522014905
test:23454,test,lumos_ap:case:132,images/lumos_ap/lumos_AP_132.png,Lumos AP,AP,23454,5,9,0.2,196.91266693891535,0.8926332120578557,0.9841644524213631,0.9902711014811654,0.09763788942330964
test:23455,test,lumos_ap:case:132,images/lumos_ap/lumos_AP_132.png,Lumos AP,AP,23455,6,9,0.2,196.1523589311592,1.0133119822313277,0.9667233876150558,1.0008251122396896,0.012486869991638061
test:23456,test,lumos_ap:case:132,images/lumos_ap/lumos_AP_132.png,Lumos AP,AP,23456,7,9,0.2,197.89608449021773,1.0282131653530748,1.0349406635156029,1.035632789856767,0.007419624503692157
test:23467,test,lumos_ap:case:148,images/lumos_ap/lumos_AP_148.png,Lumos AP,AP,23467,3,8,0.25,187.71767209868236,1.0099030198818941,1.006045220275932,0.9806472322396571,0.02925578764223702
test:23462,test,lumos_ap:case:148,images/lumos_ap/lumos_AP_148.png,Lumos AP,AP,23462,4,8,0.25,192.76048512711785,1.028291226497518,1.0,1.0043790135532618,0.02391221294425616
test:23463,test,lumos_ap:case:148,images/lumos_ap/lumos_AP_148.png,Lumos AP,AP,23463,5,8,0.25,198.51968980382537,0.9870271634526878,1.0,0.9900652812793851,0.003038117826697273
test:23464,test,lumos_ap:case:148,images/lumos_ap/lumos_AP_148.png,Lumos AP,AP,23464,6,8,0.25,200.8843842181772,0.9897507200962378,1.0154219089577532,1.0165171701497024,0.026766450053464674
test:23470,test,lumos_ap:case:151,images/lumos_ap/lumos_AP_151.png,Lumos AP,AP,23470,3,8,0.25,170.98131343213203,1.1337224702376758,1.0,1.0488548874855042,0.08486758275217166
test:23471,test,lumos_ap:case:151,images/lumos_ap/lumos_AP_151.png,Lumos AP,AP,23471,4,8,0.25,191.00711171350085,0.8644787495250754,1.004871198661522,1.0007669411002555,0.13628819157518013
test:23472,test,lumos_ap:case:151,images/lumos_ap/lumos_AP_151.png,Lumos AP,AP,23472,5,8,0.25,192.9149234418391,0.9850442370228223,0.9255532764603999,0.9651424505522158,0.019901786470606475
test:23473,test,lumos_ap:case:151,images/lumos_ap/lumos_AP_151.png,Lumos AP,AP,23473,6,8,0.25,180.12201705307342,1.065857983359971,1.0967363971330504,1.0900317058012168,0.024173722441245715
test:23483,test,lumos_ap:case:152,images/lumos_ap/lumos_AP_152.png,Lumos AP,AP,23483,3,8,0.25,161.1708541056525,0.9677632762511775,0.9496303330009463,1.0021692308431152,0.034405954591937626
test:23478,test,lumos_ap:case:152,images/lumos_ap/lumos_AP_152.png,Lumos AP,AP,23478,4,8,0.25,167.36003839043966,1.074880873393849,0.9999999999999999,1.0346580930054188,0.0402227803884303
test:23479,test,lumos_ap:case:152,images/lumos_ap/lumos_AP_152.png,Lumos AP,AP,23479,5,8,0.25,190.04270635015425,0.9405509235700664,1.0046196776926828,0.9711969319284273,0.030646008358360843
test:23480,test,lumos_ap:case:152,images/lumos_ap/lumos_AP_152.png,Lumos AP,AP,23480,6,8,0.25,190.04270635015425,1.06265157155907,0.9969815698718854,1.018656746790392,0.04399482476867811
test:23487,test,lumos_ap:case:159,images/lumos_ap/lumos_AP_159.png,Lumos AP,AP,23487,3,7,0.3333333333333333,158.10267063616237,1.0645205904503978,1.1493169340565226,1.0516928780152819,0.012827712435115934
test:23488,test,lumos_ap:case:159,images/lumos_ap/lumos_AP_159.png,Lumos AP,AP,23488,4,7,0.3333333333333333,165.01381055168218,1.302438580492235,1.0083722346893367,1.0431177267304477,0.25932085376178726
test:23489,test,lumos_ap:case:159,images/lumos_ap/lumos_AP_159.png,Lumos AP,AP,23489,5,7,0.3333333333333333,177.64140516554852,0.9259504638038815,1.070867550336978,0.8872747689124556,0.03867569489142586
test:23493,test,lumos_ap:case:162,images/lumos_ap/lumos_AP_162.png,Lumos AP,AP,23493,3,8,0.25,188.33022145494715,0.9742351963047098,0.9832934986723124,1.0159725088549316,0.04173731255022184
test:23494,test,lumos_ap:case:162,images/lumos_ap/lumos_AP_162.png,Lumos AP,AP,23494,4,8,0.25,189.24014367884183,0.9266818563059771,0.9688828205815391,0.9601981649300889,0.03351630862411181
test:23495,test,lumos_ap:case:162,images/lumos_ap/lumos_AP_162.png,Lumos AP,AP,23495,5,8,0.25,194.23248398547665,0.9433289134790368,0.979116462728352,0.9932099539771384,0.0498810404981016
test:23496,test,lumos_ap:case:162,images/lumos_ap/lumos_AP_162.png,Lumos AP,AP,23496,6,8,0.25,194.3117545585518,1.054938946783658,1.0,1.074099361896515,0.01916041511285682
test:23502,test,lumos_ap:case:228,images/lumos_ap/lumos_AP_228.png,Lumos AP,AP,23502,3,7,0.3333333333333333,168.603904153876,1.1793951906454745,0.981755366562281,1.0344934929296117,0.1449016977158628
test:23503,test,lumos_ap:case:228,images/lumos_ap/lumos_AP_228.png,Lumos AP,AP,23503,4,7,0.3333333333333333,187.05260313124504,0.827471656433908,0.9952818036203805,0.9395848356311742,0.11211317919726627
test:23504,test,lumos_ap:case:228,images/lumos_ap/lumos_AP_228.png,Lumos AP,AP,23504,5,7,0.3333333333333333,176.30554275811056,0.9840273200463105,1.0,1.0231868736445904,0.03915955359827983
test:23516,test,lumos_ap:case:233,images/lumos_ap/lumos_AP_233.png,Lumos AP,AP,23516,3,9,0.2,150.9892674475607,1.034183983749305,1.1004968845747243,1.0836761241309176,0.04949214038161265
test:23508,test,lumos_ap:case:233,images/lumos_ap/lumos_AP_233.png,Lumos AP,AP,23508,4,9,0.2,154.8236908717265,1.2169013689531458,1.0147282361825893,1.015268771031868,0.20163259792127786
test:23509,test,lumos_ap:case:233,images/lumos_ap/lumos_AP_233.png,Lumos AP,AP,23509,5,9,0.2,159.67761025726855,0.9898523603160485,1.0706005070105458,1.0139921169474984,0.02413975663144985
test:23510,test,lumos_ap:case:233,images/lumos_ap/lumos_AP_233.png,Lumos AP,AP,23510,6,9,0.2,171.26600029067475,0.8962473542362692,0.9379030200383129,1.0127024757406178,0.11645512150434856
test:23511,test,lumos_ap:case:233,images/lumos_ap/lumos_AP_233.png,Lumos AP,AP,23511,7,9,0.2,168.69236079095168,0.967468459371893,0.9864826132308104,0.9770217234964826,0.009553264124589678
test:23519,test,lumos_ap:case:239,images/lumos_ap/lumos_AP_239.png,Lumos AP,AP,23519,3,8,0.25,162.95456593441202,0.9570531278674836,1.0,1.0152287064120173,0.0581755785445337
test:23520,test,lumos_ap:case:239,images/lumos_ap/lumos_AP_239.png,Lumos AP,AP,23520,4,8,0.25,161.6689656395529,0.9805677731060523,0.9017176258249293,0.9563438634259711,0.024223909680081146
test:23521,test,lumos_ap:case:239,images/lumos_ap/lumos_AP_239.png,Lumos AP,AP,23521,5,8,0.25,162.90240523612147,0.8324207031060711,1.0350105639188545,0.9785267885415809,0.14610608543550985
test:23522,test,lumos_ap:case:239,images/lumos_ap/lumos_AP_239.png,Lumos AP,AP,23522,6,8,0.25,158.82093104628325,1.1250660842980742,0.9535291273124606,0.9926806095965297,0.1323854747015445
test:23525,test,lumos_ap:case:245,images/lumos_ap/lumos_AP_245.png,Lumos AP,AP,23525,3,8,0.25,142.582919295637,1.1669750198312905,1.0,1.0003377877001185,0.166637232131172
test:23526,test,lumos_ap:case:245,images/lumos_ap/lumos_AP_245.png,Lumos AP,AP,23526,4,8,0.25,161.05251320148102,0.9121108554961448,1.0,0.9576860666275024,0.04557521113135765
test:23527,test,lumos_ap:case:245,images/lumos_ap/lumos_AP_245.png,Lumos AP,AP,23527,5,8,0.25,169.62956303835287,0.9179668834914473,0.9425425641395568,0.9645934775628566,0.046626594071409344
test:23528,test,lumos_ap:case:245,images/lumos_ap/lumos_AP_245.png,Lumos AP,AP,23528,6,8,0.25,167.00060167365328,1.035136516106031,1.0,1.1002856642007828,0.0651491480947517
test:23537,test,lumos_ap:case:247,images/lumos_ap/lumos_AP_247.png,Lumos AP,AP,23537,3,7,0.3333333333333333,144.12320318971004,1.0192279042312242,1.0,1.0255579706281424,0.0063300663969181326
test:23533,test,lumos_ap:case:247,images/lumos_ap/lumos_AP_247.png,Lumos AP,AP,23533,4,7,0.3333333333333333,156.5260782948762,0.9954240915378684,0.9999999999999999,0.9492623284459113,0.046161763091957075
test:23534,test,lumos_ap:case:247,images/lumos_ap/lumos_AP_247.png,Lumos AP,AP,23534,5,7,0.3333333333333333,153.7063136000067,1.0810080754653273,1.0691894172386,1.036610546584494,0.04439752888083337
test:23542,test,lumos_ap:case:253,images/lumos_ap/lumos_AP_253.png,Lumos AP,AP,23542,3,9,0.2,124.79126478796996,1.0802421347590387,0.9999999999999999,1.0686927735805511,0.011549361178487594
test:23543,test,lumos_ap:case:253,images/lumos_ap/lumos_AP_253.png,Lumos AP,AP,23543,4,9,0.2,147.46309378992507,0.8546573679660683,1.0,0.9675388000905514,0.1128814321244831
test:23544,test,lumos_ap:case:253,images/lumos_ap/lumos_AP_253.png,Lumos AP,AP,23544,5,9,0.2,155.1274853120823,1.032192360908088,0.9717188651464498,0.98658021136891,0.045612149539178026
test:23545,test,lumos_ap:case:253,images/lumos_ap/lumos_AP_253.png,Lumos AP,AP,23545,6,9,0.2,168.6174028865948,1.0405224214509352,1.0,1.0399473160505295,0.0005751054004057288
test:23546,test,lumos_ap:case:253,images/lumos_ap/lumos_AP_253.png,Lumos AP,AP,23546,7,9,0.2,180.6242462878004,0.9805627101965604,1.0,0.9945441745221615,0.0139814643256011
test:23551,test,lumos_ap:case:268,images/lumos_ap/lumos_AP_268.png,Lumos AP,AP,23551,3,6,0.5,177.8472282590089,0.8351709076057571,1.007772652739931,0.9963088839596996,0.16113797635394256
test:23552,test,lumos_ap:case:268,images/lumos_ap/lumos_AP_268.png,Lumos AP,AP,23552,4,6,0.5,176.24864204948184,1.1075801256332776,0.9582498290630381,1.0454822250696223,0.06209790056365527
test:23556,test,lumos_ap:case:5,images/lumos_ap/lumos_AP_005.png,Lumos AP,AP,23556,3,7,0.3333333333333333,197.31353456563804,0.870139280270884,0.9802003406939903,0.9842812872512141,0.11414200698033006
test:23557,test,lumos_ap:case:5,images/lumos_ap/lumos_AP_005.png,Lumos AP,AP,23557,4,7,0.3333333333333333,179.46595129048683,1.1827936077311647,0.9920537833427181,0.9999029718642225,0.1828906358669422
test:23558,test,lumos_ap:case:5,images/lumos_ap/lumos_AP_005.png,Lumos AP,AP,23558,5,7,0.3333333333333333,196.3331425317876,0.9391664218554061,1.0299050313982967,0.9972819415483478,0.05811551969294171
test:23564,test,nih_chestx_ray14:patient:00000042,images/nih_chestxray14/NIH_00000042_000.png,NIH ChestX-ray14,unknown,23564,3,8,0.25,58.52940738202072,0.982331728099419,1.0,0.9562674127519131,0.026064315347505973
test:23565,test,nih_chestx_ray14:patient:00000042,images/nih_chestxray14/NIH_00000042_000.png,NIH ChestX-ray14,unknown,23565,4,8,0.25,59.627734590816914,1.0799022255934156,1.0456986150467742,1.0152376650596011,0.06466456053381453
test:23566,test,nih_chestx_ray14:patient:00000042,images/nih_chestxray14/NIH_00000042_000.png,NIH ChestX-ray14,unknown,23566,5,8,0.25,61.59957189563375,1.0910787687882681,1.0239705787961575,1.0074284942810627,0.08365027450720541
test:23567,test,nih_chestx_ray14:patient:00000042,images/nih_chestxray14/NIH_00000042_000.png,NIH ChestX-ray14,unknown,23567,6,8,0.25,65.80105417674457,0.9385894505204727,0.9775599736142875,1.057562840299678,0.11897338977920524
test:23572,test,nih_chestx_ray14:patient:00001205,images/nih_chestxray14/NIH_00001205_004.png,NIH ChestX-ray14,unknown,23572,3,11,0.0454545454545454,50.16973951020975,1.1380141251506788,0.9999999999999999,1.0189131498336792,0.11910097531699959
test:23573,test,nih_chestx_ray14:patient:00001205,images/nih_chestxray14/NIH_00001205_004.png,NIH ChestX-ray14,unknown,23573,4,11,0.0454545454545454,57.224199567088206,0.9504749980888849,1.002903587720452,0.9913831544808132,0.04090815639192824
test:23574,test,nih_chestx_ray14:patient:00001205,images/nih_chestxray14/NIH_00001205_004.png,NIH ChestX-ray14,unknown,23574,5,11,0.0454545454545454,57.224199567088206,1.0080846620693822,0.9763762423586816,0.9873652145084709,0.020719447560911264
test:23575,test,nih_chestx_ray14:patient:00001205,images/nih_chestxray14/NIH_00001205_004.png,NIH ChestX-ray14,unknown,23575,6,11,0.0454545454545454,58.38096555136114,0.9824182655213107,1.0289442573283127,0.9751665700767449,0.007251695444565831
test:23576,test,nih_chestx_ray14:patient:00001205,images/nih_chestxray14/NIH_00001205_004.png,NIH ChestX-ray14,unknown,23576,7,11,0.0454545454545454,58.38096555136114,1.06977813761895,0.9971539442418178,1.00965772373509,0.0601204138838598
test:23577,test,nih_chestx_ray14:patient:00001205,images/nih_chestxray14/NIH_00001205_004.png,NIH ChestX-ray14,unknown,23577,8,11,0.0454545454545454,61.14030410970218,0.9662217759654361,1.0124520449563492,0.9909888966604699,0.02476712069503373
test:23578,test,nih_chestx_ray14:patient:00001205,images/nih_chestxray14/NIH_00001205_004.png,NIH ChestX-ray14,unknown,23578,9,11,0.0454545454545454,60.003565094518365,1.0224154373773273,1.0,0.9841207023710012,0.038294735006326075
test:23583,test,nih_chestx_ray14:patient:00009005,images/nih_chestxray14/NIH_00009005_000.png,NIH ChestX-ray14,unknown,23583,3,14,0.1,38.48084660506436,1.027065829672424,0.9999999999999999,1.0252329669892788,0.0018328626831451977
test:23584,test,nih_chestx_ray14:patient:00009005,images/nih_chestxray14/NIH_00009005_000.png,NIH ChestX-ray14,unknown,23584,4,14,0.1,41.40909840260088,1.0408850712182667,0.9999999999999999,0.9914669012650846,0.049418169953182045
test:23585,test,nih_chestx_ray14:patient:00009005,images/nih_chestxray14/NIH_00009005_000.png,NIH ChestX-ray14,unknown,23585,5,14,0.1,43.33699608620111,0.9990501896844628,1.0569073721239357,0.9829600467750816,0.016090142909381155
test:23586,test,nih_chestx_ray14:patient:00009005,images/nih_chestxray14/NIH_00009005_000.png,NIH ChestX-ray14,unknown,23586,6,14,0.1,43.19897325007474,1.1228106899152945,1.0054372529866846,1.0267689097108992,0.09604178020439536
test:23587,test,nih_chestx_ray14:patient:00009005,images/nih_chestxray14/NIH_00009005_000.png,NIH ChestX-ray14,unknown,23587,7,14,0.1,45.90005155941141,0.949277361401847,0.9918329746226049,0.9837106375718689,0.0344332761700219
test:23588,test,nih_chestx_ray14:patient:00009005,images/nih_chestxray14/NIH_00009005_000.png,NIH ChestX-ray14,unknown,23588,8,14,0.1,50.43756553518401,0.8435399277702252,0.9511040127166598,0.9641081704088538,0.12056824263862853
test:23589,test,nih_chestx_ray14:patient:00009005,images/nih_chestxray14/NIH_00009005_000.png,NIH ChestX-ray14,unknown,23589,9,14,0.1,48.19874067273274,1.08656079766513,0.9893588563751419,1.0063453009676178,0.08021549669751216
test:23590,test,nih_chestx_ray14:patient:00009005,images/nih_chestxray14/NIH_00009005_000.png,NIH ChestX-ray14,unknown,23590,10,14,0.1,53.27842957321815,0.9915007243286482,1.0,0.9796530064195395,0.011847717909108768
test:23591,test,nih_chestx_ray14:patient:00009005,images/nih_chestxray14/NIH_00009005_000.png,NIH ChestX-ray14,unknown,23591,11,14,0.1,56.64937243051611,0.9565153983140674,1.0,0.994343823287636,0.03782842497356864
test:23592,test,nih_chestx_ray14:patient:00009005,images/nih_chestxray14/NIH_00009005_000.png,NIH ChestX-ray14,unknown,23592,12,14,0.1,58.5133308701772,1.0334934355773482,0.9999999999999998,0.9918124563992021,0.04168097917814606
test:23597,test,nih_chestx_ray14:patient:00009632,images/nih_chestxray14/NIH_00009632_000.png,NIH ChestX-ray14,unknown,23597,3,13,0.1111111111111111,51.31864582160726,1.0716366466727183,1.0000000000000002,0.9495579823851588,0.12207866428755954
test:23598,test,nih_chestx_ray14:patient:00009632,images/nih_chestxray14/NIH_00009632_000.png,NIH ChestX-ray14,unknown,23598,4,13,0.1111111111111111,56.33733755357957,0.9747374307316635,1.01073013796575,0.9770403373158687,0.0023029065842051777
test:23599,test,nih_chestx_ray14:patient:00009632,images/nih_chestxray14/NIH_00009632_000.png,NIH ChestX-ray14,unknown,23599,5,13,0.1111111111111111,56.23903197860484,1.0471152565118143,1.0010293677456967,1.0329971306033723,0.01411812590844197
test:23600,test,nih_chestx_ray14:patient:00009632,images/nih_chestxray14/NIH_00009632_000.png,NIH ChestX-ray14,unknown,23600,6,13,0.1111111111111111,58.18593541670524,0.9913002716898338,1.0,0.9277053773403168,0.06359489434951704
test:23601,test,nih_chestx_ray14:patient:00009632,images/nih_chestxray14/NIH_00009632_000.png,NIH ChestX-ray14,unknown,23601,7,13,0.1111111111111111,61.6337796061513,0.9326561311748682,0.9901919465521045,0.9484508547940917,0.015794723619223516
test:23602,test,nih_chestx_ray14:patient:00009632,images/nih_chestxray14/NIH_00009632_000.png,NIH ChestX-ray14,unknown,23602,8,13,0.1111111111111111,61.79380432235335,1.0418327779304766,0.9984091354132865,0.9692984634609196,0.07253431446955694
test:23603,test,nih_chestx_ray14:patient:00009632,images/nih_chestxray14/NIH_00009632_000.png,NIH ChestX-ray14,unknown,23603,9,13,0.1111111111111111,67.18539678309354,0.9809851279197127,1.0,1.0051595768891275,0.024174448969414786
test:23604,test,nih_chestx_ray14:patient:00009632,images/nih_chestxray14/NIH_00009632_000.png,NIH ChestX-ray14,unknown,23604,10,13,0.1111111111111111,70.18044938100098,0.9973145422617569,1.0057918305894615,0.9761894221803429,0.021125120081413984
test:23605,test,nih_chestx_ray14:patient:00009632,images/nih_chestxray14/NIH_00009632_000.png,NIH ChestX-ray14,unknown,23605,11,13,0.1111111111111111,72.22250322726984,1.0421401486814905,1.0000000000000002,0.9076882153749468,0.1344519333065437
test:23610,test,nih_chestx_ray14:patient:00009633,images/nih_chestxray14/NIH_00009633_000.png,NIH ChestX-ray14,unknown,23610,3,14,0.1,37.05194509347217,0.8732338348011637,1.0,0.9981527267955244,0.12491889199436068
test:23611,test,nih_chestx_ray14:patient:00009633,images/nih_chestxray14/NIH_00009633_000.png,NIH ChestX-ray14,unknown,23611,4,14,0.1,42.61390797097209,0.9598331133525597,0.9900661759676138,0.9927983434537152,0.032965230101155485
test:23612,test,nih_chestx_ray14:patient:00009633,images/nih_chestxray14/NIH_00009633_000.png,NIH ChestX-ray14,unknown,23612,5,14,0.1,48.42074971789593,1.074460144008654,1.0000000000000002,1.0074869520030918,0.06697319200556229
test:23613,test,nih_chestx_ray14:patient:00009633,images/nih_chestxray14/NIH_00009633_000.png,NIH ChestX-ray14,unknown,23613,6,14,0.1,55.87291629663181,1.0011873942450082,1.0602032818397906,0.9758588575324443,0.025328536712563965
test:23614,test,nih_chestx_ray14:patient:00009633,images/nih_chestxray14/NIH_00009633_000.png,NIH ChestX-ray14,unknown,23614,7,14,0.1,57.82946317713021,1.1490186676793894,1.0,1.003932478837669,0.14508618884172053
test:23615,test,nih_chestx_ray14:patient:00009633,images/nih_chestxray14/NIH_00009633_000.png,NIH ChestX-ray14,unknown,23615,8,14,0.1,61.70726948378999,0.9677898143597821,1.0327695884654602,0.9854050778696617,0.01761526350987963
test:23616,test,nih_chestx_ray14:patient:00009633,images/nih_chestxray14/NIH_00009633_000.png,NIH ChestX-ray14,unknown,23616,9,14,0.1,64.4250109060894,0.9470180762054764,0.9477883995717071,0.9674899698441528,0.02047189363867641
test:23617,test,nih_chestx_ray14:patient:00009633,images/nih_chestxray14/NIH_00009633_000.png,NIH ChestX-ray14,unknown,23617,10,14,0.1,63.74778865219777,0.9789028043034234,1.0,1.0069043934345245,0.02800158913110118
test:23618,test,nih_chestx_ray14:patient:00009633,images/nih_chestxray14/NIH_00009633_000.png,NIH ChestX-ray14,unknown,23618,11,14,0.1,68.35703865490892,0.9725981219319471,1.0147914685593524,0.9860306088165918,0.013432486884644712
test:23619,test,nih_chestx_ray14:patient:00009633,images/nih_chestxray14/NIH_00009633_000.png,NIH ChestX-ray14,unknown,23619,12,14,0.1,64.44340824818613,1.184502686639592,1.0923934617517403,1.127017215031188,0.057485471608404115
test:23624,test,nih_chestx_ray14:patient:00009635,images/nih_chestxray14/NIH_00009635_000.png,NIH ChestX-ray14,unknown,23624,3,7,0.3333333333333333,60.20550027859146,0.9900110509845895,0.9784191040405635,1.000895140142143,0.010884089157553567
test:23625,test,nih_chestx_ray14:patient:00009635,images/nih_chestxray14/NIH_00009635_000.png,NIH ChestX-ray14,unknown,23625,4,7,0.3333333333333333,67.45258819083352,0.8023701622076407,0.969709327265841,0.9166858585628095,0.1143156963551688
test:23626,test,nih_chestx_ray14:patient:00009635,images/nih_chestxray14/NIH_00009635_000.png,NIH ChestX-ray14,unknown,23626,5,7,0.3333333333333333,64.93128143316031,1.096770241646816,0.9911422138110122,0.9796217461124381,0.11714849553437778
test:23631,test,nih_chestx_ray14:patient:00009637,images/nih_chestxray14/NIH_00009637_000.png,NIH ChestX-ray14,unknown,23631,3,11,0.1428571428571428,47.53225175687325,1.078745012084183,1.04878742587277,0.9934039596886308,0.08534105239555223
test:23632,test,nih_chestx_ray14:patient:00009637,images/nih_chestxray14/NIH_00009637_000.png,NIH ChestX-ray14,unknown,23632,4,11,0.1428571428571428,51.74915487881783,1.09878282675805,1.0000000000000002,1.0438494943082335,0.05493333244981646
test:23633,test,nih_chestx_ray14:patient:00009637,images/nih_chestxray14/NIH_00009637_000.png,NIH ChestX-ray14,unknown,23633,5,11,0.1428571428571428,57.08311968248153,0.9148611805427649,1.0,0.9726390652358532,0.05777788469308831
test:23634,test,nih_chestx_ray14:patient:00009637,images/nih_chestxray14/NIH_00009637_000.png,NIH ChestX-ray14,unknown,23634,6,11,0.1428571428571428,59.4845873814441,0.9633614219664489,0.9610155115595926,0.9372257741860022,0.026135647780446747
test:23635,test,nih_chestx_ray14:patient:00009637,images/nih_chestxray14/NIH_00009637_000.png,NIH ChestX-ray14,unknown,23635,7,11,0.1428571428571428,60.06085045350619,1.0340861245526187,1.0,0.9637484438717365,0.0703376806808822
test:23636,test,nih_chestx_ray14:patient:00009637,images/nih_chestxray14/NIH_00009637_000.png,NIH ChestX-ray14,unknown,23636,8,11,0.1428571428571428,64.14550075120988,0.9792821552016977,1.0,0.9354113563895226,0.04387079881217515
test:23637,test,nih_chestx_ray14:patient:00009637,images/nih_chestxray14/NIH_00009637_000.png,NIH ChestX-ray14,unknown,23637,9,11,0.1428571428571428,65.69983007479645,1.0073528248744745,1.0,0.9840961508452892,0.023256674029185298
test:23642,test,nih_chestx_ray14:patient:00009641,images/nih_chestxray14/NIH_00009641_000.png,NIH ChestX-ray14,unknown,23642,3,10,0.1666666666666666,61.58089574930774,0.9280076147414438,1.0,0.9345918074250221,0.006584192683578349
test:23643,test,nih_chestx_ray14:patient:00009641,images/nih_chestxray14/NIH_00009641_000.png,NIH ChestX-ray14,unknown,23643,4,10,0.1666666666666666,63.77594908243916,0.9535932904527642,0.9592484764384395,0.9954630665110713,0.04186977605830711
test:23644,test,nih_chestx_ray14:patient:00009641,images/nih_chestxray14/NIH_00009641_000.png,NIH ChestX-ray14,unknown,23644,5,10,0.1666666666666666,63.858471957861006,1.0211084262486332,1.0,1.0006994587602094,0.0204089674884238
test:23645,test,nih_chestx_ray14:patient:00009641,images/nih_chestxray14/NIH_00009641_000.png,NIH ChestX-ray14,unknown,23645,6,10,0.1666666666666666,65.83571915926977,1.0161752257403753,1.0044352764097109,1.0017427902502074,0.014432435490167927
test:23646,test,nih_chestx_ray14:patient:00009641,images/nih_chestxray14/NIH_00009641_000.png,NIH ChestX-ray14,unknown,23646,7,10,0.1666666666666666,66.4254013704163,1.0093881610939568,1.003875313825753,1.0025112025075,0.006876958586456761
test:23647,test,nih_chestx_ray14:patient:00009641,images/nih_chestxray14/NIH_00009641_000.png,NIH ChestX-ray14,unknown,23647,8,10,0.1666666666666666,66.73629521065045,0.995935035129107,0.9997168822741648,1.0153188050320883,0.019383769902981296
test:23652,test,nih_chestx_ray14:patient:00009652,images/nih_chestxray14/NIH_00009652_000.png,NIH ChestX-ray14,unknown,23652,3,13,0.1111111111111111,37.82141537168255,0.9242961528961526,0.9634870591529419,0.935355233303528,0.011059080407375355
test:23653,test,nih_chestx_ray14:patient:00009652,images/nih_chestxray14/NIH_00009652_000.png,NIH ChestX-ray14,unknown,23653,4,13,0.1111111111111111,40.90701996578333,1.0548646961713994,0.9999999999999998,0.99019318819046,0.06467150798093946
test:23654,test,nih_chestx_ray14:patient:00009652,images/nih_chestxray14/NIH_00009652_000.png,NIH ChestX-ray14,unknown,23654,5,13,0.1111111111111111,49.67123819919072,0.943319572959558,1.0,0.9442867711186409,0.0009671981590828604
test:23655,test,nih_chestx_ray14:patient:00009652,images/nih_chestxray14/NIH_00009652_000.png,NIH ChestX-ray14,unknown,23655,6,13,0.1111111111111111,52.76587067157399,1.0649138258448045,0.9999999999999999,1.010985310189426,0.053928515655378595
test:23656,test,nih_chestx_ray14:patient:00009652,images/nih_chestxray14/NIH_00009652_000.png,NIH ChestX-ray14,unknown,23656,7,13,0.1111111111111111,57.3186668967999,1.023678555580482,1.0326684204798746,1.0160542143446016,0.007624341235880294
test:23657,test,nih_chestx_ray14:patient:00009652,images/nih_chestxray14/NIH_00009652_000.png,NIH ChestX-ray14,unknown,23657,8,13,0.1111111111111111,58.56105935970834,1.061989825418906,1.0,1.0068609220907092,0.055128903328196754
test:23658,test,nih_chestx_ray14:patient:00009652,images/nih_chestxray14/NIH_00009652_000.png,NIH ChestX-ray14,unknown,23658,9,13,0.1111111111111111,62.69058695456023,0.9322967198419294,1.0,0.9735161364078522,0.04121941656592276
test:23659,test,nih_chestx_ray14:patient:00009652,images/nih_chestxray14/NIH_00009652_000.png,NIH ChestX-ray14,unknown,23659,10,13,0.1111111111111111,65.17093296962261,0.9696028861948567,0.971267707454743,0.9917566532220264,0.022153767027169757
test:23660,test,nih_chestx_ray14:patient:00009652,images/nih_chestxray14/NIH_00009652_000.png,NIH ChestX-ray14,unknown,23660,11,13,0.1111111111111111,67.23962897892949,1.0135483756883663,1.0,1.0050123874098063,0.008535988278560058
test:23665,test,nih_chestx_ray14:patient:00009658,images/nih_chestxray14/NIH_00009658_000.png,NIH ChestX-ray14,unknown,23665,3,8,0.25,55.92635596223596,1.0678206756415958,1.0,1.021366162225604,0.046454513415991716
test:23666,test,nih_chestx_ray14:patient:00009658,images/nih_chestxray14/NIH_00009658_000.png,NIH ChestX-ray14,unknown,23666,4,8,0.25,58.799936462081234,0.9207075806638028,1.0279489044096568,0.9386089477684596,0.01790136710465684
test:23667,test,nih_chestx_ray14:patient:00009658,images/nih_chestxray14/NIH_00009658_000.png,NIH ChestX-ray14,unknown,23667,5,8,0.25,58.799936462081234,1.0402620309085866,0.9525359013765378,0.9875845277398152,0.0526775031687714
test:23668,test,nih_chestx_ray14:patient:00009658,images/nih_chestxray14/NIH_00009658_000.png,NIH ChestX-ray14,unknown,23668,6,8,0.25,60.939129319737766,0.949809332041903,1.003204326606065,1.0388082484665215,0.08899891642461855
test:23673,test,nih_chestx_ray14:patient:00009686,images/nih_chestxray14/NIH_00009686_000.png,NIH ChestX-ray14,unknown,23673,3,11,0.1428571428571428,52.97471979823321,1.017281492711155,1.0148939684120053,1.0373779878106946,0.02009649509953948
test:23674,test,nih_chestx_ray14:patient:00009686,images/nih_chestxray14/NIH_00009686_000.png,NIH ChestX-ray14,unknown,23674,4,11,0.1428571428571428,52.31374892704293,1.1268086743774597,1.0633894797048713,1.1251028064272548,0.0017058679502048868
test:23675,test,nih_chestx_ray14:patient:00009686,images/nih_chestxray14/NIH_00009686_000.png,NIH ChestX-ray14,unknown,23675,5,11,0.1428571428571428,53.123245877566376,1.079933605822905,1.032362387595557,0.8882401744703281,0.19169343135257688
test:23676,test,nih_chestx_ray14:patient:00009686,images/nih_chestxray14/NIH_00009686_000.png,NIH ChestX-ray14,unknown,23676,6,11,0.1428571428571428,58.15858227688676,0.872395678082887,0.9433334161587266,0.8400978659339455,0.03229781214894145
test:23677,test,nih_chestx_ray14:patient:00009686,images/nih_chestxray14/NIH_00009686_000.png,NIH ChestX-ray14,unknown,23677,7,11,0.1428571428571428,62.3411088354636,0.8398357151621163,0.9621217155456958,0.942536484226626,0.10270076906450964
test:23678,test,nih_chestx_ray14:patient:00009686,images/nih_chestxray14/NIH_00009686_000.png,NIH ChestX-ray14,unknown,23678,8,11,0.1428571428571428,59.83446446009053,1.156894675442134,1.0,1.0392988622188568,0.11759581322327728
test:23679,test,nih_chestx_ray14:patient:00009686,images/nih_chestxray14/NIH_00009686_000.png,NIH ChestX-ray14,unknown,23679,9,11,0.1428571428571428,69.70502742214275,0.9656783977674384,1.0,0.9921974511817098,0.02651905341427141
test:23684,test,nih_chestx_ray14:patient:00009709,images/nih_chestxray14/NIH_00009709_000.png,NIH ChestX-ray14,unknown,23684,3,11,0.1428571428571428,45.13921940152642,1.0413097275545342,1.0,1.010830296203494,0.030479431351040143
test:23685,test,nih_chestx_ray14:patient:00009709,images/nih_chestxray14/NIH_00009709_000.png,NIH ChestX-ray14,unknown,23685,4,11,0.1428571428571428,50.426254246148176,0.9976928131726273,0.9999999999999998,0.9972169380635021,0.00047587510912516784
test:23686,test,nih_chestx_ray14:patient:00009709,images/nih_chestxray14/NIH_00009709_000.png,NIH ChestX-ray14,unknown,23686,5,11,0.1428571428571428,55.33900102507848,0.9730678045826209,1.0,0.9757537078112364,0.002685903228615505
test:23687,test,nih_chestx_ray14:patient:00009709,images/nih_chestxray14/NIH_00009709_000.png,NIH ChestX-ray14,unknown,23687,6,11,0.1428571428571428,57.974672215459904,1.0412838621873417,0.9999999999999998,1.004286251030862,0.03699761115647959
test:23688,test,nih_chestx_ray14:patient:00009709,images/nih_chestxray14/NIH_00009709_000.png,NIH ChestX-ray14,unknown,23688,7,11,0.1428571428571428,63.29865822128647,0.9810752066584509,0.9999999999999999,0.9876491865143179,0.0065739798558669404
test:23689,test,nih_chestx_ray14:patient:00009709,images/nih_chestxray14/NIH_00009709_000.png,NIH ChestX-ray14,unknown,23689,8,11,0.1428571428571428,64.17489553980444,1.0320114320705835,1.0,0.9985875099664554,0.033423922104128145
test:23690,test,nih_chestx_ray14:patient:00009709,images/nih_chestxray14/NIH_00009709_000.png,NIH ChestX-ray14,unknown,23690,9,11,0.1428571428571428,70.13428856232656,0.9446028218434661,1.0,0.9683051034808159,0.023702281637349776
test:23695,test,nih_chestx_ray14:patient:00009714,images/nih_chestxray14/NIH_00009714_000.png,NIH ChestX-ray14,unknown,23695,3,14,0.1,45.10036181610984,0.8223199433290542,1.0248546385501411,1.0145595063750532,0.19223956304599898
test:23696,test,nih_chestx_ray14:patient:00009714,images/nih_chestxray14/NIH_00009714_000.png,NIH ChestX-ray14,unknown,23696,4,14,0.1,42.950250208312255,1.1429887839567692,0.9771383686828514,0.9161883427667519,0.2268004411900173
test:23697,test,nih_chestx_ray14:patient:00009714,images/nih_chestxray14/NIH_00009714_000.png,NIH ChestX-ray14,unknown,23697,5,14,0.1,45.57669914127131,1.0279320081557572,1.0053512062159862,0.8924504350153293,0.13548157314042797
test:23698,test,nih_chestx_ray14:patient:00009714,images/nih_chestxray14/NIH_00009714_000.png,NIH ChestX-ray14,unknown,23698,6,14,0.1,48.8477639404889,0.8710639182919527,0.9770521084079579,0.9372336315224007,0.06616971323044796
test:23699,test,nih_chestx_ray14:patient:00009714,images/nih_chestxray14/NIH_00009714_000.png,NIH ChestX-ray14,unknown,23699,7,14,0.1,51.51203973271369,0.9435439535482653,0.9582600180665701,1.0084311921755522,0.06488723862728696
test:23700,test,nih_chestx_ray14:patient:00009714,images/nih_chestxray14/NIH_00009714_000.png,NIH ChestX-ray14,unknown,23700,8,14,0.1,54.92476000712567,1.0227506061882075,1.0,1.0391436889767647,0.016393082788557223
test:23701,test,nih_chestx_ray14:patient:00009714,images/nih_chestxray14/NIH_00009714_000.png,NIH ChestX-ray14,unknown,23701,9,14,0.1,58.85126536671501,1.0406852938144393,1.0295083663473616,0.9834794170270453,0.05720587678739397
test:23702,test,nih_chestx_ray14:patient:00009714,images/nih_chestxray14/NIH_00009714_000.png,NIH ChestX-ray14,unknown,23702,10,14,0.1,61.38692276545589,1.0588803870597694,1.0,0.9526976086199284,0.10618277843984103
test:23703,test,nih_chestx_ray14:patient:00009714,images/nih_chestxray14/NIH_00009714_000.png,NIH ChestX-ray14,unknown,23703,11,14,0.1,65.84312712927196,0.9344665392425866,1.0000000000000002,1.0093348426744344,0.0748683034318478
test:23704,test,nih_chestx_ray14:patient:00009714,images/nih_chestxray14/NIH_00009714_000.png,NIH ChestX-ray14,unknown,23704,12,14,0.1,66.4422459707405,1.0036512876102377,1.0406348806997134,1.0378516252809509,0.03420033767071318
test:23709,test,nih_chestx_ray14:patient:00030209,images/nih_chestxray14/NIH_00030209_009.png,NIH ChestX-ray14,unknown,23709,3,11,0.04,35.776614959489336,0.9723891816645658,0.9374550962742848,1.087912836104302,0.11552365443973622
test:23710,test,nih_chestx_ray14:patient:00030209,images/nih_chestxray14/NIH_00030209_009.png,NIH ChestX-ray14,unknown,23710,4,11,0.04,35.93574712977883,0.907380912996361,1.0,0.9952433975413442,0.08786248454498313
test:23711,test,nih_chestx_ray14:patient:00030209,images/nih_chestxray14/NIH_00030209_009.png,NIH ChestX-ray14,unknown,23711,5,11,0.04,36.87161385817508,1.005724920504115,0.9704192185382554,0.9587124872560808,0.04701243324803417
test:23712,test,nih_chestx_ray14:patient:00030209,images/nih_chestxray14/NIH_00030209_009.png,NIH ChestX-ray14,unknown,23712,6,11,0.04,39.319739605954965,0.990709367954828,1.0,0.9897032203152776,0.0010061476395504254
test:23713,test,nih_chestx_ray14:patient:00030209,images/nih_chestxray14/NIH_00030209_009.png,NIH ChestX-ray14,unknown,23713,7,11,0.04,41.04128477995535,1.0125603649677846,1.0,1.0142717529088259,0.001711387941041309
test:23714,test,nih_chestx_ray14:patient:00030209,images/nih_chestxray14/NIH_00030209_009.png,NIH ChestX-ray14,unknown,23714,8,11,0.04,44.54028561709674,0.9682949848483222,1.0184532564361723,1.0041482990835937,0.035853314235271494
test:23715,test,nih_chestx_ray14:patient:00030209,images/nih_chestxray14/NIH_00030209_009.png,NIH ChestX-ray14,unknown,23715,9,11,0.04,45.32596406270088,1.084756178491984,1.0,1.0153060499578714,0.06945012853411248
